  0
SECTION
  2
HEADER
  9
$ANGBASE
  50
0.0
  9
$ANGDIR
  70
1
  9
$MEASUREMENT
  70
0
  0
ENDSEC
  0
SECTION
  2
TABLES
  0
TABLE
  2
LTYPE
  70
4
  0
LTYPE
  5
40F
  2
CONTINUOUS
  70
0
  3
Solid line
  72
65
  73
0
  40
0.0
  0
LTYPE
  5
410
  2
DASHDOT
 70
0
  3
Dash Dot ____ _ ____ _
 72
65
 73
4
 40
2.0
 49
1.25
 49
-0.25
 49
0.25
 49
-0.25
  0
LTYPE
  5
411
  2
DASHED
 70
0
  3
Dashed __ __ __ __ __
 72
65
 73
2
 40
0.75
 49
0.5
 49
-0.25
  0
LTYPE
  5
43B
  2
DOTTED
 70
0
  3
Dotted .  .  .  .
 72
65
 73
2
 40
0.2
 49
0.0
 49
-0.2
  0
ENDTAB
  0
TABLE
  2
STYLE
  70
4
  0
STYLE
  2
KICAD
  70
0
  40
0
  41
1
  42
1
  50
0
  71
0
  3
isocp.shx
  0
STYLE
  2
KICADB
  70
0
  40
0
  41
1
  42
1
  50
0
  71
0
  3
isocp.shx
  0
STYLE
  2
KICADI
  70
0
  40
0
  41
1
  42
1
  50
15
  71
0
  3
isocp.shx
  0
STYLE
  2
KICADBI
  70
0
  40
0
  41
1
  42
1
  50
15
  71
0
  3
isocp.shx
  0
ENDTAB
  0
TABLE
  2
LAYER
  70
1
  0
LAYER
  2
BLACK
  70
0
  62
7
  6
CONTINUOUS
  0
ENDTAB
  0
ENDSEC
  0
SECTION
  2
ENTITIES
0
LINE
8
BLACK
6
CONTINUOUS
10
0.7429398031496063
20
-0.0647255905511811
11
0.7461329527559055
21
-0.0668591732283465
0
LINE
8
BLACK
6
CONTINUOUS
10
0.7461329527559055
20
-0.0668591732283465
11
0.7482665354330709
21
-0.0700523228346457
0
LINE
8
BLACK
6
CONTINUOUS
10
0.7482665354330709
20
-0.0700523228346457
11
0.7490157480314961
21
-0.0738188976377953
0
LINE
8
BLACK
6
CONTINUOUS
10
0.7490157480314961
20
-0.0738188976377953
11
0.7490157480314961
21
-0.094488188976378
0
LINE
8
BLACK
6
CONTINUOUS
10
0.7490157480314961
20
-0.094488188976378
11
0.7482665354330709
21
-0.0982547637795276
0
LINE
8
BLACK
6
CONTINUOUS
10
0.7482665354330709
20
-0.0982547637795276
11
0.7461329527559055
21
-0.1014479133858268
0
LINE
8
BLACK
6
CONTINUOUS
10
0.7461329527559055
20
-0.1014479133858268
11
0.7429398031496063
21
-0.1035814960629921
0
LINE
8
BLACK
6
CONTINUOUS
10
0.7429398031496063
20
-0.1035814960629921
11
0.7391732283464567
21
-0.1043307086614173
0
LINE
8
BLACK
6
CONTINUOUS
10
0.7391732283464567
20
-0.1043307086614173
11
0.7037401574803149
21
-0.1043307086614173
0
LINE
8
BLACK
6
CONTINUOUS
10
0.7037401574803149
20
-0.1043307086614173
11
0.6999735826771654
21
-0.1035814960629921
0
LINE
8
BLACK
6
CONTINUOUS
10
0.6999735826771654
20
-0.1035814960629921
11
0.6967804330708661
21
-0.1014479133858268
0
LINE
8
BLACK
6
CONTINUOUS
10
0.6967804330708661
20
-0.1014479133858268
11
0.6946468503937008
21
-0.0982547637795276
0
LINE
8
BLACK
6
CONTINUOUS
10
0.6946468503937008
20
-0.0982547637795276
11
0.6938976377952756
21
-0.094488188976378
0
LINE
8
BLACK
6
CONTINUOUS
10
0.6938976377952756
20
-0.094488188976378
11
0.6938976377952756
21
-0.0738188976377953
0
LINE
8
BLACK
6
CONTINUOUS
10
0.6938976377952756
20
-0.0738188976377953
11
0.6946468503937008
21
-0.0700523228346457
0
LINE
8
BLACK
6
CONTINUOUS
10
0.6946468503937008
20
-0.0700523228346457
11
0.6967804330708661
21
-0.0668591732283465
0
LINE
8
BLACK
6
CONTINUOUS
10
0.6967804330708661
20
-0.0668591732283465
11
0.6999735826771654
21
-0.0647255905511811
0
LINE
8
BLACK
6
CONTINUOUS
10
0.6999735826771654
20
-0.0647255905511811
11
0.7037401574803149
21
-0.0639763779527559
0
LINE
8
BLACK
6
CONTINUOUS
10
0.7037401574803149
20
-0.0639763779527559
11
0.7391732283464567
21
-0.0639763779527559
0
LINE
8
BLACK
6
CONTINUOUS
10
0.7391732283464567
20
-0.0639763779527559
11
0.7429398031496063
21
-0.0647255905511811
0
LINE
8
BLACK
6
CONTINUOUS
10
0.8315224803149606
20
-0.0647255905511811
11
0.8347156299212598
21
-0.0668591732283465
0
LINE
8
BLACK
6
CONTINUOUS
10
0.8347156299212598
20
-0.0668591732283465
11
0.8368492125984252
21
-0.0700523228346457
0
LINE
8
BLACK
6
CONTINUOUS
10
0.8368492125984252
20
-0.0700523228346457
11
0.8375984251968503
21
-0.0738188976377953
0
LINE
8
BLACK
6
CONTINUOUS
10
0.8375984251968503
20
-0.0738188976377953
11
0.8375984251968503
21
-0.094488188976378
0
LINE
8
BLACK
6
CONTINUOUS
10
0.8375984251968503
20
-0.094488188976378
11
0.8368492125984252
21
-0.0982547637795276
0
LINE
8
BLACK
6
CONTINUOUS
10
0.8368492125984252
20
-0.0982547637795276
11
0.8347156299212598
21
-0.1014479133858268
0
LINE
8
BLACK
6
CONTINUOUS
10
0.8347156299212598
20
-0.1014479133858268
11
0.8315224803149606
21
-0.1035814960629921
0
LINE
8
BLACK
6
CONTINUOUS
10
0.8315224803149606
20
-0.1035814960629921
11
0.827755905511811
21
-0.1043307086614173
0
LINE
8
BLACK
6
CONTINUOUS
10
0.827755905511811
20
-0.1043307086614173
11
0.7923228346456693
21
-0.1043307086614173
0
LINE
8
BLACK
6
CONTINUOUS
10
0.7923228346456693
20
-0.1043307086614173
11
0.7885562598425196
21
-0.1035814960629921
0
LINE
8
BLACK
6
CONTINUOUS
10
0.7885562598425196
20
-0.1035814960629921
11
0.7853631102362204
21
-0.1014479133858268
0
LINE
8
BLACK
6
CONTINUOUS
10
0.7853631102362204
20
-0.1014479133858268
11
0.7832295275590551
21
-0.0982547637795276
0
LINE
8
BLACK
6
CONTINUOUS
10
0.7832295275590551
20
-0.0982547637795276
11
0.7824803149606299
21
-0.094488188976378
0
LINE
8
BLACK
6
CONTINUOUS
10
0.7824803149606299
20
-0.094488188976378
11
0.7824803149606299
21
-0.0738188976377953
0
LINE
8
BLACK
6
CONTINUOUS
10
0.7824803149606299
20
-0.0738188976377953
11
0.7832295275590551
21
-0.0700523228346457
0
LINE
8
BLACK
6
CONTINUOUS
10
0.7832295275590551
20
-0.0700523228346457
11
0.7853631102362204
21
-0.0668591732283465
0
LINE
8
BLACK
6
CONTINUOUS
10
0.7853631102362204
20
-0.0668591732283465
11
0.7885562598425196
21
-0.0647255905511811
0
LINE
8
BLACK
6
CONTINUOUS
10
0.7885562598425196
20
-0.0647255905511811
11
0.7923228346456693
21
-0.0639763779527559
0
LINE
8
BLACK
6
CONTINUOUS
10
0.7923228346456693
20
-0.0639763779527559
11
0.827755905511811
21
-0.0639763779527559
0
LINE
8
BLACK
6
CONTINUOUS
10
0.827755905511811
20
-0.0639763779527559
11
0.8315224803149606
21
-0.0647255905511811
0
LINE
8
BLACK
6
CONTINUOUS
10
0.9906496062992126
20
-0.0964566929133858
11
0.9315944881889764
21
-0.0964566929133858
0
LINE
8
BLACK
6
CONTINUOUS
10
0.9315944881889764
20
-0.0964566929133858
11
0.9315944881889764
21
-0.0374015748031496
0
LINE
8
BLACK
6
CONTINUOUS
10
0.9315944881889764
20
-0.0374015748031496
11
0.9906496062992126
21
-0.0374015748031496
0
LINE
8
BLACK
6
CONTINUOUS
10
0.9906496062992126
20
-0.0374015748031496
11
0.9906496062992126
21
-0.0964566929133858
0
LINE
8
BLACK
6
CONTINUOUS
10
1.1643700787401574
20
-0.0927165354330709
11
1.1053149606299213
21
-0.0927165354330709
0
LINE
8
BLACK
6
CONTINUOUS
10
1.1053149606299213
20
-0.0927165354330709
11
1.1053149606299213
21
-0.0336614173228346
0
LINE
8
BLACK
6
CONTINUOUS
10
1.1053149606299213
20
-0.0336614173228346
11
1.1643700787401574
21
-0.0336614173228346
0
LINE
8
BLACK
6
CONTINUOUS
10
1.1643700787401574
20
-0.0336614173228346
11
1.1643700787401574
21
-0.0927165354330709
0
LINE
8
BLACK
6
CONTINUOUS
10
0.7429398031496063
20
0.0071248031496063
11
0.7461329527559055
21
0.0049912204724409
0
LINE
8
BLACK
6
CONTINUOUS
10
0.7461329527559055
20
0.0049912204724409
11
0.7482665354330709
21
0.0017980708661417
0
LINE
8
BLACK
6
CONTINUOUS
10
0.7482665354330709
20
0.0017980708661417
11
0.7490157480314961
21
-0.0019685039370079
0
LINE
8
BLACK
6
CONTINUOUS
10
0.7490157480314961
20
-0.0019685039370079
11
0.7490157480314961
21
-0.0226377952755905
0
LINE
8
BLACK
6
CONTINUOUS
10
0.7490157480314961
20
-0.0226377952755905
11
0.7482665354330709
21
-0.0264043700787402
0
LINE
8
BLACK
6
CONTINUOUS
10
0.7482665354330709
20
-0.0264043700787402
11
0.7461329527559055
21
-0.0295975196850394
0
LINE
8
BLACK
6
CONTINUOUS
10
0.7461329527559055
20
-0.0295975196850394
11
0.7429398031496063
21
-0.0317311023622047
0
LINE
8
BLACK
6
CONTINUOUS
10
0.7429398031496063
20
-0.0317311023622047
11
0.7391732283464567
21
-0.0324803149606299
0
LINE
8
BLACK
6
CONTINUOUS
10
0.7391732283464567
20
-0.0324803149606299
11
0.7037401574803149
21
-0.0324803149606299
0
LINE
8
BLACK
6
CONTINUOUS
10
0.7037401574803149
20
-0.0324803149606299
11
0.6999735826771654
21
-0.0317311023622047
0
LINE
8
BLACK
6
CONTINUOUS
10
0.6999735826771654
20
-0.0317311023622047
11
0.6967804330708661
21
-0.0295975196850394
0
LINE
8
BLACK
6
CONTINUOUS
10
0.6967804330708661
20
-0.0295975196850394
11
0.6946468503937008
21
-0.0264043700787402
0
LINE
8
BLACK
6
CONTINUOUS
10
0.6946468503937008
20
-0.0264043700787402
11
0.6938976377952756
21
-0.0226377952755905
0
LINE
8
BLACK
6
CONTINUOUS
10
0.6938976377952756
20
-0.0226377952755905
11
0.6938976377952756
21
-0.0019685039370079
0
LINE
8
BLACK
6
CONTINUOUS
10
0.6938976377952756
20
-0.0019685039370079
11
0.6946468503937008
21
0.0017980708661417
0
LINE
8
BLACK
6
CONTINUOUS
10
0.6946468503937008
20
0.0017980708661417
11
0.6967804330708661
21
0.0049912204724409
0
LINE
8
BLACK
6
CONTINUOUS
10
0.6967804330708661
20
0.0049912204724409
11
0.6999735826771654
21
0.0071248031496063
0
LINE
8
BLACK
6
CONTINUOUS
10
0.6999735826771654
20
0.0071248031496063
11
0.7037401574803149
21
0.0078740157480315
0
LINE
8
BLACK
6
CONTINUOUS
10
0.7037401574803149
20
0.0078740157480315
11
0.7391732283464567
21
0.0078740157480315
0
LINE
8
BLACK
6
CONTINUOUS
10
0.7391732283464567
20
0.0078740157480315
11
0.7429398031496063
21
0.0071248031496063
0
LINE
8
BLACK
6
CONTINUOUS
10
0.8315224803149606
20
0.0071248031496063
11
0.8347156299212598
21
0.0049912204724409
0
LINE
8
BLACK
6
CONTINUOUS
10
0.8347156299212598
20
0.0049912204724409
11
0.8368492125984252
21
0.0017980708661417
0
LINE
8
BLACK
6
CONTINUOUS
10
0.8368492125984252
20
0.0017980708661417
11
0.8375984251968503
21
-0.0019685039370079
0
LINE
8
BLACK
6
CONTINUOUS
10
0.8375984251968503
20
-0.0019685039370079
11
0.8375984251968503
21
-0.0226377952755905
0
LINE
8
BLACK
6
CONTINUOUS
10
0.8375984251968503
20
-0.0226377952755905
11
0.8368492125984252
21
-0.0264043700787402
0
LINE
8
BLACK
6
CONTINUOUS
10
0.8368492125984252
20
-0.0264043700787402
11
0.8347156299212598
21
-0.0295975196850394
0
LINE
8
BLACK
6
CONTINUOUS
10
0.8347156299212598
20
-0.0295975196850394
11
0.8315224803149606
21
-0.0317311023622047
0
LINE
8
BLACK
6
CONTINUOUS
10
0.8315224803149606
20
-0.0317311023622047
11
0.827755905511811
21
-0.0324803149606299
0
LINE
8
BLACK
6
CONTINUOUS
10
0.827755905511811
20
-0.0324803149606299
11
0.7923228346456693
21
-0.0324803149606299
0
LINE
8
BLACK
6
CONTINUOUS
10
0.7923228346456693
20
-0.0324803149606299
11
0.7885562598425196
21
-0.0317311023622047
0
LINE
8
BLACK
6
CONTINUOUS
10
0.7885562598425196
20
-0.0317311023622047
11
0.7853631102362204
21
-0.0295975196850394
0
LINE
8
BLACK
6
CONTINUOUS
10
0.7853631102362204
20
-0.0295975196850394
11
0.7832295275590551
21
-0.0264043700787402
0
LINE
8
BLACK
6
CONTINUOUS
10
0.7832295275590551
20
-0.0264043700787402
11
0.7824803149606299
21
-0.0226377952755905
0
LINE
8
BLACK
6
CONTINUOUS
10
0.7824803149606299
20
-0.0226377952755905
11
0.7824803149606299
21
-0.0019685039370079
0
LINE
8
BLACK
6
CONTINUOUS
10
0.7824803149606299
20
-0.0019685039370079
11
0.7832295275590551
21
0.0017980708661417
0
LINE
8
BLACK
6
CONTINUOUS
10
0.7832295275590551
20
0.0017980708661417
11
0.7853631102362204
21
0.0049912204724409
0
LINE
8
BLACK
6
CONTINUOUS
10
0.7853631102362204
20
0.0049912204724409
11
0.7885562598425196
21
0.0071248031496063
0
LINE
8
BLACK
6
CONTINUOUS
10
0.7885562598425196
20
0.0071248031496063
11
0.7923228346456693
21
0.0078740157480315
0
LINE
8
BLACK
6
CONTINUOUS
10
0.7923228346456693
20
0.0078740157480315
11
0.827755905511811
21
0.0078740157480315
0
LINE
8
BLACK
6
CONTINUOUS
10
0.827755905511811
20
0.0078740157480315
11
0.8315224803149606
21
0.0071248031496063
0
LINE
8
BLACK
6
CONTINUOUS
10
0.3198818897637795
20
0.0303991338582677
11
0.1998031496062992
21
0.0303991338582677
0
LINE
8
BLACK
6
CONTINUOUS
10
0.1998031496062992
20
0.0303991338582677
11
0.1998031496062992
21
0.1288243307086614
0
LINE
8
BLACK
6
CONTINUOUS
10
0.1998031496062992
20
0.1288243307086614
11
0.3198818897637795
21
0.1288243307086614
0
LINE
8
BLACK
6
CONTINUOUS
10
0.3198818897637795
20
0.1288243307086614
11
0.3198818897637795
21
0.0303991338582677
0
LINE
8
BLACK
6
CONTINUOUS
10
0.6525590551181102
20
0.0303991338582677
11
0.5324803149606299
21
0.0303991338582677
0
LINE
8
BLACK
6
CONTINUOUS
10
0.5324803149606299
20
0.0303991338582677
11
0.5324803149606299
21
0.1288243307086614
0
LINE
8
BLACK
6
CONTINUOUS
10
0.5324803149606299
20
0.1288243307086614
11
0.6525590551181102
21
0.1288243307086614
0
LINE
8
BLACK
6
CONTINUOUS
10
0.6525590551181102
20
0.1288243307086614
11
0.6525590551181102
21
0.0303991338582677
0
LINE
8
BLACK
6
CONTINUOUS
10
0.9906496062992126
20
0.0515748031496063
11
0.9315944881889764
21
0.0515748031496063
0
LINE
8
BLACK
6
CONTINUOUS
10
0.9315944881889764
20
0.0515748031496063
11
0.9315944881889764
21
0.1106299212598425
0
LINE
8
BLACK
6
CONTINUOUS
10
0.9315944881889764
20
0.1106299212598425
11
0.9906496062992126
21
0.1106299212598425
0
LINE
8
BLACK
6
CONTINUOUS
10
0.9906496062992126
20
0.1106299212598425
11
0.9906496062992126
21
0.0515748031496063
0
LINE
8
BLACK
6
CONTINUOUS
10
1.1643700787401574
20
0.0553149606299213
11
1.1053149606299213
21
0.0553149606299213
0
LINE
8
BLACK
6
CONTINUOUS
10
1.1053149606299213
20
0.0553149606299213
11
1.1053149606299213
21
0.1143700787401575
0
LINE
8
BLACK
6
CONTINUOUS
10
1.1053149606299213
20
0.1143700787401575
11
1.1643700787401574
21
0.1143700787401575
0
LINE
8
BLACK
6
CONTINUOUS
10
1.1643700787401574
20
0.1143700787401575
11
1.1643700787401574
21
0.0553149606299213
0
LINE
8
BLACK
6
CONTINUOUS
10
0.7985198031496062
20
0.2387237007874016
11
0.8004356692913386
21
0.2374435433070866
0
LINE
8
BLACK
6
CONTINUOUS
10
0.8004356692913386
20
0.2374435433070866
11
0.8017158267716535
21
0.2355276771653543
0
LINE
8
BLACK
6
CONTINUOUS
10
0.8017158267716535
20
0.2355276771653543
11
0.8021653543307087
21
0.2332677165354331
0
LINE
8
BLACK
6
CONTINUOUS
10
0.8021653543307087
20
0.2332677165354331
11
0.8021653543307087
21
0.187007874015748
0
LINE
8
BLACK
6
CONTINUOUS
10
0.8021653543307087
20
0.187007874015748
11
0.8017158267716535
21
0.1847479133858268
0
LINE
8
BLACK
6
CONTINUOUS
10
0.8017158267716535
20
0.1847479133858268
11
0.8004356692913386
21
0.1828320472440945
0
LINE
8
BLACK
6
CONTINUOUS
10
0.8004356692913386
20
0.1828320472440945
11
0.7985198031496062
21
0.1815518897637795
0
LINE
8
BLACK
6
CONTINUOUS
10
0.7985198031496062
20
0.1815518897637795
11
0.7962598425196851
21
0.1811023622047244
0
LINE
8
BLACK
6
CONTINUOUS
10
0.7962598425196851
20
0.1811023622047244
11
0.7844488188976377
21
0.1811023622047244
0
LINE
8
BLACK
6
CONTINUOUS
10
0.7844488188976377
20
0.1811023622047244
11
0.7821888582677166
21
0.1815518897637795
0
LINE
8
BLACK
6
CONTINUOUS
10
0.7821888582677166
20
0.1815518897637795
11
0.7802729921259842
21
0.1828320472440945
0
LINE
8
BLACK
6
CONTINUOUS
10
0.7802729921259842
20
0.1828320472440945
11
0.7789928346456693
21
0.1847479133858268
0
LINE
8
BLACK
6
CONTINUOUS
10
0.7789928346456693
20
0.1847479133858268
11
0.7785433070866141
21
0.187007874015748
0
LINE
8
BLACK
6
CONTINUOUS
10
0.7785433070866141
20
0.187007874015748
11
0.7785433070866141
21
0.2332677165354331
0
LINE
8
BLACK
6
CONTINUOUS
10
0.7785433070866141
20
0.2332677165354331
11
0.7789928346456693
21
0.2355276771653543
0
LINE
8
BLACK
6
CONTINUOUS
10
0.7789928346456693
20
0.2355276771653543
11
0.7802729921259842
21
0.2374435433070866
0
LINE
8
BLACK
6
CONTINUOUS
10
0.7802729921259842
20
0.2374435433070866
11
0.7821888582677166
21
0.2387237007874016
0
LINE
8
BLACK
6
CONTINUOUS
10
0.7821888582677166
20
0.2387237007874016
11
0.7844488188976377
21
0.2391732283464567
0
LINE
8
BLACK
6
CONTINUOUS
10
0.7844488188976377
20
0.2391732283464567
11
0.7962598425196851
21
0.2391732283464567
0
LINE
8
BLACK
6
CONTINUOUS
10
0.7962598425196851
20
0.2391732283464567
11
0.7985198031496062
21
0.2387237007874016
0
LINE
8
BLACK
6
CONTINUOUS
10
0.9692875196850393
20
0.2387237007874016
11
0.9712033858267717
21
0.2374435433070866
0
LINE
8
BLACK
6
CONTINUOUS
10
0.9712033858267717
20
0.2374435433070866
11
0.9724835433070866
21
0.2355276771653543
0
LINE
8
BLACK
6
CONTINUOUS
10
0.9724835433070866
20
0.2355276771653543
11
0.9729330708661417
21
0.2332677165354331
0
LINE
8
BLACK
6
CONTINUOUS
10
0.9729330708661417
20
0.2332677165354331
11
0.9729330708661417
21
0.187007874015748
0
LINE
8
BLACK
6
CONTINUOUS
10
0.9729330708661417
20
0.187007874015748
11
0.9724835433070866
21
0.1847479133858268
0
LINE
8
BLACK
6
CONTINUOUS
10
0.9724835433070866
20
0.1847479133858268
11
0.9712033858267717
21
0.1828320472440945
0
LINE
8
BLACK
6
CONTINUOUS
10
0.9712033858267717
20
0.1828320472440945
11
0.9692875196850393
21
0.1815518897637795
0
LINE
8
BLACK
6
CONTINUOUS
10
0.9692875196850393
20
0.1815518897637795
11
0.9670275590551181
21
0.1811023622047244
0
LINE
8
BLACK
6
CONTINUOUS
10
0.9670275590551181
20
0.1811023622047244
11
0.9552165354330708
21
0.1811023622047244
0
LINE
8
BLACK
6
CONTINUOUS
10
0.9552165354330708
20
0.1811023622047244
11
0.9529565748031495
21
0.1815518897637795
0
LINE
8
BLACK
6
CONTINUOUS
10
0.9529565748031495
20
0.1815518897637795
11
0.9510407086614173
21
0.1828320472440945
0
LINE
8
BLACK
6
CONTINUOUS
10
0.9510407086614173
20
0.1828320472440945
11
0.9497605511811024
21
0.1847479133858268
0
LINE
8
BLACK
6
CONTINUOUS
10
0.9497605511811024
20
0.1847479133858268
11
0.9493110236220472
21
0.187007874015748
0
LINE
8
BLACK
6
CONTINUOUS
10
0.9493110236220472
20
0.187007874015748
11
0.9493110236220472
21
0.2332677165354331
0
LINE
8
BLACK
6
CONTINUOUS
10
0.9493110236220472
20
0.2332677165354331
11
0.9497605511811024
21
0.2355276771653543
0
LINE
8
BLACK
6
CONTINUOUS
10
0.9497605511811024
20
0.2355276771653543
11
0.9510407086614173
21
0.2374435433070866
0
LINE
8
BLACK
6
CONTINUOUS
10
0.9510407086614173
20
0.2374435433070866
11
0.9529565748031495
21
0.2387237007874016
0
LINE
8
BLACK
6
CONTINUOUS
10
0.9529565748031495
20
0.2387237007874016
11
0.9552165354330708
21
0.2391732283464567
0
LINE
8
BLACK
6
CONTINUOUS
10
0.9552165354330708
20
0.2391732283464567
11
0.9670275590551181
21
0.2391732283464567
0
LINE
8
BLACK
6
CONTINUOUS
10
0.9670275590551181
20
0.2391732283464567
11
0.9692875196850393
21
0.2387237007874016
0
LINE
8
BLACK
6
CONTINUOUS
10
1.1430079921259841
20
0.2387237007874016
11
1.1449238582677166
21
0.2374435433070866
0
LINE
8
BLACK
6
CONTINUOUS
10
1.1449238582677166
20
0.2374435433070866
11
1.1462040157480315
21
0.2355276771653543
0
LINE
8
BLACK
6
CONTINUOUS
10
1.1462040157480315
20
0.2355276771653543
11
1.1466535433070866
21
0.2332677165354331
0
LINE
8
BLACK
6
CONTINUOUS
10
1.1466535433070866
20
0.2332677165354331
11
1.1466535433070866
21
0.187007874015748
0
LINE
8
BLACK
6
CONTINUOUS
10
1.1466535433070866
20
0.187007874015748
11
1.1462040157480315
21
0.1847479133858268
0
LINE
8
BLACK
6
CONTINUOUS
10
1.1462040157480315
20
0.1847479133858268
11
1.1449238582677166
21
0.1828320472440945
0
LINE
8
BLACK
6
CONTINUOUS
10
1.1449238582677166
20
0.1828320472440945
11
1.1430079921259841
21
0.1815518897637795
0
LINE
8
BLACK
6
CONTINUOUS
10
1.1430079921259841
20
0.1815518897637795
11
1.140748031496063
21
0.1811023622047244
0
LINE
8
BLACK
6
CONTINUOUS
10
1.140748031496063
20
0.1811023622047244
11
1.1289370078740157
21
0.1811023622047244
0
LINE
8
BLACK
6
CONTINUOUS
10
1.1289370078740157
20
0.1811023622047244
11
1.1266770472440946
21
0.1815518897637795
0
LINE
8
BLACK
6
CONTINUOUS
10
1.1266770472440946
20
0.1815518897637795
11
1.1247611811023621
21
0.1828320472440945
0
LINE
8
BLACK
6
CONTINUOUS
10
1.1247611811023621
20
0.1828320472440945
11
1.1234810236220472
21
0.1847479133858268
0
LINE
8
BLACK
6
CONTINUOUS
10
1.1234810236220472
20
0.1847479133858268
11
1.1230314960629921
21
0.187007874015748
0
LINE
8
BLACK
6
CONTINUOUS
10
1.1230314960629921
20
0.187007874015748
11
1.1230314960629921
21
0.2332677165354331
0
LINE
8
BLACK
6
CONTINUOUS
10
1.1230314960629921
20
0.2332677165354331
11
1.1234810236220472
21
0.2355276771653543
0
LINE
8
BLACK
6
CONTINUOUS
10
1.1234810236220472
20
0.2355276771653543
11
1.1247611811023621
21
0.2374435433070866
0
LINE
8
BLACK
6
CONTINUOUS
10
1.1247611811023621
20
0.2374435433070866
11
1.1266770472440946
21
0.2387237007874016
0
LINE
8
BLACK
6
CONTINUOUS
10
1.1266770472440946
20
0.2387237007874016
11
1.1289370078740157
21
0.2391732283464567
0
LINE
8
BLACK
6
CONTINUOUS
10
1.1289370078740157
20
0.2391732283464567
11
1.140748031496063
21
0.2391732283464567
0
LINE
8
BLACK
6
CONTINUOUS
10
1.140748031496063
20
0.2391732283464567
11
1.1430079921259841
21
0.2387237007874016
0
LINE
8
BLACK
6
CONTINUOUS
10
0.7611182283464567
20
0.3125425984251968
11
0.7630340944881889
21
0.3112624409448819
0
LINE
8
BLACK
6
CONTINUOUS
10
0.7630340944881889
20
0.3112624409448819
11
0.7643142519685039
21
0.3093465748031496
0
LINE
8
BLACK
6
CONTINUOUS
10
0.7643142519685039
20
0.3093465748031496
11
0.764763779527559
21
0.3070866141732284
0
LINE
8
BLACK
6
CONTINUOUS
10
0.764763779527559
20
0.3070866141732284
11
0.764763779527559
21
0.2608267716535433
0
LINE
8
BLACK
6
CONTINUOUS
10
0.764763779527559
20
0.2608267716535433
11
0.7643142519685039
21
0.2585668110236221
0
LINE
8
BLACK
6
CONTINUOUS
10
0.7643142519685039
20
0.2585668110236221
11
0.7630340944881889
21
0.2566509448818898
0
LINE
8
BLACK
6
CONTINUOUS
10
0.7630340944881889
20
0.2566509448818898
11
0.7611182283464567
21
0.2553707874015748
0
LINE
8
BLACK
6
CONTINUOUS
10
0.7611182283464567
20
0.2553707874015748
11
0.7588582677165354
21
0.2549212598425197
0
LINE
8
BLACK
6
CONTINUOUS
10
0.7588582677165354
20
0.2549212598425197
11
0.7470472440944882
21
0.2549212598425197
0
LINE
8
BLACK
6
CONTINUOUS
10
0.7470472440944882
20
0.2549212598425197
11
0.7447872834645669
21
0.2553707874015748
0
LINE
8
BLACK
6
CONTINUOUS
10
0.7447872834645669
20
0.2553707874015748
11
0.7428714173228347
21
0.2566509448818898
0
LINE
8
BLACK
6
CONTINUOUS
10
0.7428714173228347
20
0.2566509448818898
11
0.7415912598425197
21
0.2585668110236221
0
LINE
8
BLACK
6
CONTINUOUS
10
0.7415912598425197
20
0.2585668110236221
11
0.7411417322834646
21
0.2608267716535433
0
LINE
8
BLACK
6
CONTINUOUS
10
0.7411417322834646
20
0.2608267716535433
11
0.7411417322834646
21
0.3070866141732284
0
LINE
8
BLACK
6
CONTINUOUS
10
0.7411417322834646
20
0.3070866141732284
11
0.7415912598425197
21
0.3093465748031496
0
LINE
8
BLACK
6
CONTINUOUS
10
0.7415912598425197
20
0.3093465748031496
11
0.7428714173228347
21
0.3112624409448819
0
LINE
8
BLACK
6
CONTINUOUS
10
0.7428714173228347
20
0.3112624409448819
11
0.7447872834645669
21
0.3125425984251968
0
LINE
8
BLACK
6
CONTINUOUS
10
0.7447872834645669
20
0.3125425984251968
11
0.7470472440944882
21
0.312992125984252
0
LINE
8
BLACK
6
CONTINUOUS
10
0.7470472440944882
20
0.312992125984252
11
0.7588582677165354
21
0.312992125984252
0
LINE
8
BLACK
6
CONTINUOUS
10
0.7588582677165354
20
0.312992125984252
11
0.7611182283464567
21
0.3125425984251968
0
LINE
8
BLACK
6
CONTINUOUS
10
0.8359213779527559
20
0.3125425984251968
11
0.8378372440944881
21
0.3112624409448819
0
LINE
8
BLACK
6
CONTINUOUS
10
0.8378372440944881
20
0.3112624409448819
11
0.8391174015748031
21
0.3093465748031496
0
LINE
8
BLACK
6
CONTINUOUS
10
0.8391174015748031
20
0.3093465748031496
11
0.8395669291338582
21
0.3070866141732284
0
LINE
8
BLACK
6
CONTINUOUS
10
0.8395669291338582
20
0.3070866141732284
11
0.8395669291338582
21
0.2608267716535433
0
LINE
8
BLACK
6
CONTINUOUS
10
0.8395669291338582
20
0.2608267716535433
11
0.8391174015748031
21
0.2585668110236221
0
LINE
8
BLACK
6
CONTINUOUS
10
0.8391174015748031
20
0.2585668110236221
11
0.8378372440944881
21
0.2566509448818898
0
LINE
8
BLACK
6
CONTINUOUS
10
0.8378372440944881
20
0.2566509448818898
11
0.8359213779527559
21
0.2553707874015748
0
LINE
8
BLACK
6
CONTINUOUS
10
0.8359213779527559
20
0.2553707874015748
11
0.8336614173228346
21
0.2549212598425197
0
LINE
8
BLACK
6
CONTINUOUS
10
0.8336614173228346
20
0.2549212598425197
11
0.8218503937007874
21
0.2549212598425197
0
LINE
8
BLACK
6
CONTINUOUS
10
0.8218503937007874
20
0.2549212598425197
11
0.8195904330708661
21
0.2553707874015748
0
LINE
8
BLACK
6
CONTINUOUS
10
0.8195904330708661
20
0.2553707874015748
11
0.8176745669291339
21
0.2566509448818898
0
LINE
8
BLACK
6
CONTINUOUS
10
0.8176745669291339
20
0.2566509448818898
11
0.8163944094488189
21
0.2585668110236221
0
LINE
8
BLACK
6
CONTINUOUS
10
0.8163944094488189
20
0.2585668110236221
11
0.8159448818897638
21
0.2608267716535433
0
LINE
8
BLACK
6
CONTINUOUS
10
0.8159448818897638
20
0.2608267716535433
11
0.8159448818897638
21
0.3070866141732284
0
LINE
8
BLACK
6
CONTINUOUS
10
0.8159448818897638
20
0.3070866141732284
11
0.8163944094488189
21
0.3093465748031496
0
LINE
8
BLACK
6
CONTINUOUS
10
0.8163944094488189
20
0.3093465748031496
11
0.8176745669291339
21
0.3112624409448819
0
LINE
8
BLACK
6
CONTINUOUS
10
0.8176745669291339
20
0.3112624409448819
11
0.8195904330708661
21
0.3125425984251968
0
LINE
8
BLACK
6
CONTINUOUS
10
0.8195904330708661
20
0.3125425984251968
11
0.8218503937007874
21
0.312992125984252
0
LINE
8
BLACK
6
CONTINUOUS
10
0.8218503937007874
20
0.312992125984252
11
0.8336614173228346
21
0.312992125984252
0
LINE
8
BLACK
6
CONTINUOUS
10
0.8336614173228346
20
0.312992125984252
11
0.8359213779527559
21
0.3125425984251968
0
LINE
8
BLACK
6
CONTINUOUS
10
0.9318859448818897
20
0.3125425984251968
11
0.933801811023622
21
0.3112624409448819
0
LINE
8
BLACK
6
CONTINUOUS
10
0.933801811023622
20
0.3112624409448819
11
0.935081968503937
21
0.3093465748031496
0
LINE
8
BLACK
6
CONTINUOUS
10
0.935081968503937
20
0.3093465748031496
11
0.9355314960629921
21
0.3070866141732284
0
LINE
8
BLACK
6
CONTINUOUS
10
0.9355314960629921
20
0.3070866141732284
11
0.9355314960629921
21
0.2608267716535433
0
LINE
8
BLACK
6
CONTINUOUS
10
0.9355314960629921
20
0.2608267716535433
11
0.935081968503937
21
0.2585668110236221
0
LINE
8
BLACK
6
CONTINUOUS
10
0.935081968503937
20
0.2585668110236221
11
0.933801811023622
21
0.2566509448818898
0
LINE
8
BLACK
6
CONTINUOUS
10
0.933801811023622
20
0.2566509448818898
11
0.9318859448818897
21
0.2553707874015748
0
LINE
8
BLACK
6
CONTINUOUS
10
0.9318859448818897
20
0.2553707874015748
11
0.9296259842519685
21
0.2549212598425197
0
LINE
8
BLACK
6
CONTINUOUS
10
0.9296259842519685
20
0.2549212598425197
11
0.9178149606299212
21
0.2549212598425197
0
LINE
8
BLACK
6
CONTINUOUS
10
0.9178149606299212
20
0.2549212598425197
11
0.915555
21
0.2553707874015748
0
LINE
8
BLACK
6
CONTINUOUS
10
0.915555
20
0.2553707874015748
11
0.9136391338582677
21
0.2566509448818898
0
LINE
8
BLACK
6
CONTINUOUS
10
0.9136391338582677
20
0.2566509448818898
11
0.9123589763779527
21
0.2585668110236221
0
LINE
8
BLACK
6
CONTINUOUS
10
0.9123589763779527
20
0.2585668110236221
11
0.9119094488188976
21
0.2608267716535433
0
LINE
8
BLACK
6
CONTINUOUS
10
0.9119094488188976
20
0.2608267716535433
11
0.9119094488188976
21
0.3070866141732284
0
LINE
8
BLACK
6
CONTINUOUS
10
0.9119094488188976
20
0.3070866141732284
11
0.9123589763779527
21
0.3093465748031496
0
LINE
8
BLACK
6
CONTINUOUS
10
0.9123589763779527
20
0.3093465748031496
11
0.9136391338582677
21
0.3112624409448819
0
LINE
8
BLACK
6
CONTINUOUS
10
0.9136391338582677
20
0.3112624409448819
11
0.915555
21
0.3125425984251968
0
LINE
8
BLACK
6
CONTINUOUS
10
0.915555
20
0.3125425984251968
11
0.9178149606299212
21
0.312992125984252
0
LINE
8
BLACK
6
CONTINUOUS
10
0.9178149606299212
20
0.312992125984252
11
0.9296259842519685
21
0.312992125984252
0
LINE
8
BLACK
6
CONTINUOUS
10
0.9296259842519685
20
0.312992125984252
11
0.9318859448818897
21
0.3125425984251968
0
LINE
8
BLACK
6
CONTINUOUS
10
1.006689094488189
20
0.3125425984251968
11
1.0086049606299212
21
0.3112624409448819
0
LINE
8
BLACK
6
CONTINUOUS
10
1.0086049606299212
20
0.3112624409448819
11
1.0098851181102362
21
0.3093465748031496
0
LINE
8
BLACK
6
CONTINUOUS
10
1.0098851181102362
20
0.3093465748031496
11
1.0103346456692912
21
0.3070866141732284
0
LINE
8
BLACK
6
CONTINUOUS
10
1.0103346456692912
20
0.3070866141732284
11
1.0103346456692912
21
0.2608267716535433
0
LINE
8
BLACK
6
CONTINUOUS
10
1.0103346456692912
20
0.2608267716535433
11
1.0098851181102362
21
0.2585668110236221
0
LINE
8
BLACK
6
CONTINUOUS
10
1.0098851181102362
20
0.2585668110236221
11
1.0086049606299212
21
0.2566509448818898
0
LINE
8
BLACK
6
CONTINUOUS
10
1.0086049606299212
20
0.2566509448818898
11
1.006689094488189
21
0.2553707874015748
0
LINE
8
BLACK
6
CONTINUOUS
10
1.006689094488189
20
0.2553707874015748
11
1.0044291338582676
21
0.2549212598425197
0
LINE
8
BLACK
6
CONTINUOUS
10
1.0044291338582676
20
0.2549212598425197
11
0.9926181102362205
21
0.2549212598425197
0
LINE
8
BLACK
6
CONTINUOUS
10
0.9926181102362205
20
0.2549212598425197
11
0.9903581496062992
21
0.2553707874015748
0
LINE
8
BLACK
6
CONTINUOUS
10
0.9903581496062992
20
0.2553707874015748
11
0.9884422834645669
21
0.2566509448818898
0
LINE
8
BLACK
6
CONTINUOUS
10
0.9884422834645669
20
0.2566509448818898
11
0.9871621259842519
21
0.2585668110236221
0
LINE
8
BLACK
6
CONTINUOUS
10
0.9871621259842519
20
0.2585668110236221
11
0.9867125984251969
21
0.2608267716535433
0
LINE
8
BLACK
6
CONTINUOUS
10
0.9867125984251969
20
0.2608267716535433
11
0.9867125984251969
21
0.3070866141732284
0
LINE
8
BLACK
6
CONTINUOUS
10
0.9867125984251969
20
0.3070866141732284
11
0.9871621259842519
21
0.3093465748031496
0
LINE
8
BLACK
6
CONTINUOUS
10
0.9871621259842519
20
0.3093465748031496
11
0.9884422834645669
21
0.3112624409448819
0
LINE
8
BLACK
6
CONTINUOUS
10
0.9884422834645669
20
0.3112624409448819
11
0.9903581496062992
21
0.3125425984251968
0
LINE
8
BLACK
6
CONTINUOUS
10
0.9903581496062992
20
0.3125425984251968
11
0.9926181102362205
21
0.312992125984252
0
LINE
8
BLACK
6
CONTINUOUS
10
0.9926181102362205
20
0.312992125984252
11
1.0044291338582676
21
0.312992125984252
0
LINE
8
BLACK
6
CONTINUOUS
10
1.0044291338582676
20
0.312992125984252
11
1.006689094488189
21
0.3125425984251968
0
LINE
8
BLACK
6
CONTINUOUS
10
1.1056064173228346
20
0.3125425984251968
11
1.1075222834645668
21
0.3112624409448819
0
LINE
8
BLACK
6
CONTINUOUS
10
1.1075222834645668
20
0.3112624409448819
11
1.1088024409448818
21
0.3093465748031496
0
LINE
8
BLACK
6
CONTINUOUS
10
1.1088024409448818
20
0.3093465748031496
11
1.109251968503937
21
0.3070866141732284
0
LINE
8
BLACK
6
CONTINUOUS
10
1.109251968503937
20
0.3070866141732284
11
1.109251968503937
21
0.2608267716535433
0
LINE
8
BLACK
6
CONTINUOUS
10
1.109251968503937
20
0.2608267716535433
11
1.1088024409448818
21
0.2585668110236221
0
LINE
8
BLACK
6
CONTINUOUS
10
1.1088024409448818
20
0.2585668110236221
11
1.1075222834645668
21
0.2566509448818898
0
LINE
8
BLACK
6
CONTINUOUS
10
1.1075222834645668
20
0.2566509448818898
11
1.1056064173228346
21
0.2553707874015748
0
LINE
8
BLACK
6
CONTINUOUS
10
1.1056064173228346
20
0.2553707874015748
11
1.1033464566929134
21
0.2549212598425197
0
LINE
8
BLACK
6
CONTINUOUS
10
1.1033464566929134
20
0.2549212598425197
11
1.0915354330708662
21
0.2549212598425197
0
LINE
8
BLACK
6
CONTINUOUS
10
1.0915354330708662
20
0.2549212598425197
11
1.0892754724409448
21
0.2553707874015748
0
LINE
8
BLACK
6
CONTINUOUS
10
1.0892754724409448
20
0.2553707874015748
11
1.0873596062992126
21
0.2566509448818898
0
LINE
8
BLACK
6
CONTINUOUS
10
1.0873596062992126
20
0.2566509448818898
11
1.0860794488188976
21
0.2585668110236221
0
LINE
8
BLACK
6
CONTINUOUS
10
1.0860794488188976
20
0.2585668110236221
11
1.0856299212598426
21
0.2608267716535433
0
LINE
8
BLACK
6
CONTINUOUS
10
1.0856299212598426
20
0.2608267716535433
11
1.0856299212598426
21
0.3070866141732284
0
LINE
8
BLACK
6
CONTINUOUS
10
1.0856299212598426
20
0.3070866141732284
11
1.0860794488188976
21
0.3093465748031496
0
LINE
8
BLACK
6
CONTINUOUS
10
1.0860794488188976
20
0.3093465748031496
11
1.0873596062992126
21
0.3112624409448819
0
LINE
8
BLACK
6
CONTINUOUS
10
1.0873596062992126
20
0.3112624409448819
11
1.0892754724409448
21
0.3125425984251968
0
LINE
8
BLACK
6
CONTINUOUS
10
1.0892754724409448
20
0.3125425984251968
11
1.0915354330708662
21
0.312992125984252
0
LINE
8
BLACK
6
CONTINUOUS
10
1.0915354330708662
20
0.312992125984252
11
1.1033464566929134
21
0.312992125984252
0
LINE
8
BLACK
6
CONTINUOUS
10
1.1033464566929134
20
0.312992125984252
11
1.1056064173228346
21
0.3125425984251968
0
LINE
8
BLACK
6
CONTINUOUS
10
1.1804095669291339
20
0.3125425984251968
11
1.1823254330708661
21
0.3112624409448819
0
LINE
8
BLACK
6
CONTINUOUS
10
1.1823254330708661
20
0.3112624409448819
11
1.1836055905511811
21
0.3093465748031496
0
LINE
8
BLACK
6
CONTINUOUS
10
1.1836055905511811
20
0.3093465748031496
11
1.1840551181102361
21
0.3070866141732284
0
LINE
8
BLACK
6
CONTINUOUS
10
1.1840551181102361
20
0.3070866141732284
11
1.1840551181102361
21
0.2608267716535433
0
LINE
8
BLACK
6
CONTINUOUS
10
1.1840551181102361
20
0.2608267716535433
11
1.1836055905511811
21
0.2585668110236221
0
LINE
8
BLACK
6
CONTINUOUS
10
1.1836055905511811
20
0.2585668110236221
11
1.1823254330708661
21
0.2566509448818898
0
LINE
8
BLACK
6
CONTINUOUS
10
1.1823254330708661
20
0.2566509448818898
11
1.1804095669291339
21
0.2553707874015748
0
LINE
8
BLACK
6
CONTINUOUS
10
1.1804095669291339
20
0.2553707874015748
11
1.1781496062992125
21
0.2549212598425197
0
LINE
8
BLACK
6
CONTINUOUS
10
1.1781496062992125
20
0.2549212598425197
11
1.1663385826771653
21
0.2549212598425197
0
LINE
8
BLACK
6
CONTINUOUS
10
1.1663385826771653
20
0.2549212598425197
11
1.1640786220472441
21
0.2553707874015748
0
LINE
8
BLACK
6
CONTINUOUS
10
1.1640786220472441
20
0.2553707874015748
11
1.1621627559055119
21
0.2566509448818898
0
LINE
8
BLACK
6
CONTINUOUS
10
1.1621627559055119
20
0.2566509448818898
11
1.1608825984251969
21
0.2585668110236221
0
LINE
8
BLACK
6
CONTINUOUS
10
1.1608825984251969
20
0.2585668110236221
11
1.1604330708661417
21
0.2608267716535433
0
LINE
8
BLACK
6
CONTINUOUS
10
1.1604330708661417
20
0.2608267716535433
11
1.1604330708661417
21
0.3070866141732284
0
LINE
8
BLACK
6
CONTINUOUS
10
1.1604330708661417
20
0.3070866141732284
11
1.1608825984251969
21
0.3093465748031496
0
LINE
8
BLACK
6
CONTINUOUS
10
1.1608825984251969
20
0.3093465748031496
11
1.1621627559055119
21
0.3112624409448819
0
LINE
8
BLACK
6
CONTINUOUS
10
1.1621627559055119
20
0.3112624409448819
11
1.1640786220472441
21
0.3125425984251968
0
LINE
8
BLACK
6
CONTINUOUS
10
1.1640786220472441
20
0.3125425984251968
11
1.1663385826771653
21
0.312992125984252
0
LINE
8
BLACK
6
CONTINUOUS
10
1.1663385826771653
20
0.312992125984252
11
1.1781496062992125
21
0.312992125984252
0
LINE
8
BLACK
6
CONTINUOUS
10
1.1781496062992125
20
0.312992125984252
11
1.1804095669291339
21
0.3125425984251968
0
LINE
8
BLACK
6
CONTINUOUS
10
0.966365
20
0.4593885826771654
11
0.9695581496062992
21
0.457255
0
LINE
8
BLACK
6
CONTINUOUS
10
0.9695581496062992
20
0.457255
11
0.9716917322834645
21
0.4540618503937008
0
LINE
8
BLACK
6
CONTINUOUS
10
0.9716917322834645
20
0.4540618503937008
11
0.9724409448818897
21
0.4502952755905512
0
LINE
8
BLACK
6
CONTINUOUS
10
0.9724409448818897
20
0.4502952755905512
11
0.9724409448818897
21
0.4296259842519685
0
LINE
8
BLACK
6
CONTINUOUS
10
0.9724409448818897
20
0.4296259842519685
11
0.9716917322834645
21
0.4258594094488189
0
LINE
8
BLACK
6
CONTINUOUS
10
0.9716917322834645
20
0.4258594094488189
11
0.9695581496062992
21
0.4226662598425197
0
LINE
8
BLACK
6
CONTINUOUS
10
0.9695581496062992
20
0.4226662598425197
11
0.966365
21
0.4205326771653543
0
LINE
8
BLACK
6
CONTINUOUS
10
0.966365
20
0.4205326771653543
11
0.9625984251968503
21
0.4197834645669291
0
LINE
8
BLACK
6
CONTINUOUS
10
0.9625984251968503
20
0.4197834645669291
11
0.9271653543307087
21
0.4197834645669291
0
LINE
8
BLACK
6
CONTINUOUS
10
0.9271653543307087
20
0.4197834645669291
11
0.923398779527559
21
0.4205326771653543
0
LINE
8
BLACK
6
CONTINUOUS
10
0.923398779527559
20
0.4205326771653543
11
0.9202056299212599
21
0.4226662598425197
0
LINE
8
BLACK
6
CONTINUOUS
10
0.9202056299212599
20
0.4226662598425197
11
0.9180720472440944
21
0.4258594094488189
0
LINE
8
BLACK
6
CONTINUOUS
10
0.9180720472440944
20
0.4258594094488189
11
0.9173228346456692
21
0.4296259842519685
0
LINE
8
BLACK
6
CONTINUOUS
10
0.9173228346456692
20
0.4296259842519685
11
0.9173228346456692
21
0.4502952755905512
0
LINE
8
BLACK
6
CONTINUOUS
10
0.9173228346456692
20
0.4502952755905512
11
0.9180720472440944
21
0.4540618503937008
0
LINE
8
BLACK
6
CONTINUOUS
10
0.9180720472440944
20
0.4540618503937008
11
0.9202056299212599
21
0.457255
0
LINE
8
BLACK
6
CONTINUOUS
10
0.9202056299212599
20
0.457255
11
0.923398779527559
21
0.4593885826771654
0
LINE
8
BLACK
6
CONTINUOUS
10
0.923398779527559
20
0.4593885826771654
11
0.9271653543307087
21
0.4601377952755906
0
LINE
8
BLACK
6
CONTINUOUS
10
0.9271653543307087
20
0.4601377952755906
11
0.9625984251968503
21
0.4601377952755906
0
LINE
8
BLACK
6
CONTINUOUS
10
0.9625984251968503
20
0.4601377952755906
11
0.966365
21
0.4593885826771654
0
LINE
8
BLACK
6
CONTINUOUS
10
1.1002232677165353
20
0.4598807086614173
11
1.1034164173228347
21
0.4577471259842519
0
LINE
8
BLACK
6
CONTINUOUS
10
1.1034164173228347
20
0.4577471259842519
11
1.10555
21
0.4545539763779528
0
LINE
8
BLACK
6
CONTINUOUS
10
1.10555
20
0.4545539763779528
11
1.1062992125984252
21
0.4507874015748031
0
LINE
8
BLACK
6
CONTINUOUS
10
1.1062992125984252
20
0.4507874015748031
11
1.1062992125984252
21
0.4301181102362205
0
LINE
8
BLACK
6
CONTINUOUS
10
1.1062992125984252
20
0.4301181102362205
11
1.10555
21
0.4263515354330709
0
LINE
8
BLACK
6
CONTINUOUS
10
1.10555
20
0.4263515354330709
11
1.1034164173228347
21
0.4231583858267716
0
LINE
8
BLACK
6
CONTINUOUS
10
1.1034164173228347
20
0.4231583858267716
11
1.1002232677165353
21
0.4210248031496063
0
LINE
8
BLACK
6
CONTINUOUS
10
1.1002232677165353
20
0.4210248031496063
11
1.0964566929133859
21
0.4202755905511811
0
LINE
8
BLACK
6
CONTINUOUS
10
1.0964566929133859
20
0.4202755905511811
11
1.061023622047244
21
0.4202755905511811
0
LINE
8
BLACK
6
CONTINUOUS
10
1.061023622047244
20
0.4202755905511811
11
1.0572570472440945
21
0.4210248031496063
0
LINE
8
BLACK
6
CONTINUOUS
10
1.0572570472440945
20
0.4210248031496063
11
1.0540638976377952
21
0.4231583858267716
0
LINE
8
BLACK
6
CONTINUOUS
10
1.0540638976377952
20
0.4231583858267716
11
1.0519303149606298
21
0.4263515354330709
0
LINE
8
BLACK
6
CONTINUOUS
10
1.0519303149606298
20
0.4263515354330709
11
1.0511811023622046
21
0.4301181102362205
0
LINE
8
BLACK
6
CONTINUOUS
10
1.0511811023622046
20
0.4301181102362205
11
1.0511811023622046
21
0.4507874015748031
0
LINE
8
BLACK
6
CONTINUOUS
10
1.0511811023622046
20
0.4507874015748031
11
1.0519303149606298
21
0.4545539763779528
0
LINE
8
BLACK
6
CONTINUOUS
10
1.0519303149606298
20
0.4545539763779528
11
1.0540638976377952
21
0.4577471259842519
0
LINE
8
BLACK
6
CONTINUOUS
10
1.0540638976377952
20
0.4577471259842519
11
1.0572570472440945
21
0.4598807086614173
0
LINE
8
BLACK
6
CONTINUOUS
10
1.0572570472440945
20
0.4598807086614173
11
1.061023622047244
21
0.4606299212598425
0
LINE
8
BLACK
6
CONTINUOUS
10
1.061023622047244
20
0.4606299212598425
11
1.0964566929133859
21
0.4606299212598425
0
LINE
8
BLACK
6
CONTINUOUS
10
1.0964566929133859
20
0.4606299212598425
11
1.1002232677165353
21
0.4598807086614173
0
LINE
8
BLACK
6
CONTINUOUS
10
0.7650854724409448
20
0.48055
11
0.7682786220472441
21
0.4784164173228346
0
LINE
8
BLACK
6
CONTINUOUS
10
0.7682786220472441
20
0.4784164173228346
11
0.7704122047244094
21
0.4752232677165354
0
LINE
8
BLACK
6
CONTINUOUS
10
0.7704122047244094
20
0.4752232677165354
11
0.7711614173228346
21
0.4714566929133858
0
LINE
8
BLACK
6
CONTINUOUS
10
0.7711614173228346
20
0.4714566929133858
11
0.7711614173228346
21
0.4360236220472441
0
LINE
8
BLACK
6
CONTINUOUS
10
0.7711614173228346
20
0.4360236220472441
11
0.7704122047244094
21
0.4322570472440945
0
LINE
8
BLACK
6
CONTINUOUS
10
0.7704122047244094
20
0.4322570472440945
11
0.7682786220472441
21
0.4290638976377953
0
LINE
8
BLACK
6
CONTINUOUS
10
0.7682786220472441
20
0.4290638976377953
11
0.7650854724409448
21
0.4269303149606299
0
LINE
8
BLACK
6
CONTINUOUS
10
0.7650854724409448
20
0.4269303149606299
11
0.7613188976377953
21
0.4261811023622047
0
LINE
8
BLACK
6
CONTINUOUS
10
0.7613188976377953
20
0.4261811023622047
11
0.7406496062992126
21
0.4261811023622047
0
LINE
8
BLACK
6
CONTINUOUS
10
0.7406496062992126
20
0.4261811023622047
11
0.7368830314960629
21
0.4269303149606299
0
LINE
8
BLACK
6
CONTINUOUS
10
0.7368830314960629
20
0.4269303149606299
11
0.7336898818897638
21
0.4290638976377953
0
LINE
8
BLACK
6
CONTINUOUS
10
0.7336898818897638
20
0.4290638976377953
11
0.7315562992125985
21
0.4322570472440945
0
LINE
8
BLACK
6
CONTINUOUS
10
0.7315562992125985
20
0.4322570472440945
11
0.7308070866141733
21
0.4360236220472441
0
LINE
8
BLACK
6
CONTINUOUS
10
0.7308070866141733
20
0.4360236220472441
11
0.7308070866141733
21
0.4714566929133858
0
LINE
8
BLACK
6
CONTINUOUS
10
0.7308070866141733
20
0.4714566929133858
11
0.7315562992125985
21
0.4752232677165354
0
LINE
8
BLACK
6
CONTINUOUS
10
0.7315562992125985
20
0.4752232677165354
11
0.7336898818897638
21
0.4784164173228346
0
LINE
8
BLACK
6
CONTINUOUS
10
0.7336898818897638
20
0.4784164173228346
11
0.7368830314960629
21
0.48055
0
LINE
8
BLACK
6
CONTINUOUS
10
0.7368830314960629
20
0.48055
11
0.7406496062992126
21
0.4812992125984252
0
LINE
8
BLACK
6
CONTINUOUS
10
0.7406496062992126
20
0.4812992125984252
11
0.7613188976377953
21
0.4812992125984252
0
LINE
8
BLACK
6
CONTINUOUS
10
0.7613188976377953
20
0.4812992125984252
11
0.7650854724409448
21
0.48055
0
LINE
8
BLACK
6
CONTINUOUS
10
0.8369358661417322
20
0.48055
11
0.8401290157480314
21
0.4784164173228346
0
LINE
8
BLACK
6
CONTINUOUS
10
0.8401290157480314
20
0.4784164173228346
11
0.8422625984251968
21
0.4752232677165354
0
LINE
8
BLACK
6
CONTINUOUS
10
0.8422625984251968
20
0.4752232677165354
11
0.843011811023622
21
0.4714566929133858
0
LINE
8
BLACK
6
CONTINUOUS
10
0.843011811023622
20
0.4714566929133858
11
0.843011811023622
21
0.4360236220472441
0
LINE
8
BLACK
6
CONTINUOUS
10
0.843011811023622
20
0.4360236220472441
11
0.8422625984251968
21
0.4322570472440945
0
LINE
8
BLACK
6
CONTINUOUS
10
0.8422625984251968
20
0.4322570472440945
11
0.8401290157480314
21
0.4290638976377953
0
LINE
8
BLACK
6
CONTINUOUS
10
0.8401290157480314
20
0.4290638976377953
11
0.8369358661417322
21
0.4269303149606299
0
LINE
8
BLACK
6
CONTINUOUS
10
0.8369358661417322
20
0.4269303149606299
11
0.8331692913385826
21
0.4261811023622047
0
LINE
8
BLACK
6
CONTINUOUS
10
0.8331692913385826
20
0.4261811023622047
11
0.8125
21
0.4261811023622047
0
LINE
8
BLACK
6
CONTINUOUS
10
0.8125
20
0.4261811023622047
11
0.8087334251968504
21
0.4269303149606299
0
LINE
8
BLACK
6
CONTINUOUS
10
0.8087334251968504
20
0.4269303149606299
11
0.8055402755905512
21
0.4290638976377953
0
LINE
8
BLACK
6
CONTINUOUS
10
0.8055402755905512
20
0.4290638976377953
11
0.8034066929133858
21
0.4322570472440945
0
LINE
8
BLACK
6
CONTINUOUS
10
0.8034066929133858
20
0.4322570472440945
11
0.8026574803149606
21
0.4360236220472441
0
LINE
8
BLACK
6
CONTINUOUS
10
0.8026574803149606
20
0.4360236220472441
11
0.8026574803149606
21
0.4714566929133858
0
LINE
8
BLACK
6
CONTINUOUS
10
0.8026574803149606
20
0.4714566929133858
11
0.8034066929133858
21
0.4752232677165354
0
LINE
8
BLACK
6
CONTINUOUS
10
0.8034066929133858
20
0.4752232677165354
11
0.8055402755905512
21
0.4784164173228346
0
LINE
8
BLACK
6
CONTINUOUS
10
0.8055402755905512
20
0.4784164173228346
11
0.8087334251968504
21
0.48055
0
LINE
8
BLACK
6
CONTINUOUS
10
0.8087334251968504
20
0.48055
11
0.8125
21
0.4812992125984252
0
LINE
8
BLACK
6
CONTINUOUS
10
0.8125
20
0.4812992125984252
11
0.8331692913385826
21
0.4812992125984252
0
LINE
8
BLACK
6
CONTINUOUS
10
0.8331692913385826
20
0.4812992125984252
11
0.8369358661417322
21
0.48055
0
LINE
8
BLACK
6
CONTINUOUS
10
0.966365
20
0.5312389763779527
11
0.9695581496062992
21
0.5291053937007874
0
LINE
8
BLACK
6
CONTINUOUS
10
0.9695581496062992
20
0.5291053937007874
11
0.9716917322834645
21
0.5259122440944882
0
LINE
8
BLACK
6
CONTINUOUS
10
0.9716917322834645
20
0.5259122440944882
11
0.9724409448818897
21
0.5221456692913385
0
LINE
8
BLACK
6
CONTINUOUS
10
0.9724409448818897
20
0.5221456692913385
11
0.9724409448818897
21
0.5014763779527559
0
LINE
8
BLACK
6
CONTINUOUS
10
0.9724409448818897
20
0.5014763779527559
11
0.9716917322834645
21
0.4977098031496063
0
LINE
8
BLACK
6
CONTINUOUS
10
0.9716917322834645
20
0.4977098031496063
11
0.9695581496062992
21
0.4945166535433071
0
LINE
8
BLACK
6
CONTINUOUS
10
0.9695581496062992
20
0.4945166535433071
11
0.966365
21
0.4923830708661417
0
LINE
8
BLACK
6
CONTINUOUS
10
0.966365
20
0.4923830708661417
11
0.9625984251968503
21
0.4916338582677166
0
LINE
8
BLACK
6
CONTINUOUS
10
0.9625984251968503
20
0.4916338582677166
11
0.9271653543307087
21
0.4916338582677166
0
LINE
8
BLACK
6
CONTINUOUS
10
0.9271653543307087
20
0.4916338582677166
11
0.923398779527559
21
0.4923830708661417
0
LINE
8
BLACK
6
CONTINUOUS
10
0.923398779527559
20
0.4923830708661417
11
0.9202056299212599
21
0.4945166535433071
0
LINE
8
BLACK
6
CONTINUOUS
10
0.9202056299212599
20
0.4945166535433071
11
0.9180720472440944
21
0.4977098031496063
0
LINE
8
BLACK
6
CONTINUOUS
10
0.9180720472440944
20
0.4977098031496063
11
0.9173228346456692
21
0.5014763779527559
0
LINE
8
BLACK
6
CONTINUOUS
10
0.9173228346456692
20
0.5014763779527559
11
0.9173228346456692
21
0.5221456692913385
0
LINE
8
BLACK
6
CONTINUOUS
10
0.9173228346456692
20
0.5221456692913385
11
0.9180720472440944
21
0.5259122440944882
0
LINE
8
BLACK
6
CONTINUOUS
10
0.9180720472440944
20
0.5259122440944882
11
0.9202056299212599
21
0.5291053937007874
0
LINE
8
BLACK
6
CONTINUOUS
10
0.9202056299212599
20
0.5291053937007874
11
0.923398779527559
21
0.5312389763779527
0
LINE
8
BLACK
6
CONTINUOUS
10
0.923398779527559
20
0.5312389763779527
11
0.9271653543307087
21
0.5319881889763779
0
LINE
8
BLACK
6
CONTINUOUS
10
0.9271653543307087
20
0.5319881889763779
11
0.9625984251968503
21
0.5319881889763779
0
LINE
8
BLACK
6
CONTINUOUS
10
0.9625984251968503
20
0.5319881889763779
11
0.966365
21
0.5312389763779527
0
LINE
8
BLACK
6
CONTINUOUS
10
1.1002232677165353
20
0.5317311023622047
11
1.1034164173228347
21
0.5295975196850393
0
LINE
8
BLACK
6
CONTINUOUS
10
1.1034164173228347
20
0.5295975196850393
11
1.10555
21
0.5264043700787402
0
LINE
8
BLACK
6
CONTINUOUS
10
1.10555
20
0.5264043700787402
11
1.1062992125984252
21
0.5226377952755905
0
LINE
8
BLACK
6
CONTINUOUS
10
1.1062992125984252
20
0.5226377952755905
11
1.1062992125984252
21
0.5019685039370079
0
LINE
8
BLACK
6
CONTINUOUS
10
1.1062992125984252
20
0.5019685039370079
11
1.10555
21
0.4982019291338582
0
LINE
8
BLACK
6
CONTINUOUS
10
1.10555
20
0.4982019291338582
11
1.1034164173228347
21
0.4950087795275591
0
LINE
8
BLACK
6
CONTINUOUS
10
1.1034164173228347
20
0.4950087795275591
11
1.1002232677165353
21
0.4928751968503937
0
LINE
8
BLACK
6
CONTINUOUS
10
1.1002232677165353
20
0.4928751968503937
11
1.0964566929133859
21
0.4921259842519685
0
LINE
8
BLACK
6
CONTINUOUS
10
1.0964566929133859
20
0.4921259842519685
11
1.061023622047244
21
0.4921259842519685
0
LINE
8
BLACK
6
CONTINUOUS
10
1.061023622047244
20
0.4921259842519685
11
1.0572570472440945
21
0.4928751968503937
0
LINE
8
BLACK
6
CONTINUOUS
10
1.0572570472440945
20
0.4928751968503937
11
1.0540638976377952
21
0.4950087795275591
0
LINE
8
BLACK
6
CONTINUOUS
10
1.0540638976377952
20
0.4950087795275591
11
1.0519303149606298
21
0.4982019291338582
0
LINE
8
BLACK
6
CONTINUOUS
10
1.0519303149606298
20
0.4982019291338582
11
1.0511811023622046
21
0.5019685039370079
0
LINE
8
BLACK
6
CONTINUOUS
10
1.0511811023622046
20
0.5019685039370079
11
1.0511811023622046
21
0.5226377952755905
0
LINE
8
BLACK
6
CONTINUOUS
10
1.0511811023622046
20
0.5226377952755905
11
1.0519303149606298
21
0.5264043700787402
0
LINE
8
BLACK
6
CONTINUOUS
10
1.0519303149606298
20
0.5264043700787402
11
1.0540638976377952
21
0.5295975196850393
0
LINE
8
BLACK
6
CONTINUOUS
10
1.0540638976377952
20
0.5295975196850393
11
1.0572570472440945
21
0.5317311023622047
0
LINE
8
BLACK
6
CONTINUOUS
10
1.0572570472440945
20
0.5317311023622047
11
1.061023622047244
21
0.5324803149606299
0
LINE
8
BLACK
6
CONTINUOUS
10
1.061023622047244
20
0.5324803149606299
11
1.0964566929133859
21
0.5324803149606299
0
LINE
8
BLACK
6
CONTINUOUS
10
1.0964566929133859
20
0.5324803149606299
11
1.1002232677165353
21
0.5317311023622047
0
LINE
8
BLACK
6
CONTINUOUS
10
0.7153807480314961
20
0.6459043307086614
11
0.7185738976377952
21
0.643770748031496
0
LINE
8
BLACK
6
CONTINUOUS
10
0.7185738976377952
20
0.643770748031496
11
0.7207074803149606
21
0.6405775984251968
0
LINE
8
BLACK
6
CONTINUOUS
10
0.7207074803149606
20
0.6405775984251968
11
0.7214566929133858
21
0.6368110236220472
0
LINE
8
BLACK
6
CONTINUOUS
10
0.7214566929133858
20
0.6368110236220472
11
0.7214566929133858
21
0.5856299212598425
0
LINE
8
BLACK
6
CONTINUOUS
10
0.7214566929133858
20
0.5856299212598425
11
0.7207074803149606
21
0.5818633464566929
0
LINE
8
BLACK
6
CONTINUOUS
10
0.7207074803149606
20
0.5818633464566929
11
0.7185738976377952
21
0.5786701968503937
0
LINE
8
BLACK
6
CONTINUOUS
10
0.7185738976377952
20
0.5786701968503937
11
0.7153807480314961
21
0.5765366141732283
0
LINE
8
BLACK
6
CONTINUOUS
10
0.7153807480314961
20
0.5765366141732283
11
0.7116141732283464
21
0.5757874015748031
0
LINE
8
BLACK
6
CONTINUOUS
10
0.7116141732283464
20
0.5757874015748031
11
0.6328740157480315
21
0.5757874015748031
0
LINE
8
BLACK
6
CONTINUOUS
10
0.6328740157480315
20
0.5757874015748031
11
0.6291074409448819
21
0.5765366141732283
0
LINE
8
BLACK
6
CONTINUOUS
10
0.6291074409448819
20
0.5765366141732283
11
0.6259142913385827
21
0.5786701968503937
0
LINE
8
BLACK
6
CONTINUOUS
10
0.6259142913385827
20
0.5786701968503937
11
0.6237807086614173
21
0.5818633464566929
0
LINE
8
BLACK
6
CONTINUOUS
10
0.6237807086614173
20
0.5818633464566929
11
0.6230314960629921
21
0.5856299212598425
0
LINE
8
BLACK
6
CONTINUOUS
10
0.6230314960629921
20
0.5856299212598425
11
0.6230314960629921
21
0.6368110236220472
0
LINE
8
BLACK
6
CONTINUOUS
10
0.6230314960629921
20
0.6368110236220472
11
0.6237807086614173
21
0.6405775984251968
0
LINE
8
BLACK
6
CONTINUOUS
10
0.6237807086614173
20
0.6405775984251968
11
0.6259142913385827
21
0.643770748031496
0
LINE
8
BLACK
6
CONTINUOUS
10
0.6259142913385827
20
0.643770748031496
11
0.6291074409448819
21
0.6459043307086614
0
LINE
8
BLACK
6
CONTINUOUS
10
0.6291074409448819
20
0.6459043307086614
11
0.6328740157480315
21
0.6466535433070866
0
LINE
8
BLACK
6
CONTINUOUS
10
0.6328740157480315
20
0.6466535433070866
11
0.7116141732283464
21
0.6466535433070866
0
LINE
8
BLACK
6
CONTINUOUS
10
0.7116141732283464
20
0.6466535433070866
11
0.7153807480314961
21
0.6459043307086614
0
LINE
8
BLACK
6
CONTINUOUS
10
0.872861062992126
20
0.6459043307086614
11
0.8760542125984252
21
0.643770748031496
0
LINE
8
BLACK
6
CONTINUOUS
10
0.8760542125984252
20
0.643770748031496
11
0.8781877952755905
21
0.6405775984251968
0
LINE
8
BLACK
6
CONTINUOUS
10
0.8781877952755905
20
0.6405775984251968
11
0.8789370078740157
21
0.6368110236220472
0
LINE
8
BLACK
6
CONTINUOUS
10
0.8789370078740157
20
0.6368110236220472
11
0.8789370078740157
21
0.5856299212598425
0
LINE
8
BLACK
6
CONTINUOUS
10
0.8789370078740157
20
0.5856299212598425
11
0.8781877952755905
21
0.5818633464566929
0
LINE
8
BLACK
6
CONTINUOUS
10
0.8781877952755905
20
0.5818633464566929
11
0.8760542125984252
21
0.5786701968503937
0
LINE
8
BLACK
6
CONTINUOUS
10
0.8760542125984252
20
0.5786701968503937
11
0.872861062992126
21
0.5765366141732283
0
LINE
8
BLACK
6
CONTINUOUS
10
0.872861062992126
20
0.5765366141732283
11
0.8690944881889764
21
0.5757874015748031
0
LINE
8
BLACK
6
CONTINUOUS
10
0.8690944881889764
20
0.5757874015748031
11
0.7903543307086613
21
0.5757874015748031
0
LINE
8
BLACK
6
CONTINUOUS
10
0.7903543307086613
20
0.5757874015748031
11
0.7865877559055118
21
0.5765366141732283
0
LINE
8
BLACK
6
CONTINUOUS
10
0.7865877559055118
20
0.5765366141732283
11
0.7833946062992125
21
0.5786701968503937
0
LINE
8
BLACK
6
CONTINUOUS
10
0.7833946062992125
20
0.5786701968503937
11
0.7812610236220472
21
0.5818633464566929
0
LINE
8
BLACK
6
CONTINUOUS
10
0.7812610236220472
20
0.5818633464566929
11
0.780511811023622
21
0.5856299212598425
0
LINE
8
BLACK
6
CONTINUOUS
10
0.780511811023622
20
0.5856299212598425
11
0.780511811023622
21
0.6368110236220472
0
LINE
8
BLACK
6
CONTINUOUS
10
0.780511811023622
20
0.6368110236220472
11
0.7812610236220472
21
0.6405775984251968
0
LINE
8
BLACK
6
CONTINUOUS
10
0.7812610236220472
20
0.6405775984251968
11
0.7833946062992125
21
0.643770748031496
0
LINE
8
BLACK
6
CONTINUOUS
10
0.7833946062992125
20
0.643770748031496
11
0.7865877559055118
21
0.6459043307086614
0
LINE
8
BLACK
6
CONTINUOUS
10
0.7865877559055118
20
0.6459043307086614
11
0.7903543307086613
21
0.6466535433070866
0
LINE
8
BLACK
6
CONTINUOUS
10
0.7903543307086613
20
0.6466535433070866
11
0.8690944881889764
21
0.6466535433070866
0
LINE
8
BLACK
6
CONTINUOUS
10
0.8690944881889764
20
0.6466535433070866
11
0.872861062992126
21
0.6459043307086614
0
LINE
8
BLACK
6
CONTINUOUS
10
0.7222705118110236
20
0.7512192913385827
11
0.7254636614173228
21
0.7490857086614173
0
LINE
8
BLACK
6
CONTINUOUS
10
0.7254636614173228
20
0.7490857086614173
11
0.7275972440944882
21
0.7458925590551181
0
LINE
8
BLACK
6
CONTINUOUS
10
0.7275972440944882
20
0.7458925590551181
11
0.7283464566929134
21
0.7421259842519685
0
LINE
8
BLACK
6
CONTINUOUS
10
0.7283464566929134
20
0.7421259842519685
11
0.7283464566929134
21
0.7066929133858267
0
LINE
8
BLACK
6
CONTINUOUS
10
0.7283464566929134
20
0.7066929133858267
11
0.7275972440944882
21
0.7029263385826772
0
LINE
8
BLACK
6
CONTINUOUS
10
0.7275972440944882
20
0.7029263385826772
11
0.7254636614173228
21
0.6997331889763779
0
LINE
8
BLACK
6
CONTINUOUS
10
0.7254636614173228
20
0.6997331889763779
11
0.7222705118110236
21
0.6975996062992126
0
LINE
8
BLACK
6
CONTINUOUS
10
0.7222705118110236
20
0.6975996062992126
11
0.718503937007874
21
0.6968503937007874
0
LINE
8
BLACK
6
CONTINUOUS
10
0.718503937007874
20
0.6968503937007874
11
0.6978346456692913
21
0.6968503937007874
0
LINE
8
BLACK
6
CONTINUOUS
10
0.6978346456692913
20
0.6968503937007874
11
0.6940680708661418
21
0.6975996062992126
0
LINE
8
BLACK
6
CONTINUOUS
10
0.6940680708661418
20
0.6975996062992126
11
0.6908749212598425
21
0.6997331889763779
0
LINE
8
BLACK
6
CONTINUOUS
10
0.6908749212598425
20
0.6997331889763779
11
0.6887413385826772
21
0.7029263385826772
0
LINE
8
BLACK
6
CONTINUOUS
10
0.6887413385826772
20
0.7029263385826772
11
0.687992125984252
21
0.7066929133858267
0
LINE
8
BLACK
6
CONTINUOUS
10
0.687992125984252
20
0.7066929133858267
11
0.687992125984252
21
0.7421259842519685
0
LINE
8
BLACK
6
CONTINUOUS
10
0.687992125984252
20
0.7421259842519685
11
0.6887413385826772
21
0.7458925590551181
0
LINE
8
BLACK
6
CONTINUOUS
10
0.6887413385826772
20
0.7458925590551181
11
0.6908749212598425
21
0.7490857086614173
0
LINE
8
BLACK
6
CONTINUOUS
10
0.6908749212598425
20
0.7490857086614173
11
0.6940680708661418
21
0.7512192913385827
0
LINE
8
BLACK
6
CONTINUOUS
10
0.6940680708661418
20
0.7512192913385827
11
0.6978346456692913
21
0.7519685039370079
0
LINE
8
BLACK
6
CONTINUOUS
10
0.6978346456692913
20
0.7519685039370079
11
0.718503937007874
21
0.7519685039370079
0
LINE
8
BLACK
6
CONTINUOUS
10
0.718503937007874
20
0.7519685039370079
11
0.7222705118110236
21
0.7512192913385827
0
LINE
8
BLACK
6
CONTINUOUS
10
0.794120905511811
20
0.7512192913385827
11
0.7973140551181103
21
0.7490857086614173
0
LINE
8
BLACK
6
CONTINUOUS
10
0.7973140551181103
20
0.7490857086614173
11
0.7994476377952756
21
0.7458925590551181
0
LINE
8
BLACK
6
CONTINUOUS
10
0.7994476377952756
20
0.7458925590551181
11
0.8001968503937008
21
0.7421259842519685
0
LINE
8
BLACK
6
CONTINUOUS
10
0.8001968503937008
20
0.7421259842519685
11
0.8001968503937008
21
0.7066929133858267
0
LINE
8
BLACK
6
CONTINUOUS
10
0.8001968503937008
20
0.7066929133858267
11
0.7994476377952756
21
0.7029263385826772
0
LINE
8
BLACK
6
CONTINUOUS
10
0.7994476377952756
20
0.7029263385826772
11
0.7973140551181103
21
0.6997331889763779
0
LINE
8
BLACK
6
CONTINUOUS
10
0.7973140551181103
20
0.6997331889763779
11
0.794120905511811
21
0.6975996062992126
0
LINE
8
BLACK
6
CONTINUOUS
10
0.794120905511811
20
0.6975996062992126
11
0.7903543307086613
21
0.6968503937007874
0
LINE
8
BLACK
6
CONTINUOUS
10
0.7903543307086613
20
0.6968503937007874
11
0.7696850393700787
21
0.6968503937007874
0
LINE
8
BLACK
6
CONTINUOUS
10
0.7696850393700787
20
0.6968503937007874
11
0.7659184645669291
21
0.6975996062992126
0
LINE
8
BLACK
6
CONTINUOUS
10
0.7659184645669291
20
0.6975996062992126
11
0.7627253149606299
21
0.6997331889763779
0
LINE
8
BLACK
6
CONTINUOUS
10
0.7627253149606299
20
0.6997331889763779
11
0.7605917322834645
21
0.7029263385826772
0
LINE
8
BLACK
6
CONTINUOUS
10
0.7605917322834645
20
0.7029263385826772
11
0.7598425196850394
21
0.7066929133858267
0
LINE
8
BLACK
6
CONTINUOUS
10
0.7598425196850394
20
0.7066929133858267
11
0.7598425196850394
21
0.7421259842519685
0
LINE
8
BLACK
6
CONTINUOUS
10
0.7598425196850394
20
0.7421259842519685
11
0.7605917322834645
21
0.7458925590551181
0
LINE
8
BLACK
6
CONTINUOUS
10
0.7605917322834645
20
0.7458925590551181
11
0.7627253149606299
21
0.7490857086614173
0
LINE
8
BLACK
6
CONTINUOUS
10
0.7627253149606299
20
0.7490857086614173
11
0.7659184645669291
21
0.7512192913385827
0
LINE
8
BLACK
6
CONTINUOUS
10
0.7659184645669291
20
0.7512192913385827
11
0.7696850393700787
21
0.7519685039370079
0
LINE
8
BLACK
6
CONTINUOUS
10
0.7696850393700787
20
0.7519685039370079
11
0.7903543307086613
21
0.7519685039370079
0
LINE
8
BLACK
6
CONTINUOUS
10
0.7903543307086613
20
0.7519685039370079
11
0.794120905511811
21
0.7512192913385827
0
LINE
8
BLACK
6
CONTINUOUS
10
0.3818897637795275
20
1.0295275590551181
11
0.2893700787401575
21
1.0295275590551181
0
LINE
8
BLACK
6
CONTINUOUS
10
0.2893700787401575
20
1.0295275590551181
11
0.2893700787401575
21
1.2303149606299213
0
LINE
8
BLACK
6
CONTINUOUS
10
0.2893700787401575
20
1.2303149606299213
11
0.3818897637795275
21
1.2303149606299213
0
LINE
8
BLACK
6
CONTINUOUS
10
0.3818897637795275
20
1.2303149606299213
11
0.3818897637795275
21
1.0295275590551181
0
LINE
8
BLACK
6
CONTINUOUS
10
0.5452755905511811
20
1.0295275590551181
11
0.452755905511811
21
1.0295275590551181
0
LINE
8
BLACK
6
CONTINUOUS
10
0.452755905511811
20
1.0295275590551181
11
0.452755905511811
21
1.2303149606299213
0
LINE
8
BLACK
6
CONTINUOUS
10
0.452755905511811
20
1.2303149606299213
11
0.5452755905511811
21
1.2303149606299213
0
LINE
8
BLACK
6
CONTINUOUS
10
0.5452755905511811
20
1.2303149606299213
11
0.5452755905511811
21
1.0295275590551181
0
LINE
8
BLACK
6
CONTINUOUS
10
0.1474673622047244
20
1.166573622047244
11
0.1506605118110236
21
1.1644400393700787
0
LINE
8
BLACK
6
CONTINUOUS
10
0.1506605118110236
20
1.1644400393700787
11
0.152794094488189
21
1.1612468897637795
0
LINE
8
BLACK
6
CONTINUOUS
10
0.152794094488189
20
1.1612468897637795
11
0.1535433070866142
21
1.1574803149606299
0
LINE
8
BLACK
6
CONTINUOUS
10
0.1535433070866142
20
1.1574803149606299
11
0.1535433070866142
21
1.078740157480315
0
LINE
8
BLACK
6
CONTINUOUS
10
0.1535433070866142
20
1.078740157480315
11
0.152794094488189
21
1.0749735826771654
0
LINE
8
BLACK
6
CONTINUOUS
10
0.152794094488189
20
1.0749735826771654
11
0.1506605118110236
21
1.071780433070866
0
LINE
8
BLACK
6
CONTINUOUS
10
0.1506605118110236
20
1.071780433070866
11
0.1474673622047244
21
1.0696468503937007
0
LINE
8
BLACK
6
CONTINUOUS
10
0.1474673622047244
20
1.0696468503937007
11
0.1437007874015748
21
1.0688976377952755
0
LINE
8
BLACK
6
CONTINUOUS
10
0.1437007874015748
20
1.0688976377952755
11
0.0925196850393701
21
1.0688976377952755
0
LINE
8
BLACK
6
CONTINUOUS
10
0.0925196850393701
20
1.0688976377952755
11
0.0887531102362205
21
1.0696468503937007
0
LINE
8
BLACK
6
CONTINUOUS
10
0.0887531102362205
20
1.0696468503937007
11
0.0855599606299213
21
1.071780433070866
0
LINE
8
BLACK
6
CONTINUOUS
10
0.0855599606299213
20
1.071780433070866
11
0.0834263779527559
21
1.0749735826771654
0
LINE
8
BLACK
6
CONTINUOUS
10
0.0834263779527559
20
1.0749735826771654
11
0.0826771653543307
21
1.078740157480315
0
LINE
8
BLACK
6
CONTINUOUS
10
0.0826771653543307
20
1.078740157480315
11
0.0826771653543307
21
1.1574803149606299
0
LINE
8
BLACK
6
CONTINUOUS
10
0.0826771653543307
20
1.1574803149606299
11
0.0834263779527559
21
1.1612468897637795
0
LINE
8
BLACK
6
CONTINUOUS
10
0.0834263779527559
20
1.1612468897637795
11
0.0855599606299213
21
1.1644400393700787
0
LINE
8
BLACK
6
CONTINUOUS
10
0.0855599606299213
20
1.1644400393700787
11
0.0887531102362205
21
1.166573622047244
0
LINE
8
BLACK
6
CONTINUOUS
10
0.0887531102362205
20
1.166573622047244
11
0.0925196850393701
21
1.1673228346456692
0
LINE
8
BLACK
6
CONTINUOUS
10
0.0925196850393701
20
1.1673228346456692
11
0.1437007874015748
21
1.1673228346456692
0
LINE
8
BLACK
6
CONTINUOUS
10
0.1437007874015748
20
1.1673228346456692
11
0.1474673622047244
21
1.166573622047244
0
LINE
8
BLACK
6
CONTINUOUS
10
0.6327035826771653
20
1.1719870078740158
11
0.6358967322834645
21
1.1698534251968504
0
LINE
8
BLACK
6
CONTINUOUS
10
0.6358967322834645
20
1.1698534251968504
11
0.6380303149606299
21
1.1666602755905511
0
LINE
8
BLACK
6
CONTINUOUS
10
0.6380303149606299
20
1.1666602755905511
11
0.6387795275590551
21
1.1628937007874016
0
LINE
8
BLACK
6
CONTINUOUS
10
0.6387795275590551
20
1.1628937007874016
11
0.6387795275590551
21
1.1432086614173229
0
LINE
8
BLACK
6
CONTINUOUS
10
0.6387795275590551
20
1.1432086614173229
11
0.6380303149606299
21
1.1394420866141732
0
LINE
8
BLACK
6
CONTINUOUS
10
0.6380303149606299
20
1.1394420866141732
11
0.6358967322834645
21
1.1362489370078739
0
LINE
8
BLACK
6
CONTINUOUS
10
0.6358967322834645
20
1.1362489370078739
11
0.6327035826771653
21
1.1341153543307085
0
LINE
8
BLACK
6
CONTINUOUS
10
0.6327035826771653
20
1.1341153543307085
11
0.6289370078740157
21
1.1333661417322833
0
LINE
8
BLACK
6
CONTINUOUS
10
0.6289370078740157
20
1.1333661417322833
11
0.5915354330708661
21
1.1333661417322833
0
LINE
8
BLACK
6
CONTINUOUS
10
0.5915354330708661
20
1.1333661417322833
11
0.5877688582677165
21
1.1341153543307085
0
LINE
8
BLACK
6
CONTINUOUS
10
0.5877688582677165
20
1.1341153543307085
11
0.5845757086614173
21
1.1362489370078739
0
LINE
8
BLACK
6
CONTINUOUS
10
0.5845757086614173
20
1.1362489370078739
11
0.5824421259842519
21
1.1394420866141732
0
LINE
8
BLACK
6
CONTINUOUS
10
0.5824421259842519
20
1.1394420866141732
11
0.5816929133858267
21
1.1432086614173229
0
LINE
8
BLACK
6
CONTINUOUS
10
0.5816929133858267
20
1.1432086614173229
11
0.5816929133858267
21
1.1628937007874016
0
LINE
8
BLACK
6
CONTINUOUS
10
0.5816929133858267
20
1.1628937007874016
11
0.5824421259842519
21
1.1666602755905511
0
LINE
8
BLACK
6
CONTINUOUS
10
0.5824421259842519
20
1.1666602755905511
11
0.5845757086614173
21
1.1698534251968504
0
LINE
8
BLACK
6
CONTINUOUS
10
0.5845757086614173
20
1.1698534251968504
11
0.5877688582677165
21
1.1719870078740158
0
LINE
8
BLACK
6
CONTINUOUS
10
0.5877688582677165
20
1.1719870078740158
11
0.5915354330708661
21
1.172736220472441
0
LINE
8
BLACK
6
CONTINUOUS
10
0.5915354330708661
20
1.172736220472441
11
0.6289370078740157
21
1.172736220472441
0
LINE
8
BLACK
6
CONTINUOUS
10
0.6289370078740157
20
1.172736220472441
11
0.6327035826771653
21
1.1719870078740158
0
LINE
8
BLACK
6
CONTINUOUS
10
0.6327035826771653
20
1.2467901574803149
11
0.6358967322834645
21
1.2446565748031495
0
LINE
8
BLACK
6
CONTINUOUS
10
0.6358967322834645
20
1.2446565748031495
11
0.6380303149606299
21
1.2414634251968504
0
LINE
8
BLACK
6
CONTINUOUS
10
0.6380303149606299
20
1.2414634251968504
11
0.6387795275590551
21
1.2376968503937007
0
LINE
8
BLACK
6
CONTINUOUS
10
0.6387795275590551
20
1.2376968503937007
11
0.6387795275590551
21
1.218011811023622
0
LINE
8
BLACK
6
CONTINUOUS
10
0.6387795275590551
20
1.218011811023622
11
0.6380303149606299
21
1.2142452362204723
0
LINE
8
BLACK
6
CONTINUOUS
10
0.6380303149606299
20
1.2142452362204723
11
0.6358967322834645
21
1.2110520866141732
0
LINE
8
BLACK
6
CONTINUOUS
10
0.6358967322834645
20
1.2110520866141732
11
0.6327035826771653
21
1.2089185039370078
0
LINE
8
BLACK
6
CONTINUOUS
10
0.6327035826771653
20
1.2089185039370078
11
0.6289370078740157
21
1.2081692913385826
0
LINE
8
BLACK
6
CONTINUOUS
10
0.6289370078740157
20
1.2081692913385826
11
0.5915354330708661
21
1.2081692913385826
0
LINE
8
BLACK
6
CONTINUOUS
10
0.5915354330708661
20
1.2081692913385826
11
0.5877688582677165
21
1.2089185039370078
0
LINE
8
BLACK
6
CONTINUOUS
10
0.5877688582677165
20
1.2089185039370078
11
0.5845757086614173
21
1.2110520866141732
0
LINE
8
BLACK
6
CONTINUOUS
10
0.5845757086614173
20
1.2110520866141732
11
0.5824421259842519
21
1.2142452362204723
0
LINE
8
BLACK
6
CONTINUOUS
10
0.5824421259842519
20
1.2142452362204723
11
0.5816929133858267
21
1.218011811023622
0
LINE
8
BLACK
6
CONTINUOUS
10
0.5816929133858267
20
1.218011811023622
11
0.5816929133858267
21
1.2376968503937007
0
LINE
8
BLACK
6
CONTINUOUS
10
0.5816929133858267
20
1.2376968503937007
11
0.5824421259842519
21
1.2414634251968504
0
LINE
8
BLACK
6
CONTINUOUS
10
0.5824421259842519
20
1.2414634251968504
11
0.5845757086614173
21
1.2446565748031495
0
LINE
8
BLACK
6
CONTINUOUS
10
0.5845757086614173
20
1.2446565748031495
11
0.5877688582677165
21
1.2467901574803149
0
LINE
8
BLACK
6
CONTINUOUS
10
0.5877688582677165
20
1.2467901574803149
11
0.5915354330708661
21
1.2475393700787401
0
LINE
8
BLACK
6
CONTINUOUS
10
0.5915354330708661
20
1.2475393700787401
11
0.6289370078740157
21
1.2475393700787401
0
LINE
8
BLACK
6
CONTINUOUS
10
0.6289370078740157
20
1.2475393700787401
11
0.6327035826771653
21
1.2467901574803149
0
LINE
8
BLACK
6
CONTINUOUS
10
0.0224673622047244
20
1.2507271653543306
11
0.0256605118110236
21
1.2485935826771652
0
LINE
8
BLACK
6
CONTINUOUS
10
0.0256605118110236
20
1.2485935826771652
11
0.027794094488189
21
1.2454004330708661
0
LINE
8
BLACK
6
CONTINUOUS
10
0.027794094488189
20
1.2454004330708661
11
0.0285433070866142
21
1.2416338582677164
0
LINE
8
BLACK
6
CONTINUOUS
10
0.0285433070866142
20
1.2416338582677164
11
0.0285433070866142
21
1.2219488188976377
0
LINE
8
BLACK
6
CONTINUOUS
10
0.0285433070866142
20
1.2219488188976377
11
0.027794094488189
21
1.2181822440944881
0
LINE
8
BLACK
6
CONTINUOUS
10
0.027794094488189
20
1.2181822440944881
11
0.0256605118110236
21
1.2149890944881889
0
LINE
8
BLACK
6
CONTINUOUS
10
0.0256605118110236
20
1.2149890944881889
11
0.0224673622047244
21
1.2128555118110236
0
LINE
8
BLACK
6
CONTINUOUS
10
0.0224673622047244
20
1.2128555118110236
11
0.0187007874015748
21
1.2121062992125984
0
LINE
8
BLACK
6
CONTINUOUS
10
0.0187007874015748
20
1.2121062992125984
11
-0.0187007874015748
21
1.2121062992125984
0
LINE
8
BLACK
6
CONTINUOUS
10
-0.0187007874015748
20
1.2121062992125984
11
-0.0224673622047244
21
1.2128555118110236
0
LINE
8
BLACK
6
CONTINUOUS
10
-0.0224673622047244
20
1.2128555118110236
11
-0.0256605118110236
21
1.2149890944881889
0
LINE
8
BLACK
6
CONTINUOUS
10
-0.0256605118110236
20
1.2149890944881889
11
-0.027794094488189
21
1.2181822440944881
0
LINE
8
BLACK
6
CONTINUOUS
10
-0.027794094488189
20
1.2181822440944881
11
-0.0285433070866142
21
1.2219488188976377
0
LINE
8
BLACK
6
CONTINUOUS
10
-0.0285433070866142
20
1.2219488188976377
11
-0.0285433070866142
21
1.2416338582677164
0
LINE
8
BLACK
6
CONTINUOUS
10
-0.0285433070866142
20
1.2416338582677164
11
-0.027794094488189
21
1.2454004330708661
0
LINE
8
BLACK
6
CONTINUOUS
10
-0.027794094488189
20
1.2454004330708661
11
-0.0256605118110236
21
1.2485935826771652
0
LINE
8
BLACK
6
CONTINUOUS
10
-0.0256605118110236
20
1.2485935826771652
11
-0.0224673622047244
21
1.2507271653543306
0
LINE
8
BLACK
6
CONTINUOUS
10
-0.0224673622047244
20
1.2507271653543306
11
-0.0187007874015748
21
1.2514763779527558
0
LINE
8
BLACK
6
CONTINUOUS
10
-0.0187007874015748
20
1.2514763779527558
11
0.0187007874015748
21
1.2514763779527558
0
LINE
8
BLACK
6
CONTINUOUS
10
0.0187007874015748
20
1.2514763779527558
11
0.0224673622047244
21
1.2507271653543306
0
LINE
8
BLACK
6
CONTINUOUS
10
0.1474673622047244
20
1.3240539370078739
11
0.1506605118110236
21
1.3219203543307085
0
LINE
8
BLACK
6
CONTINUOUS
10
0.1506605118110236
20
1.3219203543307085
11
0.152794094488189
21
1.3187272047244094
0
LINE
8
BLACK
6
CONTINUOUS
10
0.152794094488189
20
1.3187272047244094
11
0.1535433070866142
21
1.3149606299212597
0
LINE
8
BLACK
6
CONTINUOUS
10
0.1535433070866142
20
1.3149606299212597
11
0.1535433070866142
21
1.2362204724409449
0
LINE
8
BLACK
6
CONTINUOUS
10
0.1535433070866142
20
1.2362204724409449
11
0.152794094488189
21
1.2324538976377952
0
LINE
8
BLACK
6
CONTINUOUS
10
0.152794094488189
20
1.2324538976377952
11
0.1506605118110236
21
1.2292607480314961
0
LINE
8
BLACK
6
CONTINUOUS
10
0.1506605118110236
20
1.2292607480314961
11
0.1474673622047244
21
1.2271271653543308
0
LINE
8
BLACK
6
CONTINUOUS
10
0.1474673622047244
20
1.2271271653543308
11
0.1437007874015748
21
1.2263779527559056
0
LINE
8
BLACK
6
CONTINUOUS
10
0.1437007874015748
20
1.2263779527559056
11
0.0925196850393701
21
1.2263779527559056
0
LINE
8
BLACK
6
CONTINUOUS
10
0.0925196850393701
20
1.2263779527559056
11
0.0887531102362205
21
1.2271271653543308
0
LINE
8
BLACK
6
CONTINUOUS
10
0.0887531102362205
20
1.2271271653543308
11
0.0855599606299213
21
1.2292607480314961
0
LINE
8
BLACK
6
CONTINUOUS
10
0.0855599606299213
20
1.2292607480314961
11
0.0834263779527559
21
1.2324538976377952
0
LINE
8
BLACK
6
CONTINUOUS
10
0.0834263779527559
20
1.2324538976377952
11
0.0826771653543307
21
1.2362204724409449
0
LINE
8
BLACK
6
CONTINUOUS
10
0.0826771653543307
20
1.2362204724409449
11
0.0826771653543307
21
1.3149606299212597
0
LINE
8
BLACK
6
CONTINUOUS
10
0.0826771653543307
20
1.3149606299212597
11
0.0834263779527559
21
1.3187272047244094
0
LINE
8
BLACK
6
CONTINUOUS
10
0.0834263779527559
20
1.3187272047244094
11
0.0855599606299213
21
1.3219203543307085
0
LINE
8
BLACK
6
CONTINUOUS
10
0.0855599606299213
20
1.3219203543307085
11
0.0887531102362205
21
1.3240539370078739
0
LINE
8
BLACK
6
CONTINUOUS
10
0.0887531102362205
20
1.3240539370078739
11
0.0925196850393701
21
1.3248031496062991
0
LINE
8
BLACK
6
CONTINUOUS
10
0.0925196850393701
20
1.3248031496062991
11
0.1437007874015748
21
1.3248031496062991
0
LINE
8
BLACK
6
CONTINUOUS
10
0.1437007874015748
20
1.3248031496062991
11
0.1474673622047244
21
1.3240539370078739
0
LINE
8
BLACK
6
CONTINUOUS
10
0.2498295669291339
20
1.2984633858267716
11
0.2530227165354331
21
1.2963298031496062
0
LINE
8
BLACK
6
CONTINUOUS
10
0.2530227165354331
20
1.2963298031496062
11
0.2551562992125984
21
1.2931366535433071
0
LINE
8
BLACK
6
CONTINUOUS
10
0.2551562992125984
20
1.2931366535433071
11
0.2559055118110236
21
1.2893700787401574
0
LINE
8
BLACK
6
CONTINUOUS
10
0.2559055118110236
20
1.2893700787401574
11
0.2559055118110236
21
1.2687007874015748
0
LINE
8
BLACK
6
CONTINUOUS
10
0.2559055118110236
20
1.2687007874015748
11
0.2551562992125984
21
1.2649342125984251
0
LINE
8
BLACK
6
CONTINUOUS
10
0.2551562992125984
20
1.2649342125984251
11
0.2530227165354331
21
1.261741062992126
0
LINE
8
BLACK
6
CONTINUOUS
10
0.2530227165354331
20
1.261741062992126
11
0.2498295669291339
21
1.2596074803149606
0
LINE
8
BLACK
6
CONTINUOUS
10
0.2498295669291339
20
1.2596074803149606
11
0.2460629921259843
21
1.2588582677165354
0
LINE
8
BLACK
6
CONTINUOUS
10
0.2460629921259843
20
1.2588582677165354
11
0.2106299212598425
21
1.2588582677165354
0
LINE
8
BLACK
6
CONTINUOUS
10
0.2106299212598425
20
1.2588582677165354
11
0.2068633464566929
21
1.2596074803149606
0
LINE
8
BLACK
6
CONTINUOUS
10
0.2068633464566929
20
1.2596074803149606
11
0.2036701968503937
21
1.261741062992126
0
LINE
8
BLACK
6
CONTINUOUS
10
0.2036701968503937
20
1.261741062992126
11
0.2015366141732284
21
1.2649342125984251
0
LINE
8
BLACK
6
CONTINUOUS
10
0.2015366141732284
20
1.2649342125984251
11
0.2007874015748032
21
1.2687007874015748
0
LINE
8
BLACK
6
CONTINUOUS
10
0.2007874015748032
20
1.2687007874015748
11
0.2007874015748032
21
1.2893700787401574
0
LINE
8
BLACK
6
CONTINUOUS
10
0.2007874015748032
20
1.2893700787401574
11
0.2015366141732284
21
1.2931366535433071
0
LINE
8
BLACK
6
CONTINUOUS
10
0.2015366141732284
20
1.2931366535433071
11
0.2036701968503937
21
1.2963298031496062
0
LINE
8
BLACK
6
CONTINUOUS
10
0.2036701968503937
20
1.2963298031496062
11
0.2068633464566929
21
1.2984633858267716
0
LINE
8
BLACK
6
CONTINUOUS
10
0.2068633464566929
20
1.2984633858267716
11
0.2106299212598425
21
1.2992125984251968
0
LINE
8
BLACK
6
CONTINUOUS
10
0.2106299212598425
20
1.2992125984251968
11
0.2460629921259843
21
1.2992125984251968
0
LINE
8
BLACK
6
CONTINUOUS
10
0.2460629921259843
20
1.2992125984251968
11
0.2498295669291339
21
1.2984633858267716
0
LINE
8
BLACK
6
CONTINUOUS
10
0.0224673622047244
20
1.3255303149606299
11
0.0256605118110236
21
1.3233967322834645
0
LINE
8
BLACK
6
CONTINUOUS
10
0.0256605118110236
20
1.3233967322834645
11
0.027794094488189
21
1.3202035826771654
0
LINE
8
BLACK
6
CONTINUOUS
10
0.027794094488189
20
1.3202035826771654
11
0.0285433070866142
21
1.3164370078740157
0
LINE
8
BLACK
6
CONTINUOUS
10
0.0285433070866142
20
1.3164370078740157
11
0.0285433070866142
21
1.296751968503937
0
LINE
8
BLACK
6
CONTINUOUS
10
0.0285433070866142
20
1.296751968503937
11
0.027794094488189
21
1.2929853937007874
0
LINE
8
BLACK
6
CONTINUOUS
10
0.027794094488189
20
1.2929853937007874
11
0.0256605118110236
21
1.2897922440944882
0
LINE
8
BLACK
6
CONTINUOUS
10
0.0256605118110236
20
1.2897922440944882
11
0.0224673622047244
21
1.2876586614173229
0
LINE
8
BLACK
6
CONTINUOUS
10
0.0224673622047244
20
1.2876586614173229
11
0.0187007874015748
21
1.2869094488188977
0
LINE
8
BLACK
6
CONTINUOUS
10
0.0187007874015748
20
1.2869094488188977
11
-0.0187007874015748
21
1.2869094488188977
0
LINE
8
BLACK
6
CONTINUOUS
10
-0.0187007874015748
20
1.2869094488188977
11
-0.0224673622047244
21
1.2876586614173229
0
LINE
8
BLACK
6
CONTINUOUS
10
-0.0224673622047244
20
1.2876586614173229
11
-0.0256605118110236
21
1.2897922440944882
0
LINE
8
BLACK
6
CONTINUOUS
10
-0.0256605118110236
20
1.2897922440944882
11
-0.027794094488189
21
1.2929853937007874
0
LINE
8
BLACK
6
CONTINUOUS
10
-0.027794094488189
20
1.2929853937007874
11
-0.0285433070866142
21
1.296751968503937
0
LINE
8
BLACK
6
CONTINUOUS
10
-0.0285433070866142
20
1.296751968503937
11
-0.0285433070866142
21
1.3164370078740157
0
LINE
8
BLACK
6
CONTINUOUS
10
-0.0285433070866142
20
1.3164370078740157
11
-0.027794094488189
21
1.3202035826771654
0
LINE
8
BLACK
6
CONTINUOUS
10
-0.027794094488189
20
1.3202035826771654
11
-0.0256605118110236
21
1.3233967322834645
0
LINE
8
BLACK
6
CONTINUOUS
10
-0.0256605118110236
20
1.3233967322834645
11
-0.0224673622047244
21
1.3255303149606299
0
LINE
8
BLACK
6
CONTINUOUS
10
-0.0224673622047244
20
1.3255303149606299
11
-0.0187007874015748
21
1.3262795275590551
0
LINE
8
BLACK
6
CONTINUOUS
10
-0.0187007874015748
20
1.3262795275590551
11
0.0187007874015748
21
1.3262795275590551
0
LINE
8
BLACK
6
CONTINUOUS
10
0.0187007874015748
20
1.3262795275590551
11
0.0224673622047244
21
1.3255303149606299
0
LINE
8
BLACK
6
CONTINUOUS
10
0.4412497637795276
20
1.3439853937007873
11
0.4431656299212599
21
1.3427052362204723
0
LINE
8
BLACK
6
CONTINUOUS
10
0.4431656299212599
20
1.3427052362204723
11
0.4444457874015748
21
1.3407893700787401
0
LINE
8
BLACK
6
CONTINUOUS
10
0.4444457874015748
20
1.3407893700787401
11
0.4448953149606299
21
1.3385294094488189
0
LINE
8
BLACK
6
CONTINUOUS
10
0.4448953149606299
20
1.3385294094488189
11
0.4448953149606299
21
1.2981750787401574
0
LINE
8
BLACK
6
CONTINUOUS
10
0.4448953149606299
20
1.2981750787401574
11
0.4444457874015748
21
1.2959151181102362
0
LINE
8
BLACK
6
CONTINUOUS
10
0.4444457874015748
20
1.2959151181102362
11
0.4431656299212599
21
1.293999251968504
0
LINE
8
BLACK
6
CONTINUOUS
10
0.4431656299212599
20
1.293999251968504
11
0.4412497637795276
21
1.292719094488189
0
LINE
8
BLACK
6
CONTINUOUS
10
0.4412497637795276
20
1.292719094488189
11
0.4389898031496063
21
1.2922695669291338
0
LINE
8
BLACK
6
CONTINUOUS
10
0.4389898031496063
20
1.2922695669291338
11
0.4271787795275591
21
1.2922695669291338
0
LINE
8
BLACK
6
CONTINUOUS
10
0.4271787795275591
20
1.2922695669291338
11
0.4249188188976378
21
1.292719094488189
0
LINE
8
BLACK
6
CONTINUOUS
10
0.4249188188976378
20
1.292719094488189
11
0.4230029527559055
21
1.293999251968504
0
LINE
8
BLACK
6
CONTINUOUS
10
0.4230029527559055
20
1.293999251968504
11
0.4217227952755905
21
1.2959151181102362
0
LINE
8
BLACK
6
CONTINUOUS
10
0.4217227952755905
20
1.2959151181102362
11
0.4212732677165354
21
1.2981750787401574
0
LINE
8
BLACK
6
CONTINUOUS
10
0.4212732677165354
20
1.2981750787401574
11
0.4212732677165354
21
1.3385294094488189
0
LINE
8
BLACK
6
CONTINUOUS
10
0.4212732677165354
20
1.3385294094488189
11
0.4217227952755905
21
1.3407893700787401
0
LINE
8
BLACK
6
CONTINUOUS
10
0.4217227952755905
20
1.3407893700787401
11
0.4230029527559055
21
1.3427052362204723
0
LINE
8
BLACK
6
CONTINUOUS
10
0.4230029527559055
20
1.3427052362204723
11
0.4249188188976378
21
1.3439853937007873
0
LINE
8
BLACK
6
CONTINUOUS
10
0.4249188188976378
20
1.3439853937007873
11
0.4271787795275591
21
1.3444349212598425
0
LINE
8
BLACK
6
CONTINUOUS
10
0.4271787795275591
20
1.3444349212598425
11
0.4389898031496063
21
1.3444349212598425
0
LINE
8
BLACK
6
CONTINUOUS
10
0.4389898031496063
20
1.3444349212598425
11
0.4412497637795276
21
1.3439853937007873
0
LINE
8
BLACK
6
CONTINUOUS
10
0.4786513385826772
20
1.3439853937007873
11
0.4805672047244094
21
1.3427052362204723
0
LINE
8
BLACK
6
CONTINUOUS
10
0.4805672047244094
20
1.3427052362204723
11
0.4818473622047244
21
1.3407893700787401
0
LINE
8
BLACK
6
CONTINUOUS
10
0.4818473622047244
20
1.3407893700787401
11
0.4822968897637795
21
1.3385294094488189
0
LINE
8
BLACK
6
CONTINUOUS
10
0.4822968897637795
20
1.3385294094488189
11
0.4822968897637795
21
1.2981750787401574
0
LINE
8
BLACK
6
CONTINUOUS
10
0.4822968897637795
20
1.2981750787401574
11
0.4818473622047244
21
1.2959151181102362
0
LINE
8
BLACK
6
CONTINUOUS
10
0.4818473622047244
20
1.2959151181102362
11
0.4805672047244094
21
1.293999251968504
0
LINE
8
BLACK
6
CONTINUOUS
10
0.4805672047244094
20
1.293999251968504
11
0.4786513385826772
21
1.292719094488189
0
LINE
8
BLACK
6
CONTINUOUS
10
0.4786513385826772
20
1.292719094488189
11
0.4763913779527559
21
1.2922695669291338
0
LINE
8
BLACK
6
CONTINUOUS
10
0.4763913779527559
20
1.2922695669291338
11
0.4645803543307087
21
1.2922695669291338
0
LINE
8
BLACK
6
CONTINUOUS
10
0.4645803543307087
20
1.2922695669291338
11
0.4623203937007874
21
1.292719094488189
0
LINE
8
BLACK
6
CONTINUOUS
10
0.4623203937007874
20
1.292719094488189
11
0.4604045275590551
21
1.293999251968504
0
LINE
8
BLACK
6
CONTINUOUS
10
0.4604045275590551
20
1.293999251968504
11
0.4591243700787401
21
1.2959151181102362
0
LINE
8
BLACK
6
CONTINUOUS
10
0.4591243700787401
20
1.2959151181102362
11
0.458674842519685
21
1.2981750787401574
0
LINE
8
BLACK
6
CONTINUOUS
10
0.458674842519685
20
1.2981750787401574
11
0.458674842519685
21
1.3385294094488189
0
LINE
8
BLACK
6
CONTINUOUS
10
0.458674842519685
20
1.3385294094488189
11
0.4591243700787401
21
1.3407893700787401
0
LINE
8
BLACK
6
CONTINUOUS
10
0.4591243700787401
20
1.3407893700787401
11
0.4604045275590551
21
1.3427052362204723
0
LINE
8
BLACK
6
CONTINUOUS
10
0.4604045275590551
20
1.3427052362204723
11
0.4623203937007874
21
1.3439853937007873
0
LINE
8
BLACK
6
CONTINUOUS
10
0.4623203937007874
20
1.3439853937007873
11
0.4645803543307087
21
1.3444349212598425
0
LINE
8
BLACK
6
CONTINUOUS
10
0.4645803543307087
20
1.3444349212598425
11
0.4763913779527559
21
1.3444349212598425
0
LINE
8
BLACK
6
CONTINUOUS
10
0.4763913779527559
20
1.3444349212598425
11
0.4786513385826772
21
1.3439853937007873
0
LINE
8
BLACK
6
CONTINUOUS
10
0.5160529133858267
20
1.3439853937007873
11
0.517968779527559
21
1.3427052362204723
0
LINE
8
BLACK
6
CONTINUOUS
10
0.517968779527559
20
1.3427052362204723
11
0.519248937007874
21
1.3407893700787401
0
LINE
8
BLACK
6
CONTINUOUS
10
0.519248937007874
20
1.3407893700787401
11
0.5196984645669291
21
1.3385294094488189
0
LINE
8
BLACK
6
CONTINUOUS
10
0.5196984645669291
20
1.3385294094488189
11
0.5196984645669291
21
1.2981750787401574
0
LINE
8
BLACK
6
CONTINUOUS
10
0.5196984645669291
20
1.2981750787401574
11
0.519248937007874
21
1.2959151181102362
0
LINE
8
BLACK
6
CONTINUOUS
10
0.519248937007874
20
1.2959151181102362
11
0.517968779527559
21
1.293999251968504
0
LINE
8
BLACK
6
CONTINUOUS
10
0.517968779527559
20
1.293999251968504
11
0.5160529133858267
21
1.292719094488189
0
LINE
8
BLACK
6
CONTINUOUS
10
0.5160529133858267
20
1.292719094488189
11
0.5137929527559055
21
1.2922695669291338
0
LINE
8
BLACK
6
CONTINUOUS
10
0.5137929527559055
20
1.2922695669291338
11
0.5019819291338583
21
1.2922695669291338
0
LINE
8
BLACK
6
CONTINUOUS
10
0.5019819291338583
20
1.2922695669291338
11
0.499721968503937
21
1.292719094488189
0
LINE
8
BLACK
6
CONTINUOUS
10
0.499721968503937
20
1.292719094488189
11
0.4978061023622047
21
1.293999251968504
0
LINE
8
BLACK
6
CONTINUOUS
10
0.4978061023622047
20
1.293999251968504
11
0.4965259448818897
21
1.2959151181102362
0
LINE
8
BLACK
6
CONTINUOUS
10
0.4965259448818897
20
1.2959151181102362
11
0.4960764173228346
21
1.2981750787401574
0
LINE
8
BLACK
6
CONTINUOUS
10
0.4960764173228346
20
1.2981750787401574
11
0.4960764173228346
21
1.3385294094488189
0
LINE
8
BLACK
6
CONTINUOUS
10
0.4960764173228346
20
1.3385294094488189
11
0.4965259448818897
21
1.3407893700787401
0
LINE
8
BLACK
6
CONTINUOUS
10
0.4965259448818897
20
1.3407893700787401
11
0.4978061023622047
21
1.3427052362204723
0
LINE
8
BLACK
6
CONTINUOUS
10
0.4978061023622047
20
1.3427052362204723
11
0.499721968503937
21
1.3439853937007873
0
LINE
8
BLACK
6
CONTINUOUS
10
0.499721968503937
20
1.3439853937007873
11
0.5019819291338583
21
1.3444349212598425
0
LINE
8
BLACK
6
CONTINUOUS
10
0.5019819291338583
20
1.3444349212598425
11
0.5137929527559055
21
1.3444349212598425
0
LINE
8
BLACK
6
CONTINUOUS
10
0.5137929527559055
20
1.3444349212598425
11
0.5160529133858267
21
1.3439853937007873
0
LINE
8
BLACK
6
CONTINUOUS
10
0.2498295669291339
20
1.3703137795275591
11
0.2530227165354331
21
1.3681801968503937
0
LINE
8
BLACK
6
CONTINUOUS
10
0.2530227165354331
20
1.3681801968503937
11
0.2551562992125984
21
1.3649870472440944
0
LINE
8
BLACK
6
CONTINUOUS
10
0.2551562992125984
20
1.3649870472440944
11
0.2559055118110236
21
1.3612204724409449
0
LINE
8
BLACK
6
CONTINUOUS
10
0.2559055118110236
20
1.3612204724409449
11
0.2559055118110236
21
1.3405511811023623
0
LINE
8
BLACK
6
CONTINUOUS
10
0.2559055118110236
20
1.3405511811023623
11
0.2551562992125984
21
1.3367846062992126
0
LINE
8
BLACK
6
CONTINUOUS
10
0.2551562992125984
20
1.3367846062992126
11
0.2530227165354331
21
1.3335914566929135
0
LINE
8
BLACK
6
CONTINUOUS
10
0.2530227165354331
20
1.3335914566929135
11
0.2498295669291339
21
1.3314578740157481
0
LINE
8
BLACK
6
CONTINUOUS
10
0.2498295669291339
20
1.3314578740157481
11
0.2460629921259843
21
1.3307086614173229
0
LINE
8
BLACK
6
CONTINUOUS
10
0.2460629921259843
20
1.3307086614173229
11
0.2106299212598425
21
1.3307086614173229
0
LINE
8
BLACK
6
CONTINUOUS
10
0.2106299212598425
20
1.3307086614173229
11
0.2068633464566929
21
1.3314578740157481
0
LINE
8
BLACK
6
CONTINUOUS
10
0.2068633464566929
20
1.3314578740157481
11
0.2036701968503937
21
1.3335914566929135
0
LINE
8
BLACK
6
CONTINUOUS
10
0.2036701968503937
20
1.3335914566929135
11
0.2015366141732284
21
1.3367846062992126
0
LINE
8
BLACK
6
CONTINUOUS
10
0.2015366141732284
20
1.3367846062992126
11
0.2007874015748032
21
1.3405511811023623
0
LINE
8
BLACK
6
CONTINUOUS
10
0.2007874015748032
20
1.3405511811023623
11
0.2007874015748032
21
1.3612204724409449
0
LINE
8
BLACK
6
CONTINUOUS
10
0.2007874015748032
20
1.3612204724409449
11
0.2015366141732284
21
1.3649870472440944
0
LINE
8
BLACK
6
CONTINUOUS
10
0.2015366141732284
20
1.3649870472440944
11
0.2036701968503937
21
1.3681801968503937
0
LINE
8
BLACK
6
CONTINUOUS
10
0.2036701968503937
20
1.3681801968503937
11
0.2068633464566929
21
1.3703137795275591
0
LINE
8
BLACK
6
CONTINUOUS
10
0.2068633464566929
20
1.3703137795275591
11
0.2106299212598425
21
1.3710629921259843
0
LINE
8
BLACK
6
CONTINUOUS
10
0.2106299212598425
20
1.3710629921259843
11
0.2460629921259843
21
1.3710629921259843
0
LINE
8
BLACK
6
CONTINUOUS
10
0.2460629921259843
20
1.3710629921259843
11
0.2498295669291339
21
1.3703137795275591
0
LINE
8
BLACK
6
CONTINUOUS
10
1.2823098818897638
20
1.3831090551181102
11
1.2855030314960629
21
1.3809754724409449
0
LINE
8
BLACK
6
CONTINUOUS
10
1.2855030314960629
20
1.3809754724409449
11
1.2876366141732283
21
1.3777823228346457
0
LINE
8
BLACK
6
CONTINUOUS
10
1.2876366141732283
20
1.3777823228346457
11
1.2883858267716535
21
1.3740157480314961
0
LINE
8
BLACK
6
CONTINUOUS
10
1.2883858267716535
20
1.3740157480314961
11
1.2883858267716535
21
1.3543307086614174
0
LINE
8
BLACK
6
CONTINUOUS
10
1.2883858267716535
20
1.3543307086614174
11
1.2876366141732283
21
1.3505641338582677
0
LINE
8
BLACK
6
CONTINUOUS
10
1.2876366141732283
20
1.3505641338582677
11
1.2855030314960629
21
1.3473709842519686
0
LINE
8
BLACK
6
CONTINUOUS
10
1.2855030314960629
20
1.3473709842519686
11
1.2823098818897638
21
1.3452374015748032
0
LINE
8
BLACK
6
CONTINUOUS
10
1.2823098818897638
20
1.3452374015748032
11
1.2785433070866141
21
1.344488188976378
0
LINE
8
BLACK
6
CONTINUOUS
10
1.2785433070866141
20
1.344488188976378
11
1.2411417322834646
21
1.344488188976378
0
LINE
8
BLACK
6
CONTINUOUS
10
1.2411417322834646
20
1.344488188976378
11
1.2373751574803149
21
1.3452374015748032
0
LINE
8
BLACK
6
CONTINUOUS
10
1.2373751574803149
20
1.3452374015748032
11
1.2341820078740158
21
1.3473709842519686
0
LINE
8
BLACK
6
CONTINUOUS
10
1.2341820078740158
20
1.3473709842519686
11
1.2320484251968504
21
1.3505641338582677
0
LINE
8
BLACK
6
CONTINUOUS
10
1.2320484251968504
20
1.3505641338582677
11
1.2312992125984252
21
1.3543307086614174
0
LINE
8
BLACK
6
CONTINUOUS
10
1.2312992125984252
20
1.3543307086614174
11
1.2312992125984252
21
1.3740157480314961
0
LINE
8
BLACK
6
CONTINUOUS
10
1.2312992125984252
20
1.3740157480314961
11
1.2320484251968504
21
1.3777823228346457
0
LINE
8
BLACK
6
CONTINUOUS
10
1.2320484251968504
20
1.3777823228346457
11
1.2341820078740158
21
1.3809754724409449
0
LINE
8
BLACK
6
CONTINUOUS
10
1.2341820078740158
20
1.3809754724409449
11
1.2373751574803149
21
1.3831090551181102
0
LINE
8
BLACK
6
CONTINUOUS
10
1.2373751574803149
20
1.3831090551181102
11
1.2411417322834646
21
1.3838582677165354
0
LINE
8
BLACK
6
CONTINUOUS
10
1.2411417322834646
20
1.3838582677165354
11
1.2785433070866141
21
1.3838582677165354
0
LINE
8
BLACK
6
CONTINUOUS
10
1.2785433070866141
20
1.3838582677165354
11
1.2823098818897638
21
1.3831090551181102
0
LINE
8
BLACK
6
CONTINUOUS
10
0.1159712992125984
20
1.3904909448818896
11
0.1191644488188976
21
1.3883573622047243
0
LINE
8
BLACK
6
CONTINUOUS
10
0.1191644488188976
20
1.3883573622047243
11
0.121298031496063
21
1.3851642125984251
0
LINE
8
BLACK
6
CONTINUOUS
10
0.121298031496063
20
1.3851642125984251
11
0.1220472440944882
21
1.3813976377952755
0
LINE
8
BLACK
6
CONTINUOUS
10
0.1220472440944882
20
1.3813976377952755
11
0.1220472440944882
21
1.3607283464566928
0
LINE
8
BLACK
6
CONTINUOUS
10
0.1220472440944882
20
1.3607283464566928
11
0.121298031496063
21
1.3569617716535434
0
LINE
8
BLACK
6
CONTINUOUS
10
0.121298031496063
20
1.3569617716535434
11
0.1191644488188976
21
1.353768622047244
0
LINE
8
BLACK
6
CONTINUOUS
10
0.1191644488188976
20
1.353768622047244
11
0.1159712992125984
21
1.3516350393700787
0
LINE
8
BLACK
6
CONTINUOUS
10
0.1159712992125984
20
1.3516350393700787
11
0.1122047244094488
21
1.3508858267716535
0
LINE
8
BLACK
6
CONTINUOUS
10
0.1122047244094488
20
1.3508858267716535
11
0.0767716535433071
21
1.3508858267716535
0
LINE
8
BLACK
6
CONTINUOUS
10
0.0767716535433071
20
1.3508858267716535
11
0.0730050787401575
21
1.3516350393700787
0
LINE
8
BLACK
6
CONTINUOUS
10
0.0730050787401575
20
1.3516350393700787
11
0.0698119291338583
21
1.353768622047244
0
LINE
8
BLACK
6
CONTINUOUS
10
0.0698119291338583
20
1.353768622047244
11
0.0676783464566929
21
1.3569617716535434
0
LINE
8
BLACK
6
CONTINUOUS
10
0.0676783464566929
20
1.3569617716535434
11
0.0669291338582677
21
1.3607283464566928
0
LINE
8
BLACK
6
CONTINUOUS
10
0.0669291338582677
20
1.3607283464566928
11
0.0669291338582677
21
1.3813976377952755
0
LINE
8
BLACK
6
CONTINUOUS
10
0.0669291338582677
20
1.3813976377952755
11
0.0676783464566929
21
1.3851642125984251
0
LINE
8
BLACK
6
CONTINUOUS
10
0.0676783464566929
20
1.3851642125984251
11
0.0698119291338583
21
1.3883573622047243
0
LINE
8
BLACK
6
CONTINUOUS
10
0.0698119291338583
20
1.3883573622047243
11
0.0730050787401575
21
1.3904909448818896
0
LINE
8
BLACK
6
CONTINUOUS
10
0.0730050787401575
20
1.3904909448818896
11
0.0767716535433071
21
1.3912401574803148
0
LINE
8
BLACK
6
CONTINUOUS
10
0.0767716535433071
20
1.3912401574803148
11
0.1122047244094488
21
1.3912401574803148
0
LINE
8
BLACK
6
CONTINUOUS
10
0.1122047244094488
20
1.3912401574803148
11
0.1159712992125984
21
1.3904909448818896
0
LINE
8
BLACK
6
CONTINUOUS
10
0.0224673622047244
20
1.3909830708661417
11
0.0256605118110236
21
1.3888494881889764
0
LINE
8
BLACK
6
CONTINUOUS
10
0.0256605118110236
20
1.3888494881889764
11
0.027794094488189
21
1.3856563385826772
0
LINE
8
BLACK
6
CONTINUOUS
10
0.027794094488189
20
1.3856563385826772
11
0.0285433070866142
21
1.3818897637795275
0
LINE
8
BLACK
6
CONTINUOUS
10
0.0285433070866142
20
1.3818897637795275
11
0.0285433070866142
21
1.3622047244094488
0
LINE
8
BLACK
6
CONTINUOUS
10
0.0285433070866142
20
1.3622047244094488
11
0.027794094488189
21
1.3584381496062992
0
LINE
8
BLACK
6
CONTINUOUS
10
0.027794094488189
20
1.3584381496062992
11
0.0256605118110236
21
1.355245
0
LINE
8
BLACK
6
CONTINUOUS
10
0.0256605118110236
20
1.355245
11
0.0224673622047244
21
1.3531114173228347
0
LINE
8
BLACK
6
CONTINUOUS
10
0.0224673622047244
20
1.3531114173228347
11
0.0187007874015748
21
1.3523622047244095
0
LINE
8
BLACK
6
CONTINUOUS
10
0.0187007874015748
20
1.3523622047244095
11
-0.0187007874015748
21
1.3523622047244095
0
LINE
8
BLACK
6
CONTINUOUS
10
-0.0187007874015748
20
1.3523622047244095
11
-0.0224673622047244
21
1.3531114173228347
0
LINE
8
BLACK
6
CONTINUOUS
10
-0.0224673622047244
20
1.3531114173228347
11
-0.0256605118110236
21
1.355245
0
LINE
8
BLACK
6
CONTINUOUS
10
-0.0256605118110236
20
1.355245
11
-0.027794094488189
21
1.3584381496062992
0
LINE
8
BLACK
6
CONTINUOUS
10
-0.027794094488189
20
1.3584381496062992
11
-0.0285433070866142
21
1.3622047244094488
0
LINE
8
BLACK
6
CONTINUOUS
10
-0.0285433070866142
20
1.3622047244094488
11
-0.0285433070866142
21
1.3818897637795275
0
LINE
8
BLACK
6
CONTINUOUS
10
-0.0285433070866142
20
1.3818897637795275
11
-0.027794094488189
21
1.3856563385826772
0
LINE
8
BLACK
6
CONTINUOUS
10
-0.027794094488189
20
1.3856563385826772
11
-0.0256605118110236
21
1.3888494881889764
0
LINE
8
BLACK
6
CONTINUOUS
10
-0.0256605118110236
20
1.3888494881889764
11
-0.0224673622047244
21
1.3909830708661417
0
LINE
8
BLACK
6
CONTINUOUS
10
-0.0224673622047244
20
1.3909830708661417
11
-0.0187007874015748
21
1.3917322834645669
0
LINE
8
BLACK
6
CONTINUOUS
10
-0.0187007874015748
20
1.3917322834645669
11
0.0187007874015748
21
1.3917322834645669
0
LINE
8
BLACK
6
CONTINUOUS
10
0.0187007874015748
20
1.3917322834645669
11
0.0224673622047244
21
1.3909830708661417
0
LINE
8
BLACK
6
CONTINUOUS
10
0.4412497637795276
20
1.4335523228346456
11
0.4431656299212599
21
1.4322721653543307
0
LINE
8
BLACK
6
CONTINUOUS
10
0.4431656299212599
20
1.4322721653543307
11
0.4444457874015748
21
1.4303562992125984
0
LINE
8
BLACK
6
CONTINUOUS
10
0.4444457874015748
20
1.4303562992125984
11
0.4448953149606299
21
1.428096338582677
0
LINE
8
BLACK
6
CONTINUOUS
10
0.4448953149606299
20
1.428096338582677
11
0.4448953149606299
21
1.3877420078740157
0
LINE
8
BLACK
6
CONTINUOUS
10
0.4448953149606299
20
1.3877420078740157
11
0.4444457874015748
21
1.3854820472440945
0
LINE
8
BLACK
6
CONTINUOUS
10
0.4444457874015748
20
1.3854820472440945
11
0.4431656299212599
21
1.3835661811023621
0
LINE
8
BLACK
6
CONTINUOUS
10
0.4431656299212599
20
1.3835661811023621
11
0.4412497637795276
21
1.3822860236220471
0
LINE
8
BLACK
6
CONTINUOUS
10
0.4412497637795276
20
1.3822860236220471
11
0.4389898031496063
21
1.3818364960629921
0
LINE
8
BLACK
6
CONTINUOUS
10
0.4389898031496063
20
1.3818364960629921
11
0.4271787795275591
21
1.3818364960629921
0
LINE
8
BLACK
6
CONTINUOUS
10
0.4271787795275591
20
1.3818364960629921
11
0.4249188188976378
21
1.3822860236220471
0
LINE
8
BLACK
6
CONTINUOUS
10
0.4249188188976378
20
1.3822860236220471
11
0.4230029527559055
21
1.3835661811023621
0
LINE
8
BLACK
6
CONTINUOUS
10
0.4230029527559055
20
1.3835661811023621
11
0.4217227952755905
21
1.3854820472440945
0
LINE
8
BLACK
6
CONTINUOUS
10
0.4217227952755905
20
1.3854820472440945
11
0.4212732677165354
21
1.3877420078740157
0
LINE
8
BLACK
6
CONTINUOUS
10
0.4212732677165354
20
1.3877420078740157
11
0.4212732677165354
21
1.428096338582677
0
LINE
8
BLACK
6
CONTINUOUS
10
0.4212732677165354
20
1.428096338582677
11
0.4217227952755905
21
1.4303562992125984
0
LINE
8
BLACK
6
CONTINUOUS
10
0.4217227952755905
20
1.4303562992125984
11
0.4230029527559055
21
1.4322721653543307
0
LINE
8
BLACK
6
CONTINUOUS
10
0.4230029527559055
20
1.4322721653543307
11
0.4249188188976378
21
1.4335523228346456
0
LINE
8
BLACK
6
CONTINUOUS
10
0.4249188188976378
20
1.4335523228346456
11
0.4271787795275591
21
1.4340018503937006
0
LINE
8
BLACK
6
CONTINUOUS
10
0.4271787795275591
20
1.4340018503937006
11
0.4389898031496063
21
1.4340018503937006
0
LINE
8
BLACK
6
CONTINUOUS
10
0.4389898031496063
20
1.4340018503937006
11
0.4412497637795276
21
1.4335523228346456
0
LINE
8
BLACK
6
CONTINUOUS
10
0.4786513385826772
20
1.4335523228346456
11
0.4805672047244094
21
1.4322721653543307
0
LINE
8
BLACK
6
CONTINUOUS
10
0.4805672047244094
20
1.4322721653543307
11
0.4818473622047244
21
1.4303562992125984
0
LINE
8
BLACK
6
CONTINUOUS
10
0.4818473622047244
20
1.4303562992125984
11
0.4822968897637795
21
1.428096338582677
0
LINE
8
BLACK
6
CONTINUOUS
10
0.4822968897637795
20
1.428096338582677
11
0.4822968897637795
21
1.3877420078740157
0
LINE
8
BLACK
6
CONTINUOUS
10
0.4822968897637795
20
1.3877420078740157
11
0.4818473622047244
21
1.3854820472440945
0
LINE
8
BLACK
6
CONTINUOUS
10
0.4818473622047244
20
1.3854820472440945
11
0.4805672047244094
21
1.3835661811023621
0
LINE
8
BLACK
6
CONTINUOUS
10
0.4805672047244094
20
1.3835661811023621
11
0.4786513385826772
21
1.3822860236220471
0
LINE
8
BLACK
6
CONTINUOUS
10
0.4786513385826772
20
1.3822860236220471
11
0.4763913779527559
21
1.3818364960629921
0
LINE
8
BLACK
6
CONTINUOUS
10
0.4763913779527559
20
1.3818364960629921
11
0.4645803543307087
21
1.3818364960629921
0
LINE
8
BLACK
6
CONTINUOUS
10
0.4645803543307087
20
1.3818364960629921
11
0.4623203937007874
21
1.3822860236220471
0
LINE
8
BLACK
6
CONTINUOUS
10
0.4623203937007874
20
1.3822860236220471
11
0.4604045275590551
21
1.3835661811023621
0
LINE
8
BLACK
6
CONTINUOUS
10
0.4604045275590551
20
1.3835661811023621
11
0.4591243700787401
21
1.3854820472440945
0
LINE
8
BLACK
6
CONTINUOUS
10
0.4591243700787401
20
1.3854820472440945
11
0.458674842519685
21
1.3877420078740157
0
LINE
8
BLACK
6
CONTINUOUS
10
0.458674842519685
20
1.3877420078740157
11
0.458674842519685
21
1.428096338582677
0
LINE
8
BLACK
6
CONTINUOUS
10
0.458674842519685
20
1.428096338582677
11
0.4591243700787401
21
1.4303562992125984
0
LINE
8
BLACK
6
CONTINUOUS
10
0.4591243700787401
20
1.4303562992125984
11
0.4604045275590551
21
1.4322721653543307
0
LINE
8
BLACK
6
CONTINUOUS
10
0.4604045275590551
20
1.4322721653543307
11
0.4623203937007874
21
1.4335523228346456
0
LINE
8
BLACK
6
CONTINUOUS
10
0.4623203937007874
20
1.4335523228346456
11
0.4645803543307087
21
1.4340018503937006
0
LINE
8
BLACK
6
CONTINUOUS
10
0.4645803543307087
20
1.4340018503937006
11
0.4763913779527559
21
1.4340018503937006
0
LINE
8
BLACK
6
CONTINUOUS
10
0.4763913779527559
20
1.4340018503937006
11
0.4786513385826772
21
1.4335523228346456
0
LINE
8
BLACK
6
CONTINUOUS
10
0.5160529133858267
20
1.4335523228346456
11
0.517968779527559
21
1.4322721653543307
0
LINE
8
BLACK
6
CONTINUOUS
10
0.517968779527559
20
1.4322721653543307
11
0.519248937007874
21
1.4303562992125984
0
LINE
8
BLACK
6
CONTINUOUS
10
0.519248937007874
20
1.4303562992125984
11
0.5196984645669291
21
1.428096338582677
0
LINE
8
BLACK
6
CONTINUOUS
10
0.5196984645669291
20
1.428096338582677
11
0.5196984645669291
21
1.3877420078740157
0
LINE
8
BLACK
6
CONTINUOUS
10
0.5196984645669291
20
1.3877420078740157
11
0.519248937007874
21
1.3854820472440945
0
LINE
8
BLACK
6
CONTINUOUS
10
0.519248937007874
20
1.3854820472440945
11
0.517968779527559
21
1.3835661811023621
0
LINE
8
BLACK
6
CONTINUOUS
10
0.517968779527559
20
1.3835661811023621
11
0.5160529133858267
21
1.3822860236220471
0
LINE
8
BLACK
6
CONTINUOUS
10
0.5160529133858267
20
1.3822860236220471
11
0.5137929527559055
21
1.3818364960629921
0
LINE
8
BLACK
6
CONTINUOUS
10
0.5137929527559055
20
1.3818364960629921
11
0.5019819291338583
21
1.3818364960629921
0
LINE
8
BLACK
6
CONTINUOUS
10
0.5019819291338583
20
1.3818364960629921
11
0.499721968503937
21
1.3822860236220471
0
LINE
8
BLACK
6
CONTINUOUS
10
0.499721968503937
20
1.3822860236220471
11
0.4978061023622047
21
1.3835661811023621
0
LINE
8
BLACK
6
CONTINUOUS
10
0.4978061023622047
20
1.3835661811023621
11
0.4965259448818897
21
1.3854820472440945
0
LINE
8
BLACK
6
CONTINUOUS
10
0.4965259448818897
20
1.3854820472440945
11
0.4960764173228346
21
1.3877420078740157
0
LINE
8
BLACK
6
CONTINUOUS
10
0.4960764173228346
20
1.3877420078740157
11
0.4960764173228346
21
1.428096338582677
0
LINE
8
BLACK
6
CONTINUOUS
10
0.4960764173228346
20
1.428096338582677
11
0.4965259448818897
21
1.4303562992125984
0
LINE
8
BLACK
6
CONTINUOUS
10
0.4965259448818897
20
1.4303562992125984
11
0.4978061023622047
21
1.4322721653543307
0
LINE
8
BLACK
6
CONTINUOUS
10
0.4978061023622047
20
1.4322721653543307
11
0.499721968503937
21
1.4335523228346456
0
LINE
8
BLACK
6
CONTINUOUS
10
0.499721968503937
20
1.4335523228346456
11
0.5019819291338583
21
1.4340018503937006
0
LINE
8
BLACK
6
CONTINUOUS
10
0.5019819291338583
20
1.4340018503937006
11
0.5137929527559055
21
1.4340018503937006
0
LINE
8
BLACK
6
CONTINUOUS
10
0.5137929527559055
20
1.4340018503937006
11
0.5160529133858267
21
1.4335523228346456
0
LINE
8
BLACK
6
CONTINUOUS
10
0.2498295669291339
20
1.4308452755905512
11
0.2530227165354331
21
1.4287116929133858
0
LINE
8
BLACK
6
CONTINUOUS
10
0.2530227165354331
20
1.4287116929133858
11
0.2551562992125984
21
1.4255185433070865
0
LINE
8
BLACK
6
CONTINUOUS
10
0.2551562992125984
20
1.4255185433070865
11
0.2559055118110236
21
1.421751968503937
0
LINE
8
BLACK
6
CONTINUOUS
10
0.2559055118110236
20
1.421751968503937
11
0.2559055118110236
21
1.4010826771653544
0
LINE
8
BLACK
6
CONTINUOUS
10
0.2559055118110236
20
1.4010826771653544
11
0.2551562992125984
21
1.3973161023622047
0
LINE
8
BLACK
6
CONTINUOUS
10
0.2551562992125984
20
1.3973161023622047
11
0.2530227165354331
21
1.3941229527559056
0
LINE
8
BLACK
6
CONTINUOUS
10
0.2530227165354331
20
1.3941229527559056
11
0.2498295669291339
21
1.39198937007874
0
LINE
8
BLACK
6
CONTINUOUS
10
0.2498295669291339
20
1.39198937007874
11
0.2460629921259843
21
1.3912401574803148
0
LINE
8
BLACK
6
CONTINUOUS
10
0.2460629921259843
20
1.3912401574803148
11
0.2106299212598425
21
1.3912401574803148
0
LINE
8
BLACK
6
CONTINUOUS
10
0.2106299212598425
20
1.3912401574803148
11
0.2068633464566929
21
1.39198937007874
0
LINE
8
BLACK
6
CONTINUOUS
10
0.2068633464566929
20
1.39198937007874
11
0.2036701968503937
21
1.3941229527559056
0
LINE
8
BLACK
6
CONTINUOUS
10
0.2036701968503937
20
1.3941229527559056
11
0.2015366141732284
21
1.3973161023622047
0
LINE
8
BLACK
6
CONTINUOUS
10
0.2015366141732284
20
1.3973161023622047
11
0.2007874015748032
21
1.4010826771653544
0
LINE
8
BLACK
6
CONTINUOUS
10
0.2007874015748032
20
1.4010826771653544
11
0.2007874015748032
21
1.421751968503937
0
LINE
8
BLACK
6
CONTINUOUS
10
0.2007874015748032
20
1.421751968503937
11
0.2015366141732284
21
1.4255185433070865
0
LINE
8
BLACK
6
CONTINUOUS
10
0.2015366141732284
20
1.4255185433070865
11
0.2036701968503937
21
1.4287116929133858
0
LINE
8
BLACK
6
CONTINUOUS
10
0.2036701968503937
20
1.4287116929133858
11
0.2068633464566929
21
1.4308452755905512
0
LINE
8
BLACK
6
CONTINUOUS
10
0.2068633464566929
20
1.4308452755905512
11
0.2106299212598425
21
1.4315944881889764
0
LINE
8
BLACK
6
CONTINUOUS
10
0.2106299212598425
20
1.4315944881889764
11
0.2460629921259843
21
1.4315944881889764
0
LINE
8
BLACK
6
CONTINUOUS
10
0.2460629921259843
20
1.4315944881889764
11
0.2498295669291339
21
1.4308452755905512
0
LINE
8
BLACK
6
CONTINUOUS
10
1.2823098818897638
20
1.4579122047244095
11
1.2855030314960629
21
1.455778622047244
0
LINE
8
BLACK
6
CONTINUOUS
10
1.2855030314960629
20
1.455778622047244
11
1.2876366141732283
21
1.4525854724409448
0
LINE
8
BLACK
6
CONTINUOUS
10
1.2876366141732283
20
1.4525854724409448
11
1.2883858267716535
21
1.4488188976377951
0
LINE
8
BLACK
6
CONTINUOUS
10
1.2883858267716535
20
1.4488188976377951
11
1.2883858267716535
21
1.4291338582677164
0
LINE
8
BLACK
6
CONTINUOUS
10
1.2883858267716535
20
1.4291338582677164
11
1.2876366141732283
21
1.425367283464567
0
LINE
8
BLACK
6
CONTINUOUS
10
1.2876366141732283
20
1.425367283464567
11
1.2855030314960629
21
1.4221741338582676
0
LINE
8
BLACK
6
CONTINUOUS
10
1.2855030314960629
20
1.4221741338582676
11
1.2823098818897638
21
1.4200405511811023
0
LINE
8
BLACK
6
CONTINUOUS
10
1.2823098818897638
20
1.4200405511811023
11
1.2785433070866141
21
1.4192913385826771
0
LINE
8
BLACK
6
CONTINUOUS
10
1.2785433070866141
20
1.4192913385826771
11
1.2411417322834646
21
1.4192913385826771
0
LINE
8
BLACK
6
CONTINUOUS
10
1.2411417322834646
20
1.4192913385826771
11
1.2373751574803149
21
1.4200405511811023
0
LINE
8
BLACK
6
CONTINUOUS
10
1.2373751574803149
20
1.4200405511811023
11
1.2341820078740158
21
1.4221741338582676
0
LINE
8
BLACK
6
CONTINUOUS
10
1.2341820078740158
20
1.4221741338582676
11
1.2320484251968504
21
1.425367283464567
0
LINE
8
BLACK
6
CONTINUOUS
10
1.2320484251968504
20
1.425367283464567
11
1.2312992125984252
21
1.4291338582677164
0
LINE
8
BLACK
6
CONTINUOUS
10
1.2312992125984252
20
1.4291338582677164
11
1.2312992125984252
21
1.4488188976377951
0
LINE
8
BLACK
6
CONTINUOUS
10
1.2312992125984252
20
1.4488188976377951
11
1.2320484251968504
21
1.4525854724409448
0
LINE
8
BLACK
6
CONTINUOUS
10
1.2320484251968504
20
1.4525854724409448
11
1.2341820078740158
21
1.455778622047244
0
LINE
8
BLACK
6
CONTINUOUS
10
1.2341820078740158
20
1.455778622047244
11
1.2373751574803149
21
1.4579122047244095
0
LINE
8
BLACK
6
CONTINUOUS
10
1.2373751574803149
20
1.4579122047244095
11
1.2411417322834646
21
1.4586614173228347
0
LINE
8
BLACK
6
CONTINUOUS
10
1.2411417322834646
20
1.4586614173228347
11
1.2785433070866141
21
1.4586614173228347
0
LINE
8
BLACK
6
CONTINUOUS
10
1.2785433070866141
20
1.4586614173228347
11
1.2823098818897638
21
1.4579122047244095
0
LINE
8
BLACK
6
CONTINUOUS
10
0.1159712992125984
20
1.4623413385826771
11
0.1191644488188976
21
1.4602077559055118
0
LINE
8
BLACK
6
CONTINUOUS
10
0.1191644488188976
20
1.4602077559055118
11
0.121298031496063
21
1.4570146062992126
0
LINE
8
BLACK
6
CONTINUOUS
10
0.121298031496063
20
1.4570146062992126
11
0.1220472440944882
21
1.453248031496063
0
LINE
8
BLACK
6
CONTINUOUS
10
0.1220472440944882
20
1.453248031496063
11
0.1220472440944882
21
1.4325787401574803
0
LINE
8
BLACK
6
CONTINUOUS
10
0.1220472440944882
20
1.4325787401574803
11
0.121298031496063
21
1.4288121653543306
0
LINE
8
BLACK
6
CONTINUOUS
10
0.121298031496063
20
1.4288121653543306
11
0.1191644488188976
21
1.4256190157480315
0
LINE
8
BLACK
6
CONTINUOUS
10
0.1191644488188976
20
1.4256190157480315
11
0.1159712992125984
21
1.4234854330708662
0
LINE
8
BLACK
6
CONTINUOUS
10
0.1159712992125984
20
1.4234854330708662
11
0.1122047244094488
21
1.422736220472441
0
LINE
8
BLACK
6
CONTINUOUS
10
0.1122047244094488
20
1.422736220472441
11
0.0767716535433071
21
1.422736220472441
0
LINE
8
BLACK
6
CONTINUOUS
10
0.0767716535433071
20
1.422736220472441
11
0.0730050787401575
21
1.4234854330708662
0
LINE
8
BLACK
6
CONTINUOUS
10
0.0730050787401575
20
1.4234854330708662
11
0.0698119291338583
21
1.4256190157480315
0
LINE
8
BLACK
6
CONTINUOUS
10
0.0698119291338583
20
1.4256190157480315
11
0.0676783464566929
21
1.4288121653543306
0
LINE
8
BLACK
6
CONTINUOUS
10
0.0676783464566929
20
1.4288121653543306
11
0.0669291338582677
21
1.4325787401574803
0
LINE
8
BLACK
6
CONTINUOUS
10
0.0669291338582677
20
1.4325787401574803
11
0.0669291338582677
21
1.453248031496063
0
LINE
8
BLACK
6
CONTINUOUS
10
0.0669291338582677
20
1.453248031496063
11
0.0676783464566929
21
1.4570146062992126
0
LINE
8
BLACK
6
CONTINUOUS
10
0.0676783464566929
20
1.4570146062992126
11
0.0698119291338583
21
1.4602077559055118
0
LINE
8
BLACK
6
CONTINUOUS
10
0.0698119291338583
20
1.4602077559055118
11
0.0730050787401575
21
1.4623413385826771
0
LINE
8
BLACK
6
CONTINUOUS
10
0.0730050787401575
20
1.4623413385826771
11
0.0767716535433071
21
1.4630905511811023
0
LINE
8
BLACK
6
CONTINUOUS
10
0.0767716535433071
20
1.4630905511811023
11
0.1122047244094488
21
1.4630905511811023
0
LINE
8
BLACK
6
CONTINUOUS
10
0.1122047244094488
20
1.4630905511811023
11
0.1159712992125984
21
1.4623413385826771
0
LINE
8
BLACK
6
CONTINUOUS
10
0.0224673622047244
20
1.465786220472441
11
0.0256605118110236
21
1.4636526377952757
0
LINE
8
BLACK
6
CONTINUOUS
10
0.0256605118110236
20
1.4636526377952757
11
0.027794094488189
21
1.4604594881889763
0
LINE
8
BLACK
6
CONTINUOUS
10
0.027794094488189
20
1.4604594881889763
11
0.0285433070866142
21
1.4566929133858268
0
LINE
8
BLACK
6
CONTINUOUS
10
0.0285433070866142
20
1.4566929133858268
11
0.0285433070866142
21
1.4370078740157479
0
LINE
8
BLACK
6
CONTINUOUS
10
0.0285433070866142
20
1.4370078740157479
11
0.027794094488189
21
1.4332412992125985
0
LINE
8
BLACK
6
CONTINUOUS
10
0.027794094488189
20
1.4332412992125985
11
0.0256605118110236
21
1.4300481496062991
0
LINE
8
BLACK
6
CONTINUOUS
10
0.0256605118110236
20
1.4300481496062991
11
0.0224673622047244
21
1.4279145669291338
0
LINE
8
BLACK
6
CONTINUOUS
10
0.0224673622047244
20
1.4279145669291338
11
0.0187007874015748
21
1.4271653543307086
0
LINE
8
BLACK
6
CONTINUOUS
10
0.0187007874015748
20
1.4271653543307086
11
-0.0187007874015748
21
1.4271653543307086
0
LINE
8
BLACK
6
CONTINUOUS
10
-0.0187007874015748
20
1.4271653543307086
11
-0.0224673622047244
21
1.4279145669291338
0
LINE
8
BLACK
6
CONTINUOUS
10
-0.0224673622047244
20
1.4279145669291338
11
-0.0256605118110236
21
1.4300481496062991
0
LINE
8
BLACK
6
CONTINUOUS
10
-0.0256605118110236
20
1.4300481496062991
11
-0.027794094488189
21
1.4332412992125985
0
LINE
8
BLACK
6
CONTINUOUS
10
-0.027794094488189
20
1.4332412992125985
11
-0.0285433070866142
21
1.4370078740157479
0
LINE
8
BLACK
6
CONTINUOUS
10
-0.0285433070866142
20
1.4370078740157479
11
-0.0285433070866142
21
1.4566929133858268
0
LINE
8
BLACK
6
CONTINUOUS
10
-0.0285433070866142
20
1.4566929133858268
11
-0.027794094488189
21
1.4604594881889763
0
LINE
8
BLACK
6
CONTINUOUS
10
-0.027794094488189
20
1.4604594881889763
11
-0.0256605118110236
21
1.4636526377952757
0
LINE
8
BLACK
6
CONTINUOUS
10
-0.0256605118110236
20
1.4636526377952757
11
-0.0224673622047244
21
1.465786220472441
0
LINE
8
BLACK
6
CONTINUOUS
10
-0.0224673622047244
20
1.465786220472441
11
-0.0187007874015748
21
1.4665354330708662
0
LINE
8
BLACK
6
CONTINUOUS
10
-0.0187007874015748
20
1.4665354330708662
11
0.0187007874015748
21
1.4665354330708662
0
LINE
8
BLACK
6
CONTINUOUS
10
0.0187007874015748
20
1.4665354330708662
11
0.0224673622047244
21
1.465786220472441
0
LINE
8
BLACK
6
CONTINUOUS
10
0.2498295669291339
20
1.5026956692913385
11
0.2530227165354331
21
1.5005620866141731
0
LINE
8
BLACK
6
CONTINUOUS
10
0.2530227165354331
20
1.5005620866141731
11
0.2551562992125984
21
1.497368937007874
0
LINE
8
BLACK
6
CONTINUOUS
10
0.2551562992125984
20
1.497368937007874
11
0.2559055118110236
21
1.4936023622047243
0
LINE
8
BLACK
6
CONTINUOUS
10
0.2559055118110236
20
1.4936023622047243
11
0.2559055118110236
21
1.4729330708661417
0
LINE
8
BLACK
6
CONTINUOUS
10
0.2559055118110236
20
1.4729330708661417
11
0.2551562992125984
21
1.469166496062992
0
LINE
8
BLACK
6
CONTINUOUS
10
0.2551562992125984
20
1.469166496062992
11
0.2530227165354331
21
1.4659733464566929
0
LINE
8
BLACK
6
CONTINUOUS
10
0.2530227165354331
20
1.4659733464566929
11
0.2498295669291339
21
1.4638397637795275
0
LINE
8
BLACK
6
CONTINUOUS
10
0.2498295669291339
20
1.4638397637795275
11
0.2460629921259843
21
1.4630905511811023
0
LINE
8
BLACK
6
CONTINUOUS
10
0.2460629921259843
20
1.4630905511811023
11
0.2106299212598425
21
1.4630905511811023
0
LINE
8
BLACK
6
CONTINUOUS
10
0.2106299212598425
20
1.4630905511811023
11
0.2068633464566929
21
1.4638397637795275
0
LINE
8
BLACK
6
CONTINUOUS
10
0.2068633464566929
20
1.4638397637795275
11
0.2036701968503937
21
1.4659733464566929
0
LINE
8
BLACK
6
CONTINUOUS
10
0.2036701968503937
20
1.4659733464566929
11
0.2015366141732284
21
1.469166496062992
0
LINE
8
BLACK
6
CONTINUOUS
10
0.2015366141732284
20
1.469166496062992
11
0.2007874015748032
21
1.4729330708661417
0
LINE
8
BLACK
6
CONTINUOUS
10
0.2007874015748032
20
1.4729330708661417
11
0.2007874015748032
21
1.4936023622047243
0
LINE
8
BLACK
6
CONTINUOUS
10
0.2007874015748032
20
1.4936023622047243
11
0.2015366141732284
21
1.497368937007874
0
LINE
8
BLACK
6
CONTINUOUS
10
0.2015366141732284
20
1.497368937007874
11
0.2036701968503937
21
1.5005620866141731
0
LINE
8
BLACK
6
CONTINUOUS
10
0.2036701968503937
20
1.5005620866141731
11
0.2068633464566929
21
1.5026956692913385
0
LINE
8
BLACK
6
CONTINUOUS
10
0.2068633464566929
20
1.5026956692913385
11
0.2106299212598425
21
1.5034448818897637
0
LINE
8
BLACK
6
CONTINUOUS
10
0.2106299212598425
20
1.5034448818897637
11
0.2460629921259843
21
1.5034448818897637
0
LINE
8
BLACK
6
CONTINUOUS
10
0.2460629921259843
20
1.5034448818897637
11
0.2498295669291339
21
1.5026956692913385
0
LINE
8
BLACK
6
CONTINUOUS
10
1.3856261023622047
20
1.5113614960629922
11
1.387541968503937
21
1.5100813385826772
0
LINE
8
BLACK
6
CONTINUOUS
10
1.387541968503937
20
1.5100813385826772
11
1.3888221259842519
21
1.5081654724409448
0
LINE
8
BLACK
6
CONTINUOUS
10
1.3888221259842519
20
1.5081654724409448
11
1.389271653543307
21
1.5059055118110236
0
LINE
8
BLACK
6
CONTINUOUS
10
1.389271653543307
20
1.5059055118110236
11
1.389271653543307
21
1.4940944881889764
0
LINE
8
BLACK
6
CONTINUOUS
10
1.389271653543307
20
1.4940944881889764
11
1.3888221259842519
21
1.491834527559055
0
LINE
8
BLACK
6
CONTINUOUS
10
1.3888221259842519
20
1.491834527559055
11
1.387541968503937
21
1.4899186614173228
0
LINE
8
BLACK
6
CONTINUOUS
10
1.387541968503937
20
1.4899186614173228
11
1.3856261023622047
21
1.4886385039370078
0
LINE
8
BLACK
6
CONTINUOUS
10
1.3856261023622047
20
1.4886385039370078
11
1.3833661417322833
21
1.4881889763779528
0
LINE
8
BLACK
6
CONTINUOUS
10
1.3833661417322833
20
1.4881889763779528
11
1.343011811023622
21
1.4881889763779528
0
LINE
8
BLACK
6
CONTINUOUS
10
1.343011811023622
20
1.4881889763779528
11
1.3407518503937008
21
1.4886385039370078
0
LINE
8
BLACK
6
CONTINUOUS
10
1.3407518503937008
20
1.4886385039370078
11
1.3388359842519684
21
1.4899186614173228
0
LINE
8
BLACK
6
CONTINUOUS
10
1.3388359842519684
20
1.4899186614173228
11
1.3375558267716534
21
1.491834527559055
0
LINE
8
BLACK
6
CONTINUOUS
10
1.3375558267716534
20
1.491834527559055
11
1.3371062992125984
21
1.4940944881889764
0
LINE
8
BLACK
6
CONTINUOUS
10
1.3371062992125984
20
1.4940944881889764
11
1.3371062992125984
21
1.5059055118110236
0
LINE
8
BLACK
6
CONTINUOUS
10
1.3371062992125984
20
1.5059055118110236
11
1.3375558267716534
21
1.5081654724409448
0
LINE
8
BLACK
6
CONTINUOUS
10
1.3375558267716534
20
1.5081654724409448
11
1.3388359842519684
21
1.5100813385826772
0
LINE
8
BLACK
6
CONTINUOUS
10
1.3388359842519684
20
1.5100813385826772
11
1.3407518503937008
21
1.5113614960629922
0
LINE
8
BLACK
6
CONTINUOUS
10
1.3407518503937008
20
1.5113614960629922
11
1.343011811023622
21
1.5118110236220472
0
LINE
8
BLACK
6
CONTINUOUS
10
1.343011811023622
20
1.5118110236220472
11
1.3833661417322833
21
1.5118110236220472
0
LINE
8
BLACK
6
CONTINUOUS
10
1.3833661417322833
20
1.5118110236220472
11
1.3856261023622047
21
1.5113614960629922
0
LINE
8
BLACK
6
CONTINUOUS
10
1.4751930314960631
20
1.5113614960629922
11
1.4771088976377953
21
1.5100813385826772
0
LINE
8
BLACK
6
CONTINUOUS
10
1.4771088976377953
20
1.5100813385826772
11
1.4783890551181103
21
1.5081654724409448
0
LINE
8
BLACK
6
CONTINUOUS
10
1.4783890551181103
20
1.5081654724409448
11
1.4788385826771653
21
1.5059055118110236
0
LINE
8
BLACK
6
CONTINUOUS
10
1.4788385826771653
20
1.5059055118110236
11
1.4788385826771653
21
1.4940944881889764
0
LINE
8
BLACK
6
CONTINUOUS
10
1.4788385826771653
20
1.4940944881889764
11
1.4783890551181103
21
1.491834527559055
0
LINE
8
BLACK
6
CONTINUOUS
10
1.4783890551181103
20
1.491834527559055
11
1.4771088976377953
21
1.4899186614173228
0
LINE
8
BLACK
6
CONTINUOUS
10
1.4771088976377953
20
1.4899186614173228
11
1.4751930314960631
21
1.4886385039370078
0
LINE
8
BLACK
6
CONTINUOUS
10
1.4751930314960631
20
1.4886385039370078
11
1.4729330708661417
21
1.4881889763779528
0
LINE
8
BLACK
6
CONTINUOUS
10
1.4729330708661417
20
1.4881889763779528
11
1.4325787401574803
21
1.4881889763779528
0
LINE
8
BLACK
6
CONTINUOUS
10
1.4325787401574803
20
1.4881889763779528
11
1.4303187795275589
21
1.4886385039370078
0
LINE
8
BLACK
6
CONTINUOUS
10
1.4303187795275589
20
1.4886385039370078
11
1.4284029133858267
21
1.4899186614173228
0
LINE
8
BLACK
6
CONTINUOUS
10
1.4284029133858267
20
1.4899186614173228
11
1.4271227559055117
21
1.491834527559055
0
LINE
8
BLACK
6
CONTINUOUS
10
1.4271227559055117
20
1.491834527559055
11
1.4266732283464567
21
1.4940944881889764
0
LINE
8
BLACK
6
CONTINUOUS
10
1.4266732283464567
20
1.4940944881889764
11
1.4266732283464567
21
1.5059055118110236
0
LINE
8
BLACK
6
CONTINUOUS
10
1.4266732283464567
20
1.5059055118110236
11
1.4271227559055117
21
1.5081654724409448
0
LINE
8
BLACK
6
CONTINUOUS
10
1.4271227559055117
20
1.5081654724409448
11
1.4284029133858267
21
1.5100813385826772
0
LINE
8
BLACK
6
CONTINUOUS
10
1.4284029133858267
20
1.5100813385826772
11
1.4303187795275589
21
1.5113614960629922
0
LINE
8
BLACK
6
CONTINUOUS
10
1.4303187795275589
20
1.5113614960629922
11
1.4325787401574803
21
1.5118110236220472
0
LINE
8
BLACK
6
CONTINUOUS
10
1.4325787401574803
20
1.5118110236220472
11
1.4729330708661417
21
1.5118110236220472
0
LINE
8
BLACK
6
CONTINUOUS
10
1.4729330708661417
20
1.5118110236220472
11
1.4751930314960631
21
1.5113614960629922
0
LINE
8
BLACK
6
CONTINUOUS
10
1.2823098818897638
20
1.5287783464566929
11
1.2855030314960629
21
1.5266447637795275
0
LINE
8
BLACK
6
CONTINUOUS
10
1.2855030314960629
20
1.5266447637795275
11
1.2876366141732283
21
1.5234516141732284
0
LINE
8
BLACK
6
CONTINUOUS
10
1.2876366141732283
20
1.5234516141732284
11
1.2883858267716535
21
1.5196850393700787
0
LINE
8
BLACK
6
CONTINUOUS
10
1.2883858267716535
20
1.5196850393700787
11
1.2883858267716535
21
1.5
0
LINE
8
BLACK
6
CONTINUOUS
10
1.2883858267716535
20
1.5
11
1.2876366141732283
21
1.4962334251968503
0
LINE
8
BLACK
6
CONTINUOUS
10
1.2876366141732283
20
1.4962334251968503
11
1.2855030314960629
21
1.4930402755905512
0
LINE
8
BLACK
6
CONTINUOUS
10
1.2855030314960629
20
1.4930402755905512
11
1.2823098818897638
21
1.4909066929133858
0
LINE
8
BLACK
6
CONTINUOUS
10
1.2823098818897638
20
1.4909066929133858
11
1.2785433070866141
21
1.4901574803149606
0
LINE
8
BLACK
6
CONTINUOUS
10
1.2785433070866141
20
1.4901574803149606
11
1.2411417322834646
21
1.4901574803149606
0
LINE
8
BLACK
6
CONTINUOUS
10
1.2411417322834646
20
1.4901574803149606
11
1.2373751574803149
21
1.4909066929133858
0
LINE
8
BLACK
6
CONTINUOUS
10
1.2373751574803149
20
1.4909066929133858
11
1.2341820078740158
21
1.4930402755905512
0
LINE
8
BLACK
6
CONTINUOUS
10
1.2341820078740158
20
1.4930402755905512
11
1.2320484251968504
21
1.4962334251968503
0
LINE
8
BLACK
6
CONTINUOUS
10
1.2320484251968504
20
1.4962334251968503
11
1.2312992125984252
21
1.5
0
LINE
8
BLACK
6
CONTINUOUS
10
1.2312992125984252
20
1.5
11
1.2312992125984252
21
1.5196850393700787
0
LINE
8
BLACK
6
CONTINUOUS
10
1.2312992125984252
20
1.5196850393700787
11
1.2320484251968504
21
1.5234516141732284
0
LINE
8
BLACK
6
CONTINUOUS
10
1.2320484251968504
20
1.5234516141732284
11
1.2341820078740158
21
1.5266447637795275
0
LINE
8
BLACK
6
CONTINUOUS
10
1.2341820078740158
20
1.5266447637795275
11
1.2373751574803149
21
1.5287783464566929
0
LINE
8
BLACK
6
CONTINUOUS
10
1.2373751574803149
20
1.5287783464566929
11
1.2411417322834646
21
1.5295275590551181
0
LINE
8
BLACK
6
CONTINUOUS
10
1.2411417322834646
20
1.5295275590551181
11
1.2785433070866141
21
1.5295275590551181
0
LINE
8
BLACK
6
CONTINUOUS
10
1.2785433070866141
20
1.5295275590551181
11
1.2823098818897638
21
1.5287783464566929
0
LINE
8
BLACK
6
CONTINUOUS
10
1.3856261023622047
20
1.5487630708661417
11
1.387541968503937
21
1.5474829133858268
0
LINE
8
BLACK
6
CONTINUOUS
10
1.387541968503937
20
1.5474829133858268
11
1.3888221259842519
21
1.5455670472440945
0
LINE
8
BLACK
6
CONTINUOUS
10
1.3888221259842519
20
1.5455670472440945
11
1.389271653543307
21
1.5433070866141732
0
LINE
8
BLACK
6
CONTINUOUS
10
1.389271653543307
20
1.5433070866141732
11
1.389271653543307
21
1.5314960629921259
0
LINE
8
BLACK
6
CONTINUOUS
10
1.389271653543307
20
1.5314960629921259
11
1.3888221259842519
21
1.5292361023622048
0
LINE
8
BLACK
6
CONTINUOUS
10
1.3888221259842519
20
1.5292361023622048
11
1.387541968503937
21
1.5273202362204723
0
LINE
8
BLACK
6
CONTINUOUS
10
1.387541968503937
20
1.5273202362204723
11
1.3856261023622047
21
1.5260400787401573
0
LINE
8
BLACK
6
CONTINUOUS
10
1.3856261023622047
20
1.5260400787401573
11
1.3833661417322833
21
1.5255905511811023
0
LINE
8
BLACK
6
CONTINUOUS
10
1.3833661417322833
20
1.5255905511811023
11
1.343011811023622
21
1.5255905511811023
0
LINE
8
BLACK
6
CONTINUOUS
10
1.343011811023622
20
1.5255905511811023
11
1.3407518503937008
21
1.5260400787401573
0
LINE
8
BLACK
6
CONTINUOUS
10
1.3407518503937008
20
1.5260400787401573
11
1.3388359842519684
21
1.5273202362204723
0
LINE
8
BLACK
6
CONTINUOUS
10
1.3388359842519684
20
1.5273202362204723
11
1.3375558267716534
21
1.5292361023622048
0
LINE
8
BLACK
6
CONTINUOUS
10
1.3375558267716534
20
1.5292361023622048
11
1.3371062992125984
21
1.5314960629921259
0
LINE
8
BLACK
6
CONTINUOUS
10
1.3371062992125984
20
1.5314960629921259
11
1.3371062992125984
21
1.5433070866141732
0
LINE
8
BLACK
6
CONTINUOUS
10
1.3371062992125984
20
1.5433070866141732
11
1.3375558267716534
21
1.5455670472440945
0
LINE
8
BLACK
6
CONTINUOUS
10
1.3375558267716534
20
1.5455670472440945
11
1.3388359842519684
21
1.5474829133858268
0
LINE
8
BLACK
6
CONTINUOUS
10
1.3388359842519684
20
1.5474829133858268
11
1.3407518503937008
21
1.5487630708661417
0
LINE
8
BLACK
6
CONTINUOUS
10
1.3407518503937008
20
1.5487630708661417
11
1.343011811023622
21
1.5492125984251968
0
LINE
8
BLACK
6
CONTINUOUS
10
1.343011811023622
20
1.5492125984251968
11
1.3833661417322833
21
1.5492125984251968
0
LINE
8
BLACK
6
CONTINUOUS
10
1.3833661417322833
20
1.5492125984251968
11
1.3856261023622047
21
1.5487630708661417
0
LINE
8
BLACK
6
CONTINUOUS
10
1.5608531889763779
20
1.6144082677165355
11
1.5640463385826771
21
1.6122746850393701
0
LINE
8
BLACK
6
CONTINUOUS
10
1.5640463385826771
20
1.6122746850393701
11
1.5661799212598424
21
1.6090815354330708
0
LINE
8
BLACK
6
CONTINUOUS
10
1.5661799212598424
20
1.6090815354330708
11
1.5669291338582676
21
1.6053149606299213
0
LINE
8
BLACK
6
CONTINUOUS
10
1.5669291338582676
20
1.6053149606299213
11
1.5669291338582676
21
1.5679133858267715
0
LINE
8
BLACK
6
CONTINUOUS
10
1.5669291338582676
20
1.5679133858267715
11
1.5661799212598424
21
1.5641468110236221
0
LINE
8
BLACK
6
CONTINUOUS
10
1.5661799212598424
20
1.5641468110236221
11
1.5640463385826771
21
1.5609536614173227
0
LINE
8
BLACK
6
CONTINUOUS
10
1.5640463385826771
20
1.5609536614173227
11
1.5608531889763779
21
1.5588200787401574
0
LINE
8
BLACK
6
CONTINUOUS
10
1.5608531889763779
20
1.5588200787401574
11
1.5570866141732282
21
1.5580708661417322
0
LINE
8
BLACK
6
CONTINUOUS
10
1.5570866141732282
20
1.5580708661417322
11
1.5374015748031495
21
1.5580708661417322
0
LINE
8
BLACK
6
CONTINUOUS
10
1.5374015748031495
20
1.5580708661417322
11
1.5336349999999999
21
1.5588200787401574
0
LINE
8
BLACK
6
CONTINUOUS
10
1.5336349999999999
20
1.5588200787401574
11
1.5304418503937007
21
1.5609536614173227
0
LINE
8
BLACK
6
CONTINUOUS
10
1.5304418503937007
20
1.5609536614173227
11
1.5283082677165354
21
1.5641468110236221
0
LINE
8
BLACK
6
CONTINUOUS
10
1.5283082677165354
20
1.5641468110236221
11
1.5275590551181102
21
1.5679133858267715
0
LINE
8
BLACK
6
CONTINUOUS
10
1.5275590551181102
20
1.5679133858267715
11
1.5275590551181102
21
1.6053149606299213
0
LINE
8
BLACK
6
CONTINUOUS
10
1.5275590551181102
20
1.6053149606299213
11
1.5283082677165354
21
1.6090815354330708
0
LINE
8
BLACK
6
CONTINUOUS
10
1.5283082677165354
20
1.6090815354330708
11
1.5304418503937007
21
1.6122746850393701
0
LINE
8
BLACK
6
CONTINUOUS
10
1.5304418503937007
20
1.6122746850393701
11
1.5336349999999999
21
1.6144082677165355
0
LINE
8
BLACK
6
CONTINUOUS
10
1.5336349999999999
20
1.6144082677165355
11
1.5374015748031495
21
1.6151574803149606
0
LINE
8
BLACK
6
CONTINUOUS
10
1.5374015748031495
20
1.6151574803149606
11
1.5570866141732282
21
1.6151574803149606
0
LINE
8
BLACK
6
CONTINUOUS
10
1.5570866141732282
20
1.6151574803149606
11
1.5608531889763779
21
1.6144082677165355
0
LINE
8
BLACK
6
CONTINUOUS
10
1.6356563385826772
20
1.6144082677165355
11
1.6388494881889764
21
1.6122746850393701
0
LINE
8
BLACK
6
CONTINUOUS
10
1.6388494881889764
20
1.6122746850393701
11
1.6409830708661417
21
1.6090815354330708
0
LINE
8
BLACK
6
CONTINUOUS
10
1.6409830708661417
20
1.6090815354330708
11
1.6417322834645669
21
1.6053149606299213
0
LINE
8
BLACK
6
CONTINUOUS
10
1.6417322834645669
20
1.6053149606299213
11
1.6417322834645669
21
1.5679133858267715
0
LINE
8
BLACK
6
CONTINUOUS
10
1.6417322834645669
20
1.5679133858267715
11
1.6409830708661417
21
1.5641468110236221
0
LINE
8
BLACK
6
CONTINUOUS
10
1.6409830708661417
20
1.5641468110236221
11
1.6388494881889764
21
1.5609536614173227
0
LINE
8
BLACK
6
CONTINUOUS
10
1.6388494881889764
20
1.5609536614173227
11
1.6356563385826772
21
1.5588200787401574
0
LINE
8
BLACK
6
CONTINUOUS
10
1.6356563385826772
20
1.5588200787401574
11
1.6318897637795275
21
1.5580708661417322
0
LINE
8
BLACK
6
CONTINUOUS
10
1.6318897637795275
20
1.5580708661417322
11
1.6122047244094488
21
1.5580708661417322
0
LINE
8
BLACK
6
CONTINUOUS
10
1.6122047244094488
20
1.5580708661417322
11
1.6084381496062992
21
1.5588200787401574
0
LINE
8
BLACK
6
CONTINUOUS
10
1.6084381496062992
20
1.5588200787401574
11
1.605245
21
1.5609536614173227
0
LINE
8
BLACK
6
CONTINUOUS
10
1.605245
20
1.5609536614173227
11
1.6031114173228347
21
1.5641468110236221
0
LINE
8
BLACK
6
CONTINUOUS
10
1.6031114173228347
20
1.5641468110236221
11
1.6023622047244095
21
1.5679133858267715
0
LINE
8
BLACK
6
CONTINUOUS
10
1.6023622047244095
20
1.5679133858267715
11
1.6023622047244095
21
1.6053149606299213
0
LINE
8
BLACK
6
CONTINUOUS
10
1.6023622047244095
20
1.6053149606299213
11
1.6031114173228347
21
1.6090815354330708
0
LINE
8
BLACK
6
CONTINUOUS
10
1.6031114173228347
20
1.6090815354330708
11
1.605245
21
1.6122746850393701
0
LINE
8
BLACK
6
CONTINUOUS
10
1.605245
20
1.6122746850393701
11
1.6084381496062992
21
1.6144082677165355
0
LINE
8
BLACK
6
CONTINUOUS
10
1.6084381496062992
20
1.6144082677165355
11
1.6122047244094488
21
1.6151574803149606
0
LINE
8
BLACK
6
CONTINUOUS
10
1.6122047244094488
20
1.6151574803149606
11
1.6318897637795275
21
1.6151574803149606
0
LINE
8
BLACK
6
CONTINUOUS
10
1.6318897637795275
20
1.6151574803149606
11
1.6356563385826772
21
1.6144082677165355
0
LINE
8
BLACK
6
CONTINUOUS
10
1.3856261023622047
20
1.5861646456692913
11
1.387541968503937
21
1.5848844881889763
0
LINE
8
BLACK
6
CONTINUOUS
10
1.387541968503937
20
1.5848844881889763
11
1.3888221259842519
21
1.5829686220472441
0
LINE
8
BLACK
6
CONTINUOUS
10
1.3888221259842519
20
1.5829686220472441
11
1.389271653543307
21
1.5807086614173227
0
LINE
8
BLACK
6
CONTINUOUS
10
1.389271653543307
20
1.5807086614173227
11
1.389271653543307
21
1.5688976377952755
0
LINE
8
BLACK
6
CONTINUOUS
10
1.389271653543307
20
1.5688976377952755
11
1.3888221259842519
21
1.5666376771653543
0
LINE
8
BLACK
6
CONTINUOUS
10
1.3888221259842519
20
1.5666376771653543
11
1.387541968503937
21
1.5647218110236221
0
LINE
8
BLACK
6
CONTINUOUS
10
1.387541968503937
20
1.5647218110236221
11
1.3856261023622047
21
1.5634416535433071
0
LINE
8
BLACK
6
CONTINUOUS
10
1.3856261023622047
20
1.5634416535433071
11
1.3833661417322833
21
1.5629921259842519
0
LINE
8
BLACK
6
CONTINUOUS
10
1.3833661417322833
20
1.5629921259842519
11
1.343011811023622
21
1.5629921259842519
0
LINE
8
BLACK
6
CONTINUOUS
10
1.343011811023622
20
1.5629921259842519
11
1.3407518503937008
21
1.5634416535433071
0
LINE
8
BLACK
6
CONTINUOUS
10
1.3407518503937008
20
1.5634416535433071
11
1.3388359842519684
21
1.5647218110236221
0
LINE
8
BLACK
6
CONTINUOUS
10
1.3388359842519684
20
1.5647218110236221
11
1.3375558267716534
21
1.5666376771653543
0
LINE
8
BLACK
6
CONTINUOUS
10
1.3375558267716534
20
1.5666376771653543
11
1.3371062992125984
21
1.5688976377952755
0
LINE
8
BLACK
6
CONTINUOUS
10
1.3371062992125984
20
1.5688976377952755
11
1.3371062992125984
21
1.5807086614173227
0
LINE
8
BLACK
6
CONTINUOUS
10
1.3371062992125984
20
1.5807086614173227
11
1.3375558267716534
21
1.5829686220472441
0
LINE
8
BLACK
6
CONTINUOUS
10
1.3375558267716534
20
1.5829686220472441
11
1.3388359842519684
21
1.5848844881889763
0
LINE
8
BLACK
6
CONTINUOUS
10
1.3388359842519684
20
1.5848844881889763
11
1.3407518503937008
21
1.5861646456692913
0
LINE
8
BLACK
6
CONTINUOUS
10
1.3407518503937008
20
1.5861646456692913
11
1.343011811023622
21
1.5866141732283465
0
LINE
8
BLACK
6
CONTINUOUS
10
1.343011811023622
20
1.5866141732283465
11
1.3833661417322833
21
1.5866141732283465
0
LINE
8
BLACK
6
CONTINUOUS
10
1.3833661417322833
20
1.5866141732283465
11
1.3856261023622047
21
1.5861646456692913
0
LINE
8
BLACK
6
CONTINUOUS
10
1.4751930314960631
20
1.5861646456692913
11
1.4771088976377953
21
1.5848844881889763
0
LINE
8
BLACK
6
CONTINUOUS
10
1.4771088976377953
20
1.5848844881889763
11
1.4783890551181103
21
1.5829686220472441
0
LINE
8
BLACK
6
CONTINUOUS
10
1.4783890551181103
20
1.5829686220472441
11
1.4788385826771653
21
1.5807086614173227
0
LINE
8
BLACK
6
CONTINUOUS
10
1.4788385826771653
20
1.5807086614173227
11
1.4788385826771653
21
1.5688976377952755
0
LINE
8
BLACK
6
CONTINUOUS
10
1.4788385826771653
20
1.5688976377952755
11
1.4783890551181103
21
1.5666376771653543
0
LINE
8
BLACK
6
CONTINUOUS
10
1.4783890551181103
20
1.5666376771653543
11
1.4771088976377953
21
1.5647218110236221
0
LINE
8
BLACK
6
CONTINUOUS
10
1.4771088976377953
20
1.5647218110236221
11
1.4751930314960631
21
1.5634416535433071
0
LINE
8
BLACK
6
CONTINUOUS
10
1.4751930314960631
20
1.5634416535433071
11
1.4729330708661417
21
1.5629921259842519
0
LINE
8
BLACK
6
CONTINUOUS
10
1.4729330708661417
20
1.5629921259842519
11
1.4325787401574803
21
1.5629921259842519
0
LINE
8
BLACK
6
CONTINUOUS
10
1.4325787401574803
20
1.5629921259842519
11
1.4303187795275589
21
1.5634416535433071
0
LINE
8
BLACK
6
CONTINUOUS
10
1.4303187795275589
20
1.5634416535433071
11
1.4284029133858267
21
1.5647218110236221
0
LINE
8
BLACK
6
CONTINUOUS
10
1.4284029133858267
20
1.5647218110236221
11
1.4271227559055117
21
1.5666376771653543
0
LINE
8
BLACK
6
CONTINUOUS
10
1.4271227559055117
20
1.5666376771653543
11
1.4266732283464567
21
1.5688976377952755
0
LINE
8
BLACK
6
CONTINUOUS
10
1.4266732283464567
20
1.5688976377952755
11
1.4266732283464567
21
1.5807086614173227
0
LINE
8
BLACK
6
CONTINUOUS
10
1.4266732283464567
20
1.5807086614173227
11
1.4271227559055117
21
1.5829686220472441
0
LINE
8
BLACK
6
CONTINUOUS
10
1.4271227559055117
20
1.5829686220472441
11
1.4284029133858267
21
1.5848844881889763
0
LINE
8
BLACK
6
CONTINUOUS
10
1.4284029133858267
20
1.5848844881889763
11
1.4303187795275589
21
1.5861646456692913
0
LINE
8
BLACK
6
CONTINUOUS
10
1.4303187795275589
20
1.5861646456692913
11
1.4325787401574803
21
1.5866141732283465
0
LINE
8
BLACK
6
CONTINUOUS
10
1.4325787401574803
20
1.5866141732283465
11
1.4729330708661417
21
1.5866141732283465
0
LINE
8
BLACK
6
CONTINUOUS
10
1.4729330708661417
20
1.5866141732283465
11
1.4751930314960631
21
1.5861646456692913
0
LINE
8
BLACK
6
CONTINUOUS
10
1.2823098818897638
20
1.6035814960629922
11
1.2855030314960629
21
1.6014479133858268
0
LINE
8
BLACK
6
CONTINUOUS
10
1.2855030314960629
20
1.6014479133858268
11
1.2876366141732283
21
1.5982547637795275
0
LINE
8
BLACK
6
CONTINUOUS
10
1.2876366141732283
20
1.5982547637795275
11
1.2883858267716535
21
1.594488188976378
0
LINE
8
BLACK
6
CONTINUOUS
10
1.2883858267716535
20
1.594488188976378
11
1.2883858267716535
21
1.5748031496062991
0
LINE
8
BLACK
6
CONTINUOUS
10
1.2883858267716535
20
1.5748031496062991
11
1.2876366141732283
21
1.5710365748031496
0
LINE
8
BLACK
6
CONTINUOUS
10
1.2876366141732283
20
1.5710365748031496
11
1.2855030314960629
21
1.5678434251968503
0
LINE
8
BLACK
6
CONTINUOUS
10
1.2855030314960629
20
1.5678434251968503
11
1.2823098818897638
21
1.5657098425196849
0
LINE
8
BLACK
6
CONTINUOUS
10
1.2823098818897638
20
1.5657098425196849
11
1.2785433070866141
21
1.5649606299212597
0
LINE
8
BLACK
6
CONTINUOUS
10
1.2785433070866141
20
1.5649606299212597
11
1.2411417322834646
21
1.5649606299212597
0
LINE
8
BLACK
6
CONTINUOUS
10
1.2411417322834646
20
1.5649606299212597
11
1.2373751574803149
21
1.5657098425196849
0
LINE
8
BLACK
6
CONTINUOUS
10
1.2373751574803149
20
1.5657098425196849
11
1.2341820078740158
21
1.5678434251968503
0
LINE
8
BLACK
6
CONTINUOUS
10
1.2341820078740158
20
1.5678434251968503
11
1.2320484251968504
21
1.5710365748031496
0
LINE
8
BLACK
6
CONTINUOUS
10
1.2320484251968504
20
1.5710365748031496
11
1.2312992125984252
21
1.5748031496062991
0
LINE
8
BLACK
6
CONTINUOUS
10
1.2312992125984252
20
1.5748031496062991
11
1.2312992125984252
21
1.594488188976378
0
LINE
8
BLACK
6
CONTINUOUS
10
1.2312992125984252
20
1.594488188976378
11
1.2320484251968504
21
1.5982547637795275
0
LINE
8
BLACK
6
CONTINUOUS
10
1.2320484251968504
20
1.5982547637795275
11
1.2341820078740158
21
1.6014479133858268
0
LINE
8
BLACK
6
CONTINUOUS
10
1.2341820078740158
20
1.6014479133858268
11
1.2373751574803149
21
1.6035814960629922
0
LINE
8
BLACK
6
CONTINUOUS
10
1.2373751574803149
20
1.6035814960629922
11
1.2411417322834646
21
1.6043307086614174
0
LINE
8
BLACK
6
CONTINUOUS
10
1.2411417322834646
20
1.6043307086614174
11
1.2785433070866141
21
1.6043307086614174
0
LINE
8
BLACK
6
CONTINUOUS
10
1.2785433070866141
20
1.6043307086614174
11
1.2823098818897638
21
1.6035814960629922
0
LINE
8
BLACK
6
CONTINUOUS
10
0.9491103543307087
20
1.7052591338582677
11
0.9510262204724409
21
1.7039789763779527
0
LINE
8
BLACK
6
CONTINUOUS
10
0.9510262204724409
20
1.7039789763779527
11
0.9523063779527559
21
1.7020631102362205
0
LINE
8
BLACK
6
CONTINUOUS
10
0.9523063779527559
20
1.7020631102362205
11
0.952755905511811
21
1.6998031496062991
0
LINE
8
BLACK
6
CONTINUOUS
10
0.952755905511811
20
1.6998031496062991
11
0.952755905511811
21
1.6387795275590551
0
LINE
8
BLACK
6
CONTINUOUS
10
0.952755905511811
20
1.6387795275590551
11
0.9523063779527559
21
1.6365195669291339
0
LINE
8
BLACK
6
CONTINUOUS
10
0.9523063779527559
20
1.6365195669291339
11
0.9510262204724409
21
1.6346037007874015
0
LINE
8
BLACK
6
CONTINUOUS
10
0.9510262204724409
20
1.6346037007874015
11
0.9491103543307087
21
1.6333235433070865
0
LINE
8
BLACK
6
CONTINUOUS
10
0.9491103543307087
20
1.6333235433070865
11
0.9468503937007874
21
1.6328740157480315
0
LINE
8
BLACK
6
CONTINUOUS
10
0.9468503937007874
20
1.6328740157480315
11
0.9350393700787402
21
1.6328740157480315
0
LINE
8
BLACK
6
CONTINUOUS
10
0.9350393700787402
20
1.6328740157480315
11
0.9327794094488189
21
1.6333235433070865
0
LINE
8
BLACK
6
CONTINUOUS
10
0.9327794094488189
20
1.6333235433070865
11
0.9308635433070865
21
1.6346037007874015
0
LINE
8
BLACK
6
CONTINUOUS
10
0.9308635433070865
20
1.6346037007874015
11
0.9295833858267716
21
1.6365195669291339
0
LINE
8
BLACK
6
CONTINUOUS
10
0.9295833858267716
20
1.6365195669291339
11
0.9291338582677166
21
1.6387795275590551
0
LINE
8
BLACK
6
CONTINUOUS
10
0.9291338582677166
20
1.6387795275590551
11
0.9291338582677166
21
1.6998031496062991
0
LINE
8
BLACK
6
CONTINUOUS
10
0.9291338582677166
20
1.6998031496062991
11
0.9295833858267716
21
1.7020631102362205
0
LINE
8
BLACK
6
CONTINUOUS
10
0.9295833858267716
20
1.7020631102362205
11
0.9308635433070865
21
1.7039789763779527
0
LINE
8
BLACK
6
CONTINUOUS
10
0.9308635433070865
20
1.7039789763779527
11
0.9327794094488189
21
1.7052591338582677
0
LINE
8
BLACK
6
CONTINUOUS
10
0.9327794094488189
20
1.7052591338582677
11
0.9350393700787402
21
1.7057086614173227
0
LINE
8
BLACK
6
CONTINUOUS
10
0.9350393700787402
20
1.7057086614173227
11
0.9468503937007874
21
1.7057086614173227
0
LINE
8
BLACK
6
CONTINUOUS
10
0.9468503937007874
20
1.7057086614173227
11
0.9491103543307087
21
1.7052591338582677
0
LINE
8
BLACK
6
CONTINUOUS
10
0.9884804330708661
20
1.7052591338582677
11
0.9903962992125984
21
1.7039789763779527
0
LINE
8
BLACK
6
CONTINUOUS
10
0.9903962992125984
20
1.7039789763779527
11
0.9916764566929134
21
1.7020631102362205
0
LINE
8
BLACK
6
CONTINUOUS
10
0.9916764566929134
20
1.7020631102362205
11
0.9921259842519685
21
1.6998031496062991
0
LINE
8
BLACK
6
CONTINUOUS
10
0.9921259842519685
20
1.6998031496062991
11
0.9921259842519685
21
1.6387795275590551
0
LINE
8
BLACK
6
CONTINUOUS
10
0.9921259842519685
20
1.6387795275590551
11
0.9916764566929134
21
1.6365195669291339
0
LINE
8
BLACK
6
CONTINUOUS
10
0.9916764566929134
20
1.6365195669291339
11
0.9903962992125984
21
1.6346037007874015
0
LINE
8
BLACK
6
CONTINUOUS
10
0.9903962992125984
20
1.6346037007874015
11
0.9884804330708661
21
1.6333235433070865
0
LINE
8
BLACK
6
CONTINUOUS
10
0.9884804330708661
20
1.6333235433070865
11
0.9862204724409449
21
1.6328740157480315
0
LINE
8
BLACK
6
CONTINUOUS
10
0.9862204724409449
20
1.6328740157480315
11
0.9744094488188976
21
1.6328740157480315
0
LINE
8
BLACK
6
CONTINUOUS
10
0.9744094488188976
20
1.6328740157480315
11
0.9721494881889764
21
1.6333235433070865
0
LINE
8
BLACK
6
CONTINUOUS
10
0.9721494881889764
20
1.6333235433070865
11
0.9702336220472441
21
1.6346037007874015
0
LINE
8
BLACK
6
CONTINUOUS
10
0.9702336220472441
20
1.6346037007874015
11
0.9689534645669291
21
1.6365195669291339
0
LINE
8
BLACK
6
CONTINUOUS
10
0.9689534645669291
20
1.6365195669291339
11
0.968503937007874
21
1.6387795275590551
0
LINE
8
BLACK
6
CONTINUOUS
10
0.968503937007874
20
1.6387795275590551
11
0.968503937007874
21
1.6998031496062991
0
LINE
8
BLACK
6
CONTINUOUS
10
0.968503937007874
20
1.6998031496062991
11
0.9689534645669291
21
1.7020631102362205
0
LINE
8
BLACK
6
CONTINUOUS
10
0.9689534645669291
20
1.7020631102362205
11
0.9702336220472441
21
1.7039789763779527
0
LINE
8
BLACK
6
CONTINUOUS
10
0.9702336220472441
20
1.7039789763779527
11
0.9721494881889764
21
1.7052591338582677
0
LINE
8
BLACK
6
CONTINUOUS
10
0.9721494881889764
20
1.7052591338582677
11
0.9744094488188976
21
1.7057086614173227
0
LINE
8
BLACK
6
CONTINUOUS
10
0.9744094488188976
20
1.7057086614173227
11
0.9862204724409449
21
1.7057086614173227
0
LINE
8
BLACK
6
CONTINUOUS
10
0.9862204724409449
20
1.7057086614173227
11
0.9884804330708661
21
1.7052591338582677
0
LINE
8
BLACK
6
CONTINUOUS
10
1.0278505118110235
20
1.7052591338582677
11
1.0297663779527559
21
1.7039789763779527
0
LINE
8
BLACK
6
CONTINUOUS
10
1.0297663779527559
20
1.7039789763779527
11
1.0310465354330709
21
1.7020631102362205
0
LINE
8
BLACK
6
CONTINUOUS
10
1.0310465354330709
20
1.7020631102362205
11
1.0314960629921259
21
1.6998031496062991
0
LINE
8
BLACK
6
CONTINUOUS
10
1.0314960629921259
20
1.6998031496062991
11
1.0314960629921259
21
1.6387795275590551
0
LINE
8
BLACK
6
CONTINUOUS
10
1.0314960629921259
20
1.6387795275590551
11
1.0310465354330709
21
1.6365195669291339
0
LINE
8
BLACK
6
CONTINUOUS
10
1.0310465354330709
20
1.6365195669291339
11
1.0297663779527559
21
1.6346037007874015
0
LINE
8
BLACK
6
CONTINUOUS
10
1.0297663779527559
20
1.6346037007874015
11
1.0278505118110235
21
1.6333235433070865
0
LINE
8
BLACK
6
CONTINUOUS
10
1.0278505118110235
20
1.6333235433070865
11
1.0255905511811023
21
1.6328740157480315
0
LINE
8
BLACK
6
CONTINUOUS
10
1.0255905511811023
20
1.6328740157480315
11
1.0137795275590551
21
1.6328740157480315
0
LINE
8
BLACK
6
CONTINUOUS
10
1.0137795275590551
20
1.6328740157480315
11
1.0115195669291339
21
1.6333235433070865
0
LINE
8
BLACK
6
CONTINUOUS
10
1.0115195669291339
20
1.6333235433070865
11
1.0096037007874015
21
1.6346037007874015
0
LINE
8
BLACK
6
CONTINUOUS
10
1.0096037007874015
20
1.6346037007874015
11
1.0083235433070865
21
1.6365195669291339
0
LINE
8
BLACK
6
CONTINUOUS
10
1.0083235433070865
20
1.6365195669291339
11
1.0078740157480315
21
1.6387795275590551
0
LINE
8
BLACK
6
CONTINUOUS
10
1.0078740157480315
20
1.6387795275590551
11
1.0078740157480315
21
1.6998031496062991
0
LINE
8
BLACK
6
CONTINUOUS
10
1.0078740157480315
20
1.6998031496062991
11
1.0083235433070865
21
1.7020631102362205
0
LINE
8
BLACK
6
CONTINUOUS
10
1.0083235433070865
20
1.7020631102362205
11
1.0096037007874015
21
1.7039789763779527
0
LINE
8
BLACK
6
CONTINUOUS
10
1.0096037007874015
20
1.7039789763779527
11
1.0115195669291339
21
1.7052591338582677
0
LINE
8
BLACK
6
CONTINUOUS
10
1.0115195669291339
20
1.7052591338582677
11
1.0137795275590551
21
1.7057086614173227
0
LINE
8
BLACK
6
CONTINUOUS
10
1.0137795275590551
20
1.7057086614173227
11
1.0255905511811023
21
1.7057086614173227
0
LINE
8
BLACK
6
CONTINUOUS
10
1.0255905511811023
20
1.7057086614173227
11
1.0278505118110235
21
1.7052591338582677
0
LINE
8
BLACK
6
CONTINUOUS
10
1.0672205905511811
20
1.7052591338582677
11
1.0691364566929134
21
1.7039789763779527
0
LINE
8
BLACK
6
CONTINUOUS
10
1.0691364566929134
20
1.7039789763779527
11
1.0704166141732283
21
1.7020631102362205
0
LINE
8
BLACK
6
CONTINUOUS
10
1.0704166141732283
20
1.7020631102362205
11
1.0708661417322833
21
1.6998031496062991
0
LINE
8
BLACK
6
CONTINUOUS
10
1.0708661417322833
20
1.6998031496062991
11
1.0708661417322833
21
1.6387795275590551
0
LINE
8
BLACK
6
CONTINUOUS
10
1.0708661417322833
20
1.6387795275590551
11
1.0704166141732283
21
1.6365195669291339
0
LINE
8
BLACK
6
CONTINUOUS
10
1.0704166141732283
20
1.6365195669291339
11
1.0691364566929134
21
1.6346037007874015
0
LINE
8
BLACK
6
CONTINUOUS
10
1.0691364566929134
20
1.6346037007874015
11
1.0672205905511811
21
1.6333235433070865
0
LINE
8
BLACK
6
CONTINUOUS
10
1.0672205905511811
20
1.6333235433070865
11
1.0649606299212597
21
1.6328740157480315
0
LINE
8
BLACK
6
CONTINUOUS
10
1.0649606299212597
20
1.6328740157480315
11
1.0531496062992125
21
1.6328740157480315
0
LINE
8
BLACK
6
CONTINUOUS
10
1.0531496062992125
20
1.6328740157480315
11
1.0508896456692913
21
1.6333235433070865
0
LINE
8
BLACK
6
CONTINUOUS
10
1.0508896456692913
20
1.6333235433070865
11
1.0489737795275591
21
1.6346037007874015
0
LINE
8
BLACK
6
CONTINUOUS
10
1.0489737795275591
20
1.6346037007874015
11
1.0476936220472441
21
1.6365195669291339
0
LINE
8
BLACK
6
CONTINUOUS
10
1.0476936220472441
20
1.6365195669291339
11
1.0472440944881889
21
1.6387795275590551
0
LINE
8
BLACK
6
CONTINUOUS
10
1.0472440944881889
20
1.6387795275590551
11
1.0472440944881889
21
1.6998031496062991
0
LINE
8
BLACK
6
CONTINUOUS
10
1.0472440944881889
20
1.6998031496062991
11
1.0476936220472441
21
1.7020631102362205
0
LINE
8
BLACK
6
CONTINUOUS
10
1.0476936220472441
20
1.7020631102362205
11
1.0489737795275591
21
1.7039789763779527
0
LINE
8
BLACK
6
CONTINUOUS
10
1.0489737795275591
20
1.7039789763779527
11
1.0508896456692913
21
1.7052591338582677
0
LINE
8
BLACK
6
CONTINUOUS
10
1.0508896456692913
20
1.7052591338582677
11
1.0531496062992125
21
1.7057086614173227
0
LINE
8
BLACK
6
CONTINUOUS
10
1.0531496062992125
20
1.7057086614173227
11
1.0649606299212597
21
1.7057086614173227
0
LINE
8
BLACK
6
CONTINUOUS
10
1.0649606299212597
20
1.7057086614173227
11
1.0672205905511811
21
1.7052591338582677
0
LINE
8
BLACK
6
CONTINUOUS
10
0.4753937007874016
20
1.6333267716535433
11
0.4576771653543307
21
1.6333267716535433
0
LINE
8
BLACK
6
CONTINUOUS
10
0.4576771653543307
20
1.6333267716535433
11
0.4576771653543307
21
1.6913976377952755
0
LINE
8
BLACK
6
CONTINUOUS
10
0.4576771653543307
20
1.6913976377952755
11
0.4753937007874016
21
1.6913976377952755
0
LINE
8
BLACK
6
CONTINUOUS
10
0.4753937007874016
20
1.6913976377952755
11
0.4753937007874016
21
1.6333267716535433
0
LINE
8
BLACK
6
CONTINUOUS
10
0.5009842519685039
20
1.6333267716535433
11
0.483267716535433
21
1.6333267716535433
0
LINE
8
BLACK
6
CONTINUOUS
10
0.483267716535433
20
1.6333267716535433
11
0.483267716535433
21
1.6913976377952755
0
LINE
8
BLACK
6
CONTINUOUS
10
0.483267716535433
20
1.6913976377952755
11
0.5009842519685039
21
1.6913976377952755
0
LINE
8
BLACK
6
CONTINUOUS
10
0.5009842519685039
20
1.6913976377952755
11
0.5009842519685039
21
1.6333267716535433
0
LINE
8
BLACK
6
CONTINUOUS
10
0.5265748031496063
20
1.6333267716535433
11
0.5088582677165354
21
1.6333267716535433
0
LINE
8
BLACK
6
CONTINUOUS
10
0.5088582677165354
20
1.6333267716535433
11
0.5088582677165354
21
1.6913976377952755
0
LINE
8
BLACK
6
CONTINUOUS
10
0.5088582677165354
20
1.6913976377952755
11
0.5265748031496063
21
1.6913976377952755
0
LINE
8
BLACK
6
CONTINUOUS
10
0.5265748031496063
20
1.6913976377952755
11
0.5265748031496063
21
1.6333267716535433
0
LINE
8
BLACK
6
CONTINUOUS
10
0.5521653543307087
20
1.6333267716535433
11
0.5344488188976377
21
1.6333267716535433
0
LINE
8
BLACK
6
CONTINUOUS
10
0.5344488188976377
20
1.6333267716535433
11
0.5344488188976377
21
1.6913976377952755
0
LINE
8
BLACK
6
CONTINUOUS
10
0.5344488188976377
20
1.6913976377952755
11
0.5521653543307087
21
1.6913976377952755
0
LINE
8
BLACK
6
CONTINUOUS
10
0.5521653543307087
20
1.6913976377952755
11
0.5521653543307087
21
1.6333267716535433
0
LINE
8
BLACK
6
CONTINUOUS
10
0.577755905511811
20
1.6333267716535433
11
0.5600393700787402
21
1.6333267716535433
0
LINE
8
BLACK
6
CONTINUOUS
10
0.5600393700787402
20
1.6333267716535433
11
0.5600393700787402
21
1.6913976377952755
0
LINE
8
BLACK
6
CONTINUOUS
10
0.5600393700787402
20
1.6913976377952755
11
0.577755905511811
21
1.6913976377952755
0
LINE
8
BLACK
6
CONTINUOUS
10
0.577755905511811
20
1.6913976377952755
11
0.577755905511811
21
1.6333267716535433
0
LINE
8
BLACK
6
CONTINUOUS
10
0.6033464566929134
20
1.6333267716535433
11
0.5856299212598425
21
1.6333267716535433
0
LINE
8
BLACK
6
CONTINUOUS
10
0.5856299212598425
20
1.6333267716535433
11
0.5856299212598425
21
1.6913976377952755
0
LINE
8
BLACK
6
CONTINUOUS
10
0.5856299212598425
20
1.6913976377952755
11
0.6033464566929134
21
1.6913976377952755
0
LINE
8
BLACK
6
CONTINUOUS
10
0.6033464566929134
20
1.6913976377952755
11
0.6033464566929134
21
1.6333267716535433
0
LINE
8
BLACK
6
CONTINUOUS
10
0.6289370078740157
20
1.6333267716535433
11
0.6112204724409449
21
1.6333267716535433
0
LINE
8
BLACK
6
CONTINUOUS
10
0.6112204724409449
20
1.6333267716535433
11
0.6112204724409449
21
1.6913976377952755
0
LINE
8
BLACK
6
CONTINUOUS
10
0.6112204724409449
20
1.6913976377952755
11
0.6289370078740157
21
1.6913976377952755
0
LINE
8
BLACK
6
CONTINUOUS
10
0.6289370078740157
20
1.6913976377952755
11
0.6289370078740157
21
1.6333267716535433
0
LINE
8
BLACK
6
CONTINUOUS
10
0.6545275590551181
20
1.6333267716535433
11
0.6368110236220472
21
1.6333267716535433
0
LINE
8
BLACK
6
CONTINUOUS
10
0.6368110236220472
20
1.6333267716535433
11
0.6368110236220472
21
1.6913976377952755
0
LINE
8
BLACK
6
CONTINUOUS
10
0.6368110236220472
20
1.6913976377952755
11
0.6545275590551181
21
1.6913976377952755
0
LINE
8
BLACK
6
CONTINUOUS
10
0.6545275590551181
20
1.6913976377952755
11
0.6545275590551181
21
1.6333267716535433
0
LINE
8
BLACK
6
CONTINUOUS
10
1.5608532283464567
20
1.7010224409448818
11
1.5640463779527558
21
1.6988888582677164
0
LINE
8
BLACK
6
CONTINUOUS
10
1.5640463779527558
20
1.6988888582677164
11
1.5661799606299212
21
1.6956957086614173
0
LINE
8
BLACK
6
CONTINUOUS
10
1.5661799606299212
20
1.6956957086614173
11
1.5669291732283464
21
1.6919291338582676
0
LINE
8
BLACK
6
CONTINUOUS
10
1.5669291732283464
20
1.6919291338582676
11
1.5669291732283464
21
1.6545275590551181
0
LINE
8
BLACK
6
CONTINUOUS
10
1.5669291732283464
20
1.6545275590551181
11
1.5661799606299212
21
1.6507609842519684
0
LINE
8
BLACK
6
CONTINUOUS
10
1.5661799606299212
20
1.6507609842519684
11
1.5640463779527558
21
1.6475678346456692
0
LINE
8
BLACK
6
CONTINUOUS
10
1.5640463779527558
20
1.6475678346456692
11
1.5608532283464567
21
1.6454342519685039
0
LINE
8
BLACK
6
CONTINUOUS
10
1.5608532283464567
20
1.6454342519685039
11
1.557086653543307
21
1.6446850393700787
0
LINE
8
BLACK
6
CONTINUOUS
10
1.557086653543307
20
1.6446850393700787
11
1.5374016141732283
21
1.6446850393700787
0
LINE
8
BLACK
6
CONTINUOUS
10
1.5374016141732283
20
1.6446850393700787
11
1.5336350393700786
21
1.6454342519685039
0
LINE
8
BLACK
6
CONTINUOUS
10
1.5336350393700786
20
1.6454342519685039
11
1.5304418897637795
21
1.6475678346456692
0
LINE
8
BLACK
6
CONTINUOUS
10
1.5304418897637795
20
1.6475678346456692
11
1.5283083070866141
21
1.6507609842519684
0
LINE
8
BLACK
6
CONTINUOUS
10
1.5283083070866141
20
1.6507609842519684
11
1.5275590944881889
21
1.6545275590551181
0
LINE
8
BLACK
6
CONTINUOUS
10
1.5275590944881889
20
1.6545275590551181
11
1.5275590944881889
21
1.6919291338582676
0
LINE
8
BLACK
6
CONTINUOUS
10
1.5275590944881889
20
1.6919291338582676
11
1.5283083070866141
21
1.6956957086614173
0
LINE
8
BLACK
6
CONTINUOUS
10
1.5283083070866141
20
1.6956957086614173
11
1.5304418897637795
21
1.6988888582677164
0
LINE
8
BLACK
6
CONTINUOUS
10
1.5304418897637795
20
1.6988888582677164
11
1.5336350393700786
21
1.7010224409448818
0
LINE
8
BLACK
6
CONTINUOUS
10
1.5336350393700786
20
1.7010224409448818
11
1.5374016141732283
21
1.701771653543307
0
LINE
8
BLACK
6
CONTINUOUS
10
1.5374016141732283
20
1.701771653543307
11
1.557086653543307
21
1.701771653543307
0
LINE
8
BLACK
6
CONTINUOUS
10
1.557086653543307
20
1.701771653543307
11
1.5608532283464567
21
1.7010224409448818
0
LINE
8
BLACK
6
CONTINUOUS
10
1.6356563779527558
20
1.7010224409448818
11
1.6388495275590551
21
1.6988888582677164
0
LINE
8
BLACK
6
CONTINUOUS
10
1.6388495275590551
20
1.6988888582677164
11
1.6409831102362205
21
1.6956957086614173
0
LINE
8
BLACK
6
CONTINUOUS
10
1.6409831102362205
20
1.6956957086614173
11
1.6417323228346457
21
1.6919291338582676
0
LINE
8
BLACK
6
CONTINUOUS
10
1.6417323228346457
20
1.6919291338582676
11
1.6417323228346457
21
1.6545275590551181
0
LINE
8
BLACK
6
CONTINUOUS
10
1.6417323228346457
20
1.6545275590551181
11
1.6409831102362205
21
1.6507609842519684
0
LINE
8
BLACK
6
CONTINUOUS
10
1.6409831102362205
20
1.6507609842519684
11
1.6388495275590551
21
1.6475678346456692
0
LINE
8
BLACK
6
CONTINUOUS
10
1.6388495275590551
20
1.6475678346456692
11
1.6356563779527558
21
1.6454342519685039
0
LINE
8
BLACK
6
CONTINUOUS
10
1.6356563779527558
20
1.6454342519685039
11
1.6318898031496063
21
1.6446850393700787
0
LINE
8
BLACK
6
CONTINUOUS
10
1.6318898031496063
20
1.6446850393700787
11
1.6122047637795276
21
1.6446850393700787
0
LINE
8
BLACK
6
CONTINUOUS
10
1.6122047637795276
20
1.6446850393700787
11
1.6084381889763779
21
1.6454342519685039
0
LINE
8
BLACK
6
CONTINUOUS
10
1.6084381889763779
20
1.6454342519685039
11
1.6052450393700788
21
1.6475678346456692
0
LINE
8
BLACK
6
CONTINUOUS
10
1.6052450393700788
20
1.6475678346456692
11
1.6031114566929134
21
1.6507609842519684
0
LINE
8
BLACK
6
CONTINUOUS
10
1.6031114566929134
20
1.6507609842519684
11
1.6023622440944882
21
1.6545275590551181
0
LINE
8
BLACK
6
CONTINUOUS
10
1.6023622440944882
20
1.6545275590551181
11
1.6023622440944882
21
1.6919291338582676
0
LINE
8
BLACK
6
CONTINUOUS
10
1.6023622440944882
20
1.6919291338582676
11
1.6031114566929134
21
1.6956957086614173
0
LINE
8
BLACK
6
CONTINUOUS
10
1.6031114566929134
20
1.6956957086614173
11
1.6052450393700788
21
1.6988888582677164
0
LINE
8
BLACK
6
CONTINUOUS
10
1.6052450393700788
20
1.6988888582677164
11
1.6084381889763779
21
1.7010224409448818
0
LINE
8
BLACK
6
CONTINUOUS
10
1.6084381889763779
20
1.7010224409448818
11
1.6122047637795276
21
1.701771653543307
0
LINE
8
BLACK
6
CONTINUOUS
10
1.6122047637795276
20
1.701771653543307
11
1.6318898031496063
21
1.701771653543307
0
LINE
8
BLACK
6
CONTINUOUS
10
1.6318898031496063
20
1.701771653543307
11
1.6356563779527558
21
1.7010224409448818
0
LINE
8
BLACK
6
CONTINUOUS
10
1.3054095669291339
20
1.7328181889763778
11
1.3073254330708661
21
1.7315380314960629
0
LINE
8
BLACK
6
CONTINUOUS
10
1.3073254330708661
20
1.7315380314960629
11
1.3086055905511811
21
1.7296221653543307
0
LINE
8
BLACK
6
CONTINUOUS
10
1.3086055905511811
20
1.7296221653543307
11
1.3090551181102361
21
1.7273622047244095
0
LINE
8
BLACK
6
CONTINUOUS
10
1.3090551181102361
20
1.7273622047244095
11
1.3090551181102361
21
1.6870078740157479
0
LINE
8
BLACK
6
CONTINUOUS
10
1.3090551181102361
20
1.6870078740157479
11
1.3086055905511811
21
1.6847479133858267
0
LINE
8
BLACK
6
CONTINUOUS
10
1.3086055905511811
20
1.6847479133858267
11
1.3073254330708661
21
1.6828320472440945
0
LINE
8
BLACK
6
CONTINUOUS
10
1.3073254330708661
20
1.6828320472440945
11
1.3054095669291339
21
1.6815518897637796
0
LINE
8
BLACK
6
CONTINUOUS
10
1.3054095669291339
20
1.6815518897637796
11
1.3031496062992125
21
1.6811023622047243
0
LINE
8
BLACK
6
CONTINUOUS
10
1.3031496062992125
20
1.6811023622047243
11
1.2913385826771653
21
1.6811023622047243
0
LINE
8
BLACK
6
CONTINUOUS
10
1.2913385826771653
20
1.6811023622047243
11
1.2890786220472441
21
1.6815518897637796
0
LINE
8
BLACK
6
CONTINUOUS
10
1.2890786220472441
20
1.6815518897637796
11
1.2871627559055119
21
1.6828320472440945
0
LINE
8
BLACK
6
CONTINUOUS
10
1.2871627559055119
20
1.6828320472440945
11
1.2858825984251969
21
1.6847479133858267
0
LINE
8
BLACK
6
CONTINUOUS
10
1.2858825984251969
20
1.6847479133858267
11
1.2854330708661417
21
1.6870078740157479
0
LINE
8
BLACK
6
CONTINUOUS
10
1.2854330708661417
20
1.6870078740157479
11
1.2854330708661417
21
1.7273622047244095
0
LINE
8
BLACK
6
CONTINUOUS
10
1.2854330708661417
20
1.7273622047244095
11
1.2858825984251969
21
1.7296221653543307
0
LINE
8
BLACK
6
CONTINUOUS
10
1.2858825984251969
20
1.7296221653543307
11
1.2871627559055119
21
1.7315380314960629
0
LINE
8
BLACK
6
CONTINUOUS
10
1.2871627559055119
20
1.7315380314960629
11
1.2890786220472441
21
1.7328181889763778
0
LINE
8
BLACK
6
CONTINUOUS
10
1.2890786220472441
20
1.7328181889763778
11
1.2913385826771653
21
1.7332677165354331
0
LINE
8
BLACK
6
CONTINUOUS
10
1.2913385826771653
20
1.7332677165354331
11
1.3031496062992125
21
1.7332677165354331
0
LINE
8
BLACK
6
CONTINUOUS
10
1.3031496062992125
20
1.7332677165354331
11
1.3054095669291339
21
1.7328181889763778
0
LINE
8
BLACK
6
CONTINUOUS
10
1.380212716535433
20
1.7328181889763778
11
1.3821285826771654
21
1.7315380314960629
0
LINE
8
BLACK
6
CONTINUOUS
10
1.3821285826771654
20
1.7315380314960629
11
1.3834087401574804
21
1.7296221653543307
0
LINE
8
BLACK
6
CONTINUOUS
10
1.3834087401574804
20
1.7296221653543307
11
1.3838582677165354
21
1.7273622047244095
0
LINE
8
BLACK
6
CONTINUOUS
10
1.3838582677165354
20
1.7273622047244095
11
1.3838582677165354
21
1.6870078740157479
0
LINE
8
BLACK
6
CONTINUOUS
10
1.3838582677165354
20
1.6870078740157479
11
1.3834087401574804
21
1.6847479133858267
0
LINE
8
BLACK
6
CONTINUOUS
10
1.3834087401574804
20
1.6847479133858267
11
1.3821285826771654
21
1.6828320472440945
0
LINE
8
BLACK
6
CONTINUOUS
10
1.3821285826771654
20
1.6828320472440945
11
1.380212716535433
21
1.6815518897637796
0
LINE
8
BLACK
6
CONTINUOUS
10
1.380212716535433
20
1.6815518897637796
11
1.3779527559055118
21
1.6811023622047243
0
LINE
8
BLACK
6
CONTINUOUS
10
1.3779527559055118
20
1.6811023622047243
11
1.3661417322834646
21
1.6811023622047243
0
LINE
8
BLACK
6
CONTINUOUS
10
1.3661417322834646
20
1.6811023622047243
11
1.3638817716535432
21
1.6815518897637796
0
LINE
8
BLACK
6
CONTINUOUS
10
1.3638817716535432
20
1.6815518897637796
11
1.361965905511811
21
1.6828320472440945
0
LINE
8
BLACK
6
CONTINUOUS
10
1.361965905511811
20
1.6828320472440945
11
1.360685748031496
21
1.6847479133858267
0
LINE
8
BLACK
6
CONTINUOUS
10
1.360685748031496
20
1.6847479133858267
11
1.360236220472441
21
1.6870078740157479
0
LINE
8
BLACK
6
CONTINUOUS
10
1.360236220472441
20
1.6870078740157479
11
1.360236220472441
21
1.7273622047244095
0
LINE
8
BLACK
6
CONTINUOUS
10
1.360236220472441
20
1.7273622047244095
11
1.360685748031496
21
1.7296221653543307
0
LINE
8
BLACK
6
CONTINUOUS
10
1.360685748031496
20
1.7296221653543307
11
1.361965905511811
21
1.7315380314960629
0
LINE
8
BLACK
6
CONTINUOUS
10
1.361965905511811
20
1.7315380314960629
11
1.3638817716535432
21
1.7328181889763778
0
LINE
8
BLACK
6
CONTINUOUS
10
1.3638817716535432
20
1.7328181889763778
11
1.3661417322834646
21
1.7332677165354331
0
LINE
8
BLACK
6
CONTINUOUS
10
1.3661417322834646
20
1.7332677165354331
11
1.3779527559055118
21
1.7332677165354331
0
LINE
8
BLACK
6
CONTINUOUS
10
1.3779527559055118
20
1.7332677165354331
11
1.380212716535433
21
1.7328181889763778
0
LINE
8
BLACK
6
CONTINUOUS
10
0.8464566929133858
20
1.7047244094488188
11
0.7637795275590551
21
1.7047244094488188
0
LINE
8
BLACK
6
CONTINUOUS
10
0.7637795275590551
20
1.7047244094488188
11
0.7637795275590551
21
1.8740157480314961
0
LINE
8
BLACK
6
CONTINUOUS
10
0.7637795275590551
20
1.8740157480314961
11
0.8464566929133858
21
1.8740157480314961
0
LINE
8
BLACK
6
CONTINUOUS
10
0.8464566929133858
20
1.8740157480314961
11
0.8464566929133858
21
1.7047244094488188
0
LINE
8
BLACK
6
CONTINUOUS
10
1.2362204724409449
20
1.7047244094488188
11
1.1535433070866141
21
1.7047244094488188
0
LINE
8
BLACK
6
CONTINUOUS
10
1.1535433070866141
20
1.7047244094488188
11
1.1535433070866141
21
1.8740157480314961
0
LINE
8
BLACK
6
CONTINUOUS
10
1.1535433070866141
20
1.8740157480314961
11
1.2362204724409449
21
1.8740157480314961
0
LINE
8
BLACK
6
CONTINUOUS
10
1.2362204724409449
20
1.8740157480314961
11
1.2362204724409449
21
1.7047244094488188
0
LINE
8
BLACK
6
CONTINUOUS
10
1.4712862598425196
20
1.7492507874015748
11
1.4744794094488189
21
1.7471172047244095
0
LINE
8
BLACK
6
CONTINUOUS
10
1.4744794094488189
20
1.7471172047244095
11
1.4766129921259843
21
1.7439240551181101
0
LINE
8
BLACK
6
CONTINUOUS
10
1.4766129921259843
20
1.7439240551181101
11
1.4773622047244095
21
1.7401574803149606
0
LINE
8
BLACK
6
CONTINUOUS
10
1.4773622047244095
20
1.7401574803149606
11
1.4773622047244095
21
1.7204724409448819
0
LINE
8
BLACK
6
CONTINUOUS
10
1.4773622047244095
20
1.7204724409448819
11
1.4766129921259843
21
1.7167058661417323
0
LINE
8
BLACK
6
CONTINUOUS
10
1.4766129921259843
20
1.7167058661417323
11
1.4744794094488189
21
1.7135127165354331
0
LINE
8
BLACK
6
CONTINUOUS
10
1.4744794094488189
20
1.7135127165354331
11
1.4712862598425196
21
1.7113791338582678
0
LINE
8
BLACK
6
CONTINUOUS
10
1.4712862598425196
20
1.7113791338582678
11
1.4675196850393701
21
1.7106299212598426
0
LINE
8
BLACK
6
CONTINUOUS
10
1.4675196850393701
20
1.7106299212598426
11
1.4301181102362204
21
1.7106299212598426
0
LINE
8
BLACK
6
CONTINUOUS
10
1.4301181102362204
20
1.7106299212598426
11
1.4263515354330709
21
1.7113791338582678
0
LINE
8
BLACK
6
CONTINUOUS
10
1.4263515354330709
20
1.7113791338582678
11
1.4231583858267716
21
1.7135127165354331
0
LINE
8
BLACK
6
CONTINUOUS
10
1.4231583858267716
20
1.7135127165354331
11
1.4210248031496062
21
1.7167058661417323
0
LINE
8
BLACK
6
CONTINUOUS
10
1.4210248031496062
20
1.7167058661417323
11
1.420275590551181
21
1.7204724409448819
0
LINE
8
BLACK
6
CONTINUOUS
10
1.420275590551181
20
1.7204724409448819
11
1.420275590551181
21
1.7401574803149606
0
LINE
8
BLACK
6
CONTINUOUS
10
1.420275590551181
20
1.7401574803149606
11
1.4210248031496062
21
1.7439240551181101
0
LINE
8
BLACK
6
CONTINUOUS
10
1.4210248031496062
20
1.7439240551181101
11
1.4231583858267716
21
1.7471172047244095
0
LINE
8
BLACK
6
CONTINUOUS
10
1.4231583858267716
20
1.7471172047244095
11
1.4263515354330709
21
1.7492507874015748
0
LINE
8
BLACK
6
CONTINUOUS
10
1.4263515354330709
20
1.7492507874015748
11
1.4301181102362204
21
1.75
0
LINE
8
BLACK
6
CONTINUOUS
10
1.4301181102362204
20
1.75
11
1.4675196850393701
21
1.75
0
LINE
8
BLACK
6
CONTINUOUS
10
1.4675196850393701
20
1.75
11
1.4712862598425196
21
1.7492507874015748
0
LINE
8
BLACK
6
CONTINUOUS
10
0.4112468897637795
20
1.7827153543307086
11
0.4144400393700787
21
1.7805817716535433
0
LINE
8
BLACK
6
CONTINUOUS
10
0.4144400393700787
20
1.7805817716535433
11
0.4165736220472441
21
1.7773886220472441
0
LINE
8
BLACK
6
CONTINUOUS
10
0.4165736220472441
20
1.7773886220472441
11
0.4173228346456693
21
1.7736220472440944
0
LINE
8
BLACK
6
CONTINUOUS
10
0.4173228346456693
20
1.7736220472440944
11
0.4173228346456693
21
1.7529527559055118
0
LINE
8
BLACK
6
CONTINUOUS
10
0.4173228346456693
20
1.7529527559055118
11
0.4165736220472441
21
1.7491861811023621
0
LINE
8
BLACK
6
CONTINUOUS
10
0.4165736220472441
20
1.7491861811023621
11
0.4144400393700787
21
1.745993031496063
0
LINE
8
BLACK
6
CONTINUOUS
10
0.4144400393700787
20
1.745993031496063
11
0.4112468897637795
21
1.7438594488188977
0
LINE
8
BLACK
6
CONTINUOUS
10
0.4112468897637795
20
1.7438594488188977
11
0.4074803149606299
21
1.7431102362204725
0
LINE
8
BLACK
6
CONTINUOUS
10
0.4074803149606299
20
1.7431102362204725
11
0.3720472440944882
21
1.7431102362204725
0
LINE
8
BLACK
6
CONTINUOUS
10
0.3720472440944882
20
1.7431102362204725
11
0.3682806692913386
21
1.7438594488188977
0
LINE
8
BLACK
6
CONTINUOUS
10
0.3682806692913386
20
1.7438594488188977
11
0.3650875196850394
21
1.745993031496063
0
LINE
8
BLACK
6
CONTINUOUS
10
0.3650875196850394
20
1.745993031496063
11
0.362953937007874
21
1.7491861811023621
0
LINE
8
BLACK
6
CONTINUOUS
10
0.362953937007874
20
1.7491861811023621
11
0.3622047244094488
21
1.7529527559055118
0
LINE
8
BLACK
6
CONTINUOUS
10
0.3622047244094488
20
1.7529527559055118
11
0.3622047244094488
21
1.7736220472440944
0
LINE
8
BLACK
6
CONTINUOUS
10
0.3622047244094488
20
1.7736220472440944
11
0.362953937007874
21
1.7773886220472441
0
LINE
8
BLACK
6
CONTINUOUS
10
0.362953937007874
20
1.7773886220472441
11
0.3650875196850394
21
1.7805817716535433
0
LINE
8
BLACK
6
CONTINUOUS
10
0.3650875196850394
20
1.7805817716535433
11
0.3682806692913386
21
1.7827153543307086
0
LINE
8
BLACK
6
CONTINUOUS
10
0.3682806692913386
20
1.7827153543307086
11
0.3720472440944882
21
1.7834645669291338
0
LINE
8
BLACK
6
CONTINUOUS
10
0.3720472440944882
20
1.7834645669291338
11
0.4074803149606299
21
1.7834645669291338
0
LINE
8
BLACK
6
CONTINUOUS
10
0.4074803149606299
20
1.7834645669291338
11
0.4112468897637795
21
1.7827153543307086
0
LINE
8
BLACK
6
CONTINUOUS
10
1.3054095669291339
20
1.8223851181102362
11
1.3073254330708661
21
1.8211049606299212
0
LINE
8
BLACK
6
CONTINUOUS
10
1.3073254330708661
20
1.8211049606299212
11
1.3086055905511811
21
1.819189094488189
0
LINE
8
BLACK
6
CONTINUOUS
10
1.3086055905511811
20
1.819189094488189
11
1.3090551181102361
21
1.8169291338582676
0
LINE
8
BLACK
6
CONTINUOUS
10
1.3090551181102361
20
1.8169291338582676
11
1.3090551181102361
21
1.7765748031496063
0
LINE
8
BLACK
6
CONTINUOUS
10
1.3090551181102361
20
1.7765748031496063
11
1.3086055905511811
21
1.7743148425196851
0
LINE
8
BLACK
6
CONTINUOUS
10
1.3086055905511811
20
1.7743148425196851
11
1.3073254330708661
21
1.7723989763779526
0
LINE
8
BLACK
6
CONTINUOUS
10
1.3073254330708661
20
1.7723989763779526
11
1.3054095669291339
21
1.7711188188976377
0
LINE
8
BLACK
6
CONTINUOUS
10
1.3054095669291339
20
1.7711188188976377
11
1.3031496062992125
21
1.7706692913385826
0
LINE
8
BLACK
6
CONTINUOUS
10
1.3031496062992125
20
1.7706692913385826
11
1.2913385826771653
21
1.7706692913385826
0
LINE
8
BLACK
6
CONTINUOUS
10
1.2913385826771653
20
1.7706692913385826
11
1.2890786220472441
21
1.7711188188976377
0
LINE
8
BLACK
6
CONTINUOUS
10
1.2890786220472441
20
1.7711188188976377
11
1.2871627559055119
21
1.7723989763779526
0
LINE
8
BLACK
6
CONTINUOUS
10
1.2871627559055119
20
1.7723989763779526
11
1.2858825984251969
21
1.7743148425196851
0
LINE
8
BLACK
6
CONTINUOUS
10
1.2858825984251969
20
1.7743148425196851
11
1.2854330708661417
21
1.7765748031496063
0
LINE
8
BLACK
6
CONTINUOUS
10
1.2854330708661417
20
1.7765748031496063
11
1.2854330708661417
21
1.8169291338582676
0
LINE
8
BLACK
6
CONTINUOUS
10
1.2854330708661417
20
1.8169291338582676
11
1.2858825984251969
21
1.819189094488189
0
LINE
8
BLACK
6
CONTINUOUS
10
1.2858825984251969
20
1.819189094488189
11
1.2871627559055119
21
1.8211049606299212
0
LINE
8
BLACK
6
CONTINUOUS
10
1.2871627559055119
20
1.8211049606299212
11
1.2890786220472441
21
1.8223851181102362
0
LINE
8
BLACK
6
CONTINUOUS
10
1.2890786220472441
20
1.8223851181102362
11
1.2913385826771653
21
1.8228346456692912
0
LINE
8
BLACK
6
CONTINUOUS
10
1.2913385826771653
20
1.8228346456692912
11
1.3031496062992125
21
1.8228346456692912
0
LINE
8
BLACK
6
CONTINUOUS
10
1.3031496062992125
20
1.8228346456692912
11
1.3054095669291339
21
1.8223851181102362
0
LINE
8
BLACK
6
CONTINUOUS
10
1.3428111417322834
20
1.8223851181102362
11
1.3447270078740157
21
1.8211049606299212
0
LINE
8
BLACK
6
CONTINUOUS
10
1.3447270078740157
20
1.8211049606299212
11
1.3460071653543306
21
1.819189094488189
0
LINE
8
BLACK
6
CONTINUOUS
10
1.3460071653543306
20
1.819189094488189
11
1.3464566929133859
21
1.8169291338582676
0
LINE
8
BLACK
6
CONTINUOUS
10
1.3464566929133859
20
1.8169291338582676
11
1.3464566929133859
21
1.7765748031496063
0
LINE
8
BLACK
6
CONTINUOUS
10
1.3464566929133859
20
1.7765748031496063
11
1.3460071653543306
21
1.7743148425196851
0
LINE
8
BLACK
6
CONTINUOUS
10
1.3460071653543306
20
1.7743148425196851
11
1.3447270078740157
21
1.7723989763779526
0
LINE
8
BLACK
6
CONTINUOUS
10
1.3447270078740157
20
1.7723989763779526
11
1.3428111417322834
21
1.7711188188976377
0
LINE
8
BLACK
6
CONTINUOUS
10
1.3428111417322834
20
1.7711188188976377
11
1.3405511811023623
21
1.7706692913385826
0
LINE
8
BLACK
6
CONTINUOUS
10
1.3405511811023623
20
1.7706692913385826
11
1.3287401574803148
21
1.7706692913385826
0
LINE
8
BLACK
6
CONTINUOUS
10
1.3287401574803148
20
1.7706692913385826
11
1.3264801968503936
21
1.7711188188976377
0
LINE
8
BLACK
6
CONTINUOUS
10
1.3264801968503936
20
1.7711188188976377
11
1.3245643307086614
21
1.7723989763779526
0
LINE
8
BLACK
6
CONTINUOUS
10
1.3245643307086614
20
1.7723989763779526
11
1.3232841732283465
21
1.7743148425196851
0
LINE
8
BLACK
6
CONTINUOUS
10
1.3232841732283465
20
1.7743148425196851
11
1.3228346456692912
21
1.7765748031496063
0
LINE
8
BLACK
6
CONTINUOUS
10
1.3228346456692912
20
1.7765748031496063
11
1.3228346456692912
21
1.8169291338582676
0
LINE
8
BLACK
6
CONTINUOUS
10
1.3228346456692912
20
1.8169291338582676
11
1.3232841732283465
21
1.819189094488189
0
LINE
8
BLACK
6
CONTINUOUS
10
1.3232841732283465
20
1.819189094488189
11
1.3245643307086614
21
1.8211049606299212
0
LINE
8
BLACK
6
CONTINUOUS
10
1.3245643307086614
20
1.8211049606299212
11
1.3264801968503936
21
1.8223851181102362
0
LINE
8
BLACK
6
CONTINUOUS
10
1.3264801968503936
20
1.8223851181102362
11
1.3287401574803148
21
1.8228346456692912
0
LINE
8
BLACK
6
CONTINUOUS
10
1.3287401574803148
20
1.8228346456692912
11
1.3405511811023623
21
1.8228346456692912
0
LINE
8
BLACK
6
CONTINUOUS
10
1.3405511811023623
20
1.8228346456692912
11
1.3428111417322834
21
1.8223851181102362
0
LINE
8
BLACK
6
CONTINUOUS
10
1.380212716535433
20
1.8223851181102362
11
1.3821285826771654
21
1.8211049606299212
0
LINE
8
BLACK
6
CONTINUOUS
10
1.3821285826771654
20
1.8211049606299212
11
1.3834087401574804
21
1.819189094488189
0
LINE
8
BLACK
6
CONTINUOUS
10
1.3834087401574804
20
1.819189094488189
11
1.3838582677165354
21
1.8169291338582676
0
LINE
8
BLACK
6
CONTINUOUS
10
1.3838582677165354
20
1.8169291338582676
11
1.3838582677165354
21
1.7765748031496063
0
LINE
8
BLACK
6
CONTINUOUS
10
1.3838582677165354
20
1.7765748031496063
11
1.3834087401574804
21
1.7743148425196851
0
LINE
8
BLACK
6
CONTINUOUS
10
1.3834087401574804
20
1.7743148425196851
11
1.3821285826771654
21
1.7723989763779526
0
LINE
8
BLACK
6
CONTINUOUS
10
1.3821285826771654
20
1.7723989763779526
11
1.380212716535433
21
1.7711188188976377
0
LINE
8
BLACK
6
CONTINUOUS
10
1.380212716535433
20
1.7711188188976377
11
1.3779527559055118
21
1.7706692913385826
0
LINE
8
BLACK
6
CONTINUOUS
10
1.3779527559055118
20
1.7706692913385826
11
1.3661417322834646
21
1.7706692913385826
0
LINE
8
BLACK
6
CONTINUOUS
10
1.3661417322834646
20
1.7706692913385826
11
1.3638817716535432
21
1.7711188188976377
0
LINE
8
BLACK
6
CONTINUOUS
10
1.3638817716535432
20
1.7711188188976377
11
1.361965905511811
21
1.7723989763779526
0
LINE
8
BLACK
6
CONTINUOUS
10
1.361965905511811
20
1.7723989763779526
11
1.360685748031496
21
1.7743148425196851
0
LINE
8
BLACK
6
CONTINUOUS
10
1.360685748031496
20
1.7743148425196851
11
1.360236220472441
21
1.7765748031496063
0
LINE
8
BLACK
6
CONTINUOUS
10
1.360236220472441
20
1.7765748031496063
11
1.360236220472441
21
1.8169291338582676
0
LINE
8
BLACK
6
CONTINUOUS
10
1.360236220472441
20
1.8169291338582676
11
1.360685748031496
21
1.819189094488189
0
LINE
8
BLACK
6
CONTINUOUS
10
1.360685748031496
20
1.819189094488189
11
1.361965905511811
21
1.8211049606299212
0
LINE
8
BLACK
6
CONTINUOUS
10
1.361965905511811
20
1.8211049606299212
11
1.3638817716535432
21
1.8223851181102362
0
LINE
8
BLACK
6
CONTINUOUS
10
1.3638817716535432
20
1.8223851181102362
11
1.3661417322834646
21
1.8228346456692912
0
LINE
8
BLACK
6
CONTINUOUS
10
1.3661417322834646
20
1.8228346456692912
11
1.3779527559055118
21
1.8228346456692912
0
LINE
8
BLACK
6
CONTINUOUS
10
1.3779527559055118
20
1.8228346456692912
11
1.380212716535433
21
1.8223851181102362
0
LINE
8
BLACK
6
CONTINUOUS
10
1.4712862598425196
20
1.8240539370078739
11
1.4744794094488189
21
1.8219203543307085
0
LINE
8
BLACK
6
CONTINUOUS
10
1.4744794094488189
20
1.8219203543307085
11
1.4766129921259843
21
1.8187272047244094
0
LINE
8
BLACK
6
CONTINUOUS
10
1.4766129921259843
20
1.8187272047244094
11
1.4773622047244095
21
1.8149606299212597
0
LINE
8
BLACK
6
CONTINUOUS
10
1.4773622047244095
20
1.8149606299212597
11
1.4773622047244095
21
1.795275590551181
0
LINE
8
BLACK
6
CONTINUOUS
10
1.4773622047244095
20
1.795275590551181
11
1.4766129921259843
21
1.7915090157480316
0
LINE
8
BLACK
6
CONTINUOUS
10
1.4766129921259843
20
1.7915090157480316
11
1.4744794094488189
21
1.7883158661417322
0
LINE
8
BLACK
6
CONTINUOUS
10
1.4744794094488189
20
1.7883158661417322
11
1.4712862598425196
21
1.7861822834645669
0
LINE
8
BLACK
6
CONTINUOUS
10
1.4712862598425196
20
1.7861822834645669
11
1.4675196850393701
21
1.7854330708661417
0
LINE
8
BLACK
6
CONTINUOUS
10
1.4675196850393701
20
1.7854330708661417
11
1.4301181102362204
21
1.7854330708661417
0
LINE
8
BLACK
6
CONTINUOUS
10
1.4301181102362204
20
1.7854330708661417
11
1.4263515354330709
21
1.7861822834645669
0
LINE
8
BLACK
6
CONTINUOUS
10
1.4263515354330709
20
1.7861822834645669
11
1.4231583858267716
21
1.7883158661417322
0
LINE
8
BLACK
6
CONTINUOUS
10
1.4231583858267716
20
1.7883158661417322
11
1.4210248031496062
21
1.7915090157480316
0
LINE
8
BLACK
6
CONTINUOUS
10
1.4210248031496062
20
1.7915090157480316
11
1.420275590551181
21
1.795275590551181
0
LINE
8
BLACK
6
CONTINUOUS
10
1.420275590551181
20
1.795275590551181
11
1.420275590551181
21
1.8149606299212597
0
LINE
8
BLACK
6
CONTINUOUS
10
1.420275590551181
20
1.8149606299212597
11
1.4210248031496062
21
1.8187272047244094
0
LINE
8
BLACK
6
CONTINUOUS
10
1.4210248031496062
20
1.8187272047244094
11
1.4231583858267716
21
1.8219203543307085
0
LINE
8
BLACK
6
CONTINUOUS
10
1.4231583858267716
20
1.8219203543307085
11
1.4263515354330709
21
1.8240539370078739
0
LINE
8
BLACK
6
CONTINUOUS
10
1.4263515354330709
20
1.8240539370078739
11
1.4301181102362204
21
1.8248031496062991
0
LINE
8
BLACK
6
CONTINUOUS
10
1.4301181102362204
20
1.8248031496062991
11
1.4675196850393701
21
1.8248031496062991
0
LINE
8
BLACK
6
CONTINUOUS
10
1.4675196850393701
20
1.8248031496062991
11
1.4712862598425196
21
1.8240539370078739
0
LINE
8
BLACK
6
CONTINUOUS
10
0.4112468897637795
20
1.8545657480314961
11
0.4144400393700787
21
1.8524321653543308
0
LINE
8
BLACK
6
CONTINUOUS
10
0.4144400393700787
20
1.8524321653543308
11
0.4165736220472441
21
1.8492390157480314
0
LINE
8
BLACK
6
CONTINUOUS
10
0.4165736220472441
20
1.8492390157480314
11
0.4173228346456693
21
1.8454724409448819
0
LINE
8
BLACK
6
CONTINUOUS
10
0.4173228346456693
20
1.8454724409448819
11
0.4173228346456693
21
1.8248031496062991
0
LINE
8
BLACK
6
CONTINUOUS
10
0.4173228346456693
20
1.8248031496062991
11
0.4165736220472441
21
1.8210365748031496
0
LINE
8
BLACK
6
CONTINUOUS
10
0.4165736220472441
20
1.8210365748031496
11
0.4144400393700787
21
1.8178434251968503
0
LINE
8
BLACK
6
CONTINUOUS
10
0.4144400393700787
20
1.8178434251968503
11
0.4112468897637795
21
1.8157098425196849
0
LINE
8
BLACK
6
CONTINUOUS
10
0.4112468897637795
20
1.8157098425196849
11
0.4074803149606299
21
1.8149606299212597
0
LINE
8
BLACK
6
CONTINUOUS
10
0.4074803149606299
20
1.8149606299212597
11
0.3720472440944882
21
1.8149606299212597
0
LINE
8
BLACK
6
CONTINUOUS
10
0.3720472440944882
20
1.8149606299212597
11
0.3682806692913386
21
1.8157098425196849
0
LINE
8
BLACK
6
CONTINUOUS
10
0.3682806692913386
20
1.8157098425196849
11
0.3650875196850394
21
1.8178434251968503
0
LINE
8
BLACK
6
CONTINUOUS
10
0.3650875196850394
20
1.8178434251968503
11
0.362953937007874
21
1.8210365748031496
0
LINE
8
BLACK
6
CONTINUOUS
10
0.362953937007874
20
1.8210365748031496
11
0.3622047244094488
21
1.8248031496062991
0
LINE
8
BLACK
6
CONTINUOUS
10
0.3622047244094488
20
1.8248031496062991
11
0.3622047244094488
21
1.8454724409448819
0
LINE
8
BLACK
6
CONTINUOUS
10
0.3622047244094488
20
1.8454724409448819
11
0.362953937007874
21
1.8492390157480314
0
LINE
8
BLACK
6
CONTINUOUS
10
0.362953937007874
20
1.8492390157480314
11
0.3650875196850394
21
1.8524321653543308
0
LINE
8
BLACK
6
CONTINUOUS
10
0.3650875196850394
20
1.8524321653543308
11
0.3682806692913386
21
1.8545657480314961
0
LINE
8
BLACK
6
CONTINUOUS
10
0.3682806692913386
20
1.8545657480314961
11
0.3720472440944882
21
1.8553149606299213
0
LINE
8
BLACK
6
CONTINUOUS
10
0.3720472440944882
20
1.8553149606299213
11
0.4074803149606299
21
1.8553149606299213
0
LINE
8
BLACK
6
CONTINUOUS
10
0.4074803149606299
20
1.8553149606299213
11
0.4112468897637795
21
1.8545657480314961
0
LINE
8
BLACK
6
CONTINUOUS
10
1.3113452755905513
20
1.9047625984251968
11
1.3145384251968504
21
1.9026290157480314
0
LINE
8
BLACK
6
CONTINUOUS
10
1.3145384251968504
20
1.9026290157480314
11
1.3166720078740157
21
1.8994358661417323
0
LINE
8
BLACK
6
CONTINUOUS
10
1.3166720078740157
20
1.8994358661417323
11
1.3174212204724409
21
1.8956692913385826
0
LINE
8
BLACK
6
CONTINUOUS
10
1.3174212204724409
20
1.8956692913385826
11
1.3174212204724409
21
1.860236220472441
0
LINE
8
BLACK
6
CONTINUOUS
10
1.3174212204724409
20
1.860236220472441
11
1.3166720078740157
21
1.8564696456692913
0
LINE
8
BLACK
6
CONTINUOUS
10
1.3166720078740157
20
1.8564696456692913
11
1.3145384251968504
21
1.8532764960629922
0
LINE
8
BLACK
6
CONTINUOUS
10
1.3145384251968504
20
1.8532764960629922
11
1.3113452755905513
21
1.8511429133858268
0
LINE
8
BLACK
6
CONTINUOUS
10
1.3113452755905513
20
1.8511429133858268
11
1.3075787007874016
21
1.8503937007874016
0
LINE
8
BLACK
6
CONTINUOUS
10
1.3075787007874016
20
1.8503937007874016
11
1.2869094094488189
21
1.8503937007874016
0
LINE
8
BLACK
6
CONTINUOUS
10
1.2869094094488189
20
1.8503937007874016
11
1.2831428346456693
21
1.8511429133858268
0
LINE
8
BLACK
6
CONTINUOUS
10
1.2831428346456693
20
1.8511429133858268
11
1.2799496850393701
21
1.8532764960629922
0
LINE
8
BLACK
6
CONTINUOUS
10
1.2799496850393701
20
1.8532764960629922
11
1.2778161023622048
21
1.8564696456692913
0
LINE
8
BLACK
6
CONTINUOUS
10
1.2778161023622048
20
1.8564696456692913
11
1.2770668897637796
21
1.860236220472441
0
LINE
8
BLACK
6
CONTINUOUS
10
1.2770668897637796
20
1.860236220472441
11
1.2770668897637796
21
1.8956692913385826
0
LINE
8
BLACK
6
CONTINUOUS
10
1.2770668897637796
20
1.8956692913385826
11
1.2778161023622048
21
1.8994358661417323
0
LINE
8
BLACK
6
CONTINUOUS
10
1.2778161023622048
20
1.8994358661417323
11
1.2799496850393701
21
1.9026290157480314
0
LINE
8
BLACK
6
CONTINUOUS
10
1.2799496850393701
20
1.9026290157480314
11
1.2831428346456693
21
1.9047625984251968
0
LINE
8
BLACK
6
CONTINUOUS
10
1.2831428346456693
20
1.9047625984251968
11
1.2869094094488189
21
1.905511811023622
0
LINE
8
BLACK
6
CONTINUOUS
10
1.2869094094488189
20
1.905511811023622
11
1.3075787007874016
21
1.905511811023622
0
LINE
8
BLACK
6
CONTINUOUS
10
1.3075787007874016
20
1.905511811023622
11
1.3113452755905513
21
1.9047625984251968
0
LINE
8
BLACK
6
CONTINUOUS
10
1.3831956692913385
20
1.9047625984251968
11
1.3863888188976377
21
1.9026290157480314
0
LINE
8
BLACK
6
CONTINUOUS
10
1.3863888188976377
20
1.9026290157480314
11
1.3885224015748032
21
1.8994358661417323
0
LINE
8
BLACK
6
CONTINUOUS
10
1.3885224015748032
20
1.8994358661417323
11
1.3892716141732284
21
1.8956692913385826
0
LINE
8
BLACK
6
CONTINUOUS
10
1.3892716141732284
20
1.8956692913385826
11
1.3892716141732284
21
1.860236220472441
0
LINE
8
BLACK
6
CONTINUOUS
10
1.3892716141732284
20
1.860236220472441
11
1.3885224015748032
21
1.8564696456692913
0
LINE
8
BLACK
6
CONTINUOUS
10
1.3885224015748032
20
1.8564696456692913
11
1.3863888188976377
21
1.8532764960629922
0
LINE
8
BLACK
6
CONTINUOUS
10
1.3863888188976377
20
1.8532764960629922
11
1.3831956692913385
21
1.8511429133858268
0
LINE
8
BLACK
6
CONTINUOUS
10
1.3831956692913385
20
1.8511429133858268
11
1.3794290944881888
21
1.8503937007874016
0
LINE
8
BLACK
6
CONTINUOUS
10
1.3794290944881888
20
1.8503937007874016
11
1.3587598031496062
21
1.8503937007874016
0
LINE
8
BLACK
6
CONTINUOUS
10
1.3587598031496062
20
1.8503937007874016
11
1.3549932283464567
21
1.8511429133858268
0
LINE
8
BLACK
6
CONTINUOUS
10
1.3549932283464567
20
1.8511429133858268
11
1.3518000787401574
21
1.8532764960629922
0
LINE
8
BLACK
6
CONTINUOUS
10
1.3518000787401574
20
1.8532764960629922
11
1.349666496062992
21
1.8564696456692913
0
LINE
8
BLACK
6
CONTINUOUS
10
1.349666496062992
20
1.8564696456692913
11
1.3489172834645669
21
1.860236220472441
0
LINE
8
BLACK
6
CONTINUOUS
10
1.3489172834645669
20
1.860236220472441
11
1.3489172834645669
21
1.8956692913385826
0
LINE
8
BLACK
6
CONTINUOUS
10
1.3489172834645669
20
1.8956692913385826
11
1.349666496062992
21
1.8994358661417323
0
LINE
8
BLACK
6
CONTINUOUS
10
1.349666496062992
20
1.8994358661417323
11
1.3518000787401574
21
1.9026290157480314
0
LINE
8
BLACK
6
CONTINUOUS
10
1.3518000787401574
20
1.9026290157480314
11
1.3549932283464567
21
1.9047625984251968
0
LINE
8
BLACK
6
CONTINUOUS
10
1.3549932283464567
20
1.9047625984251968
11
1.3587598031496062
21
1.905511811023622
0
LINE
8
BLACK
6
CONTINUOUS
10
1.3587598031496062
20
1.905511811023622
11
1.3794290944881888
21
1.905511811023622
0
LINE
8
BLACK
6
CONTINUOUS
10
1.3794290944881888
20
1.905511811023622
11
1.3831956692913385
21
1.9047625984251968
0
LINE
8
BLACK
6
CONTINUOUS
10
0.4753937007874016
20
1.8646653543307086
11
0.4576771653543307
21
1.8646653543307086
0
LINE
8
BLACK
6
CONTINUOUS
10
0.4576771653543307
20
1.8646653543307086
11
0.4576771653543307
21
1.922736220472441
0
LINE
8
BLACK
6
CONTINUOUS
10
0.4576771653543307
20
1.922736220472441
11
0.4753937007874016
21
1.922736220472441
0
LINE
8
BLACK
6
CONTINUOUS
10
0.4753937007874016
20
1.922736220472441
11
0.4753937007874016
21
1.8646653543307086
0
LINE
8
BLACK
6
CONTINUOUS
10
0.5009842519685039
20
1.8646653543307086
11
0.483267716535433
21
1.8646653543307086
0
LINE
8
BLACK
6
CONTINUOUS
10
0.483267716535433
20
1.8646653543307086
11
0.483267716535433
21
1.922736220472441
0
LINE
8
BLACK
6
CONTINUOUS
10
0.483267716535433
20
1.922736220472441
11
0.5009842519685039
21
1.922736220472441
0
LINE
8
BLACK
6
CONTINUOUS
10
0.5009842519685039
20
1.922736220472441
11
0.5009842519685039
21
1.8646653543307086
0
LINE
8
BLACK
6
CONTINUOUS
10
0.5265748031496063
20
1.8646653543307086
11
0.5088582677165354
21
1.8646653543307086
0
LINE
8
BLACK
6
CONTINUOUS
10
0.5088582677165354
20
1.8646653543307086
11
0.5088582677165354
21
1.922736220472441
0
LINE
8
BLACK
6
CONTINUOUS
10
0.5088582677165354
20
1.922736220472441
11
0.5265748031496063
21
1.922736220472441
0
LINE
8
BLACK
6
CONTINUOUS
10
0.5265748031496063
20
1.922736220472441
11
0.5265748031496063
21
1.8646653543307086
0
LINE
8
BLACK
6
CONTINUOUS
10
0.5521653543307087
20
1.8646653543307086
11
0.5344488188976377
21
1.8646653543307086
0
LINE
8
BLACK
6
CONTINUOUS
10
0.5344488188976377
20
1.8646653543307086
11
0.5344488188976377
21
1.922736220472441
0
LINE
8
BLACK
6
CONTINUOUS
10
0.5344488188976377
20
1.922736220472441
11
0.5521653543307087
21
1.922736220472441
0
LINE
8
BLACK
6
CONTINUOUS
10
0.5521653543307087
20
1.922736220472441
11
0.5521653543307087
21
1.8646653543307086
0
LINE
8
BLACK
6
CONTINUOUS
10
0.577755905511811
20
1.8646653543307086
11
0.5600393700787402
21
1.8646653543307086
0
LINE
8
BLACK
6
CONTINUOUS
10
0.5600393700787402
20
1.8646653543307086
11
0.5600393700787402
21
1.922736220472441
0
LINE
8
BLACK
6
CONTINUOUS
10
0.5600393700787402
20
1.922736220472441
11
0.577755905511811
21
1.922736220472441
0
LINE
8
BLACK
6
CONTINUOUS
10
0.577755905511811
20
1.922736220472441
11
0.577755905511811
21
1.8646653543307086
0
LINE
8
BLACK
6
CONTINUOUS
10
0.6033464566929134
20
1.8646653543307086
11
0.5856299212598425
21
1.8646653543307086
0
LINE
8
BLACK
6
CONTINUOUS
10
0.5856299212598425
20
1.8646653543307086
11
0.5856299212598425
21
1.922736220472441
0
LINE
8
BLACK
6
CONTINUOUS
10
0.5856299212598425
20
1.922736220472441
11
0.6033464566929134
21
1.922736220472441
0
LINE
8
BLACK
6
CONTINUOUS
10
0.6033464566929134
20
1.922736220472441
11
0.6033464566929134
21
1.8646653543307086
0
LINE
8
BLACK
6
CONTINUOUS
10
0.6289370078740157
20
1.8646653543307086
11
0.6112204724409449
21
1.8646653543307086
0
LINE
8
BLACK
6
CONTINUOUS
10
0.6112204724409449
20
1.8646653543307086
11
0.6112204724409449
21
1.922736220472441
0
LINE
8
BLACK
6
CONTINUOUS
10
0.6112204724409449
20
1.922736220472441
11
0.6289370078740157
21
1.922736220472441
0
LINE
8
BLACK
6
CONTINUOUS
10
0.6289370078740157
20
1.922736220472441
11
0.6289370078740157
21
1.8646653543307086
0
LINE
8
BLACK
6
CONTINUOUS
10
0.6545275590551181
20
1.8646653543307086
11
0.6368110236220472
21
1.8646653543307086
0
LINE
8
BLACK
6
CONTINUOUS
10
0.6368110236220472
20
1.8646653543307086
11
0.6368110236220472
21
1.922736220472441
0
LINE
8
BLACK
6
CONTINUOUS
10
0.6368110236220472
20
1.922736220472441
11
0.6545275590551181
21
1.922736220472441
0
LINE
8
BLACK
6
CONTINUOUS
10
0.6545275590551181
20
1.922736220472441
11
0.6545275590551181
21
1.8646653543307086
0
LINE
8
BLACK
6
CONTINUOUS
10
0.2793571259842519
20
1.9490539370078739
11
0.2825502755905512
21
1.9469203543307085
0
LINE
8
BLACK
6
CONTINUOUS
10
0.2825502755905512
20
1.9469203543307085
11
0.2846838582677165
21
1.9437272047244094
0
LINE
8
BLACK
6
CONTINUOUS
10
0.2846838582677165
20
1.9437272047244094
11
0.2854330708661417
21
1.9399606299212597
0
LINE
8
BLACK
6
CONTINUOUS
10
0.2854330708661417
20
1.9399606299212597
11
0.2854330708661417
21
1.9025590551181102
0
LINE
8
BLACK
6
CONTINUOUS
10
0.2854330708661417
20
1.9025590551181102
11
0.2846838582677165
21
1.8987924803149605
0
LINE
8
BLACK
6
CONTINUOUS
10
0.2846838582677165
20
1.8987924803149605
11
0.2825502755905512
21
1.8955993307086614
0
LINE
8
BLACK
6
CONTINUOUS
10
0.2825502755905512
20
1.8955993307086614
11
0.2793571259842519
21
1.893465748031496
0
LINE
8
BLACK
6
CONTINUOUS
10
0.2793571259842519
20
1.893465748031496
11
0.2755905511811024
21
1.8927165354330708
0
LINE
8
BLACK
6
CONTINUOUS
10
0.2755905511811024
20
1.8927165354330708
11
0.2559055118110236
21
1.8927165354330708
0
LINE
8
BLACK
6
CONTINUOUS
10
0.2559055118110236
20
1.8927165354330708
11
0.252138937007874
21
1.893465748031496
0
LINE
8
BLACK
6
CONTINUOUS
10
0.252138937007874
20
1.893465748031496
11
0.2489457874015748
21
1.8955993307086614
0
LINE
8
BLACK
6
CONTINUOUS
10
0.2489457874015748
20
1.8955993307086614
11
0.2468122047244095
21
1.8987924803149605
0
LINE
8
BLACK
6
CONTINUOUS
10
0.2468122047244095
20
1.8987924803149605
11
0.2460629921259843
21
1.9025590551181102
0
LINE
8
BLACK
6
CONTINUOUS
10
0.2460629921259843
20
1.9025590551181102
11
0.2460629921259843
21
1.9399606299212597
0
LINE
8
BLACK
6
CONTINUOUS
10
0.2460629921259843
20
1.9399606299212597
11
0.2468122047244095
21
1.9437272047244094
0
LINE
8
BLACK
6
CONTINUOUS
10
0.2468122047244095
20
1.9437272047244094
11
0.2489457874015748
21
1.9469203543307085
0
LINE
8
BLACK
6
CONTINUOUS
10
0.2489457874015748
20
1.9469203543307085
11
0.252138937007874
21
1.9490539370078739
0
LINE
8
BLACK
6
CONTINUOUS
10
0.252138937007874
20
1.9490539370078739
11
0.2559055118110236
21
1.9498031496062991
0
LINE
8
BLACK
6
CONTINUOUS
10
0.2559055118110236
20
1.9498031496062991
11
0.2755905511811024
21
1.9498031496062991
0
LINE
8
BLACK
6
CONTINUOUS
10
0.2755905511811024
20
1.9498031496062991
11
0.2793571259842519
21
1.9490539370078739
0
LINE
8
BLACK
6
CONTINUOUS
10
0.3541602755905512
20
1.9490539370078739
11
0.3573534251968504
21
1.9469203543307085
0
LINE
8
BLACK
6
CONTINUOUS
10
0.3573534251968504
20
1.9469203543307085
11
0.3594870078740157
21
1.9437272047244094
0
LINE
8
BLACK
6
CONTINUOUS
10
0.3594870078740157
20
1.9437272047244094
11
0.3602362204724409
21
1.9399606299212597
0
LINE
8
BLACK
6
CONTINUOUS
10
0.3602362204724409
20
1.9399606299212597
11
0.3602362204724409
21
1.9025590551181102
0
LINE
8
BLACK
6
CONTINUOUS
10
0.3602362204724409
20
1.9025590551181102
11
0.3594870078740157
21
1.8987924803149605
0
LINE
8
BLACK
6
CONTINUOUS
10
0.3594870078740157
20
1.8987924803149605
11
0.3573534251968504
21
1.8955993307086614
0
LINE
8
BLACK
6
CONTINUOUS
10
0.3573534251968504
20
1.8955993307086614
11
0.3541602755905512
21
1.893465748031496
0
LINE
8
BLACK
6
CONTINUOUS
10
0.3541602755905512
20
1.893465748031496
11
0.3503937007874016
21
1.8927165354330708
0
LINE
8
BLACK
6
CONTINUOUS
10
0.3503937007874016
20
1.8927165354330708
11
0.3307086614173228
21
1.8927165354330708
0
LINE
8
BLACK
6
CONTINUOUS
10
0.3307086614173228
20
1.8927165354330708
11
0.3269420866141732
21
1.893465748031496
0
LINE
8
BLACK
6
CONTINUOUS
10
0.3269420866141732
20
1.893465748031496
11
0.323748937007874
21
1.8955993307086614
0
LINE
8
BLACK
6
CONTINUOUS
10
0.323748937007874
20
1.8955993307086614
11
0.3216153543307086
21
1.8987924803149605
0
LINE
8
BLACK
6
CONTINUOUS
10
0.3216153543307086
20
1.8987924803149605
11
0.3208661417322834
21
1.9025590551181102
0
LINE
8
BLACK
6
CONTINUOUS
10
0.3208661417322834
20
1.9025590551181102
11
0.3208661417322834
21
1.9399606299212597
0
LINE
8
BLACK
6
CONTINUOUS
10
0.3208661417322834
20
1.9399606299212597
11
0.3216153543307086
21
1.9437272047244094
0
LINE
8
BLACK
6
CONTINUOUS
10
0.3216153543307086
20
1.9437272047244094
11
0.323748937007874
21
1.9469203543307085
0
LINE
8
BLACK
6
CONTINUOUS
10
0.323748937007874
20
1.9469203543307085
11
0.3269420866141732
21
1.9490539370078739
0
LINE
8
BLACK
6
CONTINUOUS
10
0.3269420866141732
20
1.9490539370078739
11
0.3307086614173228
21
1.9498031496062991
0
LINE
8
BLACK
6
CONTINUOUS
10
0.3307086614173228
20
1.9498031496062991
11
0.3503937007874016
21
1.9498031496062991
0
LINE
8
BLACK
6
CONTINUOUS
10
0.3503937007874016
20
1.9498031496062991
11
0.3541602755905512
21
1.9490539370078739
0
LINE
8
BLACK
6
CONTINUOUS
10
1.2183335039370078
20
2.121298031496063
11
1.2215266535433071
21
2.1191644488188977
0
LINE
8
BLACK
6
CONTINUOUS
10
1.2215266535433071
20
2.1191644488188977
11
1.2236602362204725
21
2.1159712992125983
0
LINE
8
BLACK
6
CONTINUOUS
10
1.2236602362204725
20
2.1159712992125983
11
1.2244094488188977
21
2.1122047244094486
0
LINE
8
BLACK
6
CONTINUOUS
10
1.2244094488188977
20
2.1122047244094486
11
1.2244094488188977
21
2.0915354330708662
0
LINE
8
BLACK
6
CONTINUOUS
10
1.2244094488188977
20
2.0915354330708662
11
1.2236602362204725
21
2.0877688582677165
0
LINE
8
BLACK
6
CONTINUOUS
10
1.2236602362204725
20
2.0877688582677165
11
1.2215266535433071
21
2.0845757086614172
0
LINE
8
BLACK
6
CONTINUOUS
10
1.2215266535433071
20
2.0845757086614172
11
1.2183335039370078
21
2.0824421259842518
0
LINE
8
BLACK
6
CONTINUOUS
10
1.2183335039370078
20
2.0824421259842518
11
1.2145669291338583
21
2.0816929133858268
0
LINE
8
BLACK
6
CONTINUOUS
10
1.2145669291338583
20
2.0816929133858268
11
1.1791338582677164
21
2.0816929133858268
0
LINE
8
BLACK
6
CONTINUOUS
10
1.1791338582677164
20
2.0816929133858268
11
1.175367283464567
21
2.0824421259842518
0
LINE
8
BLACK
6
CONTINUOUS
10
1.175367283464567
20
2.0824421259842518
11
1.1721741338582676
21
2.0845757086614172
0
LINE
8
BLACK
6
CONTINUOUS
10
1.1721741338582676
20
2.0845757086614172
11
1.1700405511811023
21
2.0877688582677165
0
LINE
8
BLACK
6
CONTINUOUS
10
1.1700405511811023
20
2.0877688582677165
11
1.1692913385826771
21
2.0915354330708662
0
LINE
8
BLACK
6
CONTINUOUS
10
1.1692913385826771
20
2.0915354330708662
11
1.1692913385826771
21
2.1122047244094486
0
LINE
8
BLACK
6
CONTINUOUS
10
1.1692913385826771
20
2.1122047244094486
11
1.1700405511811023
21
2.1159712992125983
0
LINE
8
BLACK
6
CONTINUOUS
10
1.1700405511811023
20
2.1159712992125983
11
1.1721741338582676
21
2.1191644488188977
0
LINE
8
BLACK
6
CONTINUOUS
10
1.1721741338582676
20
2.1191644488188977
11
1.175367283464567
21
2.121298031496063
0
LINE
8
BLACK
6
CONTINUOUS
10
1.175367283464567
20
2.121298031496063
11
1.1791338582677164
21
2.122047244094488
0
LINE
8
BLACK
6
CONTINUOUS
10
1.1791338582677164
20
2.122047244094488
11
1.2145669291338583
21
2.122047244094488
0
LINE
8
BLACK
6
CONTINUOUS
10
1.2145669291338583
20
2.122047244094488
11
1.2183335039370078
21
2.121298031496063
0
LINE
8
BLACK
6
CONTINUOUS
10
1.2970736614173228
20
2.121298031496063
11
1.300266811023622
21
2.1191644488188977
0
LINE
8
BLACK
6
CONTINUOUS
10
1.300266811023622
20
2.1191644488188977
11
1.3024003937007873
21
2.1159712992125983
0
LINE
8
BLACK
6
CONTINUOUS
10
1.3024003937007873
20
2.1159712992125983
11
1.3031496062992125
21
2.1122047244094486
0
LINE
8
BLACK
6
CONTINUOUS
10
1.3031496062992125
20
2.1122047244094486
11
1.3031496062992125
21
2.0915354330708662
0
LINE
8
BLACK
6
CONTINUOUS
10
1.3031496062992125
20
2.0915354330708662
11
1.3024003937007873
21
2.0877688582677165
0
LINE
8
BLACK
6
CONTINUOUS
10
1.3024003937007873
20
2.0877688582677165
11
1.300266811023622
21
2.0845757086614172
0
LINE
8
BLACK
6
CONTINUOUS
10
1.300266811023622
20
2.0845757086614172
11
1.2970736614173228
21
2.0824421259842518
0
LINE
8
BLACK
6
CONTINUOUS
10
1.2970736614173228
20
2.0824421259842518
11
1.2933070866141732
21
2.0816929133858268
0
LINE
8
BLACK
6
CONTINUOUS
10
1.2933070866141732
20
2.0816929133858268
11
1.2578740157480315
21
2.0816929133858268
0
LINE
8
BLACK
6
CONTINUOUS
10
1.2578740157480315
20
2.0816929133858268
11
1.2541074409448818
21
2.0824421259842518
0
LINE
8
BLACK
6
CONTINUOUS
10
1.2541074409448818
20
2.0824421259842518
11
1.2509142913385827
21
2.0845757086614172
0
LINE
8
BLACK
6
CONTINUOUS
10
1.2509142913385827
20
2.0845757086614172
11
1.2487807086614173
21
2.0877688582677165
0
LINE
8
BLACK
6
CONTINUOUS
10
1.2487807086614173
20
2.0877688582677165
11
1.2480314960629921
21
2.0915354330708662
0
LINE
8
BLACK
6
CONTINUOUS
10
1.2480314960629921
20
2.0915354330708662
11
1.2480314960629921
21
2.1122047244094486
0
LINE
8
BLACK
6
CONTINUOUS
10
1.2480314960629921
20
2.1122047244094486
11
1.2487807086614173
21
2.1159712992125983
0
LINE
8
BLACK
6
CONTINUOUS
10
1.2487807086614173
20
2.1159712992125983
11
1.2509142913385827
21
2.1191644488188977
0
LINE
8
BLACK
6
CONTINUOUS
10
1.2509142913385827
20
2.1191644488188977
11
1.2541074409448818
21
2.121298031496063
0
LINE
8
BLACK
6
CONTINUOUS
10
1.2541074409448818
20
2.121298031496063
11
1.2578740157480315
21
2.122047244094488
0
LINE
8
BLACK
6
CONTINUOUS
10
1.2578740157480315
20
2.122047244094488
11
1.2933070866141732
21
2.122047244094488
0
LINE
8
BLACK
6
CONTINUOUS
10
1.2933070866141732
20
2.122047244094488
11
1.2970736614173228
21
2.121298031496063
0
LINE
8
BLACK
6
CONTINUOUS
10
0.3772902362204724
20
2.1527940944881889
11
0.3804833858267717
21
2.1506605118110236
0
LINE
8
BLACK
6
CONTINUOUS
10
0.3804833858267717
20
2.1506605118110236
11
0.382616968503937
21
2.1474673622047242
0
LINE
8
BLACK
6
CONTINUOUS
10
0.382616968503937
20
2.1474673622047242
11
0.3833661811023622
21
2.1437007874015745
0
LINE
8
BLACK
6
CONTINUOUS
10
0.3833661811023622
20
2.1437007874015745
11
0.3833661811023622
21
2.1082677165354329
0
LINE
8
BLACK
6
CONTINUOUS
10
0.3833661811023622
20
2.1082677165354329
11
0.382616968503937
21
2.1045011417322832
0
LINE
8
BLACK
6
CONTINUOUS
10
0.382616968503937
20
2.1045011417322832
11
0.3804833858267717
21
2.1013079921259843
0
LINE
8
BLACK
6
CONTINUOUS
10
0.3804833858267717
20
2.1013079921259843
11
0.3772902362204724
21
2.0991744094488189
0
LINE
8
BLACK
6
CONTINUOUS
10
0.3772902362204724
20
2.0991744094488189
11
0.3735236614173228
21
2.0984251968503935
0
LINE
8
BLACK
6
CONTINUOUS
10
0.3735236614173228
20
2.0984251968503935
11
0.3528543700787402
21
2.0984251968503935
0
LINE
8
BLACK
6
CONTINUOUS
10
0.3528543700787402
20
2.0984251968503935
11
0.3490877952755905
21
2.0991744094488189
0
LINE
8
BLACK
6
CONTINUOUS
10
0.3490877952755905
20
2.0991744094488189
11
0.3458946456692913
21
2.1013079921259843
0
LINE
8
BLACK
6
CONTINUOUS
10
0.3458946456692913
20
2.1013079921259843
11
0.343761062992126
21
2.1045011417322832
0
LINE
8
BLACK
6
CONTINUOUS
10
0.343761062992126
20
2.1045011417322832
11
0.3430118503937008
21
2.1082677165354329
0
LINE
8
BLACK
6
CONTINUOUS
10
0.3430118503937008
20
2.1082677165354329
11
0.3430118503937008
21
2.1437007874015745
0
LINE
8
BLACK
6
CONTINUOUS
10
0.3430118503937008
20
2.1437007874015745
11
0.343761062992126
21
2.1474673622047242
0
LINE
8
BLACK
6
CONTINUOUS
10
0.343761062992126
20
2.1474673622047242
11
0.3458946456692913
21
2.1506605118110236
0
LINE
8
BLACK
6
CONTINUOUS
10
0.3458946456692913
20
2.1506605118110236
11
0.3490877952755905
21
2.1527940944881889
0
LINE
8
BLACK
6
CONTINUOUS
10
0.3490877952755905
20
2.1527940944881889
11
0.3528543700787402
21
2.1535433070866143
0
LINE
8
BLACK
6
CONTINUOUS
10
0.3528543700787402
20
2.1535433070866143
11
0.3735236614173228
21
2.1535433070866143
0
LINE
8
BLACK
6
CONTINUOUS
10
0.3735236614173228
20
2.1535433070866143
11
0.3772902362204724
21
2.1527940944881889
0
LINE
8
BLACK
6
CONTINUOUS
10
0.4491406299212599
20
2.1527940944881889
11
0.452333779527559
21
2.1506605118110236
0
LINE
8
BLACK
6
CONTINUOUS
10
0.452333779527559
20
2.1506605118110236
11
0.4544673622047244
21
2.1474673622047242
0
LINE
8
BLACK
6
CONTINUOUS
10
0.4544673622047244
20
2.1474673622047242
11
0.4552165748031496
21
2.1437007874015745
0
LINE
8
BLACK
6
CONTINUOUS
10
0.4552165748031496
20
2.1437007874015745
11
0.4552165748031496
21
2.1082677165354329
0
LINE
8
BLACK
6
CONTINUOUS
10
0.4552165748031496
20
2.1082677165354329
11
0.4544673622047244
21
2.1045011417322832
0
LINE
8
BLACK
6
CONTINUOUS
10
0.4544673622047244
20
2.1045011417322832
11
0.452333779527559
21
2.1013079921259843
0
LINE
8
BLACK
6
CONTINUOUS
10
0.452333779527559
20
2.1013079921259843
11
0.4491406299212599
21
2.0991744094488189
0
LINE
8
BLACK
6
CONTINUOUS
10
0.4491406299212599
20
2.0991744094488189
11
0.4453740551181102
21
2.0984251968503935
0
LINE
8
BLACK
6
CONTINUOUS
10
0.4453740551181102
20
2.0984251968503935
11
0.4247047637795275
21
2.0984251968503935
0
LINE
8
BLACK
6
CONTINUOUS
10
0.4247047637795275
20
2.0984251968503935
11
0.420938188976378
21
2.0991744094488189
0
LINE
8
BLACK
6
CONTINUOUS
10
0.420938188976378
20
2.0991744094488189
11
0.4177450393700787
21
2.1013079921259843
0
LINE
8
BLACK
6
CONTINUOUS
10
0.4177450393700787
20
2.1013079921259843
11
0.4156114566929134
21
2.1045011417322832
0
LINE
8
BLACK
6
CONTINUOUS
10
0.4156114566929134
20
2.1045011417322832
11
0.4148622440944882
21
2.1082677165354329
0
LINE
8
BLACK
6
CONTINUOUS
10
0.4148622440944882
20
2.1082677165354329
11
0.4148622440944882
21
2.1437007874015745
0
LINE
8
BLACK
6
CONTINUOUS
10
0.4148622440944882
20
2.1437007874015745
11
0.4156114566929134
21
2.1474673622047242
0
LINE
8
BLACK
6
CONTINUOUS
10
0.4156114566929134
20
2.1474673622047242
11
0.4177450393700787
21
2.1506605118110236
0
LINE
8
BLACK
6
CONTINUOUS
10
0.4177450393700787
20
2.1506605118110236
11
0.420938188976378
21
2.1527940944881889
0
LINE
8
BLACK
6
CONTINUOUS
10
0.420938188976378
20
2.1527940944881889
11
0.4247047637795275
21
2.1535433070866143
0
LINE
8
BLACK
6
CONTINUOUS
10
0.4247047637795275
20
2.1535433070866143
11
0.4453740551181102
21
2.1535433070866143
0
LINE
8
BLACK
6
CONTINUOUS
10
0.4453740551181102
20
2.1535433070866143
11
0.4491406299212599
21
2.1527940944881889
0
LINE
8
BLACK
6
CONTINUOUS
10
1.9909712992125983
20
2.1468885826771653
11
1.9941644488188977
21
2.144755
0
LINE
8
BLACK
6
CONTINUOUS
10
1.9941644488188977
20
2.144755
11
1.996298031496063
21
2.1415618503937006
0
LINE
8
BLACK
6
CONTINUOUS
10
1.996298031496063
20
2.1415618503937006
11
1.9970472440944882
21
2.1377952755905509
0
LINE
8
BLACK
6
CONTINUOUS
10
1.9970472440944882
20
2.1377952755905509
11
1.9970472440944882
21
2.1181102362204722
0
LINE
8
BLACK
6
CONTINUOUS
10
1.9970472440944882
20
2.1181102362204722
11
1.996298031496063
21
2.114343661417323
0
LINE
8
BLACK
6
CONTINUOUS
10
1.996298031496063
20
2.114343661417323
11
1.9941644488188977
21
2.1111505118110236
0
LINE
8
BLACK
6
CONTINUOUS
10
1.9941644488188977
20
2.1111505118110236
11
1.9909712992125983
21
2.1090169291338583
0
LINE
8
BLACK
6
CONTINUOUS
10
1.9909712992125983
20
2.1090169291338583
11
1.9872047244094488
21
2.1082677165354329
0
LINE
8
BLACK
6
CONTINUOUS
10
1.9872047244094488
20
2.1082677165354329
11
1.9498031496062991
21
2.1082677165354329
0
LINE
8
BLACK
6
CONTINUOUS
10
1.9498031496062991
20
2.1082677165354329
11
1.9460365748031496
21
2.1090169291338583
0
LINE
8
BLACK
6
CONTINUOUS
10
1.9460365748031496
20
2.1090169291338583
11
1.9428434251968503
21
2.1111505118110236
0
LINE
8
BLACK
6
CONTINUOUS
10
1.9428434251968503
20
2.1111505118110236
11
1.9407098425196849
21
2.114343661417323
0
LINE
8
BLACK
6
CONTINUOUS
10
1.9407098425196849
20
2.114343661417323
11
1.9399606299212597
21
2.1181102362204722
0
LINE
8
BLACK
6
CONTINUOUS
10
1.9399606299212597
20
2.1181102362204722
11
1.9399606299212597
21
2.1377952755905509
0
LINE
8
BLACK
6
CONTINUOUS
10
1.9399606299212597
20
2.1377952755905509
11
1.9407098425196849
21
2.1415618503937006
0
LINE
8
BLACK
6
CONTINUOUS
10
1.9407098425196849
20
2.1415618503937006
11
1.9428434251968503
21
2.144755
0
LINE
8
BLACK
6
CONTINUOUS
10
1.9428434251968503
20
2.144755
11
1.9460365748031496
21
2.1468885826771653
0
LINE
8
BLACK
6
CONTINUOUS
10
1.9460365748031496
20
2.1468885826771653
11
1.9498031496062991
21
2.1476377952755903
0
LINE
8
BLACK
6
CONTINUOUS
10
1.9498031496062991
20
2.1476377952755903
11
1.9872047244094488
21
2.1476377952755903
0
LINE
8
BLACK
6
CONTINUOUS
10
1.9872047244094488
20
2.1476377952755903
11
1.9909712992125983
21
2.1468885826771653
0
LINE
8
BLACK
6
CONTINUOUS
10
1.9033728740157481
20
2.1483649606299213
11
1.9065660236220472
21
2.146231377952756
0
LINE
8
BLACK
6
CONTINUOUS
10
1.9065660236220472
20
2.146231377952756
11
1.9086996062992125
21
2.1430382283464566
0
LINE
8
BLACK
6
CONTINUOUS
10
1.9086996062992125
20
2.1430382283464566
11
1.9094488188976377
21
2.139271653543307
0
LINE
8
BLACK
6
CONTINUOUS
10
1.9094488188976377
20
2.139271653543307
11
1.9094488188976377
21
2.1186023622047245
0
LINE
8
BLACK
6
CONTINUOUS
10
1.9094488188976377
20
2.1186023622047245
11
1.9086996062992125
21
2.1148357874015749
0
LINE
8
BLACK
6
CONTINUOUS
10
1.9086996062992125
20
2.1148357874015749
11
1.9065660236220472
21
2.1116426377952755
0
LINE
8
BLACK
6
CONTINUOUS
10
1.9065660236220472
20
2.1116426377952755
11
1.9033728740157481
21
2.1095090551181102
0
LINE
8
BLACK
6
CONTINUOUS
10
1.9033728740157481
20
2.1095090551181102
11
1.8996062992125984
21
2.1087598425196852
0
LINE
8
BLACK
6
CONTINUOUS
10
1.8996062992125984
20
2.1087598425196852
11
1.8641732283464567
21
2.1087598425196852
0
LINE
8
BLACK
6
CONTINUOUS
10
1.8641732283464567
20
2.1087598425196852
11
1.860406653543307
21
2.1095090551181102
0
LINE
8
BLACK
6
CONTINUOUS
10
1.860406653543307
20
2.1095090551181102
11
1.8572135039370079
21
2.1116426377952755
0
LINE
8
BLACK
6
CONTINUOUS
10
1.8572135039370079
20
2.1116426377952755
11
1.8550799212598426
21
2.1148357874015749
0
LINE
8
BLACK
6
CONTINUOUS
10
1.8550799212598426
20
2.1148357874015749
11
1.8543307086614174
21
2.1186023622047245
0
LINE
8
BLACK
6
CONTINUOUS
10
1.8543307086614174
20
2.1186023622047245
11
1.8543307086614174
21
2.139271653543307
0
LINE
8
BLACK
6
CONTINUOUS
10
1.8543307086614174
20
2.139271653543307
11
1.8550799212598426
21
2.1430382283464566
0
LINE
8
BLACK
6
CONTINUOUS
10
1.8550799212598426
20
2.1430382283464566
11
1.8572135039370079
21
2.146231377952756
0
LINE
8
BLACK
6
CONTINUOUS
10
1.8572135039370079
20
2.146231377952756
11
1.860406653543307
21
2.1483649606299213
0
LINE
8
BLACK
6
CONTINUOUS
10
1.860406653543307
20
2.1483649606299213
11
1.8641732283464567
21
2.1491141732283463
0
LINE
8
BLACK
6
CONTINUOUS
10
1.8641732283464567
20
2.1491141732283463
11
1.8996062992125984
21
2.1491141732283463
0
LINE
8
BLACK
6
CONTINUOUS
10
1.8996062992125984
20
2.1491141732283463
11
1.9033728740157481
21
2.1483649606299213
0
LINE
8
BLACK
6
CONTINUOUS
10
1.7104594881889763
20
2.1646051181102361
11
1.7136526377952757
21
2.1624715354330708
0
LINE
8
BLACK
6
CONTINUOUS
10
1.7136526377952757
20
2.1624715354330708
11
1.715786220472441
21
2.1592783858267715
0
LINE
8
BLACK
6
CONTINUOUS
10
1.715786220472441
20
2.1592783858267715
11
1.7165354330708662
21
2.1555118110236222
0
LINE
8
BLACK
6
CONTINUOUS
10
1.7165354330708662
20
2.1555118110236222
11
1.7165354330708662
21
2.1200787401574801
0
LINE
8
BLACK
6
CONTINUOUS
10
1.7165354330708662
20
2.1200787401574801
11
1.715786220472441
21
2.1163121653543309
0
LINE
8
BLACK
6
CONTINUOUS
10
1.715786220472441
20
2.1163121653543309
11
1.7136526377952757
21
2.1131190157480315
0
LINE
8
BLACK
6
CONTINUOUS
10
1.7136526377952757
20
2.1131190157480315
11
1.7104594881889763
21
2.1109854330708662
0
LINE
8
BLACK
6
CONTINUOUS
10
1.7104594881889763
20
2.1109854330708662
11
1.7066929133858266
21
2.1102362204724407
0
LINE
8
BLACK
6
CONTINUOUS
10
1.7066929133858266
20
2.1102362204724407
11
1.686023622047244
21
2.1102362204724407
0
LINE
8
BLACK
6
CONTINUOUS
10
1.686023622047244
20
2.1102362204724407
11
1.6822570472440945
21
2.1109854330708662
0
LINE
8
BLACK
6
CONTINUOUS
10
1.6822570472440945
20
2.1109854330708662
11
1.6790638976377952
21
2.1131190157480315
0
LINE
8
BLACK
6
CONTINUOUS
10
1.6790638976377952
20
2.1131190157480315
11
1.6769303149606298
21
2.1163121653543309
0
LINE
8
BLACK
6
CONTINUOUS
10
1.6769303149606298
20
2.1163121653543309
11
1.6761811023622046
21
2.1200787401574801
0
LINE
8
BLACK
6
CONTINUOUS
10
1.6761811023622046
20
2.1200787401574801
11
1.6761811023622046
21
2.1555118110236222
0
LINE
8
BLACK
6
CONTINUOUS
10
1.6761811023622046
20
2.1555118110236222
11
1.6769303149606298
21
2.1592783858267715
0
LINE
8
BLACK
6
CONTINUOUS
10
1.6769303149606298
20
2.1592783858267715
11
1.6790638976377952
21
2.1624715354330708
0
LINE
8
BLACK
6
CONTINUOUS
10
1.6790638976377952
20
2.1624715354330708
11
1.6822570472440945
21
2.1646051181102361
0
LINE
8
BLACK
6
CONTINUOUS
10
1.6822570472440945
20
2.1646051181102361
11
1.686023622047244
21
2.1653543307086616
0
LINE
8
BLACK
6
CONTINUOUS
10
1.686023622047244
20
2.1653543307086616
11
1.7066929133858266
21
2.1653543307086616
0
LINE
8
BLACK
6
CONTINUOUS
10
1.7066929133858266
20
2.1653543307086616
11
1.7104594881889763
21
2.1646051181102361
0
LINE
8
BLACK
6
CONTINUOUS
10
1.7823098818897638
20
2.1646051181102361
11
1.7855030314960629
21
2.1624715354330708
0
LINE
8
BLACK
6
CONTINUOUS
10
1.7855030314960629
20
2.1624715354330708
11
1.7876366141732283
21
2.1592783858267715
0
LINE
8
BLACK
6
CONTINUOUS
10
1.7876366141732283
20
2.1592783858267715
11
1.7883858267716535
21
2.1555118110236222
0
LINE
8
BLACK
6
CONTINUOUS
10
1.7883858267716535
20
2.1555118110236222
11
1.7883858267716535
21
2.1200787401574801
0
LINE
8
BLACK
6
CONTINUOUS
10
1.7883858267716535
20
2.1200787401574801
11
1.7876366141732283
21
2.1163121653543309
0
LINE
8
BLACK
6
CONTINUOUS
10
1.7876366141732283
20
2.1163121653543309
11
1.7855030314960629
21
2.1131190157480315
0
LINE
8
BLACK
6
CONTINUOUS
10
1.7855030314960629
20
2.1131190157480315
11
1.7823098818897638
21
2.1109854330708662
0
LINE
8
BLACK
6
CONTINUOUS
10
1.7823098818897638
20
2.1109854330708662
11
1.7785433070866141
21
2.1102362204724407
0
LINE
8
BLACK
6
CONTINUOUS
10
1.7785433070866141
20
2.1102362204724407
11
1.7578740157480315
21
2.1102362204724407
0
LINE
8
BLACK
6
CONTINUOUS
10
1.7578740157480315
20
2.1102362204724407
11
1.7541074409448818
21
2.1109854330708662
0
LINE
8
BLACK
6
CONTINUOUS
10
1.7541074409448818
20
2.1109854330708662
11
1.7509142913385827
21
2.1131190157480315
0
LINE
8
BLACK
6
CONTINUOUS
10
1.7509142913385827
20
2.1131190157480315
11
1.7487807086614173
21
2.1163121653543309
0
LINE
8
BLACK
6
CONTINUOUS
10
1.7487807086614173
20
2.1163121653543309
11
1.7480314960629921
21
2.1200787401574801
0
LINE
8
BLACK
6
CONTINUOUS
10
1.7480314960629921
20
2.1200787401574801
11
1.7480314960629921
21
2.1555118110236222
0
LINE
8
BLACK
6
CONTINUOUS
10
1.7480314960629921
20
2.1555118110236222
11
1.7487807086614173
21
2.1592783858267715
0
LINE
8
BLACK
6
CONTINUOUS
10
1.7487807086614173
20
2.1592783858267715
11
1.7509142913385827
21
2.1624715354330708
0
LINE
8
BLACK
6
CONTINUOUS
10
1.7509142913385827
20
2.1624715354330708
11
1.7541074409448818
21
2.1646051181102361
0
LINE
8
BLACK
6
CONTINUOUS
10
1.7541074409448818
20
2.1646051181102361
11
1.7578740157480315
21
2.1653543307086616
0
LINE
8
BLACK
6
CONTINUOUS
10
1.7578740157480315
20
2.1653543307086616
11
1.7785433070866141
21
2.1653543307086616
0
LINE
8
BLACK
6
CONTINUOUS
10
1.7785433070866141
20
2.1653543307086616
11
1.7823098818897638
21
2.1646051181102361
0
LINE
8
BLACK
6
CONTINUOUS
10
1.4488188976377951
20
2.1328740157480315
11
1.405511811023622
21
2.1328740157480315
0
LINE
8
BLACK
6
CONTINUOUS
10
1.405511811023622
20
2.1328740157480315
11
1.405511811023622
21
2.1486220472440944
0
LINE
8
BLACK
6
CONTINUOUS
10
1.405511811023622
20
2.1486220472440944
11
1.4488188976377951
21
2.1486220472440944
0
LINE
8
BLACK
6
CONTINUOUS
10
1.4488188976377951
20
2.1486220472440944
11
1.4488188976377951
21
2.1328740157480315
0
LINE
8
BLACK
6
CONTINUOUS
10
1.6181102362204725
20
2.1328740157480315
11
1.5748031496062991
21
2.1328740157480315
0
LINE
8
BLACK
6
CONTINUOUS
10
1.5748031496062991
20
2.1328740157480315
11
1.5748031496062991
21
2.1486220472440944
0
LINE
8
BLACK
6
CONTINUOUS
10
1.5748031496062991
20
2.1486220472440944
11
1.6181102362204725
21
2.1486220472440944
0
LINE
8
BLACK
6
CONTINUOUS
10
1.6181102362204725
20
2.1486220472440944
11
1.6181102362204725
21
2.1328740157480315
0
LINE
8
BLACK
6
CONTINUOUS
10
1.2183335039370078
20
2.1931484251968505
11
1.2215266535433071
21
2.1910148425196851
0
LINE
8
BLACK
6
CONTINUOUS
10
1.2215266535433071
20
2.1910148425196851
11
1.2236602362204725
21
2.1878216929133858
0
LINE
8
BLACK
6
CONTINUOUS
10
1.2236602362204725
20
2.1878216929133858
11
1.2244094488188977
21
2.1840551181102361
0
LINE
8
BLACK
6
CONTINUOUS
10
1.2244094488188977
20
2.1840551181102361
11
1.2244094488188977
21
2.1633858267716537
0
LINE
8
BLACK
6
CONTINUOUS
10
1.2244094488188977
20
2.1633858267716537
11
1.2236602362204725
21
2.159619251968504
0
LINE
8
BLACK
6
CONTINUOUS
10
1.2236602362204725
20
2.159619251968504
11
1.2215266535433071
21
2.1564261023622047
0
LINE
8
BLACK
6
CONTINUOUS
10
1.2215266535433071
20
2.1564261023622047
11
1.2183335039370078
21
2.1542925196850393
0
LINE
8
BLACK
6
CONTINUOUS
10
1.2183335039370078
20
2.1542925196850393
11
1.2145669291338583
21
2.1535433070866143
0
LINE
8
BLACK
6
CONTINUOUS
10
1.2145669291338583
20
2.1535433070866143
11
1.1791338582677164
21
2.1535433070866143
0
LINE
8
BLACK
6
CONTINUOUS
10
1.1791338582677164
20
2.1535433070866143
11
1.175367283464567
21
2.1542925196850393
0
LINE
8
BLACK
6
CONTINUOUS
10
1.175367283464567
20
2.1542925196850393
11
1.1721741338582676
21
2.1564261023622047
0
LINE
8
BLACK
6
CONTINUOUS
10
1.1721741338582676
20
2.1564261023622047
11
1.1700405511811023
21
2.159619251968504
0
LINE
8
BLACK
6
CONTINUOUS
10
1.1700405511811023
20
2.159619251968504
11
1.1692913385826771
21
2.1633858267716537
0
LINE
8
BLACK
6
CONTINUOUS
10
1.1692913385826771
20
2.1633858267716537
11
1.1692913385826771
21
2.1840551181102361
0
LINE
8
BLACK
6
CONTINUOUS
10
1.1692913385826771
20
2.1840551181102361
11
1.1700405511811023
21
2.1878216929133858
0
LINE
8
BLACK
6
CONTINUOUS
10
1.1700405511811023
20
2.1878216929133858
11
1.1721741338582676
21
2.1910148425196851
0
LINE
8
BLACK
6
CONTINUOUS
10
1.1721741338582676
20
2.1910148425196851
11
1.175367283464567
21
2.1931484251968505
0
LINE
8
BLACK
6
CONTINUOUS
10
1.175367283464567
20
2.1931484251968505
11
1.1791338582677164
21
2.1938976377952755
0
LINE
8
BLACK
6
CONTINUOUS
10
1.1791338582677164
20
2.1938976377952755
11
1.2145669291338583
21
2.1938976377952755
0
LINE
8
BLACK
6
CONTINUOUS
10
1.2145669291338583
20
2.1938976377952755
11
1.2183335039370078
21
2.1931484251968505
0
LINE
8
BLACK
6
CONTINUOUS
10
1.2970736614173228
20
2.1931484251968505
11
1.300266811023622
21
2.1910148425196851
0
LINE
8
BLACK
6
CONTINUOUS
10
1.300266811023622
20
2.1910148425196851
11
1.3024003937007873
21
2.1878216929133858
0
LINE
8
BLACK
6
CONTINUOUS
10
1.3024003937007873
20
2.1878216929133858
11
1.3031496062992125
21
2.1840551181102361
0
LINE
8
BLACK
6
CONTINUOUS
10
1.3031496062992125
20
2.1840551181102361
11
1.3031496062992125
21
2.1633858267716537
0
LINE
8
BLACK
6
CONTINUOUS
10
1.3031496062992125
20
2.1633858267716537
11
1.3024003937007873
21
2.159619251968504
0
LINE
8
BLACK
6
CONTINUOUS
10
1.3024003937007873
20
2.159619251968504
11
1.300266811023622
21
2.1564261023622047
0
LINE
8
BLACK
6
CONTINUOUS
10
1.300266811023622
20
2.1564261023622047
11
1.2970736614173228
21
2.1542925196850393
0
LINE
8
BLACK
6
CONTINUOUS
10
1.2970736614173228
20
2.1542925196850393
11
1.2933070866141732
21
2.1535433070866143
0
LINE
8
BLACK
6
CONTINUOUS
10
1.2933070866141732
20
2.1535433070866143
11
1.2578740157480315
21
2.1535433070866143
0
LINE
8
BLACK
6
CONTINUOUS
10
1.2578740157480315
20
2.1535433070866143
11
1.2541074409448818
21
2.1542925196850393
0
LINE
8
BLACK
6
CONTINUOUS
10
1.2541074409448818
20
2.1542925196850393
11
1.2509142913385827
21
2.1564261023622047
0
LINE
8
BLACK
6
CONTINUOUS
10
1.2509142913385827
20
2.1564261023622047
11
1.2487807086614173
21
2.159619251968504
0
LINE
8
BLACK
6
CONTINUOUS
10
1.2487807086614173
20
2.159619251968504
11
1.2480314960629921
21
2.1633858267716537
0
LINE
8
BLACK
6
CONTINUOUS
10
1.2480314960629921
20
2.1633858267716537
11
1.2480314960629921
21
2.1840551181102361
0
LINE
8
BLACK
6
CONTINUOUS
10
1.2480314960629921
20
2.1840551181102361
11
1.2487807086614173
21
2.1878216929133858
0
LINE
8
BLACK
6
CONTINUOUS
10
1.2487807086614173
20
2.1878216929133858
11
1.2509142913385827
21
2.1910148425196851
0
LINE
8
BLACK
6
CONTINUOUS
10
1.2509142913385827
20
2.1910148425196851
11
1.2541074409448818
21
2.1931484251968505
0
LINE
8
BLACK
6
CONTINUOUS
10
1.2541074409448818
20
2.1931484251968505
11
1.2578740157480315
21
2.1938976377952755
0
LINE
8
BLACK
6
CONTINUOUS
10
1.2578740157480315
20
2.1938976377952755
11
1.2933070866141732
21
2.1938976377952755
0
LINE
8
BLACK
6
CONTINUOUS
10
1.2933070866141732
20
2.1938976377952755
11
1.2970736614173228
21
2.1931484251968505
0
LINE
8
BLACK
6
CONTINUOUS
10
1.4488188976377951
20
2.1584645669291338
11
1.405511811023622
21
2.1584645669291338
0
LINE
8
BLACK
6
CONTINUOUS
10
1.405511811023622
20
2.1584645669291338
11
1.405511811023622
21
2.1742125984251968
0
LINE
8
BLACK
6
CONTINUOUS
10
1.405511811023622
20
2.1742125984251968
11
1.4488188976377951
21
2.1742125984251968
0
LINE
8
BLACK
6
CONTINUOUS
10
1.4488188976377951
20
2.1742125984251968
11
1.4488188976377951
21
2.1584645669291338
0
LINE
8
BLACK
6
CONTINUOUS
10
1.6181102362204725
20
2.1584645669291338
11
1.5748031496062991
21
2.1584645669291338
0
LINE
8
BLACK
6
CONTINUOUS
10
1.5748031496062991
20
2.1584645669291338
11
1.5748031496062991
21
2.1742125984251968
0
LINE
8
BLACK
6
CONTINUOUS
10
1.5748031496062991
20
2.1742125984251968
11
1.6181102362204725
21
2.1742125984251968
0
LINE
8
BLACK
6
CONTINUOUS
10
1.6181102362204725
20
2.1742125984251968
11
1.6181102362204725
21
2.1584645669291338
0
LINE
8
BLACK
6
CONTINUOUS
10
1.9033728740157481
20
2.2202153543307088
11
1.9065660236220472
21
2.2180817716535435
0
LINE
8
BLACK
6
CONTINUOUS
10
1.9065660236220472
20
2.2180817716535435
11
1.9086996062992125
21
2.2148886220472441
0
LINE
8
BLACK
6
CONTINUOUS
10
1.9086996062992125
20
2.2148886220472441
11
1.9094488188976377
21
2.2111220472440944
0
LINE
8
BLACK
6
CONTINUOUS
10
1.9094488188976377
20
2.2111220472440944
11
1.9094488188976377
21
2.1904527559055116
0
LINE
8
BLACK
6
CONTINUOUS
10
1.9094488188976377
20
2.1904527559055116
11
1.9086996062992125
21
2.1866861811023623
0
LINE
8
BLACK
6
CONTINUOUS
10
1.9086996062992125
20
2.1866861811023623
11
1.9065660236220472
21
2.183493031496063
0
LINE
8
BLACK
6
CONTINUOUS
10
1.9065660236220472
20
2.183493031496063
11
1.9033728740157481
21
2.1813594488188977
0
LINE
8
BLACK
6
CONTINUOUS
10
1.9033728740157481
20
2.1813594488188977
11
1.8996062992125984
21
2.1806102362204722
0
LINE
8
BLACK
6
CONTINUOUS
10
1.8996062992125984
20
2.1806102362204722
11
1.8641732283464567
21
2.1806102362204722
0
LINE
8
BLACK
6
CONTINUOUS
10
1.8641732283464567
20
2.1806102362204722
11
1.860406653543307
21
2.1813594488188977
0
LINE
8
BLACK
6
CONTINUOUS
10
1.860406653543307
20
2.1813594488188977
11
1.8572135039370079
21
2.183493031496063
0
LINE
8
BLACK
6
CONTINUOUS
10
1.8572135039370079
20
2.183493031496063
11
1.8550799212598426
21
2.1866861811023623
0
LINE
8
BLACK
6
CONTINUOUS
10
1.8550799212598426
20
2.1866861811023623
11
1.8543307086614174
21
2.1904527559055116
0
LINE
8
BLACK
6
CONTINUOUS
10
1.8543307086614174
20
2.1904527559055116
11
1.8543307086614174
21
2.2111220472440944
0
LINE
8
BLACK
6
CONTINUOUS
10
1.8543307086614174
20
2.2111220472440944
11
1.8550799212598426
21
2.2148886220472441
0
LINE
8
BLACK
6
CONTINUOUS
10
1.8550799212598426
20
2.2148886220472441
11
1.8572135039370079
21
2.2180817716535435
0
LINE
8
BLACK
6
CONTINUOUS
10
1.8572135039370079
20
2.2180817716535435
11
1.860406653543307
21
2.2202153543307088
0
LINE
8
BLACK
6
CONTINUOUS
10
1.860406653543307
20
2.2202153543307088
11
1.8641732283464567
21
2.2209645669291338
0
LINE
8
BLACK
6
CONTINUOUS
10
1.8641732283464567
20
2.2209645669291338
11
1.8996062992125984
21
2.2209645669291338
0
LINE
8
BLACK
6
CONTINUOUS
10
1.8996062992125984
20
2.2209645669291338
11
1.9033728740157481
21
2.2202153543307088
0
LINE
8
BLACK
6
CONTINUOUS
10
1.9909712992125983
20
2.2216917322834644
11
1.9941644488188977
21
2.219558149606299
0
LINE
8
BLACK
6
CONTINUOUS
10
1.9941644488188977
20
2.219558149606299
11
1.996298031496063
21
2.2163650000000001
0
LINE
8
BLACK
6
CONTINUOUS
10
1.996298031496063
20
2.2163650000000001
11
1.9970472440944882
21
2.2125984251968505
0
LINE
8
BLACK
6
CONTINUOUS
10
1.9970472440944882
20
2.2125984251968505
11
1.9970472440944882
21
2.1929133858267718
0
LINE
8
BLACK
6
CONTINUOUS
10
1.9970472440944882
20
2.1929133858267718
11
1.996298031496063
21
2.1891468110236221
0
LINE
8
BLACK
6
CONTINUOUS
10
1.996298031496063
20
2.1891468110236221
11
1.9941644488188977
21
2.1859536614173227
0
LINE
8
BLACK
6
CONTINUOUS
10
1.9941644488188977
20
2.1859536614173227
11
1.9909712992125983
21
2.1838200787401574
0
LINE
8
BLACK
6
CONTINUOUS
10
1.9909712992125983
20
2.1838200787401574
11
1.9872047244094488
21
2.1830708661417324
0
LINE
8
BLACK
6
CONTINUOUS
10
1.9872047244094488
20
2.1830708661417324
11
1.9498031496062991
21
2.1830708661417324
0
LINE
8
BLACK
6
CONTINUOUS
10
1.9498031496062991
20
2.1830708661417324
11
1.9460365748031496
21
2.1838200787401574
0
LINE
8
BLACK
6
CONTINUOUS
10
1.9460365748031496
20
2.1838200787401574
11
1.9428434251968503
21
2.1859536614173227
0
LINE
8
BLACK
6
CONTINUOUS
10
1.9428434251968503
20
2.1859536614173227
11
1.9407098425196849
21
2.1891468110236221
0
LINE
8
BLACK
6
CONTINUOUS
10
1.9407098425196849
20
2.1891468110236221
11
1.9399606299212597
21
2.1929133858267718
0
LINE
8
BLACK
6
CONTINUOUS
10
1.9399606299212597
20
2.1929133858267718
11
1.9399606299212597
21
2.2125984251968505
0
LINE
8
BLACK
6
CONTINUOUS
10
1.9399606299212597
20
2.2125984251968505
11
1.9407098425196849
21
2.2163650000000001
0
LINE
8
BLACK
6
CONTINUOUS
10
1.9407098425196849
20
2.2163650000000001
11
1.9428434251968503
21
2.219558149606299
0
LINE
8
BLACK
6
CONTINUOUS
10
1.9428434251968503
20
2.219558149606299
11
1.9460365748031496
21
2.2216917322834644
0
LINE
8
BLACK
6
CONTINUOUS
10
1.9460365748031496
20
2.2216917322834644
11
1.9498031496062991
21
2.2224409448818898
0
LINE
8
BLACK
6
CONTINUOUS
10
1.9498031496062991
20
2.2224409448818898
11
1.9872047244094488
21
2.2224409448818898
0
LINE
8
BLACK
6
CONTINUOUS
10
1.9872047244094488
20
2.2224409448818898
11
1.9909712992125983
21
2.2216917322834644
0
LINE
8
BLACK
6
CONTINUOUS
10
1.4488188976377951
20
2.1840551181102361
11
1.405511811023622
21
2.1840551181102361
0
LINE
8
BLACK
6
CONTINUOUS
10
1.405511811023622
20
2.1840551181102361
11
1.405511811023622
21
2.1998031496062991
0
LINE
8
BLACK
6
CONTINUOUS
10
1.405511811023622
20
2.1998031496062991
11
1.4488188976377951
21
2.1998031496062991
0
LINE
8
BLACK
6
CONTINUOUS
10
1.4488188976377951
20
2.1998031496062991
11
1.4488188976377951
21
2.1840551181102361
0
LINE
8
BLACK
6
CONTINUOUS
10
1.6181102362204725
20
2.1840551181102361
11
1.5748031496062991
21
2.1840551181102361
0
LINE
8
BLACK
6
CONTINUOUS
10
1.5748031496062991
20
2.1840551181102361
11
1.5748031496062991
21
2.1998031496062991
0
LINE
8
BLACK
6
CONTINUOUS
10
1.5748031496062991
20
2.1998031496062991
11
1.6181102362204725
21
2.1998031496062991
0
LINE
8
BLACK
6
CONTINUOUS
10
1.6181102362204725
20
2.1998031496062991
11
1.6181102362204725
21
2.1840551181102361
0
LINE
8
BLACK
6
CONTINUOUS
10
1.7104594881889763
20
2.2531877952755903
11
1.7136526377952757
21
2.251054212598425
0
LINE
8
BLACK
6
CONTINUOUS
10
1.7136526377952757
20
2.251054212598425
11
1.715786220472441
21
2.2478610629921261
0
LINE
8
BLACK
6
CONTINUOUS
10
1.715786220472441
20
2.2478610629921261
11
1.7165354330708662
21
2.2440944881889764
0
LINE
8
BLACK
6
CONTINUOUS
10
1.7165354330708662
20
2.2440944881889764
11
1.7165354330708662
21
2.2086614173228347
0
LINE
8
BLACK
6
CONTINUOUS
10
1.7165354330708662
20
2.2086614173228347
11
1.715786220472441
21
2.204894842519685
0
LINE
8
BLACK
6
CONTINUOUS
10
1.715786220472441
20
2.204894842519685
11
1.7136526377952757
21
2.2017016929133857
0
LINE
8
BLACK
6
CONTINUOUS
10
1.7136526377952757
20
2.2017016929133857
11
1.7104594881889763
21
2.1995681102362203
0
LINE
8
BLACK
6
CONTINUOUS
10
1.7104594881889763
20
2.1995681102362203
11
1.7066929133858266
21
2.1988188976377954
0
LINE
8
BLACK
6
CONTINUOUS
10
1.7066929133858266
20
2.1988188976377954
11
1.686023622047244
21
2.1988188976377954
0
LINE
8
BLACK
6
CONTINUOUS
10
1.686023622047244
20
2.1988188976377954
11
1.6822570472440945
21
2.1995681102362203
0
LINE
8
BLACK
6
CONTINUOUS
10
1.6822570472440945
20
2.1995681102362203
11
1.6790638976377952
21
2.2017016929133857
0
LINE
8
BLACK
6
CONTINUOUS
10
1.6790638976377952
20
2.2017016929133857
11
1.6769303149606298
21
2.204894842519685
0
LINE
8
BLACK
6
CONTINUOUS
10
1.6769303149606298
20
2.204894842519685
11
1.6761811023622046
21
2.2086614173228347
0
LINE
8
BLACK
6
CONTINUOUS
10
1.6761811023622046
20
2.2086614173228347
11
1.6761811023622046
21
2.2440944881889764
0
LINE
8
BLACK
6
CONTINUOUS
10
1.6761811023622046
20
2.2440944881889764
11
1.6769303149606298
21
2.2478610629921261
0
LINE
8
BLACK
6
CONTINUOUS
10
1.6769303149606298
20
2.2478610629921261
11
1.6790638976377952
21
2.251054212598425
0
LINE
8
BLACK
6
CONTINUOUS
10
1.6790638976377952
20
2.251054212598425
11
1.6822570472440945
21
2.2531877952755903
0
LINE
8
BLACK
6
CONTINUOUS
10
1.6822570472440945
20
2.2531877952755903
11
1.686023622047244
21
2.2539370078740157
0
LINE
8
BLACK
6
CONTINUOUS
10
1.686023622047244
20
2.2539370078740157
11
1.7066929133858266
21
2.2539370078740157
0
LINE
8
BLACK
6
CONTINUOUS
10
1.7066929133858266
20
2.2539370078740157
11
1.7104594881889763
21
2.2531877952755903
0
LINE
8
BLACK
6
CONTINUOUS
10
1.7823098818897638
20
2.2531877952755903
11
1.7855030314960629
21
2.251054212598425
0
LINE
8
BLACK
6
CONTINUOUS
10
1.7855030314960629
20
2.251054212598425
11
1.7876366141732283
21
2.2478610629921261
0
LINE
8
BLACK
6
CONTINUOUS
10
1.7876366141732283
20
2.2478610629921261
11
1.7883858267716535
21
2.2440944881889764
0
LINE
8
BLACK
6
CONTINUOUS
10
1.7883858267716535
20
2.2440944881889764
11
1.7883858267716535
21
2.2086614173228347
0
LINE
8
BLACK
6
CONTINUOUS
10
1.7883858267716535
20
2.2086614173228347
11
1.7876366141732283
21
2.204894842519685
0
LINE
8
BLACK
6
CONTINUOUS
10
1.7876366141732283
20
2.204894842519685
11
1.7855030314960629
21
2.2017016929133857
0
LINE
8
BLACK
6
CONTINUOUS
10
1.7855030314960629
20
2.2017016929133857
11
1.7823098818897638
21
2.1995681102362203
0
LINE
8
BLACK
6
CONTINUOUS
10
1.7823098818897638
20
2.1995681102362203
11
1.7785433070866141
21
2.1988188976377954
0
LINE
8
BLACK
6
CONTINUOUS
10
1.7785433070866141
20
2.1988188976377954
11
1.7578740157480315
21
2.1988188976377954
0
LINE
8
BLACK
6
CONTINUOUS
10
1.7578740157480315
20
2.1988188976377954
11
1.7541074409448818
21
2.1995681102362203
0
LINE
8
BLACK
6
CONTINUOUS
10
1.7541074409448818
20
2.1995681102362203
11
1.7509142913385827
21
2.2017016929133857
0
LINE
8
BLACK
6
CONTINUOUS
10
1.7509142913385827
20
2.2017016929133857
11
1.7487807086614173
21
2.204894842519685
0
LINE
8
BLACK
6
CONTINUOUS
10
1.7487807086614173
20
2.204894842519685
11
1.7480314960629921
21
2.2086614173228347
0
LINE
8
BLACK
6
CONTINUOUS
10
1.7480314960629921
20
2.2086614173228347
11
1.7480314960629921
21
2.2440944881889764
0
LINE
8
BLACK
6
CONTINUOUS
10
1.7480314960629921
20
2.2440944881889764
11
1.7487807086614173
21
2.2478610629921261
0
LINE
8
BLACK
6
CONTINUOUS
10
1.7487807086614173
20
2.2478610629921261
11
1.7509142913385827
21
2.251054212598425
0
LINE
8
BLACK
6
CONTINUOUS
10
1.7509142913385827
20
2.251054212598425
11
1.7541074409448818
21
2.2531877952755903
0
LINE
8
BLACK
6
CONTINUOUS
10
1.7541074409448818
20
2.2531877952755903
11
1.7578740157480315
21
2.2539370078740157
0
LINE
8
BLACK
6
CONTINUOUS
10
1.7578740157480315
20
2.2539370078740157
11
1.7785433070866141
21
2.2539370078740157
0
LINE
8
BLACK
6
CONTINUOUS
10
1.7785433070866141
20
2.2539370078740157
11
1.7823098818897638
21
2.2531877952755903
0
LINE
8
BLACK
6
CONTINUOUS
10
1.4488188976377951
20
2.2096456692913384
11
1.405511811023622
21
2.2096456692913384
0
LINE
8
BLACK
6
CONTINUOUS
10
1.405511811023622
20
2.2096456692913384
11
1.405511811023622
21
2.2253937007874014
0
LINE
8
BLACK
6
CONTINUOUS
10
1.405511811023622
20
2.2253937007874014
11
1.4488188976377951
21
2.2253937007874014
0
LINE
8
BLACK
6
CONTINUOUS
10
1.4488188976377951
20
2.2253937007874014
11
1.4488188976377951
21
2.2096456692913384
0
LINE
8
BLACK
6
CONTINUOUS
10
1.6181102362204725
20
2.2096456692913384
11
1.5748031496062991
21
2.2096456692913384
0
LINE
8
BLACK
6
CONTINUOUS
10
1.5748031496062991
20
2.2096456692913384
11
1.5748031496062991
21
2.2253937007874014
0
LINE
8
BLACK
6
CONTINUOUS
10
1.5748031496062991
20
2.2253937007874014
11
1.6181102362204725
21
2.2253937007874014
0
LINE
8
BLACK
6
CONTINUOUS
10
1.6181102362204725
20
2.2253937007874014
11
1.6181102362204725
21
2.2096456692913384
0
LINE
8
BLACK
6
CONTINUOUS
10
0.9722705118110236
20
2.2787783464566931
11
0.9754636614173228
21
2.2766447637795273
0
LINE
8
BLACK
6
CONTINUOUS
10
0.9754636614173228
20
2.2766447637795273
11
0.9775972440944881
21
2.2734516141732284
0
LINE
8
BLACK
6
CONTINUOUS
10
0.9775972440944881
20
2.2734516141732284
11
0.9783464566929133
21
2.2696850393700787
0
LINE
8
BLACK
6
CONTINUOUS
10
0.9783464566929133
20
2.2696850393700787
11
0.9783464566929133
21
2.2224409448818898
0
LINE
8
BLACK
6
CONTINUOUS
10
0.9783464566929133
20
2.2224409448818898
11
0.9775972440944881
21
2.2186743700787401
0
LINE
8
BLACK
6
CONTINUOUS
10
0.9775972440944881
20
2.2186743700787401
11
0.9754636614173228
21
2.2154812204724408
0
LINE
8
BLACK
6
CONTINUOUS
10
0.9754636614173228
20
2.2154812204724408
11
0.9722705118110236
21
2.2133476377952754
0
LINE
8
BLACK
6
CONTINUOUS
10
0.9722705118110236
20
2.2133476377952754
11
0.968503937007874
21
2.2125984251968505
0
LINE
8
BLACK
6
CONTINUOUS
10
0.968503937007874
20
2.2125984251968505
11
0.937007874015748
21
2.2125984251968505
0
LINE
8
BLACK
6
CONTINUOUS
10
0.937007874015748
20
2.2125984251968505
11
0.9332412992125984
21
2.2133476377952754
0
LINE
8
BLACK
6
CONTINUOUS
10
0.9332412992125984
20
2.2133476377952754
11
0.9300481496062992
21
2.2154812204724408
0
LINE
8
BLACK
6
CONTINUOUS
10
0.9300481496062992
20
2.2154812204724408
11
0.9279145669291339
21
2.2186743700787401
0
LINE
8
BLACK
6
CONTINUOUS
10
0.9279145669291339
20
2.2186743700787401
11
0.9271653543307087
21
2.2224409448818898
0
LINE
8
BLACK
6
CONTINUOUS
10
0.9271653543307087
20
2.2224409448818898
11
0.9271653543307087
21
2.2696850393700787
0
LINE
8
BLACK
6
CONTINUOUS
10
0.9271653543307087
20
2.2696850393700787
11
0.9279145669291339
21
2.2734516141732284
0
LINE
8
BLACK
6
CONTINUOUS
10
0.9279145669291339
20
2.2734516141732284
11
0.9300481496062992
21
2.2766447637795273
0
LINE
8
BLACK
6
CONTINUOUS
10
0.9300481496062992
20
2.2766447637795273
11
0.9332412992125984
21
2.2787783464566931
0
LINE
8
BLACK
6
CONTINUOUS
10
0.9332412992125984
20
2.2787783464566931
11
0.937007874015748
21
2.2795275590551181
0
LINE
8
BLACK
6
CONTINUOUS
10
0.937007874015748
20
2.2795275590551181
11
0.968503937007874
21
2.2795275590551181
0
LINE
8
BLACK
6
CONTINUOUS
10
0.968503937007874
20
2.2795275590551181
11
0.9722705118110236
21
2.2787783464566931
0
LINE
8
BLACK
6
CONTINUOUS
10
1.1100657874015747
20
2.2787783464566931
11
1.113258937007874
21
2.2766447637795273
0
LINE
8
BLACK
6
CONTINUOUS
10
1.113258937007874
20
2.2766447637795273
11
1.1153925196850394
21
2.2734516141732284
0
LINE
8
BLACK
6
CONTINUOUS
10
1.1153925196850394
20
2.2734516141732284
11
1.1161417322834646
21
2.2696850393700787
0
LINE
8
BLACK
6
CONTINUOUS
10
1.1161417322834646
20
2.2696850393700787
11
1.1161417322834646
21
2.2224409448818898
0
LINE
8
BLACK
6
CONTINUOUS
10
1.1161417322834646
20
2.2224409448818898
11
1.1153925196850394
21
2.2186743700787401
0
LINE
8
BLACK
6
CONTINUOUS
10
1.1153925196850394
20
2.2186743700787401
11
1.113258937007874
21
2.2154812204724408
0
LINE
8
BLACK
6
CONTINUOUS
10
1.113258937007874
20
2.2154812204724408
11
1.1100657874015747
21
2.2133476377952754
0
LINE
8
BLACK
6
CONTINUOUS
10
1.1100657874015747
20
2.2133476377952754
11
1.1062992125984252
21
2.2125984251968505
0
LINE
8
BLACK
6
CONTINUOUS
10
1.1062992125984252
20
2.2125984251968505
11
1.0748031496062991
21
2.2125984251968505
0
LINE
8
BLACK
6
CONTINUOUS
10
1.0748031496062991
20
2.2125984251968505
11
1.0710365748031496
21
2.2133476377952754
0
LINE
8
BLACK
6
CONTINUOUS
10
1.0710365748031496
20
2.2133476377952754
11
1.0678434251968503
21
2.2154812204724408
0
LINE
8
BLACK
6
CONTINUOUS
10
1.0678434251968503
20
2.2154812204724408
11
1.0657098425196849
21
2.2186743700787401
0
LINE
8
BLACK
6
CONTINUOUS
10
1.0657098425196849
20
2.2186743700787401
11
1.0649606299212597
21
2.2224409448818898
0
LINE
8
BLACK
6
CONTINUOUS
10
1.0649606299212597
20
2.2224409448818898
11
1.0649606299212597
21
2.2696850393700787
0
LINE
8
BLACK
6
CONTINUOUS
10
1.0649606299212597
20
2.2696850393700787
11
1.0657098425196849
21
2.2734516141732284
0
LINE
8
BLACK
6
CONTINUOUS
10
1.0657098425196849
20
2.2734516141732284
11
1.0678434251968503
21
2.2766447637795273
0
LINE
8
BLACK
6
CONTINUOUS
10
1.0678434251968503
20
2.2766447637795273
11
1.0710365748031496
21
2.2787783464566931
0
LINE
8
BLACK
6
CONTINUOUS
10
1.0710365748031496
20
2.2787783464566931
11
1.0748031496062991
21
2.2795275590551181
0
LINE
8
BLACK
6
CONTINUOUS
10
1.0748031496062991
20
2.2795275590551181
11
1.1062992125984252
21
2.2795275590551181
0
LINE
8
BLACK
6
CONTINUOUS
10
1.1062992125984252
20
2.2795275590551181
11
1.1100657874015747
21
2.2787783464566931
0
LINE
8
BLACK
6
CONTINUOUS
10
1.1750264173228346
20
2.2797625984251968
11
1.1782195669291338
21
2.2776290157480314
0
LINE
8
BLACK
6
CONTINUOUS
10
1.1782195669291338
20
2.2776290157480314
11
1.1803531496062991
21
2.2744358661417321
0
LINE
8
BLACK
6
CONTINUOUS
10
1.1803531496062991
20
2.2744358661417321
11
1.1811023622047243
21
2.2706692913385824
0
LINE
8
BLACK
6
CONTINUOUS
10
1.1811023622047243
20
2.2706692913385824
11
1.1811023622047243
21
2.2332677165354329
0
LINE
8
BLACK
6
CONTINUOUS
10
1.1811023622047243
20
2.2332677165354329
11
1.1803531496062991
21
2.2295011417322832
0
LINE
8
BLACK
6
CONTINUOUS
10
1.1803531496062991
20
2.2295011417322832
11
1.1782195669291338
21
2.2263079921259843
0
LINE
8
BLACK
6
CONTINUOUS
10
1.1782195669291338
20
2.2263079921259843
11
1.1750264173228346
21
2.2241744094488189
0
LINE
8
BLACK
6
CONTINUOUS
10
1.1750264173228346
20
2.2241744094488189
11
1.171259842519685
21
2.2234251968503935
0
LINE
8
BLACK
6
CONTINUOUS
10
1.171259842519685
20
2.2234251968503935
11
1.1515748031496063
21
2.2234251968503935
0
LINE
8
BLACK
6
CONTINUOUS
10
1.1515748031496063
20
2.2234251968503935
11
1.1478082283464566
21
2.2241744094488189
0
LINE
8
BLACK
6
CONTINUOUS
10
1.1478082283464566
20
2.2241744094488189
11
1.1446150787401574
21
2.2263079921259843
0
LINE
8
BLACK
6
CONTINUOUS
10
1.1446150787401574
20
2.2263079921259843
11
1.1424814960629921
21
2.2295011417322832
0
LINE
8
BLACK
6
CONTINUOUS
10
1.1424814960629921
20
2.2295011417322832
11
1.1417322834645669
21
2.2332677165354329
0
LINE
8
BLACK
6
CONTINUOUS
10
1.1417322834645669
20
2.2332677165354329
11
1.1417322834645669
21
2.2706692913385824
0
LINE
8
BLACK
6
CONTINUOUS
10
1.1417322834645669
20
2.2706692913385824
11
1.1424814960629921
21
2.2744358661417321
0
LINE
8
BLACK
6
CONTINUOUS
10
1.1424814960629921
20
2.2744358661417321
11
1.1446150787401574
21
2.2776290157480314
0
LINE
8
BLACK
6
CONTINUOUS
10
1.1446150787401574
20
2.2776290157480314
11
1.1478082283464566
21
2.2797625984251968
0
LINE
8
BLACK
6
CONTINUOUS
10
1.1478082283464566
20
2.2797625984251968
11
1.1515748031496063
21
2.2805118110236222
0
LINE
8
BLACK
6
CONTINUOUS
10
1.1515748031496063
20
2.2805118110236222
11
1.171259842519685
21
2.2805118110236222
0
LINE
8
BLACK
6
CONTINUOUS
10
1.171259842519685
20
2.2805118110236222
11
1.1750264173228346
21
2.2797625984251968
0
LINE
8
BLACK
6
CONTINUOUS
10
1.2498295669291339
20
2.2797625984251968
11
1.2530227165354331
21
2.2776290157480314
0
LINE
8
BLACK
6
CONTINUOUS
10
1.2530227165354331
20
2.2776290157480314
11
1.2551562992125984
21
2.2744358661417321
0
LINE
8
BLACK
6
CONTINUOUS
10
1.2551562992125984
20
2.2744358661417321
11
1.2559055118110236
21
2.2706692913385824
0
LINE
8
BLACK
6
CONTINUOUS
10
1.2559055118110236
20
2.2706692913385824
11
1.2559055118110236
21
2.2332677165354329
0
LINE
8
BLACK
6
CONTINUOUS
10
1.2559055118110236
20
2.2332677165354329
11
1.2551562992125984
21
2.2295011417322832
0
LINE
8
BLACK
6
CONTINUOUS
10
1.2551562992125984
20
2.2295011417322832
11
1.2530227165354331
21
2.2263079921259843
0
LINE
8
BLACK
6
CONTINUOUS
10
1.2530227165354331
20
2.2263079921259843
11
1.2498295669291339
21
2.2241744094488189
0
LINE
8
BLACK
6
CONTINUOUS
10
1.2498295669291339
20
2.2241744094488189
11
1.2460629921259843
21
2.2234251968503935
0
LINE
8
BLACK
6
CONTINUOUS
10
1.2460629921259843
20
2.2234251968503935
11
1.2263779527559056
21
2.2234251968503935
0
LINE
8
BLACK
6
CONTINUOUS
10
1.2263779527559056
20
2.2234251968503935
11
1.2226113779527559
21
2.2241744094488189
0
LINE
8
BLACK
6
CONTINUOUS
10
1.2226113779527559
20
2.2241744094488189
11
1.2194182283464567
21
2.2263079921259843
0
LINE
8
BLACK
6
CONTINUOUS
10
1.2194182283464567
20
2.2263079921259843
11
1.2172846456692914
21
2.2295011417322832
0
LINE
8
BLACK
6
CONTINUOUS
10
1.2172846456692914
20
2.2295011417322832
11
1.2165354330708662
21
2.2332677165354329
0
LINE
8
BLACK
6
CONTINUOUS
10
1.2165354330708662
20
2.2332677165354329
11
1.2165354330708662
21
2.2706692913385824
0
LINE
8
BLACK
6
CONTINUOUS
10
1.2165354330708662
20
2.2706692913385824
11
1.2172846456692914
21
2.2744358661417321
0
LINE
8
BLACK
6
CONTINUOUS
10
1.2172846456692914
20
2.2744358661417321
11
1.2194182283464567
21
2.2776290157480314
0
LINE
8
BLACK
6
CONTINUOUS
10
1.2194182283464567
20
2.2776290157480314
11
1.2226113779527559
21
2.2797625984251968
0
LINE
8
BLACK
6
CONTINUOUS
10
1.2226113779527559
20
2.2797625984251968
11
1.2263779527559056
21
2.2805118110236222
0
LINE
8
BLACK
6
CONTINUOUS
10
1.2263779527559056
20
2.2805118110236222
11
1.2460629921259843
21
2.2805118110236222
0
LINE
8
BLACK
6
CONTINUOUS
10
1.2460629921259843
20
2.2805118110236222
11
1.2498295669291339
21
2.2797625984251968
  0
ENDSEC
  0
EOF
