  0
SECTION
  2
HEADER
  9
$ANGBASE
  50
0.0
  9
$ANGDIR
  70
1
  9
$MEASUREMENT
  70
0
  0
ENDSEC
  0
SECTION
  2
TABLES
  0
TABLE
  2
LTYPE
  70
4
  0
LTYPE
  5
40F
  2
CONTINUOUS
  70
0
  3
Solid line
  72
65
  73
0
  40
0.0
  0
LTYPE
  5
410
  2
DASHDOT
 70
0
  3
Dash Dot ____ _ ____ _
 72
65
 73
4
 40
2.0
 49
1.25
 49
-0.25
 49
0.25
 49
-0.25
  0
LTYPE
  5
411
  2
DASHED
 70
0
  3
Dashed __ __ __ __ __
 72
65
 73
2
 40
0.75
 49
0.5
 49
-0.25
  0
LTYPE
  5
43B
  2
DOTTED
 70
0
  3
Dotted .  .  .  .
 72
65
 73
2
 40
0.2
 49
0.0
 49
-0.2
  0
ENDTAB
  0
TABLE
  2
STYLE
  70
4
  0
STYLE
  2
KICAD
  70
0
  40
0
  41
1
  42
1
  50
0
  71
0
  3
isocp.shx
  0
STYLE
  2
KICADB
  70
0
  40
0
  41
1
  42
1
  50
0
  71
0
  3
isocp.shx
  0
STYLE
  2
KICADI
  70
0
  40
0
  41
1
  42
1
  50
15
  71
0
  3
isocp.shx
  0
STYLE
  2
KICADBI
  70
0
  40
0
  41
1
  42
1
  50
15
  71
0
  3
isocp.shx
  0
ENDTAB
  0
TABLE
  2
LAYER
  70
1
  0
LAYER
  2
BLACK
  70
0
  62
7
  6
CONTINUOUS
  0
ENDTAB
  0
ENDSEC
  0
SECTION
  2
ENTITIES
0
LINE
8
BLACK
6
CONTINUOUS
10
0.3216334251968504
20
0.0084586614173228
11
0.3218294881889764
21
0.0083774409448819
0
LINE
8
BLACK
6
CONTINUOUS
10
0.3218294881889764
20
0.0083774409448819
11
0.3220411023622047
21
0.0083624015748031
0
LINE
8
BLACK
6
CONTINUOUS
10
0.3220411023622047
20
0.0083624015748031
11
0.3231223228346456
21
0.0079486614173228
0
LINE
8
BLACK
6
CONTINUOUS
10
0.3231223228346456
20
0.0079486614173228
11
0.3279967322834645
21
0.0055114566929134
0
LINE
8
BLACK
6
CONTINUOUS
10
0.3279967322834645
20
0.0055114566929134
11
0.3284925196850393
21
0.0051993700787402
0
LINE
8
BLACK
6
CONTINUOUS
10
0.3284925196850393
20
0.0051993700787402
11
0.3286365748031496
21
0.0051396850393701
0
LINE
8
BLACK
6
CONTINUOUS
10
0.3286365748031496
20
0.0051396850393701
11
0.3287987401574803
21
0.0050066141732283
0
LINE
8
BLACK
6
CONTINUOUS
10
0.3287987401574803
20
0.0050066141732283
11
0.3289764566929134
21
0.0048947244094488
0
LINE
8
BLACK
6
CONTINUOUS
10
0.3289764566929134
20
0.0048947244094488
11
0.3290786614173228
21
0.0047768897637795
0
LINE
8
BLACK
6
CONTINUOUS
10
0.3290786614173228
20
0.0047768897637795
11
0.3295314960629921
21
0.0044052362204724
0
LINE
8
BLACK
6
CONTINUOUS
10
0.3295314960629921
20
0.0044052362204724
11
0.3319687007874016
21
0.001968031496063
0
LINE
8
BLACK
6
CONTINUOUS
10
0.3319687007874016
20
0.001968031496063
11
0.3323402755905512
21
0.0015152362204724
0
LINE
8
BLACK
6
CONTINUOUS
10
0.3323402755905512
20
0.0015152362204724
11
0.332458188976378
21
0.0014129921259843
0
LINE
8
BLACK
6
CONTINUOUS
10
0.332458188976378
20
0.0014129921259843
11
0.33257
21
0.0012353149606299
0
LINE
8
BLACK
6
CONTINUOUS
10
0.33257
20
0.0012353149606299
11
0.3327031496062992
21
0.0010731102362205
0
LINE
8
BLACK
6
CONTINUOUS
10
0.3327031496062992
20
0.0010731102362205
11
0.3327627952755906
21
0.0009290551181102
0
LINE
8
BLACK
6
CONTINUOUS
10
0.3327627952755906
20
0.0009290551181102
11
0.3330749212598425
21
0.0004332283464567
0
LINE
8
BLACK
6
CONTINUOUS
10
0.3330749212598425
20
0.0004332283464567
11
0.335512125984252
21
-0.0044411417322835
0
LINE
8
BLACK
6
CONTINUOUS
10
0.335512125984252
20
-0.0044411417322835
11
0.335925905511811
21
-0.0055223622047244
0
LINE
8
BLACK
6
CONTINUOUS
10
0.335925905511811
20
-0.0055223622047244
11
0.3359409448818897
21
-0.0057340551181102
0
LINE
8
BLACK
6
CONTINUOUS
10
0.3359409448818897
20
-0.0057340551181102
11
0.336022125984252
21
-0.0059300393700787
0
LINE
8
BLACK
6
CONTINUOUS
10
0.336022125984252
20
-0.0059300393700787
11
0.3361355905511811
21
-0.0070821653543307
0
LINE
8
BLACK
6
CONTINUOUS
10
0.3361355905511811
20
-0.0070821653543307
11
0.3361355905511811
21
-0.0119565748031496
0
LINE
8
BLACK
6
CONTINUOUS
10
0.3361355905511811
20
-0.0119565748031496
11
0.3360781496062992
21
-0.0125396850393701
0
LINE
8
BLACK
6
CONTINUOUS
10
0.3360781496062992
20
-0.0125396850393701
11
0.3360892125984252
21
-0.0126951968503937
0
LINE
8
BLACK
6
CONTINUOUS
10
0.3360892125984252
20
-0.0126951968503937
11
0.3360426771653543
21
-0.0128996850393701
0
LINE
8
BLACK
6
CONTINUOUS
10
0.3360426771653543
20
-0.0128996850393701
11
0.336022125984252
21
-0.0131087007874016
0
LINE
8
BLACK
6
CONTINUOUS
10
0.336022125984252
20
-0.0131087007874016
11
0.3359623622047244
21
-0.013252874015748
0
LINE
8
BLACK
6
CONTINUOUS
10
0.3359623622047244
20
-0.013252874015748
11
0.3358325196850394
21
-0.0138240551181102
0
LINE
8
BLACK
6
CONTINUOUS
10
0.3358325196850394
20
-0.0138240551181102
11
0.3333953149606299
21
-0.0211356299212598
0
LINE
8
BLACK
6
CONTINUOUS
10
0.3333953149606299
20
-0.0211356299212598
11
0.3329233464566929
21
-0.0221927559055118
0
LINE
8
BLACK
6
CONTINUOUS
10
0.3329233464566929
20
-0.0221927559055118
11
0.3327843700787402
21
-0.0223529921259843
0
LINE
8
BLACK
6
CONTINUOUS
10
0.3327843700787402
20
-0.0223529921259843
11
0.3327031496062992
21
-0.022549094488189
0
LINE
8
BLACK
6
CONTINUOUS
10
0.3327031496062992
20
-0.022549094488189
11
0.3319687007874016
21
-0.0234439763779528
0
LINE
8
BLACK
6
CONTINUOUS
10
0.3319687007874016
20
-0.0234439763779528
11
0.3128037007874016
21
-0.0426089763779528
0
LINE
8
BLACK
6
CONTINUOUS
10
0.3128037007874016
20
-0.0426089763779528
11
0.3302300787401575
21
-0.0426089763779528
0
LINE
8
BLACK
6
CONTINUOUS
10
0.3302300787401575
20
-0.0426089763779528
11
0.3313822047244094
21
-0.0427224409448819
0
LINE
8
BLACK
6
CONTINUOUS
10
0.3313822047244094
20
-0.0427224409448819
11
0.3335110236220472
21
-0.0436042519685039
0
LINE
8
BLACK
6
CONTINUOUS
10
0.3335110236220472
20
-0.0436042519685039
11
0.3351403149606299
21
-0.0452335433070866
0
LINE
8
BLACK
6
CONTINUOUS
10
0.3351403149606299
20
-0.0452335433070866
11
0.336022125984252
21
-0.0473623622047244
0
LINE
8
BLACK
6
CONTINUOUS
10
0.336022125984252
20
-0.0473623622047244
11
0.336022125984252
21
-0.0496666141732283
0
LINE
8
BLACK
6
CONTINUOUS
10
0.336022125984252
20
-0.0496666141732283
11
0.3351403149606299
21
-0.0517954330708661
0
LINE
8
BLACK
6
CONTINUOUS
10
0.3351403149606299
20
-0.0517954330708661
11
0.3335110236220472
21
-0.0534247244094488
0
LINE
8
BLACK
6
CONTINUOUS
10
0.3335110236220472
20
-0.0534247244094488
11
0.3313822047244094
21
-0.0543065354330709
0
LINE
8
BLACK
6
CONTINUOUS
10
0.3313822047244094
20
-0.0543065354330709
11
0.3302300787401575
21
-0.05442
0
LINE
8
BLACK
6
CONTINUOUS
10
0.3302300787401575
20
-0.05442
11
0.2985465354330709
21
-0.05442
0
LINE
8
BLACK
6
CONTINUOUS
10
0.2985465354330709
20
-0.05442
11
0.2973944094488189
21
-0.0543065354330709
0
LINE
8
BLACK
6
CONTINUOUS
10
0.2973944094488189
20
-0.0543065354330709
11
0.2961631889763779
21
-0.0537965354330709
0
LINE
8
BLACK
6
CONTINUOUS
10
0.2961631889763779
20
-0.0537965354330709
11
0.2952656299212598
21
-0.0534247637795276
0
LINE
8
BLACK
6
CONTINUOUS
10
0.2952656299212598
20
-0.0534247637795276
11
0.2936362598425197
21
-0.0517953937007874
0
LINE
8
BLACK
6
CONTINUOUS
10
0.2936362598425197
20
-0.0517953937007874
11
0.2927544881889764
21
-0.0496665748031496
0
LINE
8
BLACK
6
CONTINUOUS
10
0.2927544881889764
20
-0.0496665748031496
11
0.2927544881889764
21
-0.0473624015748031
0
LINE
8
BLACK
6
CONTINUOUS
10
0.2927544881889764
20
-0.0473624015748031
11
0.2927965354330709
21
-0.047260905511811
0
LINE
8
BLACK
6
CONTINUOUS
10
0.2927965354330709
20
-0.047260905511811
11
0.2934886614173228
21
-0.0455899212598425
0
LINE
8
BLACK
6
CONTINUOUS
10
0.2934886614173228
20
-0.0455899212598425
11
0.2936362598425197
21
-0.0452335826771654
0
LINE
8
BLACK
6
CONTINUOUS
10
0.2936362598425197
20
-0.0452335826771654
11
0.2943707086614173
21
-0.0443386614173228
0
LINE
8
BLACK
6
CONTINUOUS
10
0.2943707086614173
20
-0.0443386614173228
11
0.3226312992125984
21
-0.0160780708661417
0
LINE
8
BLACK
6
CONTINUOUS
10
0.3226312992125984
20
-0.0160780708661417
11
0.3243245669291339
21
-0.0109982677165354
0
LINE
8
BLACK
6
CONTINUOUS
10
0.3243245669291339
20
-0.0109982677165354
11
0.3243245669291339
21
-0.0084762992125984
0
LINE
8
BLACK
6
CONTINUOUS
10
0.3243245669291339
20
-0.0084762992125984
11
0.3229394094488189
21
-0.0057059842519685
0
LINE
8
BLACK
6
CONTINUOUS
10
0.3229394094488189
20
-0.0057059842519685
11
0.3218574409448819
21
-0.0046240157480315
0
LINE
8
BLACK
6
CONTINUOUS
10
0.3218574409448819
20
-0.0046240157480315
11
0.3190872047244094
21
-0.0032388976377953
0
LINE
8
BLACK
6
CONTINUOUS
10
0.3190872047244094
20
-0.0032388976377953
11
0.3096894094488189
21
-0.0032388976377953
0
LINE
8
BLACK
6
CONTINUOUS
10
0.3096894094488189
20
-0.0032388976377953
11
0.306919094488189
21
-0.0046240157480315
0
LINE
8
BLACK
6
CONTINUOUS
10
0.306919094488189
20
-0.0046240157480315
11
0.3051596062992126
21
-0.0063835826771654
0
LINE
8
BLACK
6
CONTINUOUS
10
0.3051596062992126
20
-0.0063835826771654
11
0.3042646850393701
21
-0.007118031496063
0
LINE
8
BLACK
6
CONTINUOUS
10
0.3042646850393701
20
-0.007118031496063
11
0.3021358661417323
21
-0.007999842519685
0
LINE
8
BLACK
6
CONTINUOUS
10
0.3021358661417323
20
-0.007999842519685
11
0.2998316929133858
21
-0.007999842519685
0
LINE
8
BLACK
6
CONTINUOUS
10
0.2998316929133858
20
-0.007999842519685
11
0.297702874015748
21
-0.0071181102362205
0
LINE
8
BLACK
6
CONTINUOUS
10
0.297702874015748
20
-0.0071181102362205
11
0.2960735039370079
21
-0.0054887401574803
0
LINE
8
BLACK
6
CONTINUOUS
10
0.2960735039370079
20
-0.0054887401574803
11
0.2951916929133858
21
-0.0033599212598425
0
LINE
8
BLACK
6
CONTINUOUS
10
0.2951916929133858
20
-0.0033599212598425
11
0.2951916929133858
21
-0.0010557480314961
0
LINE
8
BLACK
6
CONTINUOUS
10
0.2951916929133858
20
-0.0010557480314961
11
0.2960734251968504
21
0.0010730708661417
0
LINE
8
BLACK
6
CONTINUOUS
10
0.2960734251968504
20
0.0010730708661417
11
0.296807874015748
21
0.0019679921259843
0
LINE
8
BLACK
6
CONTINUOUS
10
0.296807874015748
20
0.0019679921259843
11
0.2992450393700787
21
0.0044051968503937
0
LINE
8
BLACK
6
CONTINUOUS
10
0.2992450393700787
20
0.0044051968503937
11
0.299697874015748
21
0.0047768503937008
0
LINE
8
BLACK
6
CONTINUOUS
10
0.299697874015748
20
0.0047768503937008
11
0.2998001181102362
21
0.0048947244094488
0
LINE
8
BLACK
6
CONTINUOUS
10
0.2998001181102362
20
0.0048947244094488
11
0.2999778346456693
21
0.0050066141732283
0
LINE
8
BLACK
6
CONTINUOUS
10
0.2999778346456693
20
0.0050066141732283
11
0.3001399606299213
21
0.0051396456692913
0
LINE
8
BLACK
6
CONTINUOUS
10
0.3001399606299213
20
0.0051396456692913
11
0.300283937007874
21
0.0051993307086614
0
LINE
8
BLACK
6
CONTINUOUS
10
0.300283937007874
20
0.0051993307086614
11
0.3007798818897638
21
0.0055114566929134
0
LINE
8
BLACK
6
CONTINUOUS
10
0.3007798818897638
20
0.0055114566929134
11
0.3056542913385827
21
0.0079486614173228
0
LINE
8
BLACK
6
CONTINUOUS
10
0.3056542913385827
20
0.0079486614173228
11
0.3067355511811024
21
0.0083624409448819
0
LINE
8
BLACK
6
CONTINUOUS
10
0.3067355511811024
20
0.0083624409448819
11
0.3069471653543307
21
0.0083774803149606
0
LINE
8
BLACK
6
CONTINUOUS
10
0.3069471653543307
20
0.0083774803149606
11
0.3071431889763779
21
0.0084586614173228
0
LINE
8
BLACK
6
CONTINUOUS
10
0.3071431889763779
20
0.0084586614173228
11
0.3082953149606299
21
0.008572125984252
0
LINE
8
BLACK
6
CONTINUOUS
10
0.3082953149606299
20
0.008572125984252
11
0.3204812992125984
21
0.008572125984252
0
LINE
8
BLACK
6
CONTINUOUS
10
0.3204812992125984
20
0.008572125984252
11
0.3216334251968504
21
0.0084586614173228
0
LINE
8
BLACK
6
CONTINUOUS
10
0.3679401181102362
20
0.0084586614173228
11
0.3681361811023622
21
0.0083774409448819
0
LINE
8
BLACK
6
CONTINUOUS
10
0.3681361811023622
20
0.0083774409448819
11
0.3683477952755905
21
0.0083624015748031
0
LINE
8
BLACK
6
CONTINUOUS
10
0.3683477952755905
20
0.0083624015748031
11
0.3694290157480315
21
0.0079486614173228
0
LINE
8
BLACK
6
CONTINUOUS
10
0.3694290157480315
20
0.0079486614173228
11
0.3743034251968504
21
0.0055114566929134
0
LINE
8
BLACK
6
CONTINUOUS
10
0.3743034251968504
20
0.0055114566929134
11
0.3747992125984252
21
0.0051993700787402
0
LINE
8
BLACK
6
CONTINUOUS
10
0.3747992125984252
20
0.0051993700787402
11
0.3749432677165354
21
0.0051396850393701
0
LINE
8
BLACK
6
CONTINUOUS
10
0.3749432677165354
20
0.0051396850393701
11
0.3751054330708661
21
0.0050066141732283
0
LINE
8
BLACK
6
CONTINUOUS
10
0.3751054330708661
20
0.0050066141732283
11
0.3752831496062992
21
0.0048947244094488
0
LINE
8
BLACK
6
CONTINUOUS
10
0.3752831496062992
20
0.0048947244094488
11
0.3753853543307086
21
0.0047768897637795
0
LINE
8
BLACK
6
CONTINUOUS
10
0.3753853543307086
20
0.0047768897637795
11
0.3758381889763779
21
0.0044052362204724
0
LINE
8
BLACK
6
CONTINUOUS
10
0.3758381889763779
20
0.0044052362204724
11
0.3782753937007874
21
0.001968031496063
0
LINE
8
BLACK
6
CONTINUOUS
10
0.3782753937007874
20
0.001968031496063
11
0.378646968503937
21
0.0015152362204724
0
LINE
8
BLACK
6
CONTINUOUS
10
0.378646968503937
20
0.0015152362204724
11
0.3787648818897638
21
0.0014129921259843
0
LINE
8
BLACK
6
CONTINUOUS
10
0.3787648818897638
20
0.0014129921259843
11
0.3788766929133858
21
0.0012353149606299
0
LINE
8
BLACK
6
CONTINUOUS
10
0.3788766929133858
20
0.0012353149606299
11
0.3790098425196851
21
0.0010731102362205
0
LINE
8
BLACK
6
CONTINUOUS
10
0.3790098425196851
20
0.0010731102362205
11
0.3790694881889763
21
0.0009290551181102
0
LINE
8
BLACK
6
CONTINUOUS
10
0.3790694881889763
20
0.0009290551181102
11
0.3793816141732284
21
0.0004332283464567
0
LINE
8
BLACK
6
CONTINUOUS
10
0.3793816141732284
20
0.0004332283464567
11
0.3818188188976378
21
-0.0044411417322835
0
LINE
8
BLACK
6
CONTINUOUS
10
0.3818188188976378
20
-0.0044411417322835
11
0.3818510236220473
21
-0.0045253149606299
0
LINE
8
BLACK
6
CONTINUOUS
10
0.3818510236220473
20
-0.0045253149606299
11
0.3818764566929134
21
-0.0045596456692913
0
LINE
8
BLACK
6
CONTINUOUS
10
0.3818764566929134
20
-0.0045596456692913
11
0.382048937007874
21
-0.0050424803149606
0
LINE
8
BLACK
6
CONTINUOUS
10
0.382048937007874
20
-0.0050424803149606
11
0.3822325984251969
21
-0.0055223622047244
0
LINE
8
BLACK
6
CONTINUOUS
10
0.3822325984251969
20
-0.0055223622047244
11
0.3822355905511811
21
-0.005565
0
LINE
8
BLACK
6
CONTINUOUS
10
0.3822355905511811
20
-0.005565
11
0.3822659448818898
21
-0.0056498818897638
0
LINE
8
BLACK
6
CONTINUOUS
10
0.3822659448818898
20
-0.0056498818897638
11
0.3847031496062992
21
-0.0153986614173228
0
LINE
8
BLACK
6
CONTINUOUS
10
0.3847031496062992
20
-0.0153986614173228
11
0.3847326377952756
21
-0.0155983070866142
0
LINE
8
BLACK
6
CONTINUOUS
10
0.3847326377952756
20
-0.0155983070866142
11
0.3847660236220473
21
-0.0156788188976378
0
LINE
8
BLACK
6
CONTINUOUS
10
0.3847660236220473
20
-0.0156788188976378
11
0.3848087401574803
21
-0.0161127559055118
0
LINE
8
BLACK
6
CONTINUOUS
10
0.3848087401574803
20
-0.0161127559055118
11
0.3848725196850394
21
-0.0165438976377953
0
LINE
8
BLACK
6
CONTINUOUS
10
0.3848725196850394
20
-0.0165438976377953
11
0.3848596850393701
21
-0.01663
0
LINE
8
BLACK
6
CONTINUOUS
10
0.3848596850393701
20
-0.01663
11
0.3848794881889764
21
-0.0168309448818898
0
LINE
8
BLACK
6
CONTINUOUS
10
0.3848794881889764
20
-0.0168309448818898
11
0.3848794881889764
21
-0.0290169291338583
0
LINE
8
BLACK
6
CONTINUOUS
10
0.3848794881889764
20
-0.0290169291338583
11
0.3848596850393701
21
-0.0292178346456693
0
LINE
8
BLACK
6
CONTINUOUS
10
0.3848596850393701
20
-0.0292178346456693
11
0.3848725196850394
21
-0.0293039763779528
0
LINE
8
BLACK
6
CONTINUOUS
10
0.3848725196850394
20
-0.0293039763779528
11
0.3848087401574803
21
-0.0297350787401575
0
LINE
8
BLACK
6
CONTINUOUS
10
0.3848087401574803
20
-0.0297350787401575
11
0.3847660236220473
21
-0.0301690551181102
0
LINE
8
BLACK
6
CONTINUOUS
10
0.3847660236220473
20
-0.0301690551181102
11
0.3847326377952756
21
-0.0302495275590551
0
LINE
8
BLACK
6
CONTINUOUS
10
0.3847326377952756
20
-0.0302495275590551
11
0.3847031496062992
21
-0.0304492125984252
0
LINE
8
BLACK
6
CONTINUOUS
10
0.3847031496062992
20
-0.0304492125984252
11
0.3822659448818898
21
-0.0401979921259843
0
LINE
8
BLACK
6
CONTINUOUS
10
0.3822659448818898
20
-0.0401979921259843
11
0.3822355905511811
21
-0.0402828346456693
0
LINE
8
BLACK
6
CONTINUOUS
10
0.3822355905511811
20
-0.0402828346456693
11
0.3822325984251969
21
-0.0403254724409449
0
LINE
8
BLACK
6
CONTINUOUS
10
0.3822325984251969
20
-0.0403254724409449
11
0.3820490551181102
21
-0.040805
0
LINE
8
BLACK
6
CONTINUOUS
10
0.3820490551181102
20
-0.040805
11
0.3818764566929134
21
-0.0412882283464567
0
LINE
8
BLACK
6
CONTINUOUS
10
0.3818764566929134
20
-0.0412882283464567
11
0.3818510236220473
21
-0.0413225196850394
0
LINE
8
BLACK
6
CONTINUOUS
10
0.3818510236220473
20
-0.0413225196850394
11
0.3818188188976378
21
-0.0414067322834646
0
LINE
8
BLACK
6
CONTINUOUS
10
0.3818188188976378
20
-0.0414067322834646
11
0.3793816141732284
21
-0.0462811417322835
0
LINE
8
BLACK
6
CONTINUOUS
10
0.3793816141732284
20
-0.0462811417322835
11
0.3790694881889763
21
-0.0467769291338583
0
LINE
8
BLACK
6
CONTINUOUS
10
0.3790694881889763
20
-0.0467769291338583
11
0.3790098425196851
21
-0.0469210236220472
0
LINE
8
BLACK
6
CONTINUOUS
10
0.3790098425196851
20
-0.0469210236220472
11
0.3788766929133858
21
-0.0470831889763779
0
LINE
8
BLACK
6
CONTINUOUS
10
0.3788766929133858
20
-0.0470831889763779
11
0.3787648818897638
21
-0.047260905511811
0
LINE
8
BLACK
6
CONTINUOUS
10
0.3787648818897638
20
-0.047260905511811
11
0.3786470078740157
21
-0.0473631102362205
0
LINE
8
BLACK
6
CONTINUOUS
10
0.3786470078740157
20
-0.0473631102362205
11
0.3782753937007874
21
-0.0478159448818898
0
LINE
8
BLACK
6
CONTINUOUS
10
0.3782753937007874
20
-0.0478159448818898
11
0.3758381889763779
21
-0.0502531496062992
0
LINE
8
BLACK
6
CONTINUOUS
10
0.3758381889763779
20
-0.0502531496062992
11
0.3753853543307086
21
-0.0506247637795276
0
LINE
8
BLACK
6
CONTINUOUS
10
0.3753853543307086
20
-0.0506247637795276
11
0.3752831102362205
21
-0.0507426771653543
0
LINE
8
BLACK
6
CONTINUOUS
10
0.3752831102362205
20
-0.0507426771653543
11
0.3751053937007874
21
-0.0508544881889764
0
LINE
8
BLACK
6
CONTINUOUS
10
0.3751053937007874
20
-0.0508544881889764
11
0.3749432677165354
21
-0.0509875984251969
0
LINE
8
BLACK
6
CONTINUOUS
10
0.3749432677165354
20
-0.0509875984251969
11
0.3747991338582677
21
-0.0510472834645669
0
LINE
8
BLACK
6
CONTINUOUS
10
0.3747991338582677
20
-0.0510472834645669
11
0.3743033464566929
21
-0.0513593700787402
0
LINE
8
BLACK
6
CONTINUOUS
10
0.3743033464566929
20
-0.0513593700787402
11
0.3694290157480315
21
-0.0537965354330709
0
LINE
8
BLACK
6
CONTINUOUS
10
0.3694290157480315
20
-0.0537965354330709
11
0.3683477559055118
21
-0.0542103149606299
0
LINE
8
BLACK
6
CONTINUOUS
10
0.3683477559055118
20
-0.0542103149606299
11
0.3681361023622047
21
-0.0542253149606299
0
LINE
8
BLACK
6
CONTINUOUS
10
0.3681361023622047
20
-0.0542253149606299
11
0.3679401181102362
21
-0.0543065354330709
0
LINE
8
BLACK
6
CONTINUOUS
10
0.3679401181102362
20
-0.0543065354330709
11
0.3667879921259842
21
-0.05442
0
LINE
8
BLACK
6
CONTINUOUS
10
0.3667879921259842
20
-0.05442
11
0.3619135826771653
21
-0.05442
0
LINE
8
BLACK
6
CONTINUOUS
10
0.3619135826771653
20
-0.05442
11
0.3607614566929134
21
-0.0543065354330709
0
LINE
8
BLACK
6
CONTINUOUS
10
0.3607614566929134
20
-0.0543065354330709
11
0.3605654724409449
21
-0.0542253543307087
0
LINE
8
BLACK
6
CONTINUOUS
10
0.3605654724409449
20
-0.0542253543307087
11
0.360353779527559
21
-0.0542103149606299
0
LINE
8
BLACK
6
CONTINUOUS
10
0.360353779527559
20
-0.0542103149606299
11
0.3592725590551181
21
-0.0537965354330709
0
LINE
8
BLACK
6
CONTINUOUS
10
0.3592725590551181
20
-0.0537965354330709
11
0.3543981889763779
21
-0.0513593700787402
0
LINE
8
BLACK
6
CONTINUOUS
10
0.3543981889763779
20
-0.0513593700787402
11
0.3539024409448819
21
-0.0510472834645669
0
LINE
8
BLACK
6
CONTINUOUS
10
0.3539024409448819
20
-0.0510472834645669
11
0.3537583070866142
21
-0.0509875984251969
0
LINE
8
BLACK
6
CONTINUOUS
10
0.3537583070866142
20
-0.0509875984251969
11
0.3535959842519685
21
-0.0508543700787402
0
LINE
8
BLACK
6
CONTINUOUS
10
0.3535959842519685
20
-0.0508543700787402
11
0.3534184645669291
21
-0.0507426377952756
0
LINE
8
BLACK
6
CONTINUOUS
10
0.3534184645669291
20
-0.0507426377952756
11
0.3533162992125984
21
-0.050624842519685
0
LINE
8
BLACK
6
CONTINUOUS
10
0.3533162992125984
20
-0.050624842519685
11
0.3528633858267716
21
-0.0502531496062992
0
LINE
8
BLACK
6
CONTINUOUS
10
0.3528633858267716
20
-0.0502531496062992
11
0.3504261811023622
21
-0.0478159448818898
0
LINE
8
BLACK
6
CONTINUOUS
10
0.3504261811023622
20
-0.0478159448818898
11
0.3500545669291338
21
-0.0473631102362205
0
LINE
8
BLACK
6
CONTINUOUS
10
0.3500545669291338
20
-0.0473631102362205
11
0.3499366929133858
21
-0.047260905511811
0
LINE
8
BLACK
6
CONTINUOUS
10
0.3499366929133858
20
-0.047260905511811
11
0.349824842519685
21
-0.0470831889763779
0
LINE
8
BLACK
6
CONTINUOUS
10
0.349824842519685
20
-0.0470831889763779
11
0.3496917322834646
21
-0.0469210236220472
0
LINE
8
BLACK
6
CONTINUOUS
10
0.3496917322834646
20
-0.0469210236220472
11
0.3496320472440945
21
-0.0467769291338583
0
LINE
8
BLACK
6
CONTINUOUS
10
0.3496320472440945
20
-0.0467769291338583
11
0.3493199606299213
21
-0.0462811417322835
0
LINE
8
BLACK
6
CONTINUOUS
10
0.3493199606299213
20
-0.0462811417322835
11
0.3468827559055118
21
-0.0414067322834646
0
LINE
8
BLACK
6
CONTINUOUS
10
0.3468827559055118
20
-0.0414067322834646
11
0.3468505118110236
21
-0.0413225196850394
0
LINE
8
BLACK
6
CONTINUOUS
10
0.3468505118110236
20
-0.0413225196850394
11
0.3468251181102362
21
-0.0412882283464567
0
LINE
8
BLACK
6
CONTINUOUS
10
0.3468251181102362
20
-0.0412882283464567
11
0.3466525984251969
21
-0.0408053543307087
0
LINE
8
BLACK
6
CONTINUOUS
10
0.3466525984251969
20
-0.0408053543307087
11
0.3464689763779528
21
-0.0403255118110236
0
LINE
8
BLACK
6
CONTINUOUS
10
0.3464689763779528
20
-0.0403255118110236
11
0.3464659448818898
21
-0.0402828346456693
0
LINE
8
BLACK
6
CONTINUOUS
10
0.3464659448818898
20
-0.0402828346456693
11
0.3464356299212598
21
-0.0401979921259843
0
LINE
8
BLACK
6
CONTINUOUS
10
0.3464356299212598
20
-0.0401979921259843
11
0.3439984645669291
21
-0.0304492125984252
0
LINE
8
BLACK
6
CONTINUOUS
10
0.3439984645669291
20
-0.0304492125984252
11
0.343968937007874
21
-0.0302495275590551
0
LINE
8
BLACK
6
CONTINUOUS
10
0.343968937007874
20
-0.0302495275590551
11
0.3439355905511811
21
-0.0301690551181102
0
LINE
8
BLACK
6
CONTINUOUS
10
0.3439355905511811
20
-0.0301690551181102
11
0.3438928346456693
21
-0.0297350787401575
0
LINE
8
BLACK
6
CONTINUOUS
10
0.3438928346456693
20
-0.0297350787401575
11
0.343829094488189
21
-0.0293039763779528
0
LINE
8
BLACK
6
CONTINUOUS
10
0.343829094488189
20
-0.0293039763779528
11
0.3438418897637795
21
-0.0292178346456693
0
LINE
8
BLACK
6
CONTINUOUS
10
0.3438418897637795
20
-0.0292178346456693
11
0.3438221259842519
21
-0.0290169291338583
0
LINE
8
BLACK
6
CONTINUOUS
10
0.3438221259842519
20
-0.0290169291338583
11
0.3438221259842519
21
-0.0168309448818898
0
LINE
8
BLACK
6
CONTINUOUS
10
0.3438221259842519
20
-0.0168309448818898
11
0.3438418897637795
21
-0.01663
0
LINE
8
BLACK
6
CONTINUOUS
10
0.3438418897637795
20
-0.01663
11
0.343829094488189
21
-0.0165438976377953
0
LINE
8
BLACK
6
CONTINUOUS
10
0.343829094488189
20
-0.0165438976377953
11
0.3438928346456693
21
-0.0161127559055118
0
LINE
8
BLACK
6
CONTINUOUS
10
0.3438928346456693
20
-0.0161127559055118
11
0.3439355905511811
21
-0.0156788188976378
0
LINE
8
BLACK
6
CONTINUOUS
10
0.3439355905511811
20
-0.0156788188976378
11
0.343968937007874
21
-0.0155983070866142
0
LINE
8
BLACK
6
CONTINUOUS
10
0.343968937007874
20
-0.0155983070866142
11
0.3439984645669291
21
-0.0153986614173228
0
LINE
8
BLACK
6
CONTINUOUS
10
0.3439984645669291
20
-0.0153986614173228
11
0.3464356299212598
21
-0.0056498818897638
0
LINE
8
BLACK
6
CONTINUOUS
10
0.3464356299212598
20
-0.0056498818897638
11
0.3464659842519685
21
-0.0055648818897638
0
LINE
8
BLACK
6
CONTINUOUS
10
0.3464659842519685
20
-0.0055648818897638
11
0.3464690157480315
21
-0.0055223622047244
0
LINE
8
BLACK
6
CONTINUOUS
10
0.3464690157480315
20
-0.0055223622047244
11
0.3466522834645669
21
-0.0050433464566929
0
LINE
8
BLACK
6
CONTINUOUS
10
0.3466522834645669
20
-0.0050433464566929
11
0.3468251181102362
21
-0.0045596456692913
0
LINE
8
BLACK
6
CONTINUOUS
10
0.3468251181102362
20
-0.0045596456692913
11
0.3468505118110236
21
-0.0045253149606299
0
LINE
8
BLACK
6
CONTINUOUS
10
0.3468505118110236
20
-0.0045253149606299
11
0.3468827559055118
21
-0.0044411417322835
0
LINE
8
BLACK
6
CONTINUOUS
10
0.3468827559055118
20
-0.0044411417322835
11
0.3493199606299213
21
0.0004332677165354
0
LINE
8
BLACK
6
CONTINUOUS
10
0.3493199606299213
20
0.0004332677165354
11
0.3496320472440945
21
0.000929094488189
0
LINE
8
BLACK
6
CONTINUOUS
10
0.3496320472440945
20
0.000929094488189
11
0.3496917322834646
21
0.0010731102362205
0
LINE
8
BLACK
6
CONTINUOUS
10
0.3496917322834646
20
0.0010731102362205
11
0.3498248031496063
21
0.0012353149606299
0
LINE
8
BLACK
6
CONTINUOUS
10
0.3498248031496063
20
0.0012353149606299
11
0.3499366929133858
21
0.0014129921259843
0
LINE
8
BLACK
6
CONTINUOUS
10
0.3499366929133858
20
0.0014129921259843
11
0.3500545275590551
21
0.0015152362204724
0
LINE
8
BLACK
6
CONTINUOUS
10
0.3500545275590551
20
0.0015152362204724
11
0.3504261811023622
21
0.001968031496063
0
LINE
8
BLACK
6
CONTINUOUS
10
0.3504261811023622
20
0.001968031496063
11
0.3528633858267716
21
0.0044052362204724
0
LINE
8
BLACK
6
CONTINUOUS
10
0.3528633858267716
20
0.0044052362204724
11
0.3533161811023622
21
0.0047768503937008
0
LINE
8
BLACK
6
CONTINUOUS
10
0.3533161811023622
20
0.0047768503937008
11
0.3534184251968504
21
0.0048947244094488
0
LINE
8
BLACK
6
CONTINUOUS
10
0.3534184251968504
20
0.0048947244094488
11
0.3535961023622047
21
0.0050065748031496
0
LINE
8
BLACK
6
CONTINUOUS
10
0.3535961023622047
20
0.0050065748031496
11
0.3537583070866142
21
0.0051396850393701
0
LINE
8
BLACK
6
CONTINUOUS
10
0.3537583070866142
20
0.0051396850393701
11
0.3539023622047244
21
0.0051993700787402
0
LINE
8
BLACK
6
CONTINUOUS
10
0.3539023622047244
20
0.0051993700787402
11
0.3543981889763779
21
0.0055114566929134
0
LINE
8
BLACK
6
CONTINUOUS
10
0.3543981889763779
20
0.0055114566929134
11
0.3592725590551181
21
0.0079486614173228
0
LINE
8
BLACK
6
CONTINUOUS
10
0.3592725590551181
20
0.0079486614173228
11
0.360353779527559
21
0.0083624409448819
0
LINE
8
BLACK
6
CONTINUOUS
10
0.360353779527559
20
0.0083624409448819
11
0.3605654724409449
21
0.0083775196850394
0
LINE
8
BLACK
6
CONTINUOUS
10
0.3605654724409449
20
0.0083775196850394
11
0.3607614566929134
21
0.0084586614173228
0
LINE
8
BLACK
6
CONTINUOUS
10
0.3607614566929134
20
0.0084586614173228
11
0.3619135826771653
21
0.008572125984252
0
LINE
8
BLACK
6
CONTINUOUS
10
0.3619135826771653
20
0.008572125984252
11
0.3667879921259842
21
0.008572125984252
0
LINE
8
BLACK
6
CONTINUOUS
10
0.3667879921259842
20
0.008572125984252
11
0.3679401181102362
21
0.0084586614173228
0
LINE
8
BLACK
6
CONTINUOUS
10
0.3605374015748031
20
-0.0046240551181102
11
0.3594554330708661
21
-0.0057059842519685
0
LINE
8
BLACK
6
CONTINUOUS
10
0.3594554330708661
20
-0.0057059842519685
11
0.3577367716535433
21
-0.0091432677165354
0
LINE
8
BLACK
6
CONTINUOUS
10
0.3577367716535433
20
-0.0091432677165354
11
0.3556331496062992
21
-0.017557874015748
0
LINE
8
BLACK
6
CONTINUOUS
10
0.3556331496062992
20
-0.017557874015748
11
0.3556331496062992
21
-0.0282899606299213
0
LINE
8
BLACK
6
CONTINUOUS
10
0.3556331496062992
20
-0.0282899606299213
11
0.3577367716535433
21
-0.0367045669291339
0
LINE
8
BLACK
6
CONTINUOUS
10
0.3577367716535433
20
-0.0367045669291339
11
0.3594554724409449
21
-0.0401419291338583
0
LINE
8
BLACK
6
CONTINUOUS
10
0.3594554724409449
20
-0.0401419291338583
11
0.3605374015748031
21
-0.0412238582677165
0
LINE
8
BLACK
6
CONTINUOUS
10
0.3605374015748031
20
-0.0412238582677165
11
0.3633076377952756
21
-0.0426089763779528
0
LINE
8
BLACK
6
CONTINUOUS
10
0.3633076377952756
20
-0.0426089763779528
11
0.3653938976377953
21
-0.0426089763779528
0
LINE
8
BLACK
6
CONTINUOUS
10
0.3653938976377953
20
-0.0426089763779528
11
0.3681641732283464
21
-0.0412238188976378
0
LINE
8
BLACK
6
CONTINUOUS
10
0.3681641732283464
20
-0.0412238188976378
11
0.3692461023622047
21
-0.0401419291338583
0
LINE
8
BLACK
6
CONTINUOUS
10
0.3692461023622047
20
-0.0401419291338583
11
0.370964842519685
21
-0.0367044488188976
0
LINE
8
BLACK
6
CONTINUOUS
10
0.370964842519685
20
-0.0367044488188976
11
0.3730684645669291
21
-0.0282899606299213
0
LINE
8
BLACK
6
CONTINUOUS
10
0.3730684645669291
20
-0.0282899606299213
11
0.3730684645669291
21
-0.0175579133858268
0
LINE
8
BLACK
6
CONTINUOUS
10
0.3730684645669291
20
-0.0175579133858268
11
0.370964842519685
21
-0.0091435039370079
0
LINE
8
BLACK
6
CONTINUOUS
10
0.370964842519685
20
-0.0091435039370079
11
0.3692461023622047
21
-0.0057059842519685
0
LINE
8
BLACK
6
CONTINUOUS
10
0.3692461023622047
20
-0.0057059842519685
11
0.3681641338582677
21
-0.0046240157480315
0
LINE
8
BLACK
6
CONTINUOUS
10
0.3681641338582677
20
-0.0046240157480315
11
0.3653938976377953
21
-0.0032388976377953
0
LINE
8
BLACK
6
CONTINUOUS
10
0.3653938976377953
20
-0.0032388976377953
11
0.3633077165354331
21
-0.0032388976377953
0
LINE
8
BLACK
6
CONTINUOUS
10
0.3633077165354331
20
-0.0032388976377953
11
0.3605374015748031
21
-0.0046240551181102
0
LINE
8
BLACK
6
CONTINUOUS
10
0.4191212204724409
20
0.0084586614173228
11
0.4193172834645669
21
0.0083774409448819
0
LINE
8
BLACK
6
CONTINUOUS
10
0.4193172834645669
20
0.0083774409448819
11
0.4195288976377953
21
0.0083624015748031
0
LINE
8
BLACK
6
CONTINUOUS
10
0.4195288976377953
20
0.0083624015748031
11
0.4206101181102362
21
0.0079486614173228
0
LINE
8
BLACK
6
CONTINUOUS
10
0.4206101181102362
20
0.0079486614173228
11
0.4254845275590551
21
0.0055114566929134
0
LINE
8
BLACK
6
CONTINUOUS
10
0.4254845275590551
20
0.0055114566929134
11
0.4259803149606299
21
0.0051993700787402
0
LINE
8
BLACK
6
CONTINUOUS
10
0.4259803149606299
20
0.0051993700787402
11
0.4261243700787402
21
0.0051396850393701
0
LINE
8
BLACK
6
CONTINUOUS
10
0.4261243700787402
20
0.0051396850393701
11
0.4262865354330709
21
0.0050066141732283
0
LINE
8
BLACK
6
CONTINUOUS
10
0.4262865354330709
20
0.0050066141732283
11
0.4264642519685039
21
0.0048947244094488
0
LINE
8
BLACK
6
CONTINUOUS
10
0.4264642519685039
20
0.0048947244094488
11
0.4265664566929134
21
0.0047768897637795
0
LINE
8
BLACK
6
CONTINUOUS
10
0.4265664566929134
20
0.0047768897637795
11
0.4270192913385827
21
0.0044052362204724
0
LINE
8
BLACK
6
CONTINUOUS
10
0.4270192913385827
20
0.0044052362204724
11
0.4294564960629921
21
0.001968031496063
0
LINE
8
BLACK
6
CONTINUOUS
10
0.4294564960629921
20
0.001968031496063
11
0.4298280708661417
21
0.0015152362204724
0
LINE
8
BLACK
6
CONTINUOUS
10
0.4298280708661417
20
0.0015152362204724
11
0.4299459842519685
21
0.0014129921259843
0
LINE
8
BLACK
6
CONTINUOUS
10
0.4299459842519685
20
0.0014129921259843
11
0.4300577952755905
21
0.0012353149606299
0
LINE
8
BLACK
6
CONTINUOUS
10
0.4300577952755905
20
0.0012353149606299
11
0.4301909448818897
21
0.0010731102362205
0
LINE
8
BLACK
6
CONTINUOUS
10
0.4301909448818897
20
0.0010731102362205
11
0.4302505905511811
21
0.0009290551181102
0
LINE
8
BLACK
6
CONTINUOUS
10
0.4302505905511811
20
0.0009290551181102
11
0.430562716535433
21
0.0004332283464567
0
LINE
8
BLACK
6
CONTINUOUS
10
0.430562716535433
20
0.0004332283464567
11
0.4329999212598425
21
-0.0044411417322835
0
LINE
8
BLACK
6
CONTINUOUS
10
0.4329999212598425
20
-0.0044411417322835
11
0.4334137007874015
21
-0.0055223622047244
0
LINE
8
BLACK
6
CONTINUOUS
10
0.4334137007874015
20
-0.0055223622047244
11
0.4334287401574803
21
-0.0057340551181102
0
LINE
8
BLACK
6
CONTINUOUS
10
0.4334287401574803
20
-0.0057340551181102
11
0.4335099212598425
21
-0.0059300393700787
0
LINE
8
BLACK
6
CONTINUOUS
10
0.4335099212598425
20
-0.0059300393700787
11
0.4336233858267716
21
-0.0070821653543307
0
LINE
8
BLACK
6
CONTINUOUS
10
0.4336233858267716
20
-0.0070821653543307
11
0.4336233858267716
21
-0.0119565748031496
0
LINE
8
BLACK
6
CONTINUOUS
10
0.4336233858267716
20
-0.0119565748031496
11
0.4335659448818898
21
-0.0125396850393701
0
LINE
8
BLACK
6
CONTINUOUS
10
0.4335659448818898
20
-0.0125396850393701
11
0.4335770078740158
21
-0.0126951968503937
0
LINE
8
BLACK
6
CONTINUOUS
10
0.4335770078740158
20
-0.0126951968503937
11
0.4335304724409449
21
-0.0128996850393701
0
LINE
8
BLACK
6
CONTINUOUS
10
0.4335304724409449
20
-0.0128996850393701
11
0.4335099212598425
21
-0.0131087007874016
0
LINE
8
BLACK
6
CONTINUOUS
10
0.4335099212598425
20
-0.0131087007874016
11
0.433450157480315
21
-0.013252874015748
0
LINE
8
BLACK
6
CONTINUOUS
10
0.433450157480315
20
-0.013252874015748
11
0.4333203149606299
21
-0.0138240551181102
0
LINE
8
BLACK
6
CONTINUOUS
10
0.4333203149606299
20
-0.0138240551181102
11
0.4308831102362204
21
-0.0211356299212598
0
LINE
8
BLACK
6
CONTINUOUS
10
0.4308831102362204
20
-0.0211356299212598
11
0.4304111417322835
21
-0.0221927559055118
0
LINE
8
BLACK
6
CONTINUOUS
10
0.4304111417322835
20
-0.0221927559055118
11
0.4302721653543307
21
-0.0223529921259843
0
LINE
8
BLACK
6
CONTINUOUS
10
0.4302721653543307
20
-0.0223529921259843
11
0.4301909448818897
21
-0.022549094488189
0
LINE
8
BLACK
6
CONTINUOUS
10
0.4301909448818897
20
-0.022549094488189
11
0.4294564960629921
21
-0.0234439763779528
0
LINE
8
BLACK
6
CONTINUOUS
10
0.4294564960629921
20
-0.0234439763779528
11
0.4102914960629921
21
-0.0426089763779528
0
LINE
8
BLACK
6
CONTINUOUS
10
0.4102914960629921
20
-0.0426089763779528
11
0.427717874015748
21
-0.0426089763779528
0
LINE
8
BLACK
6
CONTINUOUS
10
0.427717874015748
20
-0.0426089763779528
11
0.42887
21
-0.0427224409448819
0
LINE
8
BLACK
6
CONTINUOUS
10
0.42887
20
-0.0427224409448819
11
0.4309988188976378
21
-0.0436042519685039
0
LINE
8
BLACK
6
CONTINUOUS
10
0.4309988188976378
20
-0.0436042519685039
11
0.4326281102362204
21
-0.0452335433070866
0
LINE
8
BLACK
6
CONTINUOUS
10
0.4326281102362204
20
-0.0452335433070866
11
0.4335099212598425
21
-0.0473623622047244
0
LINE
8
BLACK
6
CONTINUOUS
10
0.4335099212598425
20
-0.0473623622047244
11
0.4335099212598425
21
-0.0496666141732283
0
LINE
8
BLACK
6
CONTINUOUS
10
0.4335099212598425
20
-0.0496666141732283
11
0.4326281102362204
21
-0.0517954330708661
0
LINE
8
BLACK
6
CONTINUOUS
10
0.4326281102362204
20
-0.0517954330708661
11
0.4309988188976378
21
-0.0534247244094488
0
LINE
8
BLACK
6
CONTINUOUS
10
0.4309988188976378
20
-0.0534247244094488
11
0.42887
21
-0.0543065354330709
0
LINE
8
BLACK
6
CONTINUOUS
10
0.42887
20
-0.0543065354330709
11
0.427717874015748
21
-0.05442
0
LINE
8
BLACK
6
CONTINUOUS
10
0.427717874015748
20
-0.05442
11
0.3960343307086614
21
-0.05442
0
LINE
8
BLACK
6
CONTINUOUS
10
0.3960343307086614
20
-0.05442
11
0.3948822047244094
21
-0.0543065354330709
0
LINE
8
BLACK
6
CONTINUOUS
10
0.3948822047244094
20
-0.0543065354330709
11
0.3936509842519685
21
-0.0537965354330709
0
LINE
8
BLACK
6
CONTINUOUS
10
0.3936509842519685
20
-0.0537965354330709
11
0.3927534251968504
21
-0.0534247637795276
0
LINE
8
BLACK
6
CONTINUOUS
10
0.3927534251968504
20
-0.0534247637795276
11
0.3911240551181102
21
-0.0517953937007874
0
LINE
8
BLACK
6
CONTINUOUS
10
0.3911240551181102
20
-0.0517953937007874
11
0.3902422834645669
21
-0.0496665748031496
0
LINE
8
BLACK
6
CONTINUOUS
10
0.3902422834645669
20
-0.0496665748031496
11
0.3902422834645669
21
-0.0473624015748031
0
LINE
8
BLACK
6
CONTINUOUS
10
0.3902422834645669
20
-0.0473624015748031
11
0.3902843307086614
21
-0.047260905511811
0
LINE
8
BLACK
6
CONTINUOUS
10
0.3902843307086614
20
-0.047260905511811
11
0.3909764566929134
21
-0.0455899212598425
0
LINE
8
BLACK
6
CONTINUOUS
10
0.3909764566929134
20
-0.0455899212598425
11
0.3911240551181102
21
-0.0452335826771654
0
LINE
8
BLACK
6
CONTINUOUS
10
0.3911240551181102
20
-0.0452335826771654
11
0.3918585039370079
21
-0.0443386614173228
0
LINE
8
BLACK
6
CONTINUOUS
10
0.3918585039370079
20
-0.0443386614173228
11
0.420119094488189
21
-0.0160780708661417
0
LINE
8
BLACK
6
CONTINUOUS
10
0.420119094488189
20
-0.0160780708661417
11
0.4218123622047244
21
-0.0109982677165354
0
LINE
8
BLACK
6
CONTINUOUS
10
0.4218123622047244
20
-0.0109982677165354
11
0.4218123622047244
21
-0.0084762992125984
0
LINE
8
BLACK
6
CONTINUOUS
10
0.4218123622047244
20
-0.0084762992125984
11
0.4204272047244094
21
-0.0057059842519685
0
LINE
8
BLACK
6
CONTINUOUS
10
0.4204272047244094
20
-0.0057059842519685
11
0.4193452362204724
21
-0.0046240157480315
0
LINE
8
BLACK
6
CONTINUOUS
10
0.4193452362204724
20
-0.0046240157480315
11
0.416575
21
-0.0032388976377953
0
LINE
8
BLACK
6
CONTINUOUS
10
0.416575
20
-0.0032388976377953
11
0.4071772047244094
21
-0.0032388976377953
0
LINE
8
BLACK
6
CONTINUOUS
10
0.4071772047244094
20
-0.0032388976377953
11
0.4044068897637795
21
-0.0046240157480315
0
LINE
8
BLACK
6
CONTINUOUS
10
0.4044068897637795
20
-0.0046240157480315
11
0.4026474015748032
21
-0.0063835826771654
0
LINE
8
BLACK
6
CONTINUOUS
10
0.4026474015748032
20
-0.0063835826771654
11
0.4017524803149606
21
-0.007118031496063
0
LINE
8
BLACK
6
CONTINUOUS
10
0.4017524803149606
20
-0.007118031496063
11
0.3996236614173228
21
-0.007999842519685
0
LINE
8
BLACK
6
CONTINUOUS
10
0.3996236614173228
20
-0.007999842519685
11
0.3973194881889764
21
-0.007999842519685
0
LINE
8
BLACK
6
CONTINUOUS
10
0.3973194881889764
20
-0.007999842519685
11
0.3951906692913386
21
-0.0071181102362205
0
LINE
8
BLACK
6
CONTINUOUS
10
0.3951906692913386
20
-0.0071181102362205
11
0.3935612992125984
21
-0.0054887401574803
0
LINE
8
BLACK
6
CONTINUOUS
10
0.3935612992125984
20
-0.0054887401574803
11
0.3926794881889764
21
-0.0033599212598425
0
LINE
8
BLACK
6
CONTINUOUS
10
0.3926794881889764
20
-0.0033599212598425
11
0.3926794881889764
21
-0.0010557480314961
0
LINE
8
BLACK
6
CONTINUOUS
10
0.3926794881889764
20
-0.0010557480314961
11
0.3935612204724409
21
0.0010730708661417
0
LINE
8
BLACK
6
CONTINUOUS
10
0.3935612204724409
20
0.0010730708661417
11
0.3942956692913386
21
0.0019679921259843
0
LINE
8
BLACK
6
CONTINUOUS
10
0.3942956692913386
20
0.0019679921259843
11
0.3967328346456693
21
0.0044051968503937
0
LINE
8
BLACK
6
CONTINUOUS
10
0.3967328346456693
20
0.0044051968503937
11
0.3971856692913386
21
0.0047768503937008
0
LINE
8
BLACK
6
CONTINUOUS
10
0.3971856692913386
20
0.0047768503937008
11
0.3972879133858268
21
0.0048947244094488
0
LINE
8
BLACK
6
CONTINUOUS
10
0.3972879133858268
20
0.0048947244094488
11
0.3974656299212598
21
0.0050066141732283
0
LINE
8
BLACK
6
CONTINUOUS
10
0.3974656299212598
20
0.0050066141732283
11
0.3976277559055118
21
0.0051396456692913
0
LINE
8
BLACK
6
CONTINUOUS
10
0.3976277559055118
20
0.0051396456692913
11
0.3977717322834646
21
0.0051993307086614
0
LINE
8
BLACK
6
CONTINUOUS
10
0.3977717322834646
20
0.0051993307086614
11
0.3982676771653543
21
0.0055114566929134
0
LINE
8
BLACK
6
CONTINUOUS
10
0.3982676771653543
20
0.0055114566929134
11
0.4031420866141732
21
0.0079486614173228
0
LINE
8
BLACK
6
CONTINUOUS
10
0.4031420866141732
20
0.0079486614173228
11
0.4042233464566929
21
0.0083624409448819
0
LINE
8
BLACK
6
CONTINUOUS
10
0.4042233464566929
20
0.0083624409448819
11
0.4044349606299212
21
0.0083774803149606
0
LINE
8
BLACK
6
CONTINUOUS
10
0.4044349606299212
20
0.0083774803149606
11
0.4046309842519685
21
0.0084586614173228
0
LINE
8
BLACK
6
CONTINUOUS
10
0.4046309842519685
20
0.0084586614173228
11
0.4057831102362205
21
0.008572125984252
0
LINE
8
BLACK
6
CONTINUOUS
10
0.4057831102362205
20
0.008572125984252
11
0.417969094488189
21
0.008572125984252
0
LINE
8
BLACK
6
CONTINUOUS
10
0.417969094488189
20
0.008572125984252
11
0.4191212204724409
21
0.0084586614173228
0
LINE
8
BLACK
6
CONTINUOUS
10
0.4770711023622047
20
0.008512125984252
11
0.4772260236220472
21
0.0085224409448819
0
LINE
8
BLACK
6
CONTINUOUS
10
0.4772260236220472
20
0.0085224409448819
11
0.4773327165354331
21
0.0084863779527559
0
LINE
8
BLACK
6
CONTINUOUS
10
0.4773327165354331
20
0.0084863779527559
11
0.4776138976377953
21
0.0084586614173228
0
LINE
8
BLACK
6
CONTINUOUS
10
0.4776138976377953
20
0.0084586614173228
11
0.4785001574803149
21
0.0080915748031496
0
LINE
8
BLACK
6
CONTINUOUS
10
0.4785001574803149
20
0.0080915748031496
11
0.4794088188976378
21
0.0077842519685039
0
LINE
8
BLACK
6
CONTINUOUS
10
0.4794088188976378
20
0.0077842519685039
11
0.4795587401574803
21
0.0076530708661417
0
LINE
8
BLACK
6
CONTINUOUS
10
0.4795587401574803
20
0.0076530708661417
11
0.479742716535433
21
0.0075768503937008
0
LINE
8
BLACK
6
CONTINUOUS
10
0.479742716535433
20
0.0075768503937008
11
0.480420905511811
21
0.0068986614173228
0
LINE
8
BLACK
6
CONTINUOUS
10
0.480420905511811
20
0.0068986614173228
11
0.4811429133858268
21
0.0062668897637795
0
LINE
8
BLACK
6
CONTINUOUS
10
0.4811429133858268
20
0.0062668897637795
11
0.4812311811023622
21
0.0060883858267717
0
LINE
8
BLACK
6
CONTINUOUS
10
0.4812311811023622
20
0.0060883858267717
11
0.4813720078740157
21
0.0059475590551181
0
LINE
8
BLACK
6
CONTINUOUS
10
0.4813720078740157
20
0.0059475590551181
11
0.4817391732283465
21
0.0050611023622047
0
LINE
8
BLACK
6
CONTINUOUS
10
0.4817391732283465
20
0.0050611023622047
11
0.4821643307086614
21
0.0042014173228346
0
LINE
8
BLACK
6
CONTINUOUS
10
0.4821643307086614
20
0.0042014173228346
11
0.4821775590551181
21
0.0040028346456693
0
LINE
8
BLACK
6
CONTINUOUS
10
0.4821775590551181
20
0.0040028346456693
11
0.4822538188976378
21
0.0038187401574803
0
LINE
8
BLACK
6
CONTINUOUS
10
0.4822538188976378
20
0.0038187401574803
11
0.4822538188976378
21
0.002859094488189
0
LINE
8
BLACK
6
CONTINUOUS
10
0.4822538188976378
20
0.002859094488189
11
0.4823175984251968
21
0.0019023622047244
0
LINE
8
BLACK
6
CONTINUOUS
10
0.4823175984251968
20
0.0019023622047244
11
0.4822538188976378
21
0.0017137795275591
0
LINE
8
BLACK
6
CONTINUOUS
10
0.4822538188976378
20
0.0017137795275591
11
0.4822538188976378
21
0.0015144881889764
0
LINE
8
BLACK
6
CONTINUOUS
10
0.4822538188976378
20
0.0015144881889764
11
0.4818866929133858
21
0.0006282283464567
0
LINE
8
BLACK
6
CONTINUOUS
10
0.4818866929133858
20
0.0006282283464567
11
0.4815794094488189
21
-0.0002804330708661
0
LINE
8
BLACK
6
CONTINUOUS
10
0.4815794094488189
20
-0.0002804330708661
11
0.4814151181102362
21
-0.0005101968503937
0
LINE
8
BLACK
6
CONTINUOUS
10
0.4814151181102362
20
-0.0005101968503937
11
0.4813720078740157
21
-0.0006143307086614
0
LINE
8
BLACK
6
CONTINUOUS
10
0.4813720078740157
20
-0.0006143307086614
11
0.4812621259842519
21
-0.0007241732283465
0
LINE
8
BLACK
6
CONTINUOUS
10
0.4812621259842519
20
-0.0007241732283465
11
0.4809061023622047
21
-0.0012222047244094
0
LINE
8
BLACK
6
CONTINUOUS
10
0.4809061023622047
20
-0.0012222047244094
11
0.4711044094488189
21
-0.012424094488189
0
LINE
8
BLACK
6
CONTINUOUS
10
0.4711044094488189
20
-0.012424094488189
11
0.4742284251968504
21
-0.0139861023622047
0
LINE
8
BLACK
6
CONTINUOUS
10
0.4742284251968504
20
-0.0139861023622047
11
0.4747242125984252
21
-0.014298188976378
0
LINE
8
BLACK
6
CONTINUOUS
10
0.4747242125984252
20
-0.014298188976378
11
0.4748682677165354
21
-0.014357874015748
0
LINE
8
BLACK
6
CONTINUOUS
10
0.4748682677165354
20
-0.014357874015748
11
0.4750304330708661
21
-0.0144909448818898
0
LINE
8
BLACK
6
CONTINUOUS
10
0.4750304330708661
20
-0.0144909448818898
11
0.4752081496062992
21
-0.0146028346456693
0
LINE
8
BLACK
6
CONTINUOUS
10
0.4752081496062992
20
-0.0146028346456693
11
0.4753103543307087
21
-0.0147206692913386
0
LINE
8
BLACK
6
CONTINUOUS
10
0.4753103543307087
20
-0.0147206692913386
11
0.4757631889763779
21
-0.0150923228346457
0
LINE
8
BLACK
6
CONTINUOUS
10
0.4757631889763779
20
-0.0150923228346457
11
0.4782003937007874
21
-0.0175295275590551
0
LINE
8
BLACK
6
CONTINUOUS
10
0.4782003937007874
20
-0.0175295275590551
11
0.478571968503937
21
-0.0179823228346457
0
LINE
8
BLACK
6
CONTINUOUS
10
0.478571968503937
20
-0.0179823228346457
11
0.4786898818897637
21
-0.0180845669291339
0
LINE
8
BLACK
6
CONTINUOUS
10
0.4786898818897637
20
-0.0180845669291339
11
0.4788016929133858
21
-0.0182622440944882
0
LINE
8
BLACK
6
CONTINUOUS
10
0.4788016929133858
20
-0.0182622440944882
11
0.478934842519685
21
-0.0184244488188976
0
LINE
8
BLACK
6
CONTINUOUS
10
0.478934842519685
20
-0.0184244488188976
11
0.4789944881889764
21
-0.0185685039370079
0
LINE
8
BLACK
6
CONTINUOUS
10
0.4789944881889764
20
-0.0185685039370079
11
0.4793066141732283
21
-0.0190643307086614
0
LINE
8
BLACK
6
CONTINUOUS
10
0.4793066141732283
20
-0.0190643307086614
11
0.4817438188976378
21
-0.0239387007874016
0
LINE
8
BLACK
6
CONTINUOUS
10
0.4817438188976378
20
-0.0239387007874016
11
0.4821575984251968
21
-0.0250199212598425
0
LINE
8
BLACK
6
CONTINUOUS
10
0.4821575984251968
20
-0.0250199212598425
11
0.4821726377952756
21
-0.0252316141732283
0
LINE
8
BLACK
6
CONTINUOUS
10
0.4821726377952756
20
-0.0252316141732283
11
0.4822538188976378
21
-0.0254275984251968
0
LINE
8
BLACK
6
CONTINUOUS
10
0.4822538188976378
20
-0.0254275984251968
11
0.4823672834645669
21
-0.0265797244094488
0
LINE
8
BLACK
6
CONTINUOUS
10
0.4823672834645669
20
-0.0265797244094488
11
0.4823672834645669
21
-0.0387657086614173
0
LINE
8
BLACK
6
CONTINUOUS
10
0.4823672834645669
20
-0.0387657086614173
11
0.4822538188976378
21
-0.0399178346456693
0
LINE
8
BLACK
6
CONTINUOUS
10
0.4822538188976378
20
-0.0399178346456693
11
0.4821725984251968
21
-0.0401138188976378
0
LINE
8
BLACK
6
CONTINUOUS
10
0.4821725984251968
20
-0.0401138188976378
11
0.4821575984251968
21
-0.0403254724409449
0
LINE
8
BLACK
6
CONTINUOUS
10
0.4821575984251968
20
-0.0403254724409449
11
0.4817438188976378
21
-0.0414067322834646
0
LINE
8
BLACK
6
CONTINUOUS
10
0.4817438188976378
20
-0.0414067322834646
11
0.4793066141732283
21
-0.0462811417322835
0
LINE
8
BLACK
6
CONTINUOUS
10
0.4793066141732283
20
-0.0462811417322835
11
0.4789944881889764
21
-0.0467769291338583
0
LINE
8
BLACK
6
CONTINUOUS
10
0.4789944881889764
20
-0.0467769291338583
11
0.478934842519685
21
-0.0469210236220472
0
LINE
8
BLACK
6
CONTINUOUS
10
0.478934842519685
20
-0.0469210236220472
11
0.4788016929133858
21
-0.0470831889763779
0
LINE
8
BLACK
6
CONTINUOUS
10
0.4788016929133858
20
-0.0470831889763779
11
0.4786898818897637
21
-0.047260905511811
0
LINE
8
BLACK
6
CONTINUOUS
10
0.4786898818897637
20
-0.047260905511811
11
0.4785720078740157
21
-0.0473631102362205
0
LINE
8
BLACK
6
CONTINUOUS
10
0.4785720078740157
20
-0.0473631102362205
11
0.4782003937007874
21
-0.0478159448818898
0
LINE
8
BLACK
6
CONTINUOUS
10
0.4782003937007874
20
-0.0478159448818898
11
0.4757631889763779
21
-0.0502531496062992
0
LINE
8
BLACK
6
CONTINUOUS
10
0.4757631889763779
20
-0.0502531496062992
11
0.4753103543307087
21
-0.0506247637795276
0
LINE
8
BLACK
6
CONTINUOUS
10
0.4753103543307087
20
-0.0506247637795276
11
0.4752081102362204
21
-0.0507426771653543
0
LINE
8
BLACK
6
CONTINUOUS
10
0.4752081102362204
20
-0.0507426771653543
11
0.4750303937007874
21
-0.0508544881889764
0
LINE
8
BLACK
6
CONTINUOUS
10
0.4750303937007874
20
-0.0508544881889764
11
0.4748682677165354
21
-0.0509875984251969
0
LINE
8
BLACK
6
CONTINUOUS
10
0.4748682677165354
20
-0.0509875984251969
11
0.4747241338582677
21
-0.0510472834645669
0
LINE
8
BLACK
6
CONTINUOUS
10
0.4747241338582677
20
-0.0510472834645669
11
0.4742283464566929
21
-0.0513593700787402
0
LINE
8
BLACK
6
CONTINUOUS
10
0.4742283464566929
20
-0.0513593700787402
11
0.4693540157480315
21
-0.0537965354330709
0
LINE
8
BLACK
6
CONTINUOUS
10
0.4693540157480315
20
-0.0537965354330709
11
0.4682727559055118
21
-0.0542103149606299
0
LINE
8
BLACK
6
CONTINUOUS
10
0.4682727559055118
20
-0.0542103149606299
11
0.4680611023622047
21
-0.0542253149606299
0
LINE
8
BLACK
6
CONTINUOUS
10
0.4680611023622047
20
-0.0542253149606299
11
0.4678651181102362
21
-0.0543065354330709
0
LINE
8
BLACK
6
CONTINUOUS
10
0.4678651181102362
20
-0.0543065354330709
11
0.4667129921259842
21
-0.05442
0
LINE
8
BLACK
6
CONTINUOUS
10
0.4667129921259842
20
-0.05442
11
0.4520898031496063
21
-0.05442
0
LINE
8
BLACK
6
CONTINUOUS
10
0.4520898031496063
20
-0.05442
11
0.4509376771653543
21
-0.0543065354330709
0
LINE
8
BLACK
6
CONTINUOUS
10
0.4509376771653543
20
-0.0543065354330709
11
0.4507416929133858
21
-0.0542253543307087
0
LINE
8
BLACK
6
CONTINUOUS
10
0.4507416929133858
20
-0.0542253543307087
11
0.45053
21
-0.0542103149606299
0
LINE
8
BLACK
6
CONTINUOUS
10
0.45053
20
-0.0542103149606299
11
0.4494487795275591
21
-0.0537965354330709
0
LINE
8
BLACK
6
CONTINUOUS
10
0.4494487795275591
20
-0.0537965354330709
11
0.4445744094488189
21
-0.0513593700787402
0
LINE
8
BLACK
6
CONTINUOUS
10
0.4445744094488189
20
-0.0513593700787402
11
0.4440786614173228
21
-0.0510472834645669
0
LINE
8
BLACK
6
CONTINUOUS
10
0.4440786614173228
20
-0.0510472834645669
11
0.4439345275590551
21
-0.0509875984251969
0
LINE
8
BLACK
6
CONTINUOUS
10
0.4439345275590551
20
-0.0509875984251969
11
0.4437722047244094
21
-0.0508543700787402
0
LINE
8
BLACK
6
CONTINUOUS
10
0.4437722047244094
20
-0.0508543700787402
11
0.4435946850393701
21
-0.0507426377952756
0
LINE
8
BLACK
6
CONTINUOUS
10
0.4435946850393701
20
-0.0507426377952756
11
0.4434925196850393
21
-0.050624842519685
0
LINE
8
BLACK
6
CONTINUOUS
10
0.4434925196850393
20
-0.050624842519685
11
0.4430396062992126
21
-0.0502531496062992
0
LINE
8
BLACK
6
CONTINUOUS
10
0.4430396062992126
20
-0.0502531496062992
11
0.4406024015748031
21
-0.0478159448818898
0
LINE
8
BLACK
6
CONTINUOUS
10
0.4406024015748031
20
-0.0478159448818898
11
0.4398679527559055
21
-0.0469210236220472
0
LINE
8
BLACK
6
CONTINUOUS
10
0.4398679527559055
20
-0.0469210236220472
11
0.4389861811023622
21
-0.0447922047244095
0
LINE
8
BLACK
6
CONTINUOUS
10
0.4389861811023622
20
-0.0447922047244095
11
0.4389861811023622
21
-0.042488031496063
0
LINE
8
BLACK
6
CONTINUOUS
10
0.4389861811023622
20
-0.042488031496063
11
0.4398679527559055
21
-0.0403592125984252
0
LINE
8
BLACK
6
CONTINUOUS
10
0.4398679527559055
20
-0.0403592125984252
11
0.4414973228346457
21
-0.038729842519685
0
LINE
8
BLACK
6
CONTINUOUS
10
0.4414973228346457
20
-0.038729842519685
11
0.4436261417322834
21
-0.0378480708661417
0
LINE
8
BLACK
6
CONTINUOUS
10
0.4436261417322834
20
-0.0378480708661417
11
0.4459303149606299
21
-0.0378480708661417
0
LINE
8
BLACK
6
CONTINUOUS
10
0.4459303149606299
20
-0.0378480708661417
11
0.4480591338582677
21
-0.038729842519685
0
LINE
8
BLACK
6
CONTINUOUS
10
0.4480591338582677
20
-0.038729842519685
11
0.4489540551181102
21
-0.0394642913385827
0
LINE
8
BLACK
6
CONTINUOUS
10
0.4489540551181102
20
-0.0394642913385827
11
0.4507136220472441
21
-0.0412238582677165
0
LINE
8
BLACK
6
CONTINUOUS
10
0.4507136220472441
20
-0.0412238582677165
11
0.4534838582677165
21
-0.0426089763779528
0
LINE
8
BLACK
6
CONTINUOUS
10
0.4534838582677165
20
-0.0426089763779528
11
0.4653188976377953
21
-0.0426089763779528
0
LINE
8
BLACK
6
CONTINUOUS
10
0.4653188976377953
20
-0.0426089763779528
11
0.4680891732283464
21
-0.0412238188976378
0
LINE
8
BLACK
6
CONTINUOUS
10
0.4680891732283464
20
-0.0412238188976378
11
0.4691711023622047
21
-0.0401419291338583
0
LINE
8
BLACK
6
CONTINUOUS
10
0.4691711023622047
20
-0.0401419291338583
11
0.4705562598425197
21
-0.0373716141732283
0
LINE
8
BLACK
6
CONTINUOUS
10
0.4705562598425197
20
-0.0373716141732283
11
0.4705562598425197
21
-0.0279738582677165
0
LINE
8
BLACK
6
CONTINUOUS
10
0.4705562598425197
20
-0.0279738582677165
11
0.4691711023622047
21
-0.0252035433070866
0
LINE
8
BLACK
6
CONTINUOUS
10
0.4691711023622047
20
-0.0252035433070866
11
0.4680891338582677
21
-0.0241215748031496
0
LINE
8
BLACK
6
CONTINUOUS
10
0.4680891338582677
20
-0.0241215748031496
11
0.4653188976377953
21
-0.0227364566929134
0
LINE
8
BLACK
6
CONTINUOUS
10
0.4653188976377953
20
-0.0227364566929134
11
0.4594013779527559
21
-0.0227364566929134
0
LINE
8
BLACK
6
CONTINUOUS
10
0.4594013779527559
20
-0.0227364566929134
11
0.4587920078740158
21
-0.0226764173228346
0
LINE
8
BLACK
6
CONTINUOUS
10
0.4587920078740158
20
-0.0226764173228346
11
0.4586371259842519
21
-0.0226867716535433
0
LINE
8
BLACK
6
CONTINUOUS
10
0.4586371259842519
20
-0.0226867716535433
11
0.4585303937007874
21
-0.0226506692913386
0
LINE
8
BLACK
6
CONTINUOUS
10
0.4585303937007874
20
-0.0226506692913386
11
0.4582492519685039
21
-0.0226229921259843
0
LINE
8
BLACK
6
CONTINUOUS
10
0.4582492519685039
20
-0.0226229921259843
11
0.4573629527559055
21
-0.0222558661417323
0
LINE
8
BLACK
6
CONTINUOUS
10
0.4573629527559055
20
-0.0222558661417323
11
0.4564543307086614
21
-0.0219485826771654
0
LINE
8
BLACK
6
CONTINUOUS
10
0.4564543307086614
20
-0.0219485826771654
11
0.4563043700787401
21
-0.0218173622047244
0
LINE
8
BLACK
6
CONTINUOUS
10
0.4563043700787401
20
-0.0218173622047244
11
0.4561204330708661
21
-0.0217411811023622
0
LINE
8
BLACK
6
CONTINUOUS
10
0.4561204330708661
20
-0.0217411811023622
11
0.4554422047244094
21
-0.0210629527559055
0
LINE
8
BLACK
6
CONTINUOUS
10
0.4554422047244094
20
-0.0210629527559055
11
0.4547202362204724
21
-0.0204312204724409
0
LINE
8
BLACK
6
CONTINUOUS
10
0.4547202362204724
20
-0.0204312204724409
11
0.4546319291338582
21
-0.0202526771653543
0
LINE
8
BLACK
6
CONTINUOUS
10
0.4546319291338582
20
-0.0202526771653543
11
0.4544911417322834
21
-0.0201118897637795
0
LINE
8
BLACK
6
CONTINUOUS
10
0.4544911417322834
20
-0.0201118897637795
11
0.454123937007874
21
-0.0192253937007874
0
LINE
8
BLACK
6
CONTINUOUS
10
0.454123937007874
20
-0.0192253937007874
11
0.4536988188976378
21
-0.0183657480314961
0
LINE
8
BLACK
6
CONTINUOUS
10
0.4536988188976378
20
-0.0183657480314961
11
0.4536855511811024
21
-0.018167125984252
0
LINE
8
BLACK
6
CONTINUOUS
10
0.4536855511811024
20
-0.018167125984252
11
0.4536093307086614
21
-0.0179830708661417
0
LINE
8
BLACK
6
CONTINUOUS
10
0.4536093307086614
20
-0.0179830708661417
11
0.4536093307086614
21
-0.0170233858267717
0
LINE
8
BLACK
6
CONTINUOUS
10
0.4536093307086614
20
-0.0170233858267717
11
0.4535455511811023
21
-0.0160666929133858
0
LINE
8
BLACK
6
CONTINUOUS
10
0.4535455511811023
20
-0.0160666929133858
11
0.4536093307086614
21
-0.0158780708661417
0
LINE
8
BLACK
6
CONTINUOUS
10
0.4536093307086614
20
-0.0158780708661417
11
0.4536093307086614
21
-0.0156788188976378
0
LINE
8
BLACK
6
CONTINUOUS
10
0.4536093307086614
20
-0.0156788188976378
11
0.4539764173228346
21
-0.0147925196850394
0
LINE
8
BLACK
6
CONTINUOUS
10
0.4539764173228346
20
-0.0147925196850394
11
0.4542837401574803
21
-0.0138838976377953
0
LINE
8
BLACK
6
CONTINUOUS
10
0.4542837401574803
20
-0.0138838976377953
11
0.4544479921259842
21
-0.013654094488189
0
LINE
8
BLACK
6
CONTINUOUS
10
0.4544479921259842
20
-0.013654094488189
11
0.4544911417322834
21
-0.01355
0
LINE
8
BLACK
6
CONTINUOUS
10
0.4544911417322834
20
-0.01355
11
0.4546009842519685
21
-0.0134401181102362
0
LINE
8
BLACK
6
CONTINUOUS
10
0.4546009842519685
20
-0.0134401181102362
11
0.4549570472440945
21
-0.012942125984252
0
LINE
8
BLACK
6
CONTINUOUS
10
0.4549570472440945
20
-0.012942125984252
11
0.4634474015748031
21
-0.0032388976377953
0
LINE
8
BLACK
6
CONTINUOUS
10
0.4634474015748031
20
-0.0032388976377953
11
0.4447782283464567
21
-0.0032388976377953
0
LINE
8
BLACK
6
CONTINUOUS
10
0.4447782283464567
20
-0.0032388976377953
11
0.4436261023622047
21
-0.0031254330708661
0
LINE
8
BLACK
6
CONTINUOUS
10
0.4436261023622047
20
-0.0031254330708661
11
0.4414972834645669
21
-0.0022436220472441
0
LINE
8
BLACK
6
CONTINUOUS
10
0.4414972834645669
20
-0.0022436220472441
11
0.4398679921259843
21
-0.0006143307086614
0
LINE
8
BLACK
6
CONTINUOUS
10
0.4398679921259843
20
-0.0006143307086614
11
0.4389861811023622
21
0.0015144881889764
0
LINE
8
BLACK
6
CONTINUOUS
10
0.4389861811023622
20
0.0015144881889764
11
0.4389861811023622
21
0.0038187401574803
0
LINE
8
BLACK
6
CONTINUOUS
10
0.4389861811023622
20
0.0038187401574803
11
0.4398679921259843
21
0.0059475590551181
0
LINE
8
BLACK
6
CONTINUOUS
10
0.4398679921259843
20
0.0059475590551181
11
0.4414972834645669
21
0.0075768503937008
0
LINE
8
BLACK
6
CONTINUOUS
10
0.4414972834645669
20
0.0075768503937008
11
0.4436261023622047
21
0.0084586614173228
0
LINE
8
BLACK
6
CONTINUOUS
10
0.4436261023622047
20
0.0084586614173228
11
0.4447782283464567
21
0.008572125984252
0
LINE
8
BLACK
6
CONTINUOUS
10
0.4447782283464567
20
0.008572125984252
11
0.4764617716535433
21
0.008572125984252
0
LINE
8
BLACK
6
CONTINUOUS
10
0.4764617716535433
20
0.008572125984252
11
0.4770711023622047
21
0.008512125984252
0
LINE
8
BLACK
6
CONTINUOUS
10
0.4142335433070866
20
0.0907910236220472
11
0.4146544881889764
21
0.0907611023622047
0
LINE
8
BLACK
6
CONTINUOUS
10
0.4146544881889764
20
0.0907611023622047
11
0.4153167716535433
21
0.0904299606299213
0
LINE
8
BLACK
6
CONTINUOUS
10
0.4153167716535433
20
0.0904299606299213
11
0.4160192913385827
21
0.0901957874015748
0
LINE
8
BLACK
6
CONTINUOUS
10
0.4160192913385827
20
0.0901957874015748
11
0.416338031496063
21
0.0899193307086614
0
LINE
8
BLACK
6
CONTINUOUS
10
0.416338031496063
20
0.0899193307086614
11
0.4167154330708661
21
0.0897306299212598
0
LINE
8
BLACK
6
CONTINUOUS
10
0.4167154330708661
20
0.0897306299212598
11
0.4172006692913386
21
0.0891711417322835
0
LINE
8
BLACK
6
CONTINUOUS
10
0.4172006692913386
20
0.0891711417322835
11
0.41776
21
0.0886860236220472
0
LINE
8
BLACK
6
CONTINUOUS
10
0.41776
20
0.0886860236220472
11
0.4179486220472441
21
0.0883087401574803
0
LINE
8
BLACK
6
CONTINUOUS
10
0.4179486220472441
20
0.0883087401574803
11
0.418225157480315
21
0.0879899212598425
0
LINE
8
BLACK
6
CONTINUOUS
10
0.418225157480315
20
0.0879899212598425
11
0.418697125984252
21
0.0869327952755905
0
LINE
8
BLACK
6
CONTINUOUS
10
0.418697125984252
20
0.0869327952755905
11
0.4357575590551181
21
0.0357516929133858
0
LINE
8
BLACK
6
CONTINUOUS
10
0.4357575590551181
20
0.0357516929133858
11
0.4360142519685039
21
0.0346227952755905
0
LINE
8
BLACK
6
CONTINUOUS
10
0.4360142519685039
20
0.0346227952755905
11
0.4358508661417323
21
0.0323243700787402
0
LINE
8
BLACK
6
CONTINUOUS
10
0.4358508661417323
20
0.0323243700787402
11
0.4348204330708662
21
0.0302634645669291
0
LINE
8
BLACK
6
CONTINUOUS
10
0.4348204330708662
20
0.0302634645669291
11
0.4330796850393701
21
0.0287537007874016
0
LINE
8
BLACK
6
CONTINUOUS
10
0.4330796850393701
20
0.0287537007874016
11
0.4308937007874016
21
0.0280250393700787
0
LINE
8
BLACK
6
CONTINUOUS
10
0.4308937007874016
20
0.0280250393700787
11
0.4285952755905512
21
0.0281884251968504
0
LINE
8
BLACK
6
CONTINUOUS
10
0.4285952755905512
20
0.0281884251968504
11
0.4265343700787401
21
0.0292188582677165
0
LINE
8
BLACK
6
CONTINUOUS
10
0.4265343700787401
20
0.0292188582677165
11
0.4250246062992126
21
0.0309595669291339
0
LINE
8
BLACK
6
CONTINUOUS
10
0.4250246062992126
20
0.0309595669291339
11
0.4245526377952756
21
0.0320166929133858
0
LINE
8
BLACK
6
CONTINUOUS
10
0.4245526377952756
20
0.0320166929133858
11
0.4210242519685039
21
0.0426018503937008
0
LINE
8
BLACK
6
CONTINUOUS
10
0.4210242519685039
20
0.0426018503937008
11
0.405165157480315
21
0.0426018503937008
0
LINE
8
BLACK
6
CONTINUOUS
10
0.405165157480315
20
0.0426018503937008
11
0.401636811023622
21
0.0320167322834646
0
LINE
8
BLACK
6
CONTINUOUS
10
0.401636811023622
20
0.0320167322834646
11
0.4011648031496063
21
0.0309596062992126
0
LINE
8
BLACK
6
CONTINUOUS
10
0.4011648031496063
20
0.0309596062992126
11
0.3996550787401575
21
0.0292188976377953
0
LINE
8
BLACK
6
CONTINUOUS
10
0.3996550787401575
20
0.0292188976377953
11
0.3975941732283464
21
0.0281884251968504
0
LINE
8
BLACK
6
CONTINUOUS
10
0.3975941732283464
20
0.0281884251968504
11
0.395295748031496
21
0.0280250787401575
0
LINE
8
BLACK
6
CONTINUOUS
10
0.395295748031496
20
0.0280250787401575
11
0.3931097244094488
21
0.0287537401574803
0
LINE
8
BLACK
6
CONTINUOUS
10
0.3931097244094488
20
0.0287537401574803
11
0.3913690157480315
21
0.0302634645669291
0
LINE
8
BLACK
6
CONTINUOUS
10
0.3913690157480315
20
0.0302634645669291
11
0.3911972834645669
21
0.0306069291338583
0
LINE
8
BLACK
6
CONTINUOUS
10
0.3911972834645669
20
0.0306069291338583
11
0.3911957874015748
21
0.0306032677165354
0
LINE
8
BLACK
6
CONTINUOUS
10
0.3911957874015748
20
0.0306032677165354
11
0.3895664960629921
21
0.0289739763779528
0
LINE
8
BLACK
6
CONTINUOUS
10
0.3895664960629921
20
0.0289739763779528
11
0.3874376771653543
21
0.0280921653543307
0
LINE
8
BLACK
6
CONTINUOUS
10
0.3874376771653543
20
0.0280921653543307
11
0.3862855511811024
21
0.0279787007874016
0
LINE
8
BLACK
6
CONTINUOUS
10
0.3862855511811024
20
0.0279787007874016
11
0.3619135826771653
21
0.0279787007874016
0
LINE
8
BLACK
6
CONTINUOUS
10
0.3619135826771653
20
0.0279787007874016
11
0.3607614566929134
21
0.0280921653543307
0
LINE
8
BLACK
6
CONTINUOUS
10
0.3607614566929134
20
0.0280921653543307
11
0.3586326377952756
21
0.0289739763779528
0
LINE
8
BLACK
6
CONTINUOUS
10
0.3586326377952756
20
0.0289739763779528
11
0.3570033464566929
21
0.0306032677165354
0
LINE
8
BLACK
6
CONTINUOUS
10
0.3570033464566929
20
0.0306032677165354
11
0.3561215354330708
21
0.0327320866141732
0
LINE
8
BLACK
6
CONTINUOUS
10
0.3561215354330708
20
0.0327320866141732
11
0.3561215354330708
21
0.0327321653543307
0
LINE
8
BLACK
6
CONTINUOUS
10
0.3561215354330708
20
0.0327321653543307
11
0.3560080708661417
21
0.0338842125984252
0
LINE
8
BLACK
6
CONTINUOUS
10
0.3560080708661417
20
0.0338842125984252
11
0.3560080708661417
21
0.0850653149606299
0
LINE
8
BLACK
6
CONTINUOUS
10
0.3560080708661417
20
0.0850653149606299
11
0.3561215354330708
21
0.0862174409448819
0
LINE
8
BLACK
6
CONTINUOUS
10
0.3561215354330708
20
0.0862174409448819
11
0.3570033464566929
21
0.0883462598425197
0
LINE
8
BLACK
6
CONTINUOUS
10
0.3570033464566929
20
0.0883462598425197
11
0.3586326377952756
21
0.0899755511811024
0
LINE
8
BLACK
6
CONTINUOUS
10
0.3586326377952756
20
0.0899755511811024
11
0.3607614566929134
21
0.0908573622047244
0
LINE
8
BLACK
6
CONTINUOUS
10
0.3607614566929134
20
0.0908573622047244
11
0.3630657086614173
21
0.0908573622047244
0
LINE
8
BLACK
6
CONTINUOUS
10
0.3630657086614173
20
0.0908573622047244
11
0.3651945275590551
21
0.0899755511811024
0
LINE
8
BLACK
6
CONTINUOUS
10
0.3651945275590551
20
0.0899755511811024
11
0.3668238188976378
21
0.0883462598425197
0
LINE
8
BLACK
6
CONTINUOUS
10
0.3668238188976378
20
0.0883462598425197
11
0.3677056299212598
21
0.0862174409448819
0
LINE
8
BLACK
6
CONTINUOUS
10
0.3677056299212598
20
0.0862174409448819
11
0.3678190944881889
21
0.0850653149606299
0
LINE
8
BLACK
6
CONTINUOUS
10
0.3678190944881889
20
0.0850653149606299
11
0.3678190944881889
21
0.0397897244094488
0
LINE
8
BLACK
6
CONTINUOUS
10
0.3678190944881889
20
0.0397897244094488
11
0.3862855511811024
21
0.0397897244094488
0
LINE
8
BLACK
6
CONTINUOUS
10
0.3862855511811024
20
0.0397897244094488
11
0.3874376771653543
21
0.0396762598425197
0
LINE
8
BLACK
6
CONTINUOUS
10
0.3874376771653543
20
0.0396762598425197
11
0.3895664960629921
21
0.0387944488188976
0
LINE
8
BLACK
6
CONTINUOUS
10
0.3895664960629921
20
0.0387944488188976
11
0.3909761811023622
21
0.0373847637795276
0
LINE
8
BLACK
6
CONTINUOUS
10
0.3909761811023622
20
0.0373847637795276
11
0.4074922047244094
21
0.0869327952755905
0
LINE
8
BLACK
6
CONTINUOUS
10
0.4074922047244094
20
0.0869327952755905
11
0.4079642125984252
21
0.0879899212598425
0
LINE
8
BLACK
6
CONTINUOUS
10
0.4079642125984252
20
0.0879899212598425
11
0.4082406692913386
21
0.0883087007874016
0
LINE
8
BLACK
6
CONTINUOUS
10
0.4082406692913386
20
0.0883087007874016
11
0.4084293700787401
21
0.088686062992126
0
LINE
8
BLACK
6
CONTINUOUS
10
0.4084293700787401
20
0.088686062992126
11
0.4089887401574803
21
0.0891712598425197
0
LINE
8
BLACK
6
CONTINUOUS
10
0.4089887401574803
20
0.0891712598425197
11
0.409473937007874
21
0.0897306299212598
0
LINE
8
BLACK
6
CONTINUOUS
10
0.409473937007874
20
0.0897306299212598
11
0.4098512992125984
21
0.0899193307086614
0
LINE
8
BLACK
6
CONTINUOUS
10
0.4098512992125984
20
0.0899193307086614
11
0.4101700787401575
21
0.0901957874015748
0
LINE
8
BLACK
6
CONTINUOUS
10
0.4101700787401575
20
0.0901957874015748
11
0.4108724803149606
21
0.0904299606299213
0
LINE
8
BLACK
6
CONTINUOUS
10
0.4108724803149606
20
0.0904299606299213
11
0.411534842519685
21
0.0907611023622047
0
LINE
8
BLACK
6
CONTINUOUS
10
0.411534842519685
20
0.0907611023622047
11
0.411955748031496
21
0.0907910236220472
0
LINE
8
BLACK
6
CONTINUOUS
10
0.411955748031496
20
0.0907910236220472
11
0.412356062992126
21
0.0909244488188976
0
LINE
8
BLACK
6
CONTINUOUS
10
0.412356062992126
20
0.0909244488188976
11
0.4130946456692913
21
0.090871968503937
0
LINE
8
BLACK
6
CONTINUOUS
10
0.4130946456692913
20
0.090871968503937
11
0.4138332677165354
21
0.0909244488188976
0
LINE
8
BLACK
6
CONTINUOUS
10
0.4138332677165354
20
0.0909244488188976
11
0.4142335433070866
21
0.0907910236220472
0
LINE
8
BLACK
6
CONTINUOUS
10
0.4091021653543307
20
0.054412874015748
11
0.4170872440944882
21
0.054412874015748
0
LINE
8
BLACK
6
CONTINUOUS
10
0.4170872440944882
20
0.054412874015748
11
0.4130946850393701
21
0.0663905118110236
0
LINE
8
BLACK
6
CONTINUOUS
10
0.4130946850393701
20
0.0663905118110236
11
0.4091021653543307
21
0.054412874015748
0
LINE
8
BLACK
6
CONTINUOUS
10
0.4654279527559055
20
0.0908573622047244
11
0.4656240157480315
21
0.0907761417322835
0
LINE
8
BLACK
6
CONTINUOUS
10
0.4656240157480315
20
0.0907761417322835
11
0.4658356299212598
21
0.0907611023622047
0
LINE
8
BLACK
6
CONTINUOUS
10
0.4658356299212598
20
0.0907611023622047
11
0.4669168503937008
21
0.0903473622047244
0
LINE
8
BLACK
6
CONTINUOUS
10
0.4669168503937008
20
0.0903473622047244
11
0.4717912598425197
21
0.087910157480315
0
LINE
8
BLACK
6
CONTINUOUS
10
0.4717912598425197
20
0.087910157480315
11
0.4722870472440945
21
0.0875980708661417
0
LINE
8
BLACK
6
CONTINUOUS
10
0.4722870472440945
20
0.0875980708661417
11
0.4724311023622047
21
0.0875383858267716
0
LINE
8
BLACK
6
CONTINUOUS
10
0.4724311023622047
20
0.0875383858267716
11
0.4725932677165354
21
0.0874053149606299
0
LINE
8
BLACK
6
CONTINUOUS
10
0.4725932677165354
20
0.0874053149606299
11
0.4727709842519685
21
0.0872934251968504
0
LINE
8
BLACK
6
CONTINUOUS
10
0.4727709842519685
20
0.0872934251968504
11
0.4728731889763779
21
0.0871755905511811
0
LINE
8
BLACK
6
CONTINUOUS
10
0.4728731889763779
20
0.0871755905511811
11
0.4733260236220472
21
0.086803937007874
0
LINE
8
BLACK
6
CONTINUOUS
10
0.4733260236220472
20
0.086803937007874
11
0.4757632283464567
21
0.0843667322834646
0
LINE
8
BLACK
6
CONTINUOUS
10
0.4757632283464567
20
0.0843667322834646
11
0.4761348031496063
21
0.083913937007874
0
LINE
8
BLACK
6
CONTINUOUS
10
0.4761348031496063
20
0.083913937007874
11
0.4762527165354331
21
0.0838116929133858
0
LINE
8
BLACK
6
CONTINUOUS
10
0.4762527165354331
20
0.0838116929133858
11
0.4763645275590551
21
0.0836340157480315
0
LINE
8
BLACK
6
CONTINUOUS
10
0.4763645275590551
20
0.0836340157480315
11
0.4764976771653543
21
0.083471811023622
0
LINE
8
BLACK
6
CONTINUOUS
10
0.4764976771653543
20
0.083471811023622
11
0.4765573228346456
21
0.0833277559055118
0
LINE
8
BLACK
6
CONTINUOUS
10
0.4765573228346456
20
0.0833277559055118
11
0.4768694488188976
21
0.0828319291338583
0
LINE
8
BLACK
6
CONTINUOUS
10
0.4768694488188976
20
0.0828319291338583
11
0.4793066535433071
21
0.0779575590551181
0
LINE
8
BLACK
6
CONTINUOUS
10
0.4793066535433071
20
0.0779575590551181
11
0.4797204330708661
21
0.0768763385826772
0
LINE
8
BLACK
6
CONTINUOUS
10
0.4797204330708661
20
0.0768763385826772
11
0.4797354724409449
21
0.0766646456692913
0
LINE
8
BLACK
6
CONTINUOUS
10
0.4797354724409449
20
0.0766646456692913
11
0.4798166535433071
21
0.0764686614173228
0
LINE
8
BLACK
6
CONTINUOUS
10
0.4798166535433071
20
0.0764686614173228
11
0.4799301181102362
21
0.0753165354330709
0
LINE
8
BLACK
6
CONTINUOUS
10
0.4799301181102362
20
0.0753165354330709
11
0.4799301181102362
21
0.070442125984252
0
LINE
8
BLACK
6
CONTINUOUS
10
0.4799301181102362
20
0.070442125984252
11
0.4798166535433071
21
0.06929
0
LINE
8
BLACK
6
CONTINUOUS
10
0.4798166535433071
20
0.06929
11
0.4797354724409449
21
0.0690940551181102
0
LINE
8
BLACK
6
CONTINUOUS
10
0.4797354724409449
20
0.0690940551181102
11
0.4797204330708661
21
0.0688823228346457
0
LINE
8
BLACK
6
CONTINUOUS
10
0.4797204330708661
20
0.0688823228346457
11
0.4793066535433071
21
0.0678011023622047
0
LINE
8
BLACK
6
CONTINUOUS
10
0.4793066535433071
20
0.0678011023622047
11
0.4768694488188976
21
0.0629267322834646
0
LINE
8
BLACK
6
CONTINUOUS
10
0.4768694488188976
20
0.0629267322834646
11
0.4765573228346456
21
0.0624309448818898
0
LINE
8
BLACK
6
CONTINUOUS
10
0.4765573228346456
20
0.0624309448818898
11
0.4764976771653543
21
0.0622868503937008
0
LINE
8
BLACK
6
CONTINUOUS
10
0.4764976771653543
20
0.0622868503937008
11
0.4763645275590551
21
0.0621246850393701
0
LINE
8
BLACK
6
CONTINUOUS
10
0.4763645275590551
20
0.0621246850393701
11
0.4762527165354331
21
0.061946968503937
0
LINE
8
BLACK
6
CONTINUOUS
10
0.4762527165354331
20
0.061946968503937
11
0.4762503149606299
21
0.0619449212598425
0
LINE
8
BLACK
6
CONTINUOUS
10
0.4762503149606299
20
0.0619449212598425
11
0.4782003937007874
21
0.059994842519685
0
LINE
8
BLACK
6
CONTINUOUS
10
0.4782003937007874
20
0.059994842519685
11
0.4785720078740157
21
0.0595420078740157
0
LINE
8
BLACK
6
CONTINUOUS
10
0.4785720078740157
20
0.0595420078740157
11
0.4786899606299213
21
0.0594397244094488
0
LINE
8
BLACK
6
CONTINUOUS
10
0.4786899606299213
20
0.0594397244094488
11
0.4788018503937008
21
0.0592620078740157
0
LINE
8
BLACK
6
CONTINUOUS
10
0.4788018503937008
20
0.0592620078740157
11
0.478934842519685
21
0.0590999212598425
0
LINE
8
BLACK
6
CONTINUOUS
10
0.478934842519685
20
0.0590999212598425
11
0.4789944488188976
21
0.0589559842519685
0
LINE
8
BLACK
6
CONTINUOUS
10
0.4789944488188976
20
0.0589559842519685
11
0.4793066929133858
21
0.0584599606299213
0
LINE
8
BLACK
6
CONTINUOUS
10
0.4793066929133858
20
0.0584599606299213
11
0.4817438188976378
21
0.0535855511811024
0
LINE
8
BLACK
6
CONTINUOUS
10
0.4817438188976378
20
0.0535855511811024
11
0.4821575984251968
21
0.0525043307086614
0
LINE
8
BLACK
6
CONTINUOUS
10
0.4821575984251968
20
0.0525043307086614
11
0.4821725984251968
21
0.0522927165354331
0
LINE
8
BLACK
6
CONTINUOUS
10
0.4821725984251968
20
0.0522927165354331
11
0.4822538188976378
21
0.0520966929133858
0
LINE
8
BLACK
6
CONTINUOUS
10
0.4822538188976378
20
0.0520966929133858
11
0.4823672834645669
21
0.0509445669291339
0
LINE
8
BLACK
6
CONTINUOUS
10
0.4823672834645669
20
0.0509445669291339
11
0.4823672834645669
21
0.0436329921259843
0
LINE
8
BLACK
6
CONTINUOUS
10
0.4823672834645669
20
0.0436329921259843
11
0.4822538188976378
21
0.0424808661417323
0
LINE
8
BLACK
6
CONTINUOUS
10
0.4822538188976378
20
0.0424808661417323
11
0.4821725984251968
21
0.0422848818897638
0
LINE
8
BLACK
6
CONTINUOUS
10
0.4821725984251968
20
0.0422848818897638
11
0.4821575984251968
21
0.0420732283464567
0
LINE
8
BLACK
6
CONTINUOUS
10
0.4821575984251968
20
0.0420732283464567
11
0.4817438188976378
21
0.0409920078740157
0
LINE
8
BLACK
6
CONTINUOUS
10
0.4817438188976378
20
0.0409920078740157
11
0.4793066929133858
21
0.0361175984251969
0
LINE
8
BLACK
6
CONTINUOUS
10
0.4793066929133858
20
0.0361175984251969
11
0.4789945275590551
21
0.0356216929133858
0
LINE
8
BLACK
6
CONTINUOUS
10
0.4789945275590551
20
0.0356216929133858
11
0.4789348818897637
21
0.0354776771653543
0
LINE
8
BLACK
6
CONTINUOUS
10
0.4789348818897637
20
0.0354776771653543
11
0.478801811023622
21
0.0353155905511811
0
LINE
8
BLACK
6
CONTINUOUS
10
0.478801811023622
20
0.0353155905511811
11
0.4786899606299213
21
0.0351378346456693
0
LINE
8
BLACK
6
CONTINUOUS
10
0.4786899606299213
20
0.0351378346456693
11
0.4785720472440945
21
0.0350355905511811
0
LINE
8
BLACK
6
CONTINUOUS
10
0.4785720472440945
20
0.0350355905511811
11
0.4782004330708661
21
0.0345827559055118
0
LINE
8
BLACK
6
CONTINUOUS
10
0.4782004330708661
20
0.0345827559055118
11
0.4757632283464567
21
0.0321455511811024
0
LINE
8
BLACK
6
CONTINUOUS
10
0.4757632283464567
20
0.0321455511811024
11
0.4753103937007874
21
0.031773937007874
0
LINE
8
BLACK
6
CONTINUOUS
10
0.4753103937007874
20
0.031773937007874
11
0.4752081496062992
21
0.0316560236220472
0
LINE
8
BLACK
6
CONTINUOUS
10
0.4752081496062992
20
0.0316560236220472
11
0.4750303937007874
21
0.0315441732283465
0
LINE
8
BLACK
6
CONTINUOUS
10
0.4750303937007874
20
0.0315441732283465
11
0.4748683070866141
21
0.0314111023622047
0
LINE
8
BLACK
6
CONTINUOUS
10
0.4748683070866141
20
0.0314111023622047
11
0.4747242913385827
21
0.0313514566929134
0
LINE
8
BLACK
6
CONTINUOUS
10
0.4747242913385827
20
0.0313514566929134
11
0.4742283858267716
21
0.0310392913385827
0
LINE
8
BLACK
6
CONTINUOUS
10
0.4742283858267716
20
0.0310392913385827
11
0.4693539763779527
21
0.028602125984252
0
LINE
8
BLACK
6
CONTINUOUS
10
0.4693539763779527
20
0.028602125984252
11
0.4682727559055118
21
0.0281883858267717
0
LINE
8
BLACK
6
CONTINUOUS
10
0.4682727559055118
20
0.0281883858267717
11
0.4680611023622047
21
0.0281733858267717
0
LINE
8
BLACK
6
CONTINUOUS
10
0.4680611023622047
20
0.0281733858267717
11
0.4678651181102362
21
0.0280921653543307
0
LINE
8
BLACK
6
CONTINUOUS
10
0.4678651181102362
20
0.0280921653543307
11
0.4667129921259842
21
0.0279787007874016
0
LINE
8
BLACK
6
CONTINUOUS
10
0.4667129921259842
20
0.0279787007874016
11
0.4472154330708661
21
0.0279787007874016
0
LINE
8
BLACK
6
CONTINUOUS
10
0.4472154330708661
20
0.0279787007874016
11
0.4460633070866142
21
0.0280921653543307
0
LINE
8
BLACK
6
CONTINUOUS
10
0.4460633070866142
20
0.0280921653543307
11
0.4439344881889764
21
0.0289739763779528
0
LINE
8
BLACK
6
CONTINUOUS
10
0.4439344881889764
20
0.0289739763779528
11
0.4423051968503937
21
0.0306032677165354
0
LINE
8
BLACK
6
CONTINUOUS
10
0.4423051968503937
20
0.0306032677165354
11
0.4414233858267717
21
0.0327320866141732
0
LINE
8
BLACK
6
CONTINUOUS
10
0.4414233858267717
20
0.0327320866141732
11
0.4414233858267717
21
0.0327321653543307
0
LINE
8
BLACK
6
CONTINUOUS
10
0.4414233858267717
20
0.0327321653543307
11
0.4413099212598425
21
0.0338842125984252
0
LINE
8
BLACK
6
CONTINUOUS
10
0.4413099212598425
20
0.0338842125984252
11
0.4413099212598425
21
0.0850653149606299
0
LINE
8
BLACK
6
CONTINUOUS
10
0.4413099212598425
20
0.0850653149606299
11
0.4414233858267717
21
0.0862174409448819
0
LINE
8
BLACK
6
CONTINUOUS
10
0.4414233858267717
20
0.0862174409448819
11
0.4423051968503937
21
0.0883462598425197
0
LINE
8
BLACK
6
CONTINUOUS
10
0.4423051968503937
20
0.0883462598425197
11
0.4439344881889764
21
0.0899755511811024
0
LINE
8
BLACK
6
CONTINUOUS
10
0.4439344881889764
20
0.0899755511811024
11
0.4460633070866142
21
0.0908573622047244
0
LINE
8
BLACK
6
CONTINUOUS
10
0.4460633070866142
20
0.0908573622047244
11
0.4472154330708661
21
0.0909708267716535
0
LINE
8
BLACK
6
CONTINUOUS
10
0.4472154330708661
20
0.0909708267716535
11
0.4642758267716535
21
0.0909708267716535
0
LINE
8
BLACK
6
CONTINUOUS
10
0.4642758267716535
20
0.0909708267716535
11
0.4654279527559055
21
0.0908573622047244
0
LINE
8
BLACK
6
CONTINUOUS
10
0.4531209448818898
20
0.0397897244094488
11
0.4653188976377953
21
0.0397897244094488
0
LINE
8
BLACK
6
CONTINUOUS
10
0.4653188976377953
20
0.0397897244094488
11
0.4680891732283464
21
0.041174842519685
0
LINE
8
BLACK
6
CONTINUOUS
10
0.4680891732283464
20
0.041174842519685
11
0.469171062992126
21
0.0422567322834646
0
LINE
8
BLACK
6
CONTINUOUS
10
0.469171062992126
20
0.0422567322834646
11
0.4705562598425197
21
0.045027125984252
0
LINE
8
BLACK
6
CONTINUOUS
10
0.4705562598425197
20
0.045027125984252
11
0.4705562598425197
21
0.0495504724409449
0
LINE
8
BLACK
6
CONTINUOUS
10
0.4705562598425197
20
0.0495504724409449
11
0.469171062992126
21
0.0523208267716535
0
LINE
8
BLACK
6
CONTINUOUS
10
0.469171062992126
20
0.0523208267716535
11
0.4683973228346456
21
0.0530945669291339
0
LINE
8
BLACK
6
CONTINUOUS
10
0.4683973228346456
20
0.0530945669291339
11
0.4633175590551181
21
0.0547878346456693
0
LINE
8
BLACK
6
CONTINUOUS
10
0.4633175590551181
20
0.0547878346456693
11
0.4531209448818898
21
0.0547878346456693
0
LINE
8
BLACK
6
CONTINUOUS
10
0.4531209448818898
20
0.0547878346456693
11
0.4531209448818898
21
0.0397897244094488
0
LINE
8
BLACK
6
CONTINUOUS
10
0.4531209448818898
20
0.0665988582677165
11
0.4628817322834646
21
0.0665988582677165
0
LINE
8
BLACK
6
CONTINUOUS
10
0.4628817322834646
20
0.0665988582677165
11
0.465651968503937
21
0.0679840157480315
0
LINE
8
BLACK
6
CONTINUOUS
10
0.465651968503937
20
0.0679840157480315
11
0.466733937007874
21
0.0690659448818898
0
LINE
8
BLACK
6
CONTINUOUS
10
0.466733937007874
20
0.0690659448818898
11
0.4681190944881889
21
0.0718362598425197
0
LINE
8
BLACK
6
CONTINUOUS
10
0.4681190944881889
20
0.0718362598425197
11
0.4681190944881889
21
0.0739224015748031
0
LINE
8
BLACK
6
CONTINUOUS
10
0.4681190944881889
20
0.0739224015748031
11
0.466733937007874
21
0.0766927165354331
0
LINE
8
BLACK
6
CONTINUOUS
10
0.466733937007874
20
0.0766927165354331
11
0.465651968503937
21
0.0777746850393701
0
LINE
8
BLACK
6
CONTINUOUS
10
0.465651968503937
20
0.0777746850393701
11
0.4628817322834646
21
0.0791598031496063
0
LINE
8
BLACK
6
CONTINUOUS
10
0.4628817322834646
20
0.0791598031496063
11
0.4531209448818898
21
0.0791598031496063
0
LINE
8
BLACK
6
CONTINUOUS
10
0.4531209448818898
20
0.0791598031496063
11
0.4531209448818898
21
0.0665988582677165
0
LINE
8
BLACK
6
CONTINUOUS
10
0.5409810236220473
20
0.073796968503937
11
0.5411770078740157
21
0.0737157874015748
0
LINE
8
BLACK
6
CONTINUOUS
10
0.5411770078740157
20
0.0737157874015748
11
0.5413886614173228
21
0.0737007480314961
0
LINE
8
BLACK
6
CONTINUOUS
10
0.5413886614173228
20
0.0737007480314961
11
0.5424699212598425
21
0.073286968503937
0
LINE
8
BLACK
6
CONTINUOUS
10
0.5424699212598425
20
0.073286968503937
11
0.5473442519685039
21
0.0708498031496063
0
LINE
8
BLACK
6
CONTINUOUS
10
0.5473442519685039
20
0.0708498031496063
11
0.5483240157480315
21
0.0702331102362205
0
LINE
8
BLACK
6
CONTINUOUS
10
0.5483240157480315
20
0.0702331102362205
11
0.5498337401574803
21
0.0684923622047244
0
LINE
8
BLACK
6
CONTINUOUS
10
0.5498337401574803
20
0.0684923622047244
11
0.5505623622047244
21
0.0663064173228346
0
LINE
8
BLACK
6
CONTINUOUS
10
0.5505623622047244
20
0.0663064173228346
11
0.5503990551181103
21
0.0640079921259843
0
LINE
8
BLACK
6
CONTINUOUS
10
0.5503990551181103
20
0.0640079921259843
11
0.5493685826771654
21
0.0619470078740157
0
LINE
8
BLACK
6
CONTINUOUS
10
0.5493685826771654
20
0.0619470078740157
11
0.5476278346456693
21
0.0604372834645669
0
LINE
8
BLACK
6
CONTINUOUS
10
0.5476278346456693
20
0.0604372834645669
11
0.5454419291338582
21
0.0597086220472441
0
LINE
8
BLACK
6
CONTINUOUS
10
0.5454419291338582
20
0.0597086220472441
11
0.5431434645669291
21
0.0598719291338583
0
LINE
8
BLACK
6
CONTINUOUS
10
0.5431434645669291
20
0.0598719291338583
11
0.5420622440944882
21
0.0602857086614173
0
LINE
8
BLACK
6
CONTINUOUS
10
0.5420622440944882
20
0.0602857086614173
11
0.5384348031496062
21
0.0620994094488189
0
LINE
8
BLACK
6
CONTINUOUS
10
0.5384348031496062
20
0.0620994094488189
11
0.5314742125984252
21
0.0620994094488189
0
LINE
8
BLACK
6
CONTINUOUS
10
0.5314742125984252
20
0.0620994094488189
11
0.5287038188976377
21
0.0607142519685039
0
LINE
8
BLACK
6
CONTINUOUS
10
0.5287038188976377
20
0.0607142519685039
11
0.5276219291338583
21
0.0596323622047244
0
LINE
8
BLACK
6
CONTINUOUS
10
0.5276219291338583
20
0.0596323622047244
11
0.5262368503937008
21
0.0568620866141732
0
LINE
8
BLACK
6
CONTINUOUS
10
0.5262368503937008
20
0.0568620866141732
11
0.5262368503937008
21
0.0450270866141732
0
LINE
8
BLACK
6
CONTINUOUS
10
0.5262368503937008
20
0.0450270866141732
11
0.5276219291338583
21
0.042256811023622
0
LINE
8
BLACK
6
CONTINUOUS
10
0.5276219291338583
20
0.042256811023622
11
0.5287038188976377
21
0.0411749212598425
0
LINE
8
BLACK
6
CONTINUOUS
10
0.5287038188976377
20
0.0411749212598425
11
0.5314742125984252
21
0.0397897244094488
0
LINE
8
BLACK
6
CONTINUOUS
10
0.5314742125984252
20
0.0397897244094488
11
0.5384348031496062
21
0.0397897244094488
0
LINE
8
BLACK
6
CONTINUOUS
10
0.5384348031496062
20
0.0397897244094488
11
0.5420622440944882
21
0.0416034251968504
0
LINE
8
BLACK
6
CONTINUOUS
10
0.5420622440944882
20
0.0416034251968504
11
0.5431434645669291
21
0.0420172047244094
0
LINE
8
BLACK
6
CONTINUOUS
10
0.5431434645669291
20
0.0420172047244094
11
0.5454419291338582
21
0.0421805118110236
0
LINE
8
BLACK
6
CONTINUOUS
10
0.5454419291338582
20
0.0421805118110236
11
0.5476278346456693
21
0.0414518503937008
0
LINE
8
BLACK
6
CONTINUOUS
10
0.5476278346456693
20
0.0414518503937008
11
0.5493685826771654
21
0.039942125984252
0
LINE
8
BLACK
6
CONTINUOUS
10
0.5493685826771654
20
0.039942125984252
11
0.5503990551181103
21
0.0378811417322835
0
LINE
8
BLACK
6
CONTINUOUS
10
0.5503990551181103
20
0.0378811417322835
11
0.5505623622047244
21
0.0355827165354331
0
LINE
8
BLACK
6
CONTINUOUS
10
0.5505623622047244
20
0.0355827165354331
11
0.5498337401574803
21
0.0333967716535433
0
LINE
8
BLACK
6
CONTINUOUS
10
0.5498337401574803
20
0.0333967716535433
11
0.5483240157480315
21
0.0316560236220472
0
LINE
8
BLACK
6
CONTINUOUS
10
0.5483240157480315
20
0.0316560236220472
11
0.5473442519685039
21
0.0310393307086614
0
LINE
8
BLACK
6
CONTINUOUS
10
0.5473442519685039
20
0.0310393307086614
11
0.5424699212598425
21
0.0286021653543307
0
LINE
8
BLACK
6
CONTINUOUS
10
0.5424699212598425
20
0.0286021653543307
11
0.5413886614173228
21
0.0281883858267717
0
LINE
8
BLACK
6
CONTINUOUS
10
0.5413886614173228
20
0.0281883858267717
11
0.5411770078740157
21
0.0281733858267717
0
LINE
8
BLACK
6
CONTINUOUS
10
0.5411770078740157
20
0.0281733858267717
11
0.5409810236220473
21
0.0280921653543307
0
LINE
8
BLACK
6
CONTINUOUS
10
0.5409810236220473
20
0.0280921653543307
11
0.5398288976377953
21
0.0279787007874016
0
LINE
8
BLACK
6
CONTINUOUS
10
0.5398288976377953
20
0.0279787007874016
11
0.5300801181102363
21
0.0279787007874016
0
LINE
8
BLACK
6
CONTINUOUS
10
0.5300801181102363
20
0.0279787007874016
11
0.5289279921259843
21
0.0280921653543307
0
LINE
8
BLACK
6
CONTINUOUS
10
0.5289279921259843
20
0.0280921653543307
11
0.528731968503937
21
0.0281733858267717
0
LINE
8
BLACK
6
CONTINUOUS
10
0.528731968503937
20
0.0281733858267717
11
0.5285203543307087
21
0.0281883858267717
0
LINE
8
BLACK
6
CONTINUOUS
10
0.5285203543307087
20
0.0281883858267717
11
0.5274391338582677
21
0.0286021653543307
0
LINE
8
BLACK
6
CONTINUOUS
10
0.5274391338582677
20
0.0286021653543307
11
0.5225647244094488
21
0.0310392913385827
0
LINE
8
BLACK
6
CONTINUOUS
10
0.5225647244094488
20
0.0310392913385827
11
0.522068779527559
21
0.0313514566929134
0
LINE
8
BLACK
6
CONTINUOUS
10
0.522068779527559
20
0.0313514566929134
11
0.5219248031496063
21
0.0314111023622047
0
LINE
8
BLACK
6
CONTINUOUS
10
0.5219248031496063
20
0.0314111023622047
11
0.5217626771653543
21
0.0315441732283465
0
LINE
8
BLACK
6
CONTINUOUS
10
0.5217626771653543
20
0.0315441732283465
11
0.5215849606299212
21
0.0316560236220472
0
LINE
8
BLACK
6
CONTINUOUS
10
0.5215849606299212
20
0.0316560236220472
11
0.5214826771653543
21
0.031773937007874
0
LINE
8
BLACK
6
CONTINUOUS
10
0.5214826771653543
20
0.031773937007874
11
0.5210298818897637
21
0.0321455511811024
0
LINE
8
BLACK
6
CONTINUOUS
10
0.5210298818897637
20
0.0321455511811024
11
0.5185926771653543
21
0.0345827559055118
0
LINE
8
BLACK
6
CONTINUOUS
10
0.5185926771653543
20
0.0345827559055118
11
0.5182210236220472
21
0.0350355905511811
0
LINE
8
BLACK
6
CONTINUOUS
10
0.5182210236220472
20
0.0350355905511811
11
0.5181031496062992
21
0.0351378346456693
0
LINE
8
BLACK
6
CONTINUOUS
10
0.5181031496062992
20
0.0351378346456693
11
0.5179912598425197
21
0.0353155905511811
0
LINE
8
BLACK
6
CONTINUOUS
10
0.5179912598425197
20
0.0353155905511811
11
0.5178582283464567
21
0.0354776771653543
0
LINE
8
BLACK
6
CONTINUOUS
10
0.5178582283464567
20
0.0354776771653543
11
0.5177985433070866
21
0.0356216929133858
0
LINE
8
BLACK
6
CONTINUOUS
10
0.5177985433070866
20
0.0356216929133858
11
0.5174864173228346
21
0.0361175984251969
0
LINE
8
BLACK
6
CONTINUOUS
10
0.5174864173228346
20
0.0361175984251969
11
0.5150492519685039
21
0.0409920078740157
0
LINE
8
BLACK
6
CONTINUOUS
10
0.5150492519685039
20
0.0409920078740157
11
0.5146355118110236
21
0.0420732283464567
0
LINE
8
BLACK
6
CONTINUOUS
10
0.5146355118110236
20
0.0420732283464567
11
0.5146204724409449
21
0.0422848818897638
0
LINE
8
BLACK
6
CONTINUOUS
10
0.5146204724409449
20
0.0422848818897638
11
0.5145392913385827
21
0.0424808661417323
0
LINE
8
BLACK
6
CONTINUOUS
10
0.5145392913385827
20
0.0424808661417323
11
0.5144258267716535
21
0.0436329921259843
0
LINE
8
BLACK
6
CONTINUOUS
10
0.5144258267716535
20
0.0436329921259843
11
0.5144258267716535
21
0.0582561417322835
0
LINE
8
BLACK
6
CONTINUOUS
10
0.5144258267716535
20
0.0582561417322835
11
0.5145392913385827
21
0.0594082677165354
0
LINE
8
BLACK
6
CONTINUOUS
10
0.5145392913385827
20
0.0594082677165354
11
0.5146204724409449
21
0.0596042913385827
0
LINE
8
BLACK
6
CONTINUOUS
10
0.5146204724409449
20
0.0596042913385827
11
0.5146355118110236
21
0.059815905511811
0
LINE
8
BLACK
6
CONTINUOUS
10
0.5146355118110236
20
0.059815905511811
11
0.5150492519685039
21
0.060897125984252
0
LINE
8
BLACK
6
CONTINUOUS
10
0.5150492519685039
20
0.060897125984252
11
0.5174864173228346
21
0.0657715354330709
0
LINE
8
BLACK
6
CONTINUOUS
10
0.5174864173228346
20
0.0657715354330709
11
0.5177985433070866
21
0.0662674803149606
0
LINE
8
BLACK
6
CONTINUOUS
10
0.5177985433070866
20
0.0662674803149606
11
0.5178582283464567
21
0.0664114566929134
0
LINE
8
BLACK
6
CONTINUOUS
10
0.5178582283464567
20
0.0664114566929134
11
0.5179912598425197
21
0.0665735826771654
0
LINE
8
BLACK
6
CONTINUOUS
10
0.5179912598425197
20
0.0665735826771654
11
0.5181031496062992
21
0.0667512992125984
0
LINE
8
BLACK
6
CONTINUOUS
10
0.5181031496062992
20
0.0667512992125984
11
0.5182210236220472
21
0.0668535826771653
0
LINE
8
BLACK
6
CONTINUOUS
10
0.5182210236220472
20
0.0668535826771653
11
0.5185926771653543
21
0.0673063779527559
0
LINE
8
BLACK
6
CONTINUOUS
10
0.5185926771653543
20
0.0673063779527559
11
0.5210298818897637
21
0.0697435826771653
0
LINE
8
BLACK
6
CONTINUOUS
10
0.5210298818897637
20
0.0697435826771653
11
0.5214826771653543
21
0.0701152362204724
0
LINE
8
BLACK
6
CONTINUOUS
10
0.5214826771653543
20
0.0701152362204724
11
0.5215849606299212
21
0.0702331102362205
0
LINE
8
BLACK
6
CONTINUOUS
10
0.5215849606299212
20
0.0702331102362205
11
0.5217626771653543
21
0.070345
0
LINE
8
BLACK
6
CONTINUOUS
10
0.5217626771653543
20
0.070345
11
0.5219248031496063
21
0.070478031496063
0
LINE
8
BLACK
6
CONTINUOUS
10
0.5219248031496063
20
0.070478031496063
11
0.522068779527559
21
0.0705377165354331
0
LINE
8
BLACK
6
CONTINUOUS
10
0.522068779527559
20
0.0705377165354331
11
0.5225647244094488
21
0.070849842519685
0
LINE
8
BLACK
6
CONTINUOUS
10
0.5225647244094488
20
0.070849842519685
11
0.5274391338582677
21
0.073286968503937
0
LINE
8
BLACK
6
CONTINUOUS
10
0.5274391338582677
20
0.073286968503937
11
0.5285203543307087
21
0.0737007480314961
0
LINE
8
BLACK
6
CONTINUOUS
10
0.5285203543307087
20
0.0737007480314961
11
0.528731968503937
21
0.0737157874015748
0
LINE
8
BLACK
6
CONTINUOUS
10
0.528731968503937
20
0.0737157874015748
11
0.5289279921259843
21
0.073796968503937
0
LINE
8
BLACK
6
CONTINUOUS
10
0.5289279921259843
20
0.073796968503937
11
0.5300801181102363
21
0.0739104330708661
0
LINE
8
BLACK
6
CONTINUOUS
10
0.5300801181102363
20
0.0739104330708661
11
0.5398288976377953
21
0.0739104330708661
0
LINE
8
BLACK
6
CONTINUOUS
10
0.5398288976377953
20
0.0739104330708661
11
0.5409810236220473
21
0.073796968503937
0
LINE
8
BLACK
6
CONTINUOUS
10
0.5889020078740157
20
0.073878031496063
11
0.5890265748031496
21
0.0738929527559055
0
LINE
8
BLACK
6
CONTINUOUS
10
0.5890265748031496
20
0.0738929527559055
11
0.5891762204724409
21
0.0738510236220472
0
LINE
8
BLACK
6
CONTINUOUS
10
0.5891762204724409
20
0.0738510236220472
11
0.5897249212598425
21
0.073796968503937
0
LINE
8
BLACK
6
CONTINUOUS
10
0.5897249212598425
20
0.073796968503937
11
0.5904694881889764
21
0.0734885433070866
0
LINE
8
BLACK
6
CONTINUOUS
10
0.5904694881889764
20
0.0734885433070866
11
0.5912453149606299
21
0.0732711023622047
0
LINE
8
BLACK
6
CONTINUOUS
10
0.5912453149606299
20
0.0732711023622047
11
0.5915250393700787
21
0.0730513385826772
0
LINE
8
BLACK
6
CONTINUOUS
10
0.5915250393700787
20
0.0730513385826772
11
0.5918537401574803
21
0.072915157480315
0
LINE
8
BLACK
6
CONTINUOUS
10
0.5918537401574803
20
0.072915157480315
11
0.5924236220472441
21
0.0723452755905512
0
LINE
8
BLACK
6
CONTINUOUS
10
0.5924236220472441
20
0.0723452755905512
11
0.5930571653543307
21
0.0718474803149606
0
LINE
8
BLACK
6
CONTINUOUS
10
0.5930571653543307
20
0.0718474803149606
11
0.5932314173228347
21
0.0715374803149606
0
LINE
8
BLACK
6
CONTINUOUS
10
0.5932314173228347
20
0.0715374803149606
11
0.593483031496063
21
0.0712858661417323
0
LINE
8
BLACK
6
CONTINUOUS
10
0.593483031496063
20
0.0712858661417323
11
0.5937914566929133
21
0.0705412598425197
0
LINE
8
BLACK
6
CONTINUOUS
10
0.5937914566929133
20
0.0705412598425197
11
0.5941862992125984
21
0.0698388976377953
0
LINE
8
BLACK
6
CONTINUOUS
10
0.5941862992125984
20
0.0698388976377953
11
0.5942286614173228
21
0.0694857874015748
0
LINE
8
BLACK
6
CONTINUOUS
10
0.5942286614173228
20
0.0694857874015748
11
0.594364842519685
21
0.0691570472440945
0
LINE
8
BLACK
6
CONTINUOUS
10
0.594364842519685
20
0.0691570472440945
11
0.594364842519685
21
0.0683510236220472
0
LINE
8
BLACK
6
CONTINUOUS
10
0.594364842519685
20
0.0683510236220472
11
0.5944608267716536
21
0.0675511417322835
0
LINE
8
BLACK
6
CONTINUOUS
10
0.5944608267716536
20
0.0675511417322835
11
0.594364842519685
21
0.0672087007874016
0
LINE
8
BLACK
6
CONTINUOUS
10
0.594364842519685
20
0.0672087007874016
11
0.594364842519685
21
0.0668527952755905
0
LINE
8
BLACK
6
CONTINUOUS
10
0.594364842519685
20
0.0668527952755905
11
0.5940563779527559
21
0.0661082283464567
0
LINE
8
BLACK
6
CONTINUOUS
10
0.5940563779527559
20
0.0661082283464567
11
0.5938389763779527
21
0.0653324015748031
0
LINE
8
BLACK
6
CONTINUOUS
10
0.5938389763779527
20
0.0653324015748031
11
0.5935425590551181
21
0.0648677165354331
0
LINE
8
BLACK
6
CONTINUOUS
10
0.5935425590551181
20
0.0648677165354331
11
0.593483031496063
21
0.0647239763779528
0
LINE
8
BLACK
6
CONTINUOUS
10
0.593483031496063
20
0.0647239763779528
11
0.5933942519685039
21
0.0646352362204724
0
LINE
8
BLACK
6
CONTINUOUS
10
0.5933942519685039
20
0.0646352362204724
11
0.5932164173228346
21
0.0643563779527559
0
LINE
8
BLACK
6
CONTINUOUS
10
0.5932164173228346
20
0.0643563779527559
11
0.5739140551181102
21
0.0397897244094488
0
LINE
8
BLACK
6
CONTINUOUS
10
0.5739140551181102
20
0.0397897244094488
11
0.5885727952755906
21
0.0397897244094488
0
LINE
8
BLACK
6
CONTINUOUS
10
0.5885727952755906
20
0.0397897244094488
11
0.5897249212598425
21
0.0396762598425197
0
LINE
8
BLACK
6
CONTINUOUS
10
0.5897249212598425
20
0.0396762598425197
11
0.5918537401574803
21
0.0387944488188976
0
LINE
8
BLACK
6
CONTINUOUS
10
0.5918537401574803
20
0.0387944488188976
11
0.593483031496063
21
0.037165157480315
0
LINE
8
BLACK
6
CONTINUOUS
10
0.593483031496063
20
0.037165157480315
11
0.594364842519685
21
0.0350363385826772
0
LINE
8
BLACK
6
CONTINUOUS
10
0.594364842519685
20
0.0350363385826772
11
0.594364842519685
21
0.0327320866141732
0
LINE
8
BLACK
6
CONTINUOUS
10
0.594364842519685
20
0.0327320866141732
11
0.593483031496063
21
0.0306032677165354
0
LINE
8
BLACK
6
CONTINUOUS
10
0.593483031496063
20
0.0306032677165354
11
0.5918537401574803
21
0.0289739763779528
0
LINE
8
BLACK
6
CONTINUOUS
10
0.5918537401574803
20
0.0289739763779528
11
0.5897249212598425
21
0.0280921653543307
0
LINE
8
BLACK
6
CONTINUOUS
10
0.5897249212598425
20
0.0280921653543307
11
0.5885727952755906
21
0.0279787007874016
0
LINE
8
BLACK
6
CONTINUOUS
10
0.5885727952755906
20
0.0279787007874016
11
0.5617636614173228
21
0.0279787007874016
0
LINE
8
BLACK
6
CONTINUOUS
10
0.5617636614173228
20
0.0279787007874016
11
0.5614344094488188
21
0.0280111417322835
0
LINE
8
BLACK
6
CONTINUOUS
10
0.5614344094488188
20
0.0280111417322835
11
0.5613098818897637
21
0.0279961811023622
0
LINE
8
BLACK
6
CONTINUOUS
10
0.5613098818897637
20
0.0279961811023622
11
0.561160157480315
21
0.0280381496062992
0
LINE
8
BLACK
6
CONTINUOUS
10
0.561160157480315
20
0.0280381496062992
11
0.5606115354330709
21
0.0280921653543307
0
LINE
8
BLACK
6
CONTINUOUS
10
0.5606115354330709
20
0.0280921653543307
11
0.5598670866141732
21
0.0284005511811024
0
LINE
8
BLACK
6
CONTINUOUS
10
0.5598670866141732
20
0.0284005511811024
11
0.5590911417322835
21
0.0286179921259843
0
LINE
8
BLACK
6
CONTINUOUS
10
0.5590911417322835
20
0.0286179921259843
11
0.5588112598425197
21
0.028837874015748
0
LINE
8
BLACK
6
CONTINUOUS
10
0.5588112598425197
20
0.028837874015748
11
0.558482716535433
21
0.0289739763779528
0
LINE
8
BLACK
6
CONTINUOUS
10
0.558482716535433
20
0.0289739763779528
11
0.5579130708661417
21
0.0295436220472441
0
LINE
8
BLACK
6
CONTINUOUS
10
0.5579130708661417
20
0.0295436220472441
11
0.5572792519685039
21
0.0300416141732283
0
LINE
8
BLACK
6
CONTINUOUS
10
0.5572792519685039
20
0.0300416141732283
11
0.5571048818897638
21
0.030351811023622
0
LINE
8
BLACK
6
CONTINUOUS
10
0.5571048818897638
20
0.030351811023622
11
0.5568534251968503
21
0.0306032677165354
0
LINE
8
BLACK
6
CONTINUOUS
10
0.5568534251968503
20
0.0306032677165354
11
0.5565450393700787
21
0.0313477559055118
0
LINE
8
BLACK
6
CONTINUOUS
10
0.5565450393700787
20
0.0313477559055118
11
0.5561501574803149
21
0.0320502362204724
0
LINE
8
BLACK
6
CONTINUOUS
10
0.5561501574803149
20
0.0320502362204724
11
0.5561077559055118
21
0.0324033858267717
0
LINE
8
BLACK
6
CONTINUOUS
10
0.5561077559055118
20
0.0324033858267717
11
0.5559716141732284
21
0.0327320866141732
0
LINE
8
BLACK
6
CONTINUOUS
10
0.5559716141732284
20
0.0327320866141732
11
0.5559716141732284
21
0.0335381496062992
0
LINE
8
BLACK
6
CONTINUOUS
10
0.5559716141732284
20
0.0335381496062992
11
0.5558756299212598
21
0.0343379921259842
0
LINE
8
BLACK
6
CONTINUOUS
10
0.5558756299212598
20
0.0343379921259842
11
0.5559716141732284
21
0.0346805118110236
0
LINE
8
BLACK
6
CONTINUOUS
10
0.5559716141732284
20
0.0346805118110236
11
0.5559716141732284
21
0.0350363385826772
0
LINE
8
BLACK
6
CONTINUOUS
10
0.5559716141732284
20
0.0350363385826772
11
0.5562799606299212
21
0.0357807874015748
0
LINE
8
BLACK
6
CONTINUOUS
10
0.5562799606299212
20
0.0357807874015748
11
0.5564974409448818
21
0.0365567322834646
0
LINE
8
BLACK
6
CONTINUOUS
10
0.5564974409448818
20
0.0365567322834646
11
0.5567938976377953
21
0.0370215354330709
0
LINE
8
BLACK
6
CONTINUOUS
10
0.5567938976377953
20
0.0370215354330709
11
0.5568534251968503
21
0.037165157480315
0
LINE
8
BLACK
6
CONTINUOUS
10
0.5568534251968503
20
0.037165157480315
11
0.556942125984252
21
0.0372538976377953
0
LINE
8
BLACK
6
CONTINUOUS
10
0.556942125984252
20
0.0372538976377953
11
0.5571200393700787
21
0.0375327559055118
0
LINE
8
BLACK
6
CONTINUOUS
10
0.5571200393700787
20
0.0375327559055118
11
0.5764224015748032
21
0.0620994094488189
0
LINE
8
BLACK
6
CONTINUOUS
10
0.5764224015748032
20
0.0620994094488189
11
0.5617636614173228
21
0.0620994094488189
0
LINE
8
BLACK
6
CONTINUOUS
10
0.5617636614173228
20
0.0620994094488189
11
0.5606115354330709
21
0.062212874015748
0
LINE
8
BLACK
6
CONTINUOUS
10
0.5606115354330709
20
0.062212874015748
11
0.558482716535433
21
0.0630946850393701
0
LINE
8
BLACK
6
CONTINUOUS
10
0.558482716535433
20
0.0630946850393701
11
0.5568534251968503
21
0.0647239763779528
0
LINE
8
BLACK
6
CONTINUOUS
10
0.5568534251968503
20
0.0647239763779528
11
0.5559716141732284
21
0.0668527952755905
0
LINE
8
BLACK
6
CONTINUOUS
10
0.5559716141732284
20
0.0668527952755905
11
0.5559716141732284
21
0.0691570472440945
0
LINE
8
BLACK
6
CONTINUOUS
10
0.5559716141732284
20
0.0691570472440945
11
0.5568534251968503
21
0.0712858661417323
0
LINE
8
BLACK
6
CONTINUOUS
10
0.5568534251968503
20
0.0712858661417323
11
0.558482716535433
21
0.072915157480315
0
LINE
8
BLACK
6
CONTINUOUS
10
0.558482716535433
20
0.072915157480315
11
0.5606115354330709
21
0.073796968503937
0
LINE
8
BLACK
6
CONTINUOUS
10
0.5606115354330709
20
0.073796968503937
11
0.5617636614173228
21
0.0739104330708661
0
LINE
8
BLACK
6
CONTINUOUS
10
0.5617636614173228
20
0.0739104330708661
11
0.5885727952755906
21
0.0739104330708661
0
LINE
8
BLACK
6
CONTINUOUS
10
0.5885727952755906
20
0.0739104330708661
11
0.5889020078740157
21
0.073878031496063
0
LINE
8
BLACK
6
CONTINUOUS
10
0.3376692125984252
20
0.0908573622047244
11
0.338693779527559
21
0.0908573622047244
0
LINE
8
BLACK
6
CONTINUOUS
10
0.338693779527559
20
0.0908573622047244
11
0.3388153149606299
21
0.0908070078740157
0
LINE
8
BLACK
6
CONTINUOUS
10
0.3388153149606299
20
0.0908070078740157
11
0.3389470078740157
21
0.0908012204724409
0
LINE
8
BLACK
6
CONTINUOUS
10
0.3389470078740157
20
0.0908012204724409
11
0.3398764960629921
21
0.0903674409448819
0
LINE
8
BLACK
6
CONTINUOUS
10
0.3398764960629921
20
0.0903674409448819
11
0.3408225984251969
21
0.0899755511811024
0
LINE
8
BLACK
6
CONTINUOUS
10
0.3408225984251969
20
0.0899755511811024
11
0.3409156299212598
21
0.0898825196850394
0
LINE
8
BLACK
6
CONTINUOUS
10
0.3409156299212598
20
0.0898825196850394
11
0.3410350787401575
21
0.0898267716535433
0
LINE
8
BLACK
6
CONTINUOUS
10
0.3410350787401575
20
0.0898267716535433
11
0.3417275590551181
21
0.0890705905511811
0
LINE
8
BLACK
6
CONTINUOUS
10
0.3417275590551181
20
0.0890705905511811
11
0.3424518897637795
21
0.0883462598425197
0
LINE
8
BLACK
6
CONTINUOUS
10
0.3424518897637795
20
0.0883462598425197
11
0.3425022834645669
21
0.0882246062992126
0
LINE
8
BLACK
6
CONTINUOUS
10
0.3425022834645669
20
0.0882246062992126
11
0.3425912598425197
21
0.0881274409448819
0
LINE
8
BLACK
6
CONTINUOUS
10
0.3425912598425197
20
0.0881274409448819
11
0.3429415354330709
21
0.0871641338582677
0
LINE
8
BLACK
6
CONTINUOUS
10
0.3429415354330709
20
0.0871641338582677
11
0.3433337007874016
21
0.0862174409448819
0
LINE
8
BLACK
6
CONTINUOUS
10
0.3433337007874016
20
0.0862174409448819
11
0.3433514566929134
21
0.0860368503937008
0
LINE
8
BLACK
6
CONTINUOUS
10
0.3433514566929134
20
0.0860368503937008
11
0.3433787007874016
21
0.0859620078740157
0
LINE
8
BLACK
6
CONTINUOUS
10
0.3433787007874016
20
0.0859620078740157
11
0.3433725590551181
21
0.0858227165354331
0
LINE
8
BLACK
6
CONTINUOUS
10
0.3433725590551181
20
0.0858227165354331
11
0.3434471653543307
21
0.0850653149606299
0
LINE
8
BLACK
6
CONTINUOUS
10
0.3434471653543307
20
0.0850653149606299
11
0.3434471653543307
21
0.0338842125984252
0
LINE
8
BLACK
6
CONTINUOUS
10
0.3434471653543307
20
0.0338842125984252
11
0.3433337007874016
21
0.0327320866141732
0
LINE
8
BLACK
6
CONTINUOUS
10
0.3433337007874016
20
0.0327320866141732
11
0.3424518897637795
21
0.0306032677165354
0
LINE
8
BLACK
6
CONTINUOUS
10
0.3424518897637795
20
0.0306032677165354
11
0.3408225984251969
21
0.0289739763779528
0
LINE
8
BLACK
6
CONTINUOUS
10
0.3408225984251969
20
0.0289739763779528
11
0.338693779527559
21
0.0280921653543307
0
LINE
8
BLACK
6
CONTINUOUS
10
0.338693779527559
20
0.0280921653543307
11
0.3363895275590551
21
0.0280921653543307
0
LINE
8
BLACK
6
CONTINUOUS
10
0.3363895275590551
20
0.0280921653543307
11
0.3342607086614173
21
0.0289739763779528
0
LINE
8
BLACK
6
CONTINUOUS
10
0.3342607086614173
20
0.0289739763779528
11
0.3326314173228346
21
0.0306032677165354
0
LINE
8
BLACK
6
CONTINUOUS
10
0.3326314173228346
20
0.0306032677165354
11
0.3317496062992126
21
0.0327320866141732
0
LINE
8
BLACK
6
CONTINUOUS
10
0.3317496062992126
20
0.0327320866141732
11
0.3316361417322835
21
0.0338842125984252
0
LINE
8
BLACK
6
CONTINUOUS
10
0.3316361417322835
20
0.0338842125984252
11
0.3316361417322835
21
0.0584457874015748
0
LINE
8
BLACK
6
CONTINUOUS
10
0.3316361417322835
20
0.0584457874015748
11
0.3258327952755906
21
0.04601
0
LINE
8
BLACK
6
CONTINUOUS
10
0.3258327952755906
20
0.04601
11
0.3255827952755905
21
0.045588031496063
0
LINE
8
BLACK
6
CONTINUOUS
10
0.3255827952755905
20
0.045588031496063
11
0.325530905511811
21
0.0454452362204724
0
LINE
8
BLACK
6
CONTINUOUS
10
0.325530905511811
20
0.0454452362204724
11
0.3254383858267716
21
0.0453442519685039
0
LINE
8
BLACK
6
CONTINUOUS
10
0.3254383858267716
20
0.0453442519685039
11
0.3252427559055118
21
0.045013937007874
0
LINE
8
BLACK
6
CONTINUOUS
10
0.3252427559055118
20
0.045013937007874
11
0.3245808267716536
21
0.0444078346456693
0
LINE
8
BLACK
6
CONTINUOUS
10
0.3245808267716536
20
0.0444078346456693
11
0.3239747244094488
21
0.043745905511811
0
LINE
8
BLACK
6
CONTINUOUS
10
0.3239747244094488
20
0.043745905511811
11
0.3237368503937008
21
0.0436349212598425
0
LINE
8
BLACK
6
CONTINUOUS
10
0.3237368503937008
20
0.0436349212598425
11
0.3235434251968504
21
0.0434577559055118
0
LINE
8
BLACK
6
CONTINUOUS
10
0.3235434251968504
20
0.0434577559055118
11
0.3227000787401575
21
0.0431511023622047
0
LINE
8
BLACK
6
CONTINUOUS
10
0.3227000787401575
20
0.0431511023622047
11
0.3218866535433071
21
0.0427714960629921
0
LINE
8
BLACK
6
CONTINUOUS
10
0.3218866535433071
20
0.0427714960629921
11
0.3216244881889764
21
0.04276
0
LINE
8
BLACK
6
CONTINUOUS
10
0.3216244881889764
20
0.04276
11
0.3213779527559055
21
0.0426703149606299
0
LINE
8
BLACK
6
CONTINUOUS
10
0.3213779527559055
20
0.0426703149606299
11
0.3204812992125984
21
0.0427097637795276
0
LINE
8
BLACK
6
CONTINUOUS
10
0.3204812992125984
20
0.0427097637795276
11
0.3195846456692913
21
0.0426703149606299
0
LINE
8
BLACK
6
CONTINUOUS
10
0.3195846456692913
20
0.0426703149606299
11
0.3193380708661417
21
0.04276
0
LINE
8
BLACK
6
CONTINUOUS
10
0.3193380708661417
20
0.04276
11
0.3190759842519685
21
0.0427714960629921
0
LINE
8
BLACK
6
CONTINUOUS
10
0.3190759842519685
20
0.0427714960629921
11
0.3182625984251968
21
0.043151062992126
0
LINE
8
BLACK
6
CONTINUOUS
10
0.3182625984251968
20
0.043151062992126
11
0.3174191732283465
21
0.0434577559055118
0
LINE
8
BLACK
6
CONTINUOUS
10
0.3174191732283465
20
0.0434577559055118
11
0.3172257086614173
21
0.0436349212598425
0
LINE
8
BLACK
6
CONTINUOUS
10
0.3172257086614173
20
0.0436349212598425
11
0.316987874015748
21
0.043745905511811
0
LINE
8
BLACK
6
CONTINUOUS
10
0.316987874015748
20
0.043745905511811
11
0.3163815748031496
21
0.0444079527559055
0
LINE
8
BLACK
6
CONTINUOUS
10
0.3163815748031496
20
0.0444079527559055
11
0.3157198818897638
21
0.045013937007874
0
LINE
8
BLACK
6
CONTINUOUS
10
0.3157198818897638
20
0.045013937007874
11
0.3155242519685039
21
0.0453441338582677
0
LINE
8
BLACK
6
CONTINUOUS
10
0.3155242519685039
20
0.0453441338582677
11
0.3154316929133858
21
0.0454452362204724
0
LINE
8
BLACK
6
CONTINUOUS
10
0.3154316929133858
20
0.0454452362204724
11
0.3153796850393701
21
0.0455882283464567
0
LINE
8
BLACK
6
CONTINUOUS
10
0.3153796850393701
20
0.0455882283464567
11
0.315129842519685
21
0.04601
0
LINE
8
BLACK
6
CONTINUOUS
10
0.315129842519685
20
0.04601
11
0.3093264173228346
21
0.058445905511811
0
LINE
8
BLACK
6
CONTINUOUS
10
0.3093264173228346
20
0.058445905511811
11
0.3093264173228346
21
0.0338842125984252
0
LINE
8
BLACK
6
CONTINUOUS
10
0.3093264173228346
20
0.0338842125984252
11
0.3092129527559055
21
0.0327320866141732
0
LINE
8
BLACK
6
CONTINUOUS
10
0.3092129527559055
20
0.0327320866141732
11
0.3083311417322834
21
0.0306032677165354
0
LINE
8
BLACK
6
CONTINUOUS
10
0.3083311417322834
20
0.0306032677165354
11
0.3067018503937008
21
0.0289739763779528
0
LINE
8
BLACK
6
CONTINUOUS
10
0.3067018503937008
20
0.0289739763779528
11
0.304573031496063
21
0.0280921653543307
0
LINE
8
BLACK
6
CONTINUOUS
10
0.304573031496063
20
0.0280921653543307
11
0.302268779527559
21
0.0280921653543307
0
LINE
8
BLACK
6
CONTINUOUS
10
0.302268779527559
20
0.0280921653543307
11
0.3001399606299213
21
0.0289739763779528
0
LINE
8
BLACK
6
CONTINUOUS
10
0.3001399606299213
20
0.0289739763779528
11
0.2985106692913386
21
0.0306032677165354
0
LINE
8
BLACK
6
CONTINUOUS
10
0.2985106692913386
20
0.0306032677165354
11
0.2976288582677165
21
0.0327320866141732
0
LINE
8
BLACK
6
CONTINUOUS
10
0.2976288582677165
20
0.0327320866141732
11
0.2975153937007874
21
0.0338842125984252
0
LINE
8
BLACK
6
CONTINUOUS
10
0.2975153937007874
20
0.0338842125984252
11
0.2975153937007874
21
0.0850653149606299
0
LINE
8
BLACK
6
CONTINUOUS
10
0.2975153937007874
20
0.0850653149606299
11
0.2975899606299213
21
0.0858226771653543
0
LINE
8
BLACK
6
CONTINUOUS
10
0.2975899606299213
20
0.0858226771653543
11
0.2975838582677166
21
0.085961968503937
0
LINE
8
BLACK
6
CONTINUOUS
10
0.2975838582677166
20
0.085961968503937
11
0.297611062992126
21
0.086036811023622
0
LINE
8
BLACK
6
CONTINUOUS
10
0.297611062992126
20
0.086036811023622
11
0.2976288582677165
21
0.0862174409448819
0
LINE
8
BLACK
6
CONTINUOUS
10
0.2976288582677165
20
0.0862174409448819
11
0.2980210236220472
21
0.0871642519685039
0
LINE
8
BLACK
6
CONTINUOUS
10
0.2980210236220472
20
0.0871642519685039
11
0.2983712992125984
21
0.0881274409448819
0
LINE
8
BLACK
6
CONTINUOUS
10
0.2983712992125984
20
0.0881274409448819
11
0.2984602362204724
21
0.0882246062992126
0
LINE
8
BLACK
6
CONTINUOUS
10
0.2984602362204724
20
0.0882246062992126
11
0.2985106692913386
21
0.0883462598425197
0
LINE
8
BLACK
6
CONTINUOUS
10
0.2985106692913386
20
0.0883462598425197
11
0.2992351968503937
21
0.0890708267716535
0
LINE
8
BLACK
6
CONTINUOUS
10
0.2992351968503937
20
0.0890708267716535
11
0.2999274803149606
21
0.0898267322834646
0
LINE
8
BLACK
6
CONTINUOUS
10
0.2999274803149606
20
0.0898267322834646
11
0.300046811023622
21
0.0898824409448819
0
LINE
8
BLACK
6
CONTINUOUS
10
0.300046811023622
20
0.0898824409448819
11
0.3001399606299213
21
0.0899755511811024
0
LINE
8
BLACK
6
CONTINUOUS
10
0.3001399606299213
20
0.0899755511811024
11
0.3010867716535433
21
0.0903677559055118
0
LINE
8
BLACK
6
CONTINUOUS
10
0.3010867716535433
20
0.0903677559055118
11
0.3020155511811023
21
0.0908011811023622
0
LINE
8
BLACK
6
CONTINUOUS
10
0.3020155511811023
20
0.0908011811023622
11
0.3021470866141732
21
0.090806968503937
0
LINE
8
BLACK
6
CONTINUOUS
10
0.3021470866141732
20
0.090806968503937
11
0.302268779527559
21
0.0908573622047244
0
LINE
8
BLACK
6
CONTINUOUS
10
0.302268779527559
20
0.0908573622047244
11
0.3032937401574803
21
0.0908573622047244
0
LINE
8
BLACK
6
CONTINUOUS
10
0.3032937401574803
20
0.0908573622047244
11
0.3043175590551181
21
0.0909023622047244
0
LINE
8
BLACK
6
CONTINUOUS
10
0.3043175590551181
20
0.0909023622047244
11
0.3044412992125984
21
0.0908573622047244
0
LINE
8
BLACK
6
CONTINUOUS
10
0.3044412992125984
20
0.0908573622047244
11
0.304573031496063
21
0.0908573622047244
0
LINE
8
BLACK
6
CONTINUOUS
10
0.304573031496063
20
0.0908573622047244
11
0.3055198031496063
21
0.0904651968503937
0
LINE
8
BLACK
6
CONTINUOUS
10
0.3055198031496063
20
0.0904651968503937
11
0.306483031496063
21
0.0901149212598425
0
LINE
8
BLACK
6
CONTINUOUS
10
0.306483031496063
20
0.0901149212598425
11
0.306580157480315
21
0.0900259842519685
0
LINE
8
BLACK
6
CONTINUOUS
10
0.306580157480315
20
0.0900259842519685
11
0.3067018503937008
21
0.0899755511811024
0
LINE
8
BLACK
6
CONTINUOUS
10
0.3067018503937008
20
0.0899755511811024
11
0.3074263779527559
21
0.0892510236220472
0
LINE
8
BLACK
6
CONTINUOUS
10
0.3074263779527559
20
0.0892510236220472
11
0.3081823228346456
21
0.0885587401574803
0
LINE
8
BLACK
6
CONTINUOUS
10
0.3081823228346456
20
0.0885587401574803
11
0.3082748031496063
21
0.0884025984251968
0
LINE
8
BLACK
6
CONTINUOUS
10
0.3082748031496063
20
0.0884025984251968
11
0.3083311417322834
21
0.0883462598425197
0
LINE
8
BLACK
6
CONTINUOUS
10
0.3083311417322834
20
0.0883462598425197
11
0.3083844881889763
21
0.0882174409448819
0
LINE
8
BLACK
6
CONTINUOUS
10
0.3083844881889763
20
0.0882174409448819
11
0.3087723622047244
21
0.0875626771653543
0
LINE
8
BLACK
6
CONTINUOUS
10
0.3087723622047244
20
0.0875626771653543
11
0.3204812598425197
21
0.0624721653543307
0
LINE
8
BLACK
6
CONTINUOUS
10
0.3204812598425197
20
0.0624721653543307
11
0.3321901968503937
21
0.0875626771653543
0
LINE
8
BLACK
6
CONTINUOUS
10
0.3321901968503937
20
0.0875626771653543
11
0.332578031496063
21
0.0882174409448819
0
LINE
8
BLACK
6
CONTINUOUS
10
0.332578031496063
20
0.0882174409448819
11
0.3326314173228346
21
0.0883462598425197
0
LINE
8
BLACK
6
CONTINUOUS
10
0.3326314173228346
20
0.0883462598425197
11
0.3326877165354331
21
0.0884025984251968
0
LINE
8
BLACK
6
CONTINUOUS
10
0.3326877165354331
20
0.0884025984251968
11
0.3327802362204724
21
0.0885587401574803
0
LINE
8
BLACK
6
CONTINUOUS
10
0.3327802362204724
20
0.0885587401574803
11
0.3335359448818898
21
0.0892508267716535
0
LINE
8
BLACK
6
CONTINUOUS
10
0.3335359448818898
20
0.0892508267716535
11
0.3342607086614173
21
0.0899755511811024
0
LINE
8
BLACK
6
CONTINUOUS
10
0.3342607086614173
20
0.0899755511811024
11
0.3343824015748031
21
0.0900259842519685
0
LINE
8
BLACK
6
CONTINUOUS
10
0.3343824015748031
20
0.0900259842519685
11
0.3344795669291338
21
0.0901149212598425
0
LINE
8
BLACK
6
CONTINUOUS
10
0.3344795669291338
20
0.0901149212598425
11
0.3354425590551181
21
0.0904651181102362
0
LINE
8
BLACK
6
CONTINUOUS
10
0.3354425590551181
20
0.0904651181102362
11
0.3363895275590551
21
0.0908573622047244
0
LINE
8
BLACK
6
CONTINUOUS
10
0.3363895275590551
20
0.0908573622047244
11
0.3365212598425197
21
0.0908573622047244
0
LINE
8
BLACK
6
CONTINUOUS
10
0.3365212598425197
20
0.0908573622047244
11
0.336645
21
0.0909023622047244
0
LINE
8
BLACK
6
CONTINUOUS
10
0.336645
20
0.0909023622047244
11
0.3376692125984252
21
0.0908573622047244
0
LINE
8
BLACK
6
CONTINUOUS
10
0.5004304330708661
20
0.0441853937007874
11
0.5016774409448819
21
0.0436688582677165
0
LINE
8
BLACK
6
CONTINUOUS
10
0.5016774409448819
20
0.0436688582677165
11
0.5025723622047243
21
0.0429344094488189
0
LINE
8
BLACK
6
CONTINUOUS
10
0.5025723622047243
20
0.0429344094488189
11
0.5050095669291339
21
0.0404972047244095
0
LINE
8
BLACK
6
CONTINUOUS
10
0.5050095669291339
20
0.0404972047244095
11
0.5057440157480315
21
0.0396022834645669
0
LINE
8
BLACK
6
CONTINUOUS
10
0.5057440157480315
20
0.0396022834645669
11
0.5066257874015748
21
0.0374734645669291
0
LINE
8
BLACK
6
CONTINUOUS
10
0.5066257874015748
20
0.0374734645669291
11
0.5066257874015748
21
0.0351692913385827
0
LINE
8
BLACK
6
CONTINUOUS
10
0.5066257874015748
20
0.0351692913385827
11
0.5057440157480315
21
0.0330404724409449
0
LINE
8
BLACK
6
CONTINUOUS
10
0.5057440157480315
20
0.0330404724409449
11
0.5057439763779528
21
0.0330404330708661
0
LINE
8
BLACK
6
CONTINUOUS
10
0.5057439763779528
20
0.0330404330708661
11
0.5050095275590551
21
0.0321455118110236
0
LINE
8
BLACK
6
CONTINUOUS
10
0.5050095275590551
20
0.0321455118110236
11
0.5025723228346457
21
0.0297083464566929
0
LINE
8
BLACK
6
CONTINUOUS
10
0.5025723228346457
20
0.0297083464566929
11
0.5016774015748031
21
0.0289738976377953
0
LINE
8
BLACK
6
CONTINUOUS
10
0.5016774015748031
20
0.0289738976377953
11
0.5004303937007873
21
0.0284574015748031
0
LINE
8
BLACK
6
CONTINUOUS
10
0.5004303937007873
20
0.0284574015748031
11
0.4995486614173228
21
0.0280921653543307
0
LINE
8
BLACK
6
CONTINUOUS
10
0.4995486614173228
20
0.0280921653543307
11
0.4972444094488189
21
0.0280921653543307
0
LINE
8
BLACK
6
CONTINUOUS
10
0.4972444094488189
20
0.0280921653543307
11
0.495975
21
0.0286179921259843
0
LINE
8
BLACK
6
CONTINUOUS
10
0.495975
20
0.0286179921259843
11
0.4951155905511811
21
0.028973937007874
0
LINE
8
BLACK
6
CONTINUOUS
10
0.4951155905511811
20
0.028973937007874
11
0.4942207086614173
21
0.0297083858267717
0
LINE
8
BLACK
6
CONTINUOUS
10
0.4942207086614173
20
0.0297083858267717
11
0.4917835433070866
21
0.0321455511811024
0
LINE
8
BLACK
6
CONTINUOUS
10
0.4917835433070866
20
0.0321455511811024
11
0.491049094488189
21
0.0330404724409449
0
LINE
8
BLACK
6
CONTINUOUS
10
0.491049094488189
20
0.0330404724409449
11
0.4904102362204724
21
0.0345827952755905
0
LINE
8
BLACK
6
CONTINUOUS
10
0.4904102362204724
20
0.0345827952755905
11
0.4901673228346456
21
0.0351692519685039
0
LINE
8
BLACK
6
CONTINUOUS
10
0.4901673228346456
20
0.0351692519685039
11
0.4901673228346456
21
0.0374734251968504
0
LINE
8
BLACK
6
CONTINUOUS
10
0.4901673228346456
20
0.0374734251968504
11
0.4910490551181102
21
0.0396022440944882
0
LINE
8
BLACK
6
CONTINUOUS
10
0.4910490551181102
20
0.0396022440944882
11
0.4917835039370079
21
0.0404971653543307
0
LINE
8
BLACK
6
CONTINUOUS
10
0.4917835039370079
20
0.0404971653543307
11
0.4942206692913386
21
0.0429343700787402
0
LINE
8
BLACK
6
CONTINUOUS
10
0.4942206692913386
20
0.0429343700787402
11
0.4951155905511811
21
0.0436688188976378
0
LINE
8
BLACK
6
CONTINUOUS
10
0.4951155905511811
20
0.0436688188976378
11
0.4951156299212598
21
0.0436688582677165
0
LINE
8
BLACK
6
CONTINUOUS
10
0.4951156299212598
20
0.0436688582677165
11
0.4963626377952756
21
0.0441853937007874
0
LINE
8
BLACK
6
CONTINUOUS
10
0.4963626377952756
20
0.0441853937007874
11
0.4972444094488189
21
0.0445506299212598
0
LINE
8
BLACK
6
CONTINUOUS
10
0.4972444094488189
20
0.0445506299212598
11
0.4995486614173228
21
0.0445506299212598
0
LINE
8
BLACK
6
CONTINUOUS
10
0.4995486614173228
20
0.0445506299212598
11
0.5004304330708661
21
0.0441853937007874
0
LINE
8
BLACK
6
CONTINUOUS
10
1.1372464566929135
20
0.1070370078740158
11
1.1373444488188975
21
0.1069964173228346
0
LINE
8
BLACK
6
CONTINUOUS
10
1.1373444488188975
20
0.1069964173228346
11
1.1374502755905511
21
0.1069888976377953
0
LINE
8
BLACK
6
CONTINUOUS
10
1.1374502755905511
20
0.1069888976377953
11
1.1379909055118109
21
0.1067820078740157
0
LINE
8
BLACK
6
CONTINUOUS
10
1.1379909055118109
20
0.1067820078740157
11
1.141740433070866
21
0.1049072440944882
0
LINE
8
BLACK
6
CONTINUOUS
10
1.141740433070866
20
0.1049072440944882
11
1.1419884251968504
21
0.1047511811023622
0
LINE
8
BLACK
6
CONTINUOUS
10
1.1419884251968504
20
0.1047511811023622
11
1.1420603937007874
21
0.1047213385826772
0
LINE
8
BLACK
6
CONTINUOUS
10
1.1420603937007874
20
0.1047213385826772
11
1.1421413385826771
21
0.1046548818897638
0
LINE
8
BLACK
6
CONTINUOUS
10
1.1421413385826771
20
0.1046548818897638
11
1.1422303149606299
21
0.1045988976377953
0
LINE
8
BLACK
6
CONTINUOUS
10
1.1422303149606299
20
0.1045988976377953
11
1.1422814566929134
21
0.1045399212598425
0
LINE
8
BLACK
6
CONTINUOUS
10
1.1422814566929134
20
0.1045399212598425
11
1.1425078346456692
21
0.1043541338582677
0
LINE
8
BLACK
6
CONTINUOUS
10
1.1425078346456692
20
0.1043541338582677
11
1.1443825984251967
21
0.1024793700787402
0
LINE
8
BLACK
6
CONTINUOUS
10
1.1443825984251967
20
0.1024793700787402
11
1.1445683464566929
21
0.102253031496063
0
LINE
8
BLACK
6
CONTINUOUS
10
1.1445683464566929
20
0.102253031496063
11
1.1446273622047243
21
0.1022018503937008
0
LINE
8
BLACK
6
CONTINUOUS
10
1.1446273622047243
20
0.1022018503937008
11
1.1446833070866143
21
0.1021129133858268
0
LINE
8
BLACK
6
CONTINUOUS
10
1.1446833070866143
20
0.1021129133858268
11
1.1447498031496062
21
0.1020319291338583
0
LINE
8
BLACK
6
CONTINUOUS
10
1.1447498031496062
20
0.1020319291338583
11
1.1447796062992126
21
0.10196
0
LINE
8
BLACK
6
CONTINUOUS
10
1.1447796062992126
20
0.10196
11
1.1449357086614174
21
0.101711968503937
0
LINE
8
BLACK
6
CONTINUOUS
10
1.1449357086614174
20
0.101711968503937
11
1.1468104724409449
21
0.0979624409448819
0
LINE
8
BLACK
6
CONTINUOUS
10
1.1468104724409449
20
0.0979624409448819
11
1.1470173622047244
21
0.0974218503937008
0
LINE
8
BLACK
6
CONTINUOUS
10
1.1470173622047244
20
0.0974218503937008
11
1.1470248818897637
21
0.0973159842519685
0
LINE
8
BLACK
6
CONTINUOUS
10
1.1470248818897637
20
0.0973159842519685
11
1.1470654724409448
21
0.0972179921259843
0
LINE
8
BLACK
6
CONTINUOUS
10
1.1470654724409448
20
0.0972179921259843
11
1.1471222047244094
21
0.0966419291338583
0
LINE
8
BLACK
6
CONTINUOUS
10
1.1471222047244094
20
0.0966419291338583
11
1.1471222047244094
21
0.0928924015748031
0
LINE
8
BLACK
6
CONTINUOUS
10
1.1471222047244094
20
0.0928924015748031
11
1.1470654724409448
21
0.0923163385826772
0
LINE
8
BLACK
6
CONTINUOUS
10
1.1470654724409448
20
0.0923163385826772
11
1.1470248818897637
21
0.0922183858267717
0
LINE
8
BLACK
6
CONTINUOUS
10
1.1470248818897637
20
0.0922183858267717
11
1.1470173622047244
21
0.0921124803149606
0
LINE
8
BLACK
6
CONTINUOUS
10
1.1470173622047244
20
0.0921124803149606
11
1.1468104724409449
21
0.0915718897637795
0
LINE
8
BLACK
6
CONTINUOUS
10
1.1468104724409449
20
0.0915718897637795
11
1.1449357086614174
21
0.0878223622047244
0
LINE
8
BLACK
6
CONTINUOUS
10
1.1449357086614174
20
0.0878223622047244
11
1.1447796062992126
21
0.0875743700787402
0
LINE
8
BLACK
6
CONTINUOUS
10
1.1447796062992126
20
0.0875743700787402
11
1.1447498031496062
21
0.0875024015748031
0
LINE
8
BLACK
6
CONTINUOUS
10
1.1447498031496062
20
0.0875024015748031
11
1.1446833070866143
21
0.0874214566929134
0
LINE
8
BLACK
6
CONTINUOUS
10
1.1446833070866143
20
0.0874214566929134
11
1.1446273622047243
21
0.0873324803149606
0
LINE
8
BLACK
6
CONTINUOUS
10
1.1446273622047243
20
0.0873324803149606
11
1.1445683464566929
21
0.0872813385826772
0
LINE
8
BLACK
6
CONTINUOUS
10
1.1445683464566929
20
0.0872813385826772
11
1.1443825984251967
21
0.0870549606299213
0
LINE
8
BLACK
6
CONTINUOUS
10
1.1443825984251967
20
0.0870549606299213
11
1.1435180708661417
21
0.0861904724409449
0
LINE
8
BLACK
6
CONTINUOUS
10
1.1435180708661417
20
0.0861904724409449
11
1.143756968503937
21
0.0860838188976378
0
LINE
8
BLACK
6
CONTINUOUS
10
1.143756968503937
20
0.0860838188976378
11
1.1438370866141732
21
0.0860143307086614
0
LINE
8
BLACK
6
CONTINUOUS
10
1.1438370866141732
20
0.0860143307086614
11
1.1439351574803149
21
0.0859737007874016
0
LINE
8
BLACK
6
CONTINUOUS
10
1.1439351574803149
20
0.0859737007874016
11
1.1443825984251967
21
0.0856064960629921
0
LINE
8
BLACK
6
CONTINUOUS
10
1.1443825984251967
20
0.0856064960629921
11
1.1462573622047243
21
0.0837317322834646
0
LINE
8
BLACK
6
CONTINUOUS
10
1.1462573622047243
20
0.0837317322834646
11
1.1464431102362205
21
0.0835053937007874
0
LINE
8
BLACK
6
CONTINUOUS
10
1.1464431102362205
20
0.0835053937007874
11
1.1465021259842521
21
0.0834542125984252
0
LINE
8
BLACK
6
CONTINUOUS
10
1.1465021259842521
20
0.0834542125984252
11
1.1465580708661418
21
0.0833652755905512
0
LINE
8
BLACK
6
CONTINUOUS
10
1.1465580708661418
20
0.0833652755905512
11
1.1466245669291337
21
0.0832842913385827
0
LINE
8
BLACK
6
CONTINUOUS
10
1.1466245669291337
20
0.0832842913385827
11
1.1466543700787402
21
0.0832123622047244
0
LINE
8
BLACK
6
CONTINUOUS
10
1.1466543700787402
20
0.0832123622047244
11
1.1468104724409449
21
0.0829643307086614
0
LINE
8
BLACK
6
CONTINUOUS
10
1.1468104724409449
20
0.0829643307086614
11
1.1486852362204725
21
0.0792148031496063
0
LINE
8
BLACK
6
CONTINUOUS
10
1.1486852362204725
20
0.0792148031496063
11
1.1488921259842519
21
0.0786742125984252
0
LINE
8
BLACK
6
CONTINUOUS
10
1.1488921259842519
20
0.0786742125984252
11
1.1488996456692913
21
0.0785683464566929
0
LINE
8
BLACK
6
CONTINUOUS
10
1.1488996456692913
20
0.0785683464566929
11
1.1489402362204724
21
0.0784703543307087
0
LINE
8
BLACK
6
CONTINUOUS
10
1.1489402362204724
20
0.0784703543307087
11
1.148996968503937
21
0.0778942913385827
0
LINE
8
BLACK
6
CONTINUOUS
10
1.148996968503937
20
0.0778942913385827
11
1.148996968503937
21
0.07227
0
LINE
8
BLACK
6
CONTINUOUS
10
1.148996968503937
20
0.07227
11
1.1489402362204724
21
0.071693937007874
0
LINE
8
BLACK
6
CONTINUOUS
10
1.1489402362204724
20
0.071693937007874
11
1.1488996456692913
21
0.0715959842519685
0
LINE
8
BLACK
6
CONTINUOUS
10
1.1488996456692913
20
0.0715959842519685
11
1.1488921259842519
21
0.0714900787401575
0
LINE
8
BLACK
6
CONTINUOUS
10
1.1488921259842519
20
0.0714900787401575
11
1.1486852362204725
21
0.0709494881889764
0
LINE
8
BLACK
6
CONTINUOUS
10
1.1486852362204725
20
0.0709494881889764
11
1.1468104724409449
21
0.0671999606299213
0
LINE
8
BLACK
6
CONTINUOUS
10
1.1468104724409449
20
0.0671999606299213
11
1.1466544094488189
21
0.0669520866141732
0
LINE
8
BLACK
6
CONTINUOUS
10
1.1466544094488189
20
0.0669520866141732
11
1.1466246062992125
21
0.0668800393700787
0
LINE
8
BLACK
6
CONTINUOUS
10
1.1466246062992125
20
0.0668800393700787
11
1.1465580708661418
21
0.0667990157480315
0
LINE
8
BLACK
6
CONTINUOUS
10
1.1465580708661418
20
0.0667990157480315
11
1.1465021259842521
21
0.0667100787401575
0
LINE
8
BLACK
6
CONTINUOUS
10
1.1465021259842521
20
0.0667100787401575
11
1.1464431102362205
21
0.066658937007874
0
LINE
8
BLACK
6
CONTINUOUS
10
1.1464431102362205
20
0.066658937007874
11
1.1462573622047243
21
0.0664325590551181
0
LINE
8
BLACK
6
CONTINUOUS
10
1.1462573622047243
20
0.0664325590551181
11
1.1443826377952755
21
0.0645577952755906
0
LINE
8
BLACK
6
CONTINUOUS
10
1.1443826377952755
20
0.0645577952755906
11
1.1441562598425197
21
0.0643720472440945
0
LINE
8
BLACK
6
CONTINUOUS
10
1.1441562598425197
20
0.0643720472440945
11
1.1441050787401574
21
0.0643129921259843
0
LINE
8
BLACK
6
CONTINUOUS
10
1.1441050787401574
20
0.0643129921259843
11
1.1440161023622046
21
0.0642570078740157
0
LINE
8
BLACK
6
CONTINUOUS
10
1.1440161023622046
20
0.0642570078740157
11
1.1439351574803149
21
0.0641905511811024
0
LINE
8
BLACK
6
CONTINUOUS
10
1.1439351574803149
20
0.0641905511811024
11
1.143863188976378
21
0.0641607480314961
0
LINE
8
BLACK
6
CONTINUOUS
10
1.143863188976378
20
0.0641607480314961
11
1.1436151968503936
21
0.0640046456692913
0
LINE
8
BLACK
6
CONTINUOUS
10
1.1436151968503936
20
0.0640046456692913
11
1.1398656692913385
21
0.0621298818897638
0
LINE
8
BLACK
6
CONTINUOUS
10
1.1398656692913385
20
0.0621298818897638
11
1.1393250393700787
21
0.0619229921259843
0
LINE
8
BLACK
6
CONTINUOUS
10
1.1393250393700787
20
0.0619229921259843
11
1.1392192125984251
21
0.0619155118110236
0
LINE
8
BLACK
6
CONTINUOUS
10
1.1392192125984251
20
0.0619155118110236
11
1.139121220472441
21
0.0618748818897638
0
LINE
8
BLACK
6
CONTINUOUS
10
1.139121220472441
20
0.0618748818897638
11
1.1385451574803149
21
0.0618181496062992
0
LINE
8
BLACK
6
CONTINUOUS
10
1.1385451574803149
20
0.0618181496062992
11
1.1235470472440945
21
0.0618181496062992
0
LINE
8
BLACK
6
CONTINUOUS
10
1.1235470472440945
20
0.0618181496062992
11
1.1229709842519684
21
0.0618748818897638
0
LINE
8
BLACK
6
CONTINUOUS
10
1.1229709842519684
20
0.0618748818897638
11
1.1219065748031496
21
0.0623157874015748
0
LINE
8
BLACK
6
CONTINUOUS
10
1.1219065748031496
20
0.0623157874015748
11
1.1210919291338581
21
0.0631304330708661
0
LINE
8
BLACK
6
CONTINUOUS
10
1.1210919291338581
20
0.0631304330708661
11
1.1206510236220473
21
0.064194842519685
0
LINE
8
BLACK
6
CONTINUOUS
10
1.1206510236220473
20
0.064194842519685
11
1.1205942913385827
21
0.064770905511811
0
LINE
8
BLACK
6
CONTINUOUS
10
1.1205942913385827
20
0.064770905511811
11
1.1205942913385827
21
0.1041409842519685
0
LINE
8
BLACK
6
CONTINUOUS
10
1.1205942913385827
20
0.1041409842519685
11
1.1206510236220473
21
0.1047170472440945
0
LINE
8
BLACK
6
CONTINUOUS
10
1.1206510236220473
20
0.1047170472440945
11
1.1210919291338581
21
0.1057814566929134
0
LINE
8
BLACK
6
CONTINUOUS
10
1.1210919291338581
20
0.1057814566929134
11
1.1219065748031496
21
0.1065961023622047
0
LINE
8
BLACK
6
CONTINUOUS
10
1.1219065748031496
20
0.1065961023622047
11
1.1229709842519684
21
0.1070370078740158
0
LINE
8
BLACK
6
CONTINUOUS
10
1.1229709842519684
20
0.1070370078740158
11
1.1235470472440945
21
0.1070937401574803
0
LINE
8
BLACK
6
CONTINUOUS
10
1.1235470472440945
20
0.1070937401574803
11
1.1366703937007874
21
0.1070937401574803
0
LINE
8
BLACK
6
CONTINUOUS
10
1.1366703937007874
20
0.1070937401574803
11
1.1372464566929135
21
0.1070370078740158
0
LINE
8
BLACK
6
CONTINUOUS
10
1.1264998031496063
20
0.0677236614173228
11
1.1378481102362203
21
0.0677236614173228
0
LINE
8
BLACK
6
CONTINUOUS
10
1.1378481102362203
20
0.0677236614173228
11
1.1405455511811022
21
0.0690724015748031
0
LINE
8
BLACK
6
CONTINUOUS
10
1.1405455511811022
20
0.0690724015748031
11
1.1417426771653543
21
0.0702695669291339
0
LINE
8
BLACK
6
CONTINUOUS
10
1.1417426771653543
20
0.0702695669291339
11
1.1430914566929133
21
0.0729670472440945
0
LINE
8
BLACK
6
CONTINUOUS
10
1.1430914566929133
20
0.0729670472440945
11
1.1430914566929133
21
0.0771972440944882
0
LINE
8
BLACK
6
CONTINUOUS
10
1.1430914566929133
20
0.0771972440944882
11
1.141742716535433
21
0.0798947244094488
0
LINE
8
BLACK
6
CONTINUOUS
10
1.141742716535433
20
0.0798947244094488
11
1.1406996456692913
21
0.0809377952755905
0
LINE
8
BLACK
6
CONTINUOUS
10
1.1406996456692913
20
0.0809377952755905
11
1.1361912598425197
21
0.0824405905511811
0
LINE
8
BLACK
6
CONTINUOUS
10
1.1361912598425197
20
0.0824405905511811
11
1.1264998031496063
21
0.0824405905511811
0
LINE
8
BLACK
6
CONTINUOUS
10
1.1264998031496063
20
0.0824405905511811
11
1.1264998031496063
21
0.0677236614173228
0
LINE
8
BLACK
6
CONTINUOUS
10
1.1264998031496063
20
0.0883461023622047
11
1.1359733464566928
21
0.0883461023622047
0
LINE
8
BLACK
6
CONTINUOUS
10
1.1359733464566928
20
0.0883461023622047
11
1.1386708267716534
21
0.089694842519685
0
LINE
8
BLACK
6
CONTINUOUS
10
1.1386708267716534
20
0.089694842519685
11
1.1398679527559055
21
0.090891968503937
0
LINE
8
BLACK
6
CONTINUOUS
10
1.1398679527559055
20
0.090891968503937
11
1.1412166929133858
21
0.0935894488188976
0
LINE
8
BLACK
6
CONTINUOUS
10
1.1412166929133858
20
0.0935894488188976
11
1.1412166929133858
21
0.0959448818897638
0
LINE
8
BLACK
6
CONTINUOUS
10
1.1412166929133858
20
0.0959448818897638
11
1.1398679527559055
21
0.0986423622047244
0
LINE
8
BLACK
6
CONTINUOUS
10
1.1398679527559055
20
0.0986423622047244
11
1.1386708267716534
21
0.0998394881889764
0
LINE
8
BLACK
6
CONTINUOUS
10
1.1386708267716534
20
0.0998394881889764
11
1.1359733464566928
21
0.1011882283464567
0
LINE
8
BLACK
6
CONTINUOUS
10
1.1359733464566928
20
0.1011882283464567
11
1.1264998031496063
21
0.1011882283464567
0
LINE
8
BLACK
6
CONTINUOUS
10
1.1264998031496063
20
0.1011882283464567
11
1.1264998031496063
21
0.0883461023622047
0
LINE
8
BLACK
6
CONTINUOUS
10
0.9611994094488189
20
0.1070038188976378
11
0.961409842519685
21
0.1069888582677165
0
LINE
8
BLACK
6
CONTINUOUS
10
0.961409842519685
20
0.1069888582677165
11
0.9617409448818898
21
0.1068233070866142
0
LINE
8
BLACK
6
CONTINUOUS
10
0.9617409448818898
20
0.1068233070866142
11
0.9620922047244094
21
0.1067062204724409
0
LINE
8
BLACK
6
CONTINUOUS
10
0.9620922047244094
20
0.1067062204724409
11
0.9622515354330708
21
0.106568031496063
0
LINE
8
BLACK
6
CONTINUOUS
10
0.9622515354330708
20
0.106568031496063
11
0.9624402755905511
21
0.1064736614173228
0
LINE
8
BLACK
6
CONTINUOUS
10
0.9624402755905511
20
0.1064736614173228
11
0.9626829133858268
21
0.106193937007874
0
LINE
8
BLACK
6
CONTINUOUS
10
0.9626829133858268
20
0.106193937007874
11
0.9629625984251968
21
0.1059513385826772
0
LINE
8
BLACK
6
CONTINUOUS
10
0.9629625984251968
20
0.1059513385826772
11
0.9630568897637795
21
0.1057627165354331
0
LINE
8
BLACK
6
CONTINUOUS
10
0.9630568897637795
20
0.1057627165354331
11
0.9631951574803149
21
0.1056033070866142
0
LINE
8
BLACK
6
CONTINUOUS
10
0.9631951574803149
20
0.1056033070866142
11
0.9634311417322834
21
0.1050747244094488
0
LINE
8
BLACK
6
CONTINUOUS
10
0.9634311417322834
20
0.1050747244094488
11
0.9765544881889764
21
0.0657046456692913
0
LINE
8
BLACK
6
CONTINUOUS
10
0.9765544881889764
20
0.0657046456692913
11
0.9766828346456693
21
0.0651402362204724
0
LINE
8
BLACK
6
CONTINUOUS
10
0.9766828346456693
20
0.0651402362204724
11
0.9766011417322834
21
0.0639910236220472
0
LINE
8
BLACK
6
CONTINUOUS
10
0.9766011417322834
20
0.0639910236220472
11
0.9760859448818897
21
0.0629605511811024
0
LINE
8
BLACK
6
CONTINUOUS
10
0.9760859448818897
20
0.0629605511811024
11
0.9752155511811024
21
0.0622056692913386
0
LINE
8
BLACK
6
CONTINUOUS
10
0.9752155511811024
20
0.0622056692913386
11
0.9741225590551181
21
0.0618413385826772
0
LINE
8
BLACK
6
CONTINUOUS
10
0.9741225590551181
20
0.0618413385826772
11
0.9729733464566929
21
0.061923031496063
0
LINE
8
BLACK
6
CONTINUOUS
10
0.9729733464566929
20
0.061923031496063
11
0.9719429133858267
21
0.0624382677165354
0
LINE
8
BLACK
6
CONTINUOUS
10
0.9719429133858267
20
0.0624382677165354
11
0.9711880314960629
21
0.0633086220472441
0
LINE
8
BLACK
6
CONTINUOUS
10
0.9711880314960629
20
0.0633086220472441
11
0.9709520472440945
21
0.0638371653543307
0
LINE
8
BLACK
6
CONTINUOUS
10
0.9709520472440945
20
0.0638371653543307
11
0.9678755118110236
21
0.0730667716535433
0
LINE
8
BLACK
6
CONTINUOUS
10
0.9678755118110236
20
0.0730667716535433
11
0.9533843307086614
21
0.0730667716535433
0
LINE
8
BLACK
6
CONTINUOUS
10
0.9533843307086614
20
0.0730667716535433
11
0.9503077952755905
21
0.0638371653543307
0
LINE
8
BLACK
6
CONTINUOUS
10
0.9503077952755905
20
0.0638371653543307
11
0.950071811023622
21
0.0633085826771654
0
LINE
8
BLACK
6
CONTINUOUS
10
0.950071811023622
20
0.0633085826771654
11
0.9493169291338582
21
0.0624382283464567
0
LINE
8
BLACK
6
CONTINUOUS
10
0.9493169291338582
20
0.0624382283464567
11
0.9482864960629921
21
0.061923031496063
0
LINE
8
BLACK
6
CONTINUOUS
10
0.9482864960629921
20
0.061923031496063
11
0.9471372834645669
21
0.0618413385826772
0
LINE
8
BLACK
6
CONTINUOUS
10
0.9471372834645669
20
0.0618413385826772
11
0.9460442519685039
21
0.0622056692913386
0
LINE
8
BLACK
6
CONTINUOUS
10
0.9460442519685039
20
0.0622056692913386
11
0.9451738976377952
21
0.0629605511811024
0
LINE
8
BLACK
6
CONTINUOUS
10
0.9451738976377952
20
0.0629605511811024
11
0.9446587007874016
21
0.0639909842519685
0
LINE
8
BLACK
6
CONTINUOUS
10
0.9446587007874016
20
0.0639909842519685
11
0.9445770078740158
21
0.0651401968503937
0
LINE
8
BLACK
6
CONTINUOUS
10
0.9445770078740158
20
0.0651401968503937
11
0.9447053543307087
21
0.0657046456692913
0
LINE
8
BLACK
6
CONTINUOUS
10
0.9447053543307087
20
0.0657046456692913
11
0.9578287007874016
21
0.1050747244094488
0
LINE
8
BLACK
6
CONTINUOUS
10
0.9578287007874016
20
0.1050747244094488
11
0.95806468503937
21
0.1056032677165354
0
LINE
8
BLACK
6
CONTINUOUS
10
0.95806468503937
20
0.1056032677165354
11
0.958202874015748
21
0.1057626377952756
0
LINE
8
BLACK
6
CONTINUOUS
10
0.958202874015748
20
0.1057626377952756
11
0.9582972440944881
21
0.1059513385826772
0
LINE
8
BLACK
6
CONTINUOUS
10
0.9582972440944881
20
0.1059513385826772
11
0.9585770866141732
21
0.106194094488189
0
LINE
8
BLACK
6
CONTINUOUS
10
0.9585770866141732
20
0.106194094488189
11
0.9588195669291338
21
0.1064736220472441
0
LINE
8
BLACK
6
CONTINUOUS
10
0.9588195669291338
20
0.1064736220472441
11
0.9590081102362205
21
0.1065679133858268
0
LINE
8
BLACK
6
CONTINUOUS
10
0.9590081102362205
20
0.1065679133858268
11
0.9591675984251968
21
0.1067062204724409
0
LINE
8
BLACK
6
CONTINUOUS
10
0.9591675984251968
20
0.1067062204724409
11
0.9595189763779527
21
0.1068233464566929
0
LINE
8
BLACK
6
CONTINUOUS
10
0.9595189763779527
20
0.1068233464566929
11
0.95985
21
0.1069888582677165
0
LINE
8
BLACK
6
CONTINUOUS
10
0.95985
20
0.1069888582677165
11
0.9600603937007873
21
0.1070038188976378
0
LINE
8
BLACK
6
CONTINUOUS
10
0.9600603937007873
20
0.1070038188976378
11
0.9602606299212598
21
0.1070705511811024
0
LINE
8
BLACK
6
CONTINUOUS
10
0.9602606299212598
20
0.1070705511811024
11
0.9606299212598425
21
0.1070443307086614
0
LINE
8
BLACK
6
CONTINUOUS
10
0.9606299212598425
20
0.1070443307086614
11
0.9609992125984251
21
0.1070705511811024
0
LINE
8
BLACK
6
CONTINUOUS
10
0.9609992125984251
20
0.1070705511811024
11
0.9611994094488189
21
0.1070038188976378
0
LINE
8
BLACK
6
CONTINUOUS
10
0.9553528346456692
20
0.0789722834645669
11
0.9659070078740157
21
0.0789722834645669
0
LINE
8
BLACK
6
CONTINUOUS
10
0.9659070078740157
20
0.0789722834645669
11
0.9606299212598425
21
0.0948035826771653
0
LINE
8
BLACK
6
CONTINUOUS
10
0.9606299212598425
20
0.0948035826771653
11
0.9553528346456692
21
0.0789722834645669
0
LINE
8
BLACK
6
CONTINUOUS
10
0.3279607480314961
20
0.2113696850393701
11
0.328156811023622
21
0.2112884645669291
0
LINE
8
BLACK
6
CONTINUOUS
10
0.328156811023622
20
0.2112884645669291
11
0.3283684251968504
21
0.2112734251968504
0
LINE
8
BLACK
6
CONTINUOUS
10
0.3283684251968504
20
0.2112734251968504
11
0.3294496456692914
21
0.2108596850393701
0
LINE
8
BLACK
6
CONTINUOUS
10
0.3294496456692914
20
0.2108596850393701
11
0.335073937007874
21
0.2080475196850394
0
LINE
8
BLACK
6
CONTINUOUS
10
0.335073937007874
20
0.2080475196850394
11
0.3355697244094488
21
0.2077354330708661
0
LINE
8
BLACK
6
CONTINUOUS
10
0.3355697244094488
20
0.2077354330708661
11
0.3357138188976378
21
0.207675748031496
0
LINE
8
BLACK
6
CONTINUOUS
10
0.3357138188976378
20
0.207675748031496
11
0.3358759842519685
21
0.2075426377952756
0
LINE
8
BLACK
6
CONTINUOUS
10
0.3358759842519685
20
0.2075426377952756
11
0.3360537007874015
21
0.2074307874015748
0
LINE
8
BLACK
6
CONTINUOUS
10
0.3360537007874015
20
0.2074307874015748
11
0.336155905511811
21
0.2073129527559055
0
LINE
8
BLACK
6
CONTINUOUS
10
0.336155905511811
20
0.2073129527559055
11
0.3366087401574803
21
0.2069412992125984
0
LINE
8
BLACK
6
CONTINUOUS
10
0.3366087401574803
20
0.2069412992125984
11
0.342233031496063
21
0.2013170078740157
0
LINE
8
BLACK
6
CONTINUOUS
10
0.342233031496063
20
0.2013170078740157
11
0.3429674803149606
21
0.200422125984252
0
LINE
8
BLACK
6
CONTINUOUS
10
0.3429674803149606
20
0.200422125984252
11
0.3431354724409449
21
0.2000164960629921
0
LINE
8
BLACK
6
CONTINUOUS
10
0.3431354724409449
20
0.2000164960629921
11
0.3433968897637795
21
0.1996637007874016
0
LINE
8
BLACK
6
CONTINUOUS
10
0.3433968897637795
20
0.1996637007874016
11
0.3437863779527559
21
0.1985735039370079
0
LINE
8
BLACK
6
CONTINUOUS
10
0.3437863779527559
20
0.1985735039370079
11
0.3465985433070866
21
0.1873249212598425
0
LINE
8
BLACK
6
CONTINUOUS
10
0.3465985433070866
20
0.1873249212598425
11
0.3466280708661417
21
0.1871252362204724
0
LINE
8
BLACK
6
CONTINUOUS
10
0.3466280708661417
20
0.1871252362204724
11
0.3466614173228346
21
0.1870447244094488
0
LINE
8
BLACK
6
CONTINUOUS
10
0.3466614173228346
20
0.1870447244094488
11
0.3467041338582677
21
0.186610905511811
0
LINE
8
BLACK
6
CONTINUOUS
10
0.3467041338582677
20
0.186610905511811
11
0.3467679133858267
21
0.1861796850393701
0
LINE
8
BLACK
6
CONTINUOUS
10
0.3467679133858267
20
0.1861796850393701
11
0.3467550787401575
21
0.1860935433070866
0
LINE
8
BLACK
6
CONTINUOUS
10
0.3467550787401575
20
0.1860935433070866
11
0.3467748818897638
21
0.1858925984251968
0
LINE
8
BLACK
6
CONTINUOUS
10
0.3467748818897638
20
0.1858925984251968
11
0.3467748818897638
21
0.1662075590551181
0
LINE
8
BLACK
6
CONTINUOUS
10
0.3467748818897638
20
0.1662075590551181
11
0.3467550787401575
21
0.1660066535433071
0
LINE
8
BLACK
6
CONTINUOUS
10
0.3467550787401575
20
0.1660066535433071
11
0.3467679133858267
21
0.1659204724409449
0
LINE
8
BLACK
6
CONTINUOUS
10
0.3467679133858267
20
0.1659204724409449
11
0.3467041338582677
21
0.1654892913385827
0
LINE
8
BLACK
6
CONTINUOUS
10
0.3467041338582677
20
0.1654892913385827
11
0.3466614173228346
21
0.1650554330708661
0
LINE
8
BLACK
6
CONTINUOUS
10
0.3466614173228346
20
0.1650554330708661
11
0.3466280708661417
21
0.1649749606299213
0
LINE
8
BLACK
6
CONTINUOUS
10
0.3466280708661417
20
0.1649749606299213
11
0.3465985433070866
21
0.1647752362204724
0
LINE
8
BLACK
6
CONTINUOUS
10
0.3465985433070866
20
0.1647752362204724
11
0.3437863779527559
21
0.1535266535433071
0
LINE
8
BLACK
6
CONTINUOUS
10
0.3437863779527559
20
0.1535266535433071
11
0.3433968897637795
21
0.1524364566929134
0
LINE
8
BLACK
6
CONTINUOUS
10
0.3433968897637795
20
0.1524364566929134
11
0.3431354330708661
21
0.1520836614173228
0
LINE
8
BLACK
6
CONTINUOUS
10
0.3431354330708661
20
0.1520836614173228
11
0.3429674803149606
21
0.1516780708661417
0
LINE
8
BLACK
6
CONTINUOUS
10
0.3429674803149606
20
0.1516780708661417
11
0.342233031496063
21
0.1507831496062992
0
LINE
8
BLACK
6
CONTINUOUS
10
0.342233031496063
20
0.1507831496062992
11
0.3366087401574803
21
0.1451588188976378
0
LINE
8
BLACK
6
CONTINUOUS
10
0.3366087401574803
20
0.1451588188976378
11
0.3361558661417323
21
0.1447871653543307
0
LINE
8
BLACK
6
CONTINUOUS
10
0.3361558661417323
20
0.1447871653543307
11
0.3360537007874015
21
0.1446693307086614
0
LINE
8
BLACK
6
CONTINUOUS
10
0.3360537007874015
20
0.1446693307086614
11
0.3358761417322835
21
0.1445575984251969
0
LINE
8
BLACK
6
CONTINUOUS
10
0.3358761417322835
20
0.1445575984251969
11
0.3357138582677165
21
0.1444243700787401
0
LINE
8
BLACK
6
CONTINUOUS
10
0.3357138582677165
20
0.1444243700787401
11
0.3355696456692913
21
0.1443646850393701
0
LINE
8
BLACK
6
CONTINUOUS
10
0.3355696456692913
20
0.1443646850393701
11
0.335073937007874
21
0.1440525984251969
0
LINE
8
BLACK
6
CONTINUOUS
10
0.335073937007874
20
0.1440525984251969
11
0.3294496456692914
21
0.1412404724409449
0
LINE
8
BLACK
6
CONTINUOUS
10
0.3294496456692914
20
0.1412404724409449
11
0.3283683858267716
21
0.1408266929133858
0
LINE
8
BLACK
6
CONTINUOUS
10
0.3283683858267716
20
0.1408266929133858
11
0.3281567322834645
21
0.1408116929133858
0
LINE
8
BLACK
6
CONTINUOUS
10
0.3281567322834645
20
0.1408116929133858
11
0.3279607480314961
21
0.1407304724409449
0
LINE
8
BLACK
6
CONTINUOUS
10
0.3279607480314961
20
0.1407304724409449
11
0.3268086220472441
21
0.1406170078740157
0
LINE
8
BLACK
6
CONTINUOUS
10
0.3268086220472441
20
0.1406170078740157
11
0.3155600393700788
21
0.1406170078740157
0
LINE
8
BLACK
6
CONTINUOUS
10
0.3155600393700788
20
0.1406170078740157
11
0.3144079133858267
21
0.1407304724409449
0
LINE
8
BLACK
6
CONTINUOUS
10
0.3144079133858267
20
0.1407304724409449
11
0.3142118897637795
21
0.1408116929133858
0
LINE
8
BLACK
6
CONTINUOUS
10
0.3142118897637795
20
0.1408116929133858
11
0.3140002755905512
21
0.1408266929133858
0
LINE
8
BLACK
6
CONTINUOUS
10
0.3140002755905512
20
0.1408266929133858
11
0.3129190551181102
21
0.1412404724409449
0
LINE
8
BLACK
6
CONTINUOUS
10
0.3129190551181102
20
0.1412404724409449
11
0.3072947244094488
21
0.1440525984251969
0
LINE
8
BLACK
6
CONTINUOUS
10
0.3072947244094488
20
0.1440525984251969
11
0.3067989763779527
21
0.1443646850393701
0
LINE
8
BLACK
6
CONTINUOUS
10
0.3067989763779527
20
0.1443646850393701
11
0.3066548425196851
21
0.1444243700787401
0
LINE
8
BLACK
6
CONTINUOUS
10
0.3066548425196851
20
0.1444243700787401
11
0.3064925196850394
21
0.1445575984251969
0
LINE
8
BLACK
6
CONTINUOUS
10
0.3064925196850394
20
0.1445575984251969
11
0.306315
21
0.1446693307086614
0
LINE
8
BLACK
6
CONTINUOUS
10
0.306315
20
0.1446693307086614
11
0.3062128346456693
21
0.144787125984252
0
LINE
8
BLACK
6
CONTINUOUS
10
0.3062128346456693
20
0.144787125984252
11
0.3057599212598425
21
0.1451588188976378
0
LINE
8
BLACK
6
CONTINUOUS
10
0.3057599212598425
20
0.1451588188976378
11
0.3001355905511811
21
0.1507831496062992
0
LINE
8
BLACK
6
CONTINUOUS
10
0.3001355905511811
20
0.1507831496062992
11
0.2994011417322834
21
0.1516780708661417
0
LINE
8
BLACK
6
CONTINUOUS
10
0.2994011417322834
20
0.1516780708661417
11
0.2992331102362205
21
0.1520837401574803
0
LINE
8
BLACK
6
CONTINUOUS
10
0.2992331102362205
20
0.1520837401574803
11
0.2989717322834646
21
0.1524364960629921
0
LINE
8
BLACK
6
CONTINUOUS
10
0.2989717322834646
20
0.1524364960629921
11
0.2985822440944882
21
0.1535266929133858
0
LINE
8
BLACK
6
CONTINUOUS
10
0.2985822440944882
20
0.1535266929133858
11
0.2957701181102362
21
0.1647752755905512
0
LINE
8
BLACK
6
CONTINUOUS
10
0.2957701181102362
20
0.1647752755905512
11
0.2957405905511811
21
0.1649749606299213
0
LINE
8
BLACK
6
CONTINUOUS
10
0.2957405905511811
20
0.1649749606299213
11
0.2957072440944882
21
0.1650554330708661
0
LINE
8
BLACK
6
CONTINUOUS
10
0.2957072440944882
20
0.1650554330708661
11
0.2956644881889764
21
0.1654894094488189
0
LINE
8
BLACK
6
CONTINUOUS
10
0.2956644881889764
20
0.1654894094488189
11
0.2956007480314961
21
0.1659205118110236
0
LINE
8
BLACK
6
CONTINUOUS
10
0.2956007480314961
20
0.1659205118110236
11
0.2956135433070866
21
0.1660066535433071
0
LINE
8
BLACK
6
CONTINUOUS
10
0.2956135433070866
20
0.1660066535433071
11
0.2955937795275591
21
0.1662075590551181
0
LINE
8
BLACK
6
CONTINUOUS
10
0.2955937795275591
20
0.1662075590551181
11
0.2955937795275591
21
0.1858925984251968
0
LINE
8
BLACK
6
CONTINUOUS
10
0.2955937795275591
20
0.1858925984251968
11
0.2956135433070866
21
0.1860935433070866
0
LINE
8
BLACK
6
CONTINUOUS
10
0.2956135433070866
20
0.1860935433070866
11
0.2956007480314961
21
0.1861796456692913
0
LINE
8
BLACK
6
CONTINUOUS
10
0.2956007480314961
20
0.1861796456692913
11
0.2956644881889764
21
0.1866107874015748
0
LINE
8
BLACK
6
CONTINUOUS
10
0.2956644881889764
20
0.1866107874015748
11
0.2957072440944882
21
0.1870447244094488
0
LINE
8
BLACK
6
CONTINUOUS
10
0.2957072440944882
20
0.1870447244094488
11
0.2957405905511811
21
0.1871252362204724
0
LINE
8
BLACK
6
CONTINUOUS
10
0.2957405905511811
20
0.1871252362204724
11
0.2957701181102362
21
0.1873248818897638
0
LINE
8
BLACK
6
CONTINUOUS
10
0.2957701181102362
20
0.1873248818897638
11
0.2985822440944882
21
0.1985734645669291
0
LINE
8
BLACK
6
CONTINUOUS
10
0.2985822440944882
20
0.1985734645669291
11
0.2989717322834646
21
0.1996636614173228
0
LINE
8
BLACK
6
CONTINUOUS
10
0.2989717322834646
20
0.1996636614173228
11
0.2992330708661417
21
0.2000164173228346
0
LINE
8
BLACK
6
CONTINUOUS
10
0.2992330708661417
20
0.2000164173228346
11
0.2994011417322834
21
0.200422125984252
0
LINE
8
BLACK
6
CONTINUOUS
10
0.2994011417322834
20
0.200422125984252
11
0.3001355905511811
21
0.2013170078740157
0
LINE
8
BLACK
6
CONTINUOUS
10
0.3001355905511811
20
0.2013170078740157
11
0.3057599212598425
21
0.2069412992125984
0
LINE
8
BLACK
6
CONTINUOUS
10
0.3057599212598425
20
0.2069412992125984
11
0.3062127165354331
21
0.2073129133858268
0
LINE
8
BLACK
6
CONTINUOUS
10
0.3062127165354331
20
0.2073129133858268
11
0.3063149606299213
21
0.2074307874015748
0
LINE
8
BLACK
6
CONTINUOUS
10
0.3063149606299213
20
0.2074307874015748
11
0.3064926377952756
21
0.2075426377952756
0
LINE
8
BLACK
6
CONTINUOUS
10
0.3064926377952756
20
0.2075426377952756
11
0.3066548425196851
21
0.207675748031496
0
LINE
8
BLACK
6
CONTINUOUS
10
0.3066548425196851
20
0.207675748031496
11
0.3067988976377953
21
0.2077354330708661
0
LINE
8
BLACK
6
CONTINUOUS
10
0.3067988976377953
20
0.2077354330708661
11
0.3072947244094488
21
0.2080475196850394
0
LINE
8
BLACK
6
CONTINUOUS
10
0.3072947244094488
20
0.2080475196850394
11
0.3129189763779527
21
0.2108596850393701
0
LINE
8
BLACK
6
CONTINUOUS
10
0.3129189763779527
20
0.2108596850393701
11
0.3140002362204724
21
0.2112734251968504
0
LINE
8
BLACK
6
CONTINUOUS
10
0.3140002362204724
20
0.2112734251968504
11
0.3142118110236221
21
0.2112884645669291
0
LINE
8
BLACK
6
CONTINUOUS
10
0.3142118110236221
20
0.2112884645669291
11
0.3144079133858267
21
0.2113696850393701
0
LINE
8
BLACK
6
CONTINUOUS
10
0.3144079133858267
20
0.2113696850393701
11
0.3155600393700788
21
0.2114831496062992
0
LINE
8
BLACK
6
CONTINUOUS
10
0.3155600393700788
20
0.2114831496062992
11
0.3268086220472441
21
0.2114831496062992
0
LINE
8
BLACK
6
CONTINUOUS
10
0.3268086220472441
20
0.2114831496062992
11
0.3279607480314961
21
0.2113696850393701
0
LINE
8
BLACK
6
CONTINUOUS
10
0.3134338976377953
20
0.1979120472440945
11
0.3096438582677165
21
0.194121968503937
0
LINE
8
BLACK
6
CONTINUOUS
10
0.3096438582677165
20
0.194121968503937
11
0.3074048031496063
21
0.1851657086614173
0
LINE
8
BLACK
6
CONTINUOUS
10
0.3074048031496063
20
0.1851657086614173
11
0.3074048031496063
21
0.1669344881889764
0
LINE
8
BLACK
6
CONTINUOUS
10
0.3074048031496063
20
0.1669344881889764
11
0.3096438582677165
21
0.1579781889763779
0
LINE
8
BLACK
6
CONTINUOUS
10
0.3096438582677165
20
0.1579781889763779
11
0.3134338976377953
21
0.1541881496062992
0
LINE
8
BLACK
6
CONTINUOUS
10
0.3134338976377953
20
0.1541881496062992
11
0.3169541338582677
21
0.152428031496063
0
LINE
8
BLACK
6
CONTINUOUS
10
0.3169541338582677
20
0.152428031496063
11
0.3254145275590551
21
0.152428031496063
0
LINE
8
BLACK
6
CONTINUOUS
10
0.3254145275590551
20
0.152428031496063
11
0.3289346850393701
21
0.1541881102362205
0
LINE
8
BLACK
6
CONTINUOUS
10
0.3289346850393701
20
0.1541881102362205
11
0.3327247244094488
21
0.1579781889763779
0
LINE
8
BLACK
6
CONTINUOUS
10
0.3327247244094488
20
0.1579781889763779
11
0.3349638582677165
21
0.1669345275590551
0
LINE
8
BLACK
6
CONTINUOUS
10
0.3349638582677165
20
0.1669345275590551
11
0.3349638582677165
21
0.1851656692913386
0
LINE
8
BLACK
6
CONTINUOUS
10
0.3349638582677165
20
0.1851656692913386
11
0.3327247244094488
21
0.1941220078740157
0
LINE
8
BLACK
6
CONTINUOUS
10
0.3327247244094488
20
0.1941220078740157
11
0.3289347244094488
21
0.1979120078740157
0
LINE
8
BLACK
6
CONTINUOUS
10
0.3289347244094488
20
0.1979120078740157
11
0.3254145275590551
21
0.199672125984252
0
LINE
8
BLACK
6
CONTINUOUS
10
0.3254145275590551
20
0.199672125984252
11
0.3169541338582677
21
0.199672125984252
0
LINE
8
BLACK
6
CONTINUOUS
10
0.3169541338582677
20
0.199672125984252
11
0.3134338976377953
21
0.1979120472440945
0
LINE
8
BLACK
6
CONTINUOUS
10
0.3694596456692913
20
0.210487874015748
11
0.371088937007874
21
0.2088585826771653
0
LINE
8
BLACK
6
CONTINUOUS
10
0.371088937007874
20
0.2088585826771653
11
0.371970748031496
21
0.2067297637795276
0
LINE
8
BLACK
6
CONTINUOUS
10
0.371970748031496
20
0.2067297637795276
11
0.3720842125984252
21
0.2055776377952756
0
LINE
8
BLACK
6
CONTINUOUS
10
0.3720842125984252
20
0.2055776377952756
11
0.3720842125984252
21
0.152428031496063
0
LINE
8
BLACK
6
CONTINUOUS
10
0.3720842125984252
20
0.152428031496063
11
0.3943001968503937
21
0.152428031496063
0
LINE
8
BLACK
6
CONTINUOUS
10
0.3943001968503937
20
0.152428031496063
11
0.3954523228346457
21
0.1523145669291339
0
LINE
8
BLACK
6
CONTINUOUS
10
0.3954523228346457
20
0.1523145669291339
11
0.3975811417322835
21
0.1514327559055118
0
LINE
8
BLACK
6
CONTINUOUS
10
0.3975811417322835
20
0.1514327559055118
11
0.3992104330708661
21
0.1498034645669291
0
LINE
8
BLACK
6
CONTINUOUS
10
0.3992104330708661
20
0.1498034645669291
11
0.4000922440944882
21
0.1476746456692913
0
LINE
8
BLACK
6
CONTINUOUS
10
0.4000922440944882
20
0.1476746456692913
11
0.4000922440944882
21
0.1453703937007874
0
LINE
8
BLACK
6
CONTINUOUS
10
0.4000922440944882
20
0.1453703937007874
11
0.3992104330708661
21
0.1432415748031496
0
LINE
8
BLACK
6
CONTINUOUS
10
0.3992104330708661
20
0.1432415748031496
11
0.3975811417322835
21
0.1416122834645669
0
LINE
8
BLACK
6
CONTINUOUS
10
0.3975811417322835
20
0.1416122834645669
11
0.3954523228346457
21
0.1407304724409449
0
LINE
8
BLACK
6
CONTINUOUS
10
0.3954523228346457
20
0.1407304724409449
11
0.3943001968503937
21
0.1406170078740157
0
LINE
8
BLACK
6
CONTINUOUS
10
0.3943001968503937
20
0.1406170078740157
11
0.3661787007874016
21
0.1406170078740157
0
LINE
8
BLACK
6
CONTINUOUS
10
0.3661787007874016
20
0.1406170078740157
11
0.3650265748031496
21
0.1407304724409449
0
LINE
8
BLACK
6
CONTINUOUS
10
0.3650265748031496
20
0.1407304724409449
11
0.3628977559055118
21
0.1416122834645669
0
LINE
8
BLACK
6
CONTINUOUS
10
0.3628977559055118
20
0.1416122834645669
11
0.3612684645669291
21
0.1432415748031496
0
LINE
8
BLACK
6
CONTINUOUS
10
0.3612684645669291
20
0.1432415748031496
11
0.3603866535433071
21
0.1453703937007874
0
LINE
8
BLACK
6
CONTINUOUS
10
0.3603866535433071
20
0.1453703937007874
11
0.3602731889763779
21
0.1465225196850394
0
LINE
8
BLACK
6
CONTINUOUS
10
0.3602731889763779
20
0.1465225196850394
11
0.3602731889763779
21
0.2055776377952756
0
LINE
8
BLACK
6
CONTINUOUS
10
0.3602731889763779
20
0.2055776377952756
11
0.3603866535433071
21
0.2067297637795276
0
LINE
8
BLACK
6
CONTINUOUS
10
0.3603866535433071
20
0.2067297637795276
11
0.3612684645669291
21
0.2088585826771653
0
LINE
8
BLACK
6
CONTINUOUS
10
0.3612684645669291
20
0.2088585826771653
11
0.3628977559055118
21
0.210487874015748
0
LINE
8
BLACK
6
CONTINUOUS
10
0.3628977559055118
20
0.210487874015748
11
0.3650265748031496
21
0.2113696850393701
0
LINE
8
BLACK
6
CONTINUOUS
10
0.3650265748031496
20
0.2113696850393701
11
0.3673308267716535
21
0.2113696850393701
0
LINE
8
BLACK
6
CONTINUOUS
10
0.3673308267716535
20
0.2113696850393701
11
0.3694596456692913
21
0.210487874015748
0
LINE
8
BLACK
6
CONTINUOUS
10
0.4432588582677165
20
0.2113696850393701
11
0.4453876771653543
21
0.210487874015748
0
LINE
8
BLACK
6
CONTINUOUS
10
0.4453876771653543
20
0.210487874015748
11
0.447016968503937
21
0.2088585826771653
0
LINE
8
BLACK
6
CONTINUOUS
10
0.447016968503937
20
0.2088585826771653
11
0.447898779527559
21
0.2067297637795276
0
LINE
8
BLACK
6
CONTINUOUS
10
0.447898779527559
20
0.2067297637795276
11
0.447898779527559
21
0.2044255118110236
0
LINE
8
BLACK
6
CONTINUOUS
10
0.447898779527559
20
0.2044255118110236
11
0.447016968503937
21
0.2022966929133858
0
LINE
8
BLACK
6
CONTINUOUS
10
0.447016968503937
20
0.2022966929133858
11
0.4453876771653543
21
0.2006674015748031
0
LINE
8
BLACK
6
CONTINUOUS
10
0.4453876771653543
20
0.2006674015748031
11
0.4432588582677165
21
0.1997855905511811
0
LINE
8
BLACK
6
CONTINUOUS
10
0.4432588582677165
20
0.1997855905511811
11
0.4421067322834645
21
0.199672125984252
0
LINE
8
BLACK
6
CONTINUOUS
10
0.4421067322834645
20
0.199672125984252
11
0.4198907480314961
21
0.199672125984252
0
LINE
8
BLACK
6
CONTINUOUS
10
0.4198907480314961
20
0.199672125984252
11
0.4198907480314961
21
0.1833616535433071
0
LINE
8
BLACK
6
CONTINUOUS
10
0.4198907480314961
20
0.1833616535433071
11
0.4336702755905512
21
0.1833616535433071
0
LINE
8
BLACK
6
CONTINUOUS
10
0.4336702755905512
20
0.1833616535433071
11
0.4348224015748031
21
0.183248188976378
0
LINE
8
BLACK
6
CONTINUOUS
10
0.4348224015748031
20
0.183248188976378
11
0.4369512204724409
21
0.1823663779527559
0
LINE
8
BLACK
6
CONTINUOUS
10
0.4369512204724409
20
0.1823663779527559
11
0.4385805118110236
21
0.1807370866141732
0
LINE
8
BLACK
6
CONTINUOUS
10
0.4385805118110236
20
0.1807370866141732
11
0.4394623228346456
21
0.1786082677165354
0
LINE
8
BLACK
6
CONTINUOUS
10
0.4394623228346456
20
0.1786082677165354
11
0.4394623228346456
21
0.1763040157480315
0
LINE
8
BLACK
6
CONTINUOUS
10
0.4394623228346456
20
0.1763040157480315
11
0.4385805118110236
21
0.1741751968503937
0
LINE
8
BLACK
6
CONTINUOUS
10
0.4385805118110236
20
0.1741751968503937
11
0.4369512204724409
21
0.172545905511811
0
LINE
8
BLACK
6
CONTINUOUS
10
0.4369512204724409
20
0.172545905511811
11
0.4348224015748031
21
0.171664094488189
0
LINE
8
BLACK
6
CONTINUOUS
10
0.4348224015748031
20
0.171664094488189
11
0.4336702755905512
21
0.1715506299212598
0
LINE
8
BLACK
6
CONTINUOUS
10
0.4336702755905512
20
0.1715506299212598
11
0.4198907480314961
21
0.1715506299212598
0
LINE
8
BLACK
6
CONTINUOUS
10
0.4198907480314961
20
0.1715506299212598
11
0.4198907480314961
21
0.152428031496063
0
LINE
8
BLACK
6
CONTINUOUS
10
0.4198907480314961
20
0.152428031496063
11
0.4421067322834645
21
0.152428031496063
0
LINE
8
BLACK
6
CONTINUOUS
10
0.4421067322834645
20
0.152428031496063
11
0.4432588582677165
21
0.1523145669291339
0
LINE
8
BLACK
6
CONTINUOUS
10
0.4432588582677165
20
0.1523145669291339
11
0.4453876771653543
21
0.1514327559055118
0
LINE
8
BLACK
6
CONTINUOUS
10
0.4453876771653543
20
0.1514327559055118
11
0.447016968503937
21
0.1498034645669291
0
LINE
8
BLACK
6
CONTINUOUS
10
0.447016968503937
20
0.1498034645669291
11
0.447898779527559
21
0.1476746456692913
0
LINE
8
BLACK
6
CONTINUOUS
10
0.447898779527559
20
0.1476746456692913
11
0.447898779527559
21
0.1453703937007874
0
LINE
8
BLACK
6
CONTINUOUS
10
0.447898779527559
20
0.1453703937007874
11
0.447016968503937
21
0.1432415748031496
0
LINE
8
BLACK
6
CONTINUOUS
10
0.447016968503937
20
0.1432415748031496
11
0.4453876771653543
21
0.1416122834645669
0
LINE
8
BLACK
6
CONTINUOUS
10
0.4453876771653543
20
0.1416122834645669
11
0.4432588582677165
21
0.1407304724409449
0
LINE
8
BLACK
6
CONTINUOUS
10
0.4432588582677165
20
0.1407304724409449
11
0.4421067322834645
21
0.1406170078740157
0
LINE
8
BLACK
6
CONTINUOUS
10
0.4421067322834645
20
0.1406170078740157
11
0.4139852362204725
21
0.1406170078740157
0
LINE
8
BLACK
6
CONTINUOUS
10
0.4139852362204725
20
0.1406170078740157
11
0.4128331102362205
21
0.1407304724409449
0
LINE
8
BLACK
6
CONTINUOUS
10
0.4128331102362205
20
0.1407304724409449
11
0.4107042913385827
21
0.1416122834645669
0
LINE
8
BLACK
6
CONTINUOUS
10
0.4107042913385827
20
0.1416122834645669
11
0.409075
21
0.1432415748031496
0
LINE
8
BLACK
6
CONTINUOUS
10
0.409075
20
0.1432415748031496
11
0.408193188976378
21
0.1453703937007874
0
LINE
8
BLACK
6
CONTINUOUS
10
0.408193188976378
20
0.1453703937007874
11
0.4080797244094488
21
0.1465225196850394
0
LINE
8
BLACK
6
CONTINUOUS
10
0.4080797244094488
20
0.1465225196850394
11
0.4080797244094488
21
0.2055776377952756
0
LINE
8
BLACK
6
CONTINUOUS
10
0.4080797244094488
20
0.2055776377952756
11
0.408193188976378
21
0.2067297637795276
0
LINE
8
BLACK
6
CONTINUOUS
10
0.408193188976378
20
0.2067297637795276
11
0.409075
21
0.2088585826771653
0
LINE
8
BLACK
6
CONTINUOUS
10
0.409075
20
0.2088585826771653
11
0.4107042913385827
21
0.210487874015748
0
LINE
8
BLACK
6
CONTINUOUS
10
0.4107042913385827
20
0.210487874015748
11
0.4128331102362205
21
0.2113696850393701
0
LINE
8
BLACK
6
CONTINUOUS
10
0.4128331102362205
20
0.2113696850393701
11
0.4139852362204725
21
0.2114831496062992
0
LINE
8
BLACK
6
CONTINUOUS
10
0.4139852362204725
20
0.2114831496062992
11
0.4421067322834645
21
0.2114831496062992
0
LINE
8
BLACK
6
CONTINUOUS
10
0.4421067322834645
20
0.2114831496062992
11
0.4432588582677165
21
0.2113696850393701
0
LINE
8
BLACK
6
CONTINUOUS
10
0.4820599212598425
20
0.2114257480314961
11
0.4822154330708661
21
0.2114367716535433
0
LINE
8
BLACK
6
CONTINUOUS
10
0.4822154330708661
20
0.2114367716535433
11
0.4824199212598425
21
0.2113902755905512
0
LINE
8
BLACK
6
CONTINUOUS
10
0.4824199212598425
20
0.2113902755905512
11
0.482628937007874
21
0.2113696850393701
0
LINE
8
BLACK
6
CONTINUOUS
10
0.482628937007874
20
0.2113696850393701
11
0.4827731102362204
21
0.2113099606299212
0
LINE
8
BLACK
6
CONTINUOUS
10
0.4827731102362204
20
0.2113099606299212
11
0.4833442913385826
21
0.2111800787401575
0
LINE
8
BLACK
6
CONTINUOUS
10
0.4833442913385826
20
0.2111800787401575
11
0.4917807480314961
21
0.2083679527559055
0
LINE
8
BLACK
6
CONTINUOUS
10
0.4917807480314961
20
0.2083679527559055
11
0.492837874015748
21
0.2078959448818898
0
LINE
8
BLACK
6
CONTINUOUS
10
0.492837874015748
20
0.2078959448818898
11
0.4929981102362205
21
0.207756968503937
0
LINE
8
BLACK
6
CONTINUOUS
10
0.4929981102362205
20
0.207756968503937
11
0.4931941732283465
21
0.207675748031496
0
LINE
8
BLACK
6
CONTINUOUS
10
0.4931941732283465
20
0.207675748031496
11
0.4940890944881889
21
0.2069412992125984
0
LINE
8
BLACK
6
CONTINUOUS
10
0.4940890944881889
20
0.2069412992125984
11
0.4997133858267717
21
0.2013170078740157
0
LINE
8
BLACK
6
CONTINUOUS
10
0.4997133858267717
20
0.2013170078740157
11
0.5000850393700788
21
0.2008641732283465
0
LINE
8
BLACK
6
CONTINUOUS
10
0.5000850393700788
20
0.2008641732283465
11
0.500202874015748
21
0.200761968503937
0
LINE
8
BLACK
6
CONTINUOUS
10
0.500202874015748
20
0.200761968503937
11
0.5003146062992125
21
0.2005844488188976
0
LINE
8
BLACK
6
CONTINUOUS
10
0.5003146062992125
20
0.2005844488188976
11
0.5004478346456693
21
0.200422125984252
0
LINE
8
BLACK
6
CONTINUOUS
10
0.5004478346456693
20
0.200422125984252
11
0.5005075196850394
21
0.2002779527559055
0
LINE
8
BLACK
6
CONTINUOUS
10
0.5005075196850394
20
0.2002779527559055
11
0.5008196062992126
21
0.1997822047244094
0
LINE
8
BLACK
6
CONTINUOUS
10
0.5008196062992126
20
0.1997822047244094
11
0.5036317716535433
21
0.1941579527559055
0
LINE
8
BLACK
6
CONTINUOUS
10
0.5036317716535433
20
0.1941579527559055
11
0.5036640157480314
21
0.1940736220472441
0
LINE
8
BLACK
6
CONTINUOUS
10
0.5036640157480314
20
0.1940736220472441
11
0.5036894094488189
21
0.1940393700787401
0
LINE
8
BLACK
6
CONTINUOUS
10
0.5036894094488189
20
0.1940393700787401
11
0.5038620078740157
21
0.1935562598425197
0
LINE
8
BLACK
6
CONTINUOUS
10
0.5038620078740157
20
0.1935562598425197
11
0.5040455118110236
21
0.1930766929133858
0
LINE
8
BLACK
6
CONTINUOUS
10
0.5040455118110236
20
0.1930766929133858
11
0.5040485039370078
21
0.1930341732283465
0
LINE
8
BLACK
6
CONTINUOUS
10
0.5040485039370078
20
0.1930341732283465
11
0.5040788976377952
21
0.1929491732283465
0
LINE
8
BLACK
6
CONTINUOUS
10
0.5040788976377952
20
0.1929491732283465
11
0.5068910236220472
21
0.1817005905511811
0
LINE
8
BLACK
6
CONTINUOUS
10
0.5068910236220472
20
0.1817005905511811
11
0.5069205118110236
21
0.1815009448818898
0
LINE
8
BLACK
6
CONTINUOUS
10
0.5069205118110236
20
0.1815009448818898
11
0.5069538976377953
21
0.1814204330708661
0
LINE
8
BLACK
6
CONTINUOUS
10
0.5069538976377953
20
0.1814204330708661
11
0.5069966141732284
21
0.1809864960629921
0
LINE
8
BLACK
6
CONTINUOUS
10
0.5069966141732284
20
0.1809864960629921
11
0.5070603937007874
21
0.1805553543307087
0
LINE
8
BLACK
6
CONTINUOUS
10
0.5070603937007874
20
0.1805553543307087
11
0.5070475590551181
21
0.1804692519685039
0
LINE
8
BLACK
6
CONTINUOUS
10
0.5070475590551181
20
0.1804692519685039
11
0.5070673622047244
21
0.1802683070866142
0
LINE
8
BLACK
6
CONTINUOUS
10
0.5070673622047244
20
0.1802683070866142
11
0.5070673622047244
21
0.1718318503937008
0
LINE
8
BLACK
6
CONTINUOUS
10
0.5070673622047244
20
0.1718318503937008
11
0.5070475590551181
21
0.1716309448818898
0
LINE
8
BLACK
6
CONTINUOUS
10
0.5070475590551181
20
0.1716309448818898
11
0.5070603937007874
21
0.1715448031496063
0
LINE
8
BLACK
6
CONTINUOUS
10
0.5070603937007874
20
0.1715448031496063
11
0.5069966141732284
21
0.1711137007874016
0
LINE
8
BLACK
6
CONTINUOUS
10
0.5069966141732284
20
0.1711137007874016
11
0.5069538976377953
21
0.1706797244094488
0
LINE
8
BLACK
6
CONTINUOUS
10
0.5069538976377953
20
0.1706797244094488
11
0.5069205118110236
21
0.1705992519685039
0
LINE
8
BLACK
6
CONTINUOUS
10
0.5069205118110236
20
0.1705992519685039
11
0.5068910236220472
21
0.1703995669291339
0
LINE
8
BLACK
6
CONTINUOUS
10
0.5068910236220472
20
0.1703995669291339
11
0.5040788976377952
21
0.1591509842519685
0
LINE
8
BLACK
6
CONTINUOUS
10
0.5040788976377952
20
0.1591509842519685
11
0.5040485039370078
21
0.1590660236220472
0
LINE
8
BLACK
6
CONTINUOUS
10
0.5040485039370078
20
0.1590660236220472
11
0.5040455118110236
21
0.1590234645669291
0
LINE
8
BLACK
6
CONTINUOUS
10
0.5040455118110236
20
0.1590234645669291
11
0.5038620078740157
21
0.158543937007874
0
LINE
8
BLACK
6
CONTINUOUS
10
0.5038620078740157
20
0.158543937007874
11
0.5036894094488189
21
0.1580607874015748
0
LINE
8
BLACK
6
CONTINUOUS
10
0.5036894094488189
20
0.1580607874015748
11
0.5036640157480314
21
0.1580265748031496
0
LINE
8
BLACK
6
CONTINUOUS
10
0.5036640157480314
20
0.1580265748031496
11
0.5036317716535433
21
0.1579422047244095
0
LINE
8
BLACK
6
CONTINUOUS
10
0.5036317716535433
20
0.1579422047244095
11
0.5008196062992126
21
0.1523179527559055
0
LINE
8
BLACK
6
CONTINUOUS
10
0.5008196062992126
20
0.1523179527559055
11
0.5005074803149606
21
0.1518221653543307
0
LINE
8
BLACK
6
CONTINUOUS
10
0.5005074803149606
20
0.1518221653543307
11
0.5004478346456693
21
0.1516780708661417
0
LINE
8
BLACK
6
CONTINUOUS
10
0.5004478346456693
20
0.1516780708661417
11
0.50031468503937
21
0.151515905511811
0
LINE
8
BLACK
6
CONTINUOUS
10
0.50031468503937
20
0.151515905511811
11
0.500202874015748
21
0.151338188976378
0
LINE
8
BLACK
6
CONTINUOUS
10
0.500202874015748
20
0.151338188976378
11
0.5000849606299212
21
0.1512359842519685
0
LINE
8
BLACK
6
CONTINUOUS
10
0.5000849606299212
20
0.1512359842519685
11
0.4997133858267717
21
0.1507831496062992
0
LINE
8
BLACK
6
CONTINUOUS
10
0.4997133858267717
20
0.1507831496062992
11
0.4940890944881889
21
0.1451588188976378
0
LINE
8
BLACK
6
CONTINUOUS
10
0.4940890944881889
20
0.1451588188976378
11
0.4931942125984252
21
0.1444243700787401
0
LINE
8
BLACK
6
CONTINUOUS
10
0.4931942125984252
20
0.1444243700787401
11
0.4929981496062992
21
0.144343188976378
0
LINE
8
BLACK
6
CONTINUOUS
10
0.4929981496062992
20
0.144343188976378
11
0.492837874015748
21
0.1442041338582677
0
LINE
8
BLACK
6
CONTINUOUS
10
0.492837874015748
20
0.1442041338582677
11
0.4917807480314961
21
0.1437321653543307
0
LINE
8
BLACK
6
CONTINUOUS
10
0.4917807480314961
20
0.1437321653543307
11
0.4833442913385826
21
0.1409200393700787
0
LINE
8
BLACK
6
CONTINUOUS
10
0.4833442913385826
20
0.1409200393700787
11
0.4827729133858268
21
0.140790157480315
0
LINE
8
BLACK
6
CONTINUOUS
10
0.4827729133858268
20
0.140790157480315
11
0.482628937007874
21
0.1407304724409449
0
LINE
8
BLACK
6
CONTINUOUS
10
0.482628937007874
20
0.1407304724409449
11
0.482420157480315
21
0.1407099212598425
0
LINE
8
BLACK
6
CONTINUOUS
10
0.482420157480315
20
0.1407099212598425
11
0.4822153937007874
21
0.1406633464566929
0
LINE
8
BLACK
6
CONTINUOUS
10
0.4822153937007874
20
0.1406633464566929
11
0.4820596850393701
21
0.1406744488188976
0
LINE
8
BLACK
6
CONTINUOUS
10
0.4820596850393701
20
0.1406744488188976
11
0.4814768110236221
21
0.1406170078740157
0
LINE
8
BLACK
6
CONTINUOUS
10
0.4814768110236221
20
0.1406170078740157
11
0.467416062992126
21
0.1406170078740157
0
LINE
8
BLACK
6
CONTINUOUS
10
0.467416062992126
20
0.1406170078740157
11
0.466263937007874
21
0.1407304724409449
0
LINE
8
BLACK
6
CONTINUOUS
10
0.466263937007874
20
0.1407304724409449
11
0.4641351181102362
21
0.1416122834645669
0
LINE
8
BLACK
6
CONTINUOUS
10
0.4641351181102362
20
0.1416122834645669
11
0.4625058267716535
21
0.1432415748031496
0
LINE
8
BLACK
6
CONTINUOUS
10
0.4625058267716535
20
0.1432415748031496
11
0.4616240157480315
21
0.1453703937007874
0
LINE
8
BLACK
6
CONTINUOUS
10
0.4616240157480315
20
0.1453703937007874
11
0.4615105511811023
21
0.1465225196850394
0
LINE
8
BLACK
6
CONTINUOUS
10
0.4615105511811023
20
0.1465225196850394
11
0.4615105511811023
21
0.2055776377952756
0
LINE
8
BLACK
6
CONTINUOUS
10
0.4615105511811023
20
0.2055776377952756
11
0.4616240157480315
21
0.2067297637795276
0
LINE
8
BLACK
6
CONTINUOUS
10
0.4616240157480315
20
0.2067297637795276
11
0.4625058267716535
21
0.2088585826771653
0
LINE
8
BLACK
6
CONTINUOUS
10
0.4625058267716535
20
0.2088585826771653
11
0.4641351181102362
21
0.210487874015748
0
LINE
8
BLACK
6
CONTINUOUS
10
0.4641351181102362
20
0.210487874015748
11
0.466263937007874
21
0.2113696850393701
0
LINE
8
BLACK
6
CONTINUOUS
10
0.466263937007874
20
0.2113696850393701
11
0.467416062992126
21
0.2114831496062992
0
LINE
8
BLACK
6
CONTINUOUS
10
0.467416062992126
20
0.2114831496062992
11
0.4814768110236221
21
0.2114831496062992
0
LINE
8
BLACK
6
CONTINUOUS
10
0.4814768110236221
20
0.2114831496062992
11
0.4820599212598425
21
0.2114257480314961
0
LINE
8
BLACK
6
CONTINUOUS
10
0.4733215748031496
20
0.152428031496063
11
0.4805184251968504
21
0.152428031496063
0
LINE
8
BLACK
6
CONTINUOUS
10
0.4805184251968504
20
0.152428031496063
11
0.4867232283464567
21
0.1544962992125984
0
LINE
8
BLACK
6
CONTINUOUS
10
0.4867232283464567
20
0.1544962992125984
11
0.4906840944881889
21
0.1584571653543307
0
LINE
8
BLACK
6
CONTINUOUS
10
0.4906840944881889
20
0.1584571653543307
11
0.4927777559055118
21
0.1626445669291338
0
LINE
8
BLACK
6
CONTINUOUS
10
0.4927777559055118
20
0.1626445669291338
11
0.4952563385826771
21
0.172558779527559
0
LINE
8
BLACK
6
CONTINUOUS
10
0.4952563385826771
20
0.172558779527559
11
0.4952563385826771
21
0.1795414173228346
0
LINE
8
BLACK
6
CONTINUOUS
10
0.4952563385826771
20
0.1795414173228346
11
0.4927777559055118
21
0.1894556299212598
0
LINE
8
BLACK
6
CONTINUOUS
10
0.4927777559055118
20
0.1894556299212598
11
0.4906840944881889
21
0.1936429921259842
0
LINE
8
BLACK
6
CONTINUOUS
10
0.4906840944881889
20
0.1936429921259842
11
0.486723188976378
21
0.1976038976377953
0
LINE
8
BLACK
6
CONTINUOUS
10
0.486723188976378
20
0.1976038976377953
11
0.4805185433070866
21
0.199672125984252
0
LINE
8
BLACK
6
CONTINUOUS
10
0.4805185433070866
20
0.199672125984252
11
0.4733215748031496
21
0.199672125984252
0
LINE
8
BLACK
6
CONTINUOUS
10
0.4733215748031496
20
0.199672125984252
11
0.4733215748031496
21
0.152428031496063
0
LINE
8
BLACK
6
CONTINUOUS
10
0.544496220472441
20
0.2113696850393701
11
0.5446922834645669
21
0.2112884645669291
0
LINE
8
BLACK
6
CONTINUOUS
10
0.5446922834645669
20
0.2112884645669291
11
0.5449038976377952
21
0.2112734251968504
0
LINE
8
BLACK
6
CONTINUOUS
10
0.5449038976377952
20
0.2112734251968504
11
0.5459851181102362
21
0.2108596850393701
0
LINE
8
BLACK
6
CONTINUOUS
10
0.5459851181102362
20
0.2108596850393701
11
0.5516094094488189
21
0.2080475196850394
0
LINE
8
BLACK
6
CONTINUOUS
10
0.5516094094488189
20
0.2080475196850394
11
0.5521052755905511
21
0.2077353937007874
0
LINE
8
BLACK
6
CONTINUOUS
10
0.5521052755905511
20
0.2077353937007874
11
0.5522492519685039
21
0.207675748031496
0
LINE
8
BLACK
6
CONTINUOUS
10
0.5522492519685039
20
0.207675748031496
11
0.5524113385826771
21
0.2075427165354331
0
LINE
8
BLACK
6
CONTINUOUS
10
0.5524113385826771
20
0.2075427165354331
11
0.5525891732283464
21
0.2074307874015748
0
LINE
8
BLACK
6
CONTINUOUS
10
0.5525891732283464
20
0.2074307874015748
11
0.5526914173228347
21
0.2073129133858268
0
LINE
8
BLACK
6
CONTINUOUS
10
0.5526914173228347
20
0.2073129133858268
11
0.5531441732283464
21
0.2069413385826772
0
LINE
8
BLACK
6
CONTINUOUS
10
0.5531441732283464
20
0.2069413385826772
11
0.5559563385826771
21
0.2041292125984252
0
LINE
8
BLACK
6
CONTINUOUS
10
0.5559563385826771
20
0.2041292125984252
11
0.5563280708661417
21
0.2036762598425197
0
LINE
8
BLACK
6
CONTINUOUS
10
0.5563280708661417
20
0.2036762598425197
11
0.5564458661417323
21
0.203574094488189
0
LINE
8
BLACK
6
CONTINUOUS
10
0.5564458661417323
20
0.203574094488189
11
0.5565576377952756
21
0.2033965354330709
0
LINE
8
BLACK
6
CONTINUOUS
10
0.5565576377952756
20
0.2033965354330709
11
0.5566907874015747
21
0.2032342913385827
0
LINE
8
BLACK
6
CONTINUOUS
10
0.5566907874015747
20
0.2032342913385827
11
0.5567504330708661
21
0.2030902362204724
0
LINE
8
BLACK
6
CONTINUOUS
10
0.5567504330708661
20
0.2030902362204724
11
0.5570625984251968
21
0.2025943700787401
0
LINE
8
BLACK
6
CONTINUOUS
10
0.5570625984251968
20
0.2025943700787401
11
0.5598747244094489
21
0.1969700393700787
0
LINE
8
BLACK
6
CONTINUOUS
10
0.5598747244094489
20
0.1969700393700787
11
0.5599068897637796
21
0.1968859448818898
0
LINE
8
BLACK
6
CONTINUOUS
10
0.5599068897637796
20
0.1968859448818898
11
0.5599323622047244
21
0.1968515748031496
0
LINE
8
BLACK
6
CONTINUOUS
10
0.5599323622047244
20
0.1968515748031496
11
0.5601050393700787
21
0.1963681496062992
0
LINE
8
BLACK
6
CONTINUOUS
10
0.5601050393700787
20
0.1963681496062992
11
0.5602885039370079
21
0.1958888188976378
0
LINE
8
BLACK
6
CONTINUOUS
10
0.5602885039370079
20
0.1958888188976378
11
0.5602914960629921
21
0.1958462204724409
0
LINE
8
BLACK
6
CONTINUOUS
10
0.5602914960629921
20
0.1958462204724409
11
0.5603218503937007
21
0.1957613385826772
0
LINE
8
BLACK
6
CONTINUOUS
10
0.5603218503937007
20
0.1957613385826772
11
0.5631340157480315
21
0.1845127559055118
0
LINE
8
BLACK
6
CONTINUOUS
10
0.5631340157480315
20
0.1845127559055118
11
0.5631635433070866
21
0.1843130708661417
0
LINE
8
BLACK
6
CONTINUOUS
10
0.5631635433070866
20
0.1843130708661417
11
0.5631968897637795
21
0.1842325590551181
0
LINE
8
BLACK
6
CONTINUOUS
10
0.5631968897637795
20
0.1842325590551181
11
0.5632396062992125
21
0.1837987401574803
0
LINE
8
BLACK
6
CONTINUOUS
10
0.5632396062992125
20
0.1837987401574803
11
0.5633033858267716
21
0.1833675196850394
0
LINE
8
BLACK
6
CONTINUOUS
10
0.5633033858267716
20
0.1833675196850394
11
0.5632905511811024
21
0.1832813779527559
0
LINE
8
BLACK
6
CONTINUOUS
10
0.5632905511811024
20
0.1832813779527559
11
0.5633103543307086
21
0.1830804330708661
0
LINE
8
BLACK
6
CONTINUOUS
10
0.5633103543307086
20
0.1830804330708661
11
0.5633103543307086
21
0.1690196850393701
0
LINE
8
BLACK
6
CONTINUOUS
10
0.5633103543307086
20
0.1690196850393701
11
0.5632905511811024
21
0.1688187795275591
0
LINE
8
BLACK
6
CONTINUOUS
10
0.5632905511811024
20
0.1688187795275591
11
0.5633033858267716
21
0.1687325984251968
0
LINE
8
BLACK
6
CONTINUOUS
10
0.5633033858267716
20
0.1687325984251968
11
0.5632396062992125
21
0.1683014173228346
0
LINE
8
BLACK
6
CONTINUOUS
10
0.5632396062992125
20
0.1683014173228346
11
0.5631968897637795
21
0.1678675590551181
0
LINE
8
BLACK
6
CONTINUOUS
10
0.5631968897637795
20
0.1678675590551181
11
0.5631635433070866
21
0.1677870866141732
0
LINE
8
BLACK
6
CONTINUOUS
10
0.5631635433070866
20
0.1677870866141732
11
0.5631340157480315
21
0.1675873622047244
0
LINE
8
BLACK
6
CONTINUOUS
10
0.5631340157480315
20
0.1675873622047244
11
0.5603218503937007
21
0.1563387795275591
0
LINE
8
BLACK
6
CONTINUOUS
10
0.5603218503937007
20
0.1563387795275591
11
0.5602914960629921
21
0.156253937007874
0
LINE
8
BLACK
6
CONTINUOUS
10
0.5602914960629921
20
0.156253937007874
11
0.5602885039370079
21
0.1562113385826772
0
LINE
8
BLACK
6
CONTINUOUS
10
0.5602885039370079
20
0.1562113385826772
11
0.560105157480315
21
0.1557323228346457
0
LINE
8
BLACK
6
CONTINUOUS
10
0.560105157480315
20
0.1557323228346457
11
0.5599323622047244
21
0.1552485826771653
0
LINE
8
BLACK
6
CONTINUOUS
10
0.5599323622047244
20
0.1552485826771653
11
0.5599068897637796
21
0.1552142519685039
0
LINE
8
BLACK
6
CONTINUOUS
10
0.5599068897637796
20
0.1552142519685039
11
0.5598747244094489
21
0.1551301181102362
0
LINE
8
BLACK
6
CONTINUOUS
10
0.5598747244094489
20
0.1551301181102362
11
0.5570625984251968
21
0.1495057874015748
0
LINE
8
BLACK
6
CONTINUOUS
10
0.5570625984251968
20
0.1495057874015748
11
0.5567505118110236
21
0.1490100787401575
0
LINE
8
BLACK
6
CONTINUOUS
10
0.5567505118110236
20
0.1490100787401575
11
0.5566908267716535
21
0.148865905511811
0
LINE
8
BLACK
6
CONTINUOUS
10
0.5566908267716535
20
0.148865905511811
11
0.5565575984251968
21
0.1487036220472441
0
LINE
8
BLACK
6
CONTINUOUS
10
0.5565575984251968
20
0.1487036220472441
11
0.5564458661417323
21
0.148526062992126
0
LINE
8
BLACK
6
CONTINUOUS
10
0.5564458661417323
20
0.148526062992126
11
0.5563280708661417
21
0.148423937007874
0
LINE
8
BLACK
6
CONTINUOUS
10
0.5563280708661417
20
0.148423937007874
11
0.5559563779527559
21
0.1479709842519685
0
LINE
8
BLACK
6
CONTINUOUS
10
0.5559563779527559
20
0.1479709842519685
11
0.5531442125984252
21
0.1451588188976378
0
LINE
8
BLACK
6
CONTINUOUS
10
0.5531442125984252
20
0.1451588188976378
11
0.5526913779527559
21
0.1447872047244095
0
LINE
8
BLACK
6
CONTINUOUS
10
0.5526913779527559
20
0.1447872047244095
11
0.5525891732283464
21
0.1446693307086614
0
LINE
8
BLACK
6
CONTINUOUS
10
0.5525891732283464
20
0.1446693307086614
11
0.5524114566929134
21
0.1445575196850394
0
LINE
8
BLACK
6
CONTINUOUS
10
0.5524114566929134
20
0.1445575196850394
11
0.5522492913385827
21
0.1444243700787401
0
LINE
8
BLACK
6
CONTINUOUS
10
0.5522492913385827
20
0.1444243700787401
11
0.5521051968503937
21
0.1443647244094488
0
LINE
8
BLACK
6
CONTINUOUS
10
0.5521051968503937
20
0.1443647244094488
11
0.5516094094488189
21
0.1440525984251969
0
LINE
8
BLACK
6
CONTINUOUS
10
0.5516094094488189
20
0.1440525984251969
11
0.5459851181102362
21
0.1412404724409449
0
LINE
8
BLACK
6
CONTINUOUS
10
0.5459851181102362
20
0.1412404724409449
11
0.5449038582677165
21
0.1408266929133858
0
LINE
8
BLACK
6
CONTINUOUS
10
0.5449038582677165
20
0.1408266929133858
11
0.5446922047244095
21
0.1408116929133858
0
LINE
8
BLACK
6
CONTINUOUS
10
0.5446922047244095
20
0.1408116929133858
11
0.544496220472441
21
0.1407304724409449
0
LINE
8
BLACK
6
CONTINUOUS
10
0.544496220472441
20
0.1407304724409449
11
0.543344094488189
21
0.1406170078740157
0
LINE
8
BLACK
6
CONTINUOUS
10
0.543344094488189
20
0.1406170078740157
11
0.5377198031496063
21
0.1406170078740157
0
LINE
8
BLACK
6
CONTINUOUS
10
0.5377198031496063
20
0.1406170078740157
11
0.5365676771653544
21
0.1407304724409449
0
LINE
8
BLACK
6
CONTINUOUS
10
0.5365676771653544
20
0.1407304724409449
11
0.5363716535433071
21
0.1408116929133858
0
LINE
8
BLACK
6
CONTINUOUS
10
0.5363716535433071
20
0.1408116929133858
11
0.5361600393700787
21
0.1408266929133858
0
LINE
8
BLACK
6
CONTINUOUS
10
0.5361600393700787
20
0.1408266929133858
11
0.5350788188976378
21
0.1412404724409449
0
LINE
8
BLACK
6
CONTINUOUS
10
0.5350788188976378
20
0.1412404724409449
11
0.5294544881889763
21
0.1440525984251969
0
LINE
8
BLACK
6
CONTINUOUS
10
0.5294544881889763
20
0.1440525984251969
11
0.5289587401574803
21
0.1443646850393701
0
LINE
8
BLACK
6
CONTINUOUS
10
0.5289587401574803
20
0.1443646850393701
11
0.5288146062992126
21
0.1444243700787401
0
LINE
8
BLACK
6
CONTINUOUS
10
0.5288146062992126
20
0.1444243700787401
11
0.5286522834645669
21
0.1445575984251969
0
LINE
8
BLACK
6
CONTINUOUS
10
0.5286522834645669
20
0.1445575984251969
11
0.5284747637795275
21
0.1446693307086614
0
LINE
8
BLACK
6
CONTINUOUS
10
0.5284747637795275
20
0.1446693307086614
11
0.5283725984251968
21
0.144787125984252
0
LINE
8
BLACK
6
CONTINUOUS
10
0.5283725984251968
20
0.144787125984252
11
0.52791968503937
21
0.1451588188976378
0
LINE
8
BLACK
6
CONTINUOUS
10
0.52791968503937
20
0.1451588188976378
11
0.5251075196850393
21
0.1479709842519685
0
LINE
8
BLACK
6
CONTINUOUS
10
0.5251075196850393
20
0.1479709842519685
11
0.5247358661417323
21
0.1484238188976378
0
LINE
8
BLACK
6
CONTINUOUS
10
0.5247358661417323
20
0.1484238188976378
11
0.524618031496063
21
0.1485260236220473
0
LINE
8
BLACK
6
CONTINUOUS
10
0.524618031496063
20
0.1485260236220473
11
0.5245061811023622
21
0.1487037401574803
0
LINE
8
BLACK
6
CONTINUOUS
10
0.5245061811023622
20
0.1487037401574803
11
0.5243730708661417
21
0.148865905511811
0
LINE
8
BLACK
6
CONTINUOUS
10
0.5243730708661417
20
0.148865905511811
11
0.5243133858267717
21
0.14901
0
LINE
8
BLACK
6
CONTINUOUS
10
0.5243133858267717
20
0.14901
11
0.5240012992125984
21
0.1495057874015748
0
LINE
8
BLACK
6
CONTINUOUS
10
0.5240012992125984
20
0.1495057874015748
11
0.5211891338582677
21
0.1551300787401575
0
LINE
8
BLACK
6
CONTINUOUS
10
0.5211891338582677
20
0.1551300787401575
11
0.5211568503937007
21
0.1552143700787401
0
LINE
8
BLACK
6
CONTINUOUS
10
0.5211568503937007
20
0.1552143700787401
11
0.5211314960629921
21
0.1552486220472441
0
LINE
8
BLACK
6
CONTINUOUS
10
0.5211314960629921
20
0.1552486220472441
11
0.5209587795275591
21
0.1557320078740158
0
LINE
8
BLACK
6
CONTINUOUS
10
0.5209587795275591
20
0.1557320078740158
11
0.5207753937007874
21
0.1562112992125984
0
LINE
8
BLACK
6
CONTINUOUS
10
0.5207753937007874
20
0.1562112992125984
11
0.5207723622047244
21
0.1562538582677165
0
LINE
8
BLACK
6
CONTINUOUS
10
0.5207723622047244
20
0.1562538582677165
11
0.5207420078740157
21
0.1563388188976378
0
LINE
8
BLACK
6
CONTINUOUS
10
0.5207420078740157
20
0.1563388188976378
11
0.5179298818897637
21
0.1675874015748031
0
LINE
8
BLACK
6
CONTINUOUS
10
0.5179298818897637
20
0.1675874015748031
11
0.5179003543307087
21
0.1677870866141732
0
LINE
8
BLACK
6
CONTINUOUS
10
0.5179003543307087
20
0.1677870866141732
11
0.5178670078740157
21
0.1678675590551181
0
LINE
8
BLACK
6
CONTINUOUS
10
0.5178670078740157
20
0.1678675590551181
11
0.5178242519685039
21
0.1683015354330709
0
LINE
8
BLACK
6
CONTINUOUS
10
0.5178242519685039
20
0.1683015354330709
11
0.5177605118110236
21
0.1687326377952756
0
LINE
8
BLACK
6
CONTINUOUS
10
0.5177605118110236
20
0.1687326377952756
11
0.5177733070866142
21
0.1688187795275591
0
LINE
8
BLACK
6
CONTINUOUS
10
0.5177733070866142
20
0.1688187795275591
11
0.5177535433070866
21
0.1690196850393701
0
LINE
8
BLACK
6
CONTINUOUS
10
0.5177535433070866
20
0.1690196850393701
11
0.5177535433070866
21
0.1830804330708661
0
LINE
8
BLACK
6
CONTINUOUS
10
0.5177535433070866
20
0.1830804330708661
11
0.5177733070866142
21
0.1832813779527559
0
LINE
8
BLACK
6
CONTINUOUS
10
0.5177733070866142
20
0.1832813779527559
11
0.5177605118110236
21
0.1833674803149606
0
LINE
8
BLACK
6
CONTINUOUS
10
0.5177605118110236
20
0.1833674803149606
11
0.5178242519685039
21
0.1837986220472441
0
LINE
8
BLACK
6
CONTINUOUS
10
0.5178242519685039
20
0.1837986220472441
11
0.5178670078740157
21
0.1842325590551181
0
LINE
8
BLACK
6
CONTINUOUS
10
0.5178670078740157
20
0.1842325590551181
11
0.5179003543307087
21
0.1843130708661417
0
LINE
8
BLACK
6
CONTINUOUS
10
0.5179003543307087
20
0.1843130708661417
11
0.5179298818897637
21
0.1845127165354331
0
LINE
8
BLACK
6
CONTINUOUS
10
0.5179298818897637
20
0.1845127165354331
11
0.5207420078740157
21
0.1957613385826772
0
LINE
8
BLACK
6
CONTINUOUS
10
0.5207420078740157
20
0.1957613385826772
11
0.5207723622047244
21
0.1958463385826772
0
LINE
8
BLACK
6
CONTINUOUS
10
0.5207723622047244
20
0.1958463385826772
11
0.5207753937007874
21
0.1958888582677165
0
LINE
8
BLACK
6
CONTINUOUS
10
0.5207753937007874
20
0.1958888582677165
11
0.5209587795275591
21
0.1963681889763779
0
LINE
8
BLACK
6
CONTINUOUS
10
0.5209587795275591
20
0.1963681889763779
11
0.5211314960629921
21
0.1968515354330709
0
LINE
8
BLACK
6
CONTINUOUS
10
0.5211314960629921
20
0.1968515354330709
11
0.5211568503937007
21
0.1968858267716535
0
LINE
8
BLACK
6
CONTINUOUS
10
0.5211568503937007
20
0.1968858267716535
11
0.5211891338582677
21
0.1969700787401575
0
LINE
8
BLACK
6
CONTINUOUS
10
0.5211891338582677
20
0.1969700787401575
11
0.5240012992125984
21
0.2025943700787401
0
LINE
8
BLACK
6
CONTINUOUS
10
0.5240012992125984
20
0.2025943700787401
11
0.5243134251968504
21
0.2030902755905512
0
LINE
8
BLACK
6
CONTINUOUS
10
0.5243134251968504
20
0.2030902755905512
11
0.5243731102362205
21
0.2032342913385827
0
LINE
8
BLACK
6
CONTINUOUS
10
0.5243731102362205
20
0.2032342913385827
11
0.5245061417322835
21
0.2033964173228346
0
LINE
8
BLACK
6
CONTINUOUS
10
0.5245061417322835
20
0.2033964173228346
11
0.524618031496063
21
0.2035741338582677
0
LINE
8
BLACK
6
CONTINUOUS
10
0.524618031496063
20
0.2035741338582677
11
0.524735905511811
21
0.2036763779527559
0
LINE
8
BLACK
6
CONTINUOUS
10
0.524735905511811
20
0.2036763779527559
11
0.5251075590551181
21
0.2041292125984252
0
LINE
8
BLACK
6
CONTINUOUS
10
0.5251075590551181
20
0.2041292125984252
11
0.5279197244094488
21
0.2069413385826772
0
LINE
8
BLACK
6
CONTINUOUS
10
0.5279197244094488
20
0.2069413385826772
11
0.5283724803149606
21
0.2073129527559055
0
LINE
8
BLACK
6
CONTINUOUS
10
0.5283724803149606
20
0.2073129527559055
11
0.5284747244094488
21
0.2074307874015748
0
LINE
8
BLACK
6
CONTINUOUS
10
0.5284747244094488
20
0.2074307874015748
11
0.5286523622047244
21
0.2075426377952756
0
LINE
8
BLACK
6
CONTINUOUS
10
0.5286523622047244
20
0.2075426377952756
11
0.5288146062992126
21
0.207675748031496
0
LINE
8
BLACK
6
CONTINUOUS
10
0.5288146062992126
20
0.207675748031496
11
0.5289586614173228
21
0.2077354330708661
0
LINE
8
BLACK
6
CONTINUOUS
10
0.5289586614173228
20
0.2077354330708661
11
0.5294544881889763
21
0.2080475196850394
0
LINE
8
BLACK
6
CONTINUOUS
10
0.5294544881889763
20
0.2080475196850394
11
0.5350787401574802
21
0.2108596850393701
0
LINE
8
BLACK
6
CONTINUOUS
10
0.5350787401574802
20
0.2108596850393701
11
0.53616
21
0.2112734251968504
0
LINE
8
BLACK
6
CONTINUOUS
10
0.53616
20
0.2112734251968504
11
0.5363715748031496
21
0.2112884645669291
0
LINE
8
BLACK
6
CONTINUOUS
10
0.5363715748031496
20
0.2112884645669291
11
0.5365676771653544
21
0.2113696850393701
0
LINE
8
BLACK
6
CONTINUOUS
10
0.5365676771653544
20
0.2113696850393701
11
0.5377198031496063
21
0.2114831496062992
0
LINE
8
BLACK
6
CONTINUOUS
10
0.5377198031496063
20
0.2114831496062992
11
0.543344094488189
21
0.2114831496062992
0
LINE
8
BLACK
6
CONTINUOUS
10
0.543344094488189
20
0.2114831496062992
11
0.544496220472441
21
0.2113696850393701
0
LINE
8
BLACK
6
CONTINUOUS
10
0.5355936614173228
20
0.1979120078740157
11
0.534136811023622
21
0.1964551968503937
0
LINE
8
BLACK
6
CONTINUOUS
10
0.534136811023622
20
0.1964551968503937
11
0.5320430708661417
21
0.1922677952755905
0
LINE
8
BLACK
6
CONTINUOUS
10
0.5320430708661417
20
0.1922677952755905
11
0.5295645669291339
21
0.1823535433070866
0
LINE
8
BLACK
6
CONTINUOUS
10
0.5295645669291339
20
0.1823535433070866
11
0.5295645669291339
21
0.1697466141732283
0
LINE
8
BLACK
6
CONTINUOUS
10
0.5295645669291339
20
0.1697466141732283
11
0.5320430708661417
21
0.1598324015748031
0
LINE
8
BLACK
6
CONTINUOUS
10
0.5320430708661417
20
0.1598324015748031
11
0.534136811023622
21
0.155645
0
LINE
8
BLACK
6
CONTINUOUS
10
0.534136811023622
20
0.155645
11
0.5355936614173228
21
0.1541881496062992
0
LINE
8
BLACK
6
CONTINUOUS
10
0.5355936614173228
20
0.1541881496062992
11
0.5391138976377953
21
0.152428031496063
0
LINE
8
BLACK
6
CONTINUOUS
10
0.5391138976377953
20
0.152428031496063
11
0.54195
21
0.152428031496063
0
LINE
8
BLACK
6
CONTINUOUS
10
0.54195
20
0.152428031496063
11
0.5454701574803149
21
0.1541881102362205
0
LINE
8
BLACK
6
CONTINUOUS
10
0.5454701574803149
20
0.1541881102362205
11
0.5469270472440945
21
0.155645
0
LINE
8
BLACK
6
CONTINUOUS
10
0.5469270472440945
20
0.155645
11
0.5490207086614173
21
0.1598323228346457
0
LINE
8
BLACK
6
CONTINUOUS
10
0.5490207086614173
20
0.1598323228346457
11
0.5514993307086614
21
0.1697466535433071
0
LINE
8
BLACK
6
CONTINUOUS
10
0.5514993307086614
20
0.1697466535433071
11
0.5514993307086614
21
0.1823535039370079
0
LINE
8
BLACK
6
CONTINUOUS
10
0.5514993307086614
20
0.1823535039370079
11
0.5490207086614173
21
0.1922678346456693
0
LINE
8
BLACK
6
CONTINUOUS
10
0.5490207086614173
20
0.1922678346456693
11
0.5469270866141732
21
0.1964551574803149
0
LINE
8
BLACK
6
CONTINUOUS
10
0.5469270866141732
20
0.1964551574803149
11
0.5454702362204724
21
0.1979120078740157
0
LINE
8
BLACK
6
CONTINUOUS
10
0.5454702362204724
20
0.1979120078740157
11
0.54195
21
0.199672125984252
0
LINE
8
BLACK
6
CONTINUOUS
10
0.54195
20
0.199672125984252
11
0.5391138976377953
21
0.199672125984252
0
LINE
8
BLACK
6
CONTINUOUS
10
0.5391138976377953
20
0.199672125984252
11
0.5355936614173228
21
0.1979120078740157
0
LINE
8
BLACK
6
CONTINUOUS
10
0.5973423228346456
20
0.2113696850393701
11
0.5979270078740158
21
0.2113696850393701
0
LINE
8
BLACK
6
CONTINUOUS
10
0.5979270078740158
20
0.2113696850393701
11
0.5984614173228346
21
0.2111483464566929
0
LINE
8
BLACK
6
CONTINUOUS
10
0.5984614173228346
20
0.2111483464566929
11
0.599029094488189
21
0.2110360236220472
0
LINE
8
BLACK
6
CONTINUOUS
10
0.599029094488189
20
0.2110360236220472
11
0.5995157086614173
21
0.2107116141732283
0
LINE
8
BLACK
6
CONTINUOUS
10
0.5995157086614173
20
0.2107116141732283
11
0.6000558267716535
21
0.210487874015748
0
LINE
8
BLACK
6
CONTINUOUS
10
0.6000558267716535
20
0.210487874015748
11
0.600464842519685
21
0.2100788582677165
0
LINE
8
BLACK
6
CONTINUOUS
10
0.600464842519685
20
0.2100788582677165
11
0.6009463779527559
21
0.2097578346456693
0
LINE
8
BLACK
6
CONTINUOUS
10
0.6009463779527559
20
0.2097578346456693
11
0.6012717716535433
21
0.2092719291338583
0
LINE
8
BLACK
6
CONTINUOUS
10
0.6012717716535433
20
0.2092719291338583
11
0.6016851181102362
21
0.2088585826771653
0
LINE
8
BLACK
6
CONTINUOUS
10
0.6016851181102362
20
0.2088585826771653
11
0.6019064960629921
21
0.208324094488189
0
LINE
8
BLACK
6
CONTINUOUS
10
0.6019064960629921
20
0.208324094488189
11
0.6022285039370079
21
0.2078432677165354
0
LINE
8
BLACK
6
CONTINUOUS
10
0.6022285039370079
20
0.2078432677165354
11
0.6023431496062992
21
0.2072699606299213
0
LINE
8
BLACK
6
CONTINUOUS
10
0.6023431496062992
20
0.2072699606299213
11
0.6025669291338582
21
0.2067297637795276
0
LINE
8
BLACK
6
CONTINUOUS
10
0.6025669291338582
20
0.2067297637795276
11
0.6026791732283464
21
0.2055899212598425
0
LINE
8
BLACK
6
CONTINUOUS
10
0.6026791732283464
20
0.2055899212598425
11
0.6026803937007874
21
0.2055838582677165
0
LINE
8
BLACK
6
CONTINUOUS
10
0.6026803937007874
20
0.2055838582677165
11
0.6026799606299212
21
0.2055818110236221
0
LINE
8
BLACK
6
CONTINUOUS
10
0.6026799606299212
20
0.2055818110236221
11
0.6026803937007874
21
0.2055776377952756
0
LINE
8
BLACK
6
CONTINUOUS
10
0.6026803937007874
20
0.2055776377952756
11
0.6026803937007874
21
0.152428031496063
0
LINE
8
BLACK
6
CONTINUOUS
10
0.6026803937007874
20
0.152428031496063
11
0.6136477952755905
21
0.152428031496063
0
LINE
8
BLACK
6
CONTINUOUS
10
0.6136477952755905
20
0.152428031496063
11
0.6147999212598425
21
0.1523145669291339
0
LINE
8
BLACK
6
CONTINUOUS
10
0.6147999212598425
20
0.1523145669291339
11
0.6169287401574803
21
0.1514327559055118
0
LINE
8
BLACK
6
CONTINUOUS
10
0.6169287401574803
20
0.1514327559055118
11
0.618558031496063
21
0.1498034645669291
0
LINE
8
BLACK
6
CONTINUOUS
10
0.618558031496063
20
0.1498034645669291
11
0.619439842519685
21
0.1476746456692913
0
LINE
8
BLACK
6
CONTINUOUS
10
0.619439842519685
20
0.1476746456692913
11
0.619439842519685
21
0.1453703937007874
0
LINE
8
BLACK
6
CONTINUOUS
10
0.619439842519685
20
0.1453703937007874
11
0.618558031496063
21
0.1432415748031496
0
LINE
8
BLACK
6
CONTINUOUS
10
0.618558031496063
20
0.1432415748031496
11
0.6169287401574803
21
0.1416122834645669
0
LINE
8
BLACK
6
CONTINUOUS
10
0.6169287401574803
20
0.1416122834645669
11
0.6147999212598425
21
0.1407304724409449
0
LINE
8
BLACK
6
CONTINUOUS
10
0.6147999212598425
20
0.1407304724409449
11
0.6136477952755905
21
0.1406170078740157
0
LINE
8
BLACK
6
CONTINUOUS
10
0.6136477952755905
20
0.1406170078740157
11
0.5799020078740157
21
0.1406170078740157
0
LINE
8
BLACK
6
CONTINUOUS
10
0.5799020078740157
20
0.1406170078740157
11
0.5787498818897637
21
0.1407304724409449
0
LINE
8
BLACK
6
CONTINUOUS
10
0.5787498818897637
20
0.1407304724409449
11
0.576621062992126
21
0.1416122834645669
0
LINE
8
BLACK
6
CONTINUOUS
10
0.576621062992126
20
0.1416122834645669
11
0.5749917716535433
21
0.1432415748031496
0
LINE
8
BLACK
6
CONTINUOUS
10
0.5749917716535433
20
0.1432415748031496
11
0.5741099606299213
21
0.1453703937007874
0
LINE
8
BLACK
6
CONTINUOUS
10
0.5741099606299213
20
0.1453703937007874
11
0.5741099606299213
21
0.1476746456692913
0
LINE
8
BLACK
6
CONTINUOUS
10
0.5741099606299213
20
0.1476746456692913
11
0.5749917716535433
21
0.1498034645669291
0
LINE
8
BLACK
6
CONTINUOUS
10
0.5749917716535433
20
0.1498034645669291
11
0.576621062992126
21
0.1514327559055118
0
LINE
8
BLACK
6
CONTINUOUS
10
0.576621062992126
20
0.1514327559055118
11
0.5787498818897637
21
0.1523145669291339
0
LINE
8
BLACK
6
CONTINUOUS
10
0.5787498818897637
20
0.1523145669291339
11
0.5799020078740157
21
0.152428031496063
0
LINE
8
BLACK
6
CONTINUOUS
10
0.5799020078740157
20
0.152428031496063
11
0.5908693700787402
21
0.152428031496063
0
LINE
8
BLACK
6
CONTINUOUS
10
0.5908693700787402
20
0.152428031496063
11
0.5908693700787402
21
0.1885083070866142
0
LINE
8
BLACK
6
CONTINUOUS
10
0.5908693700787402
20
0.1885083070866142
11
0.589702125984252
21
0.187341062992126
0
LINE
8
BLACK
6
CONTINUOUS
10
0.589702125984252
20
0.187341062992126
11
0.5892492913385826
21
0.1869694488188976
0
LINE
8
BLACK
6
CONTINUOUS
10
0.5892492913385826
20
0.1869694488188976
11
0.5891470866141733
21
0.1868515748031496
0
LINE
8
BLACK
6
CONTINUOUS
10
0.5891470866141733
20
0.1868515748031496
11
0.5889693700787402
21
0.1867397637795276
0
LINE
8
BLACK
6
CONTINUOUS
10
0.5889693700787402
20
0.1867397637795276
11
0.5888072047244094
21
0.1866066141732284
0
LINE
8
BLACK
6
CONTINUOUS
10
0.5888072047244094
20
0.1866066141732284
11
0.5886631102362204
21
0.186546968503937
0
LINE
8
BLACK
6
CONTINUOUS
10
0.5886631102362204
20
0.186546968503937
11
0.5881673228346457
21
0.186234842519685
0
LINE
8
BLACK
6
CONTINUOUS
10
0.5881673228346457
20
0.186234842519685
11
0.582543031496063
21
0.1834226771653543
0
LINE
8
BLACK
6
CONTINUOUS
10
0.582543031496063
20
0.1834226771653543
11
0.581461811023622
21
0.183008937007874
0
LINE
8
BLACK
6
CONTINUOUS
10
0.581461811023622
20
0.183008937007874
11
0.5791633858267716
21
0.1828455905511811
0
LINE
8
BLACK
6
CONTINUOUS
10
0.5791633858267716
20
0.1828455905511811
11
0.5769774409448819
21
0.1835742125984252
0
LINE
8
BLACK
6
CONTINUOUS
10
0.5769774409448819
20
0.1835742125984252
11
0.5752366929133859
21
0.185083937007874
0
LINE
8
BLACK
6
CONTINUOUS
10
0.5752366929133859
20
0.185083937007874
11
0.574206220472441
21
0.1871449212598425
0
LINE
8
BLACK
6
CONTINUOUS
10
0.574206220472441
20
0.1871449212598425
11
0.5740428740157481
21
0.1894433464566929
0
LINE
8
BLACK
6
CONTINUOUS
10
0.5740428740157481
20
0.1894433464566929
11
0.5747714960629922
21
0.1916292913385827
0
LINE
8
BLACK
6
CONTINUOUS
10
0.5747714960629922
20
0.1916292913385827
11
0.5762812204724409
21
0.1933700393700787
0
LINE
8
BLACK
6
CONTINUOUS
10
0.5762812204724409
20
0.1933700393700787
11
0.5772609842519685
21
0.1939867716535433
0
LINE
8
BLACK
6
CONTINUOUS
10
0.5772609842519685
20
0.1939867716535433
11
0.5820281102362205
21
0.1963703937007874
0
LINE
8
BLACK
6
CONTINUOUS
10
0.5820281102362205
20
0.1963703937007874
11
0.586561220472441
21
0.2009035039370079
0
LINE
8
BLACK
6
CONTINUOUS
10
0.586561220472441
20
0.2009035039370079
11
0.5918612204724409
21
0.2088534251968504
0
LINE
8
BLACK
6
CONTINUOUS
10
0.5918612204724409
20
0.2088534251968504
11
0.5918638188976377
21
0.2088566141732283
0
LINE
8
BLACK
6
CONTINUOUS
10
0.5918638188976377
20
0.2088566141732283
11
0.5918646456692913
21
0.2088585826771653
0
LINE
8
BLACK
6
CONTINUOUS
10
0.5918646456692913
20
0.2088585826771653
11
0.5918690157480315
21
0.2088629921259842
0
LINE
8
BLACK
6
CONTINUOUS
10
0.5918690157480315
20
0.2088629921259842
11
0.5925946850393701
21
0.2097491338582677
0
LINE
8
BLACK
6
CONTINUOUS
10
0.5925946850393701
20
0.2097491338582677
11
0.5930805905511811
21
0.2100745669291338
0
LINE
8
BLACK
6
CONTINUOUS
10
0.5930805905511811
20
0.2100745669291338
11
0.593493937007874
21
0.210487874015748
0
LINE
8
BLACK
6
CONTINUOUS
10
0.593493937007874
20
0.210487874015748
11
0.5940284251968504
21
0.2107092913385827
0
LINE
8
BLACK
6
CONTINUOUS
10
0.5940284251968504
20
0.2107092913385827
11
0.5945092519685039
21
0.2110312598425197
0
LINE
8
BLACK
6
CONTINUOUS
10
0.5945092519685039
20
0.2110312598425197
11
0.5950825196850393
21
0.2111459448818898
0
LINE
8
BLACK
6
CONTINUOUS
10
0.5950825196850393
20
0.2111459448818898
11
0.5956227559055118
21
0.2113696850393701
0
LINE
8
BLACK
6
CONTINUOUS
10
0.5956227559055118
20
0.2113696850393701
11
0.5962013779527559
21
0.2113696850393701
0
LINE
8
BLACK
6
CONTINUOUS
10
0.5962013779527559
20
0.2113696850393701
11
0.5967687007874015
21
0.2114831496062992
0
LINE
8
BLACK
6
CONTINUOUS
10
0.5967687007874015
20
0.2114831496062992
11
0.5973423228346456
21
0.2113696850393701
0
LINE
8
BLACK
6
CONTINUOUS
10
0.6597942519685039
20
0.2113696850393701
11
0.6599901968503937
21
0.2112885433070866
0
LINE
8
BLACK
6
CONTINUOUS
10
0.6599901968503937
20
0.2112885433070866
11
0.6602019291338582
21
0.2112734645669291
0
LINE
8
BLACK
6
CONTINUOUS
10
0.6602019291338582
20
0.2112734645669291
11
0.6612831496062992
21
0.2108596850393701
0
LINE
8
BLACK
6
CONTINUOUS
10
0.6612831496062992
20
0.2108596850393701
11
0.6669074803149606
21
0.2080475196850394
0
LINE
8
BLACK
6
CONTINUOUS
10
0.6669074803149606
20
0.2080475196850394
11
0.6674032677165355
21
0.2077354330708661
0
LINE
8
BLACK
6
CONTINUOUS
10
0.6674032677165355
20
0.2077354330708661
11
0.6675473622047244
21
0.207675748031496
0
LINE
8
BLACK
6
CONTINUOUS
10
0.6675473622047244
20
0.207675748031496
11
0.6677095275590551
21
0.2075426377952756
0
LINE
8
BLACK
6
CONTINUOUS
10
0.6677095275590551
20
0.2075426377952756
11
0.6678872440944882
21
0.2074307874015748
0
LINE
8
BLACK
6
CONTINUOUS
10
0.6678872440944882
20
0.2074307874015748
11
0.6679894488188977
21
0.2073129527559055
0
LINE
8
BLACK
6
CONTINUOUS
10
0.6679894488188977
20
0.2073129527559055
11
0.6684422834645669
21
0.2069412992125984
0
LINE
8
BLACK
6
CONTINUOUS
10
0.6684422834645669
20
0.2069412992125984
11
0.6712544094488189
21
0.2041291732283464
0
LINE
8
BLACK
6
CONTINUOUS
10
0.6712544094488189
20
0.2041291732283464
11
0.671626062992126
21
0.2036763385826772
0
LINE
8
BLACK
6
CONTINUOUS
10
0.671626062992126
20
0.2036763385826772
11
0.6717438976377953
21
0.2035741338582677
0
LINE
8
BLACK
6
CONTINUOUS
10
0.6717438976377953
20
0.2035741338582677
11
0.6718556299212598
21
0.2033966141732284
0
LINE
8
BLACK
6
CONTINUOUS
10
0.6718556299212598
20
0.2033966141732284
11
0.6719888582677165
21
0.2032342913385827
0
LINE
8
BLACK
6
CONTINUOUS
10
0.6719888582677165
20
0.2032342913385827
11
0.6720485433070866
21
0.2030901181102362
0
LINE
8
BLACK
6
CONTINUOUS
10
0.6720485433070866
20
0.2030901181102362
11
0.6723606299212598
21
0.2025943700787401
0
LINE
8
BLACK
6
CONTINUOUS
10
0.6723606299212598
20
0.2025943700787401
11
0.6751727952755905
21
0.1969701181102362
0
LINE
8
BLACK
6
CONTINUOUS
10
0.6751727952755905
20
0.1969701181102362
11
0.6755865354330709
21
0.1958888582677165
0
LINE
8
BLACK
6
CONTINUOUS
10
0.6755865354330709
20
0.1958888582677165
11
0.6756015354330709
21
0.1956772834645669
0
LINE
8
BLACK
6
CONTINUOUS
10
0.6756015354330709
20
0.1956772834645669
11
0.6756827952755905
21
0.1954811811023622
0
LINE
8
BLACK
6
CONTINUOUS
10
0.6756827952755905
20
0.1954811811023622
11
0.6757962598425197
21
0.1943290551181102
0
LINE
8
BLACK
6
CONTINUOUS
10
0.6757962598425197
20
0.1943290551181102
11
0.6757962598425197
21
0.1887047244094488
0
LINE
8
BLACK
6
CONTINUOUS
10
0.6757962598425197
20
0.1887047244094488
11
0.6756827952755905
21
0.1875525984251968
0
LINE
8
BLACK
6
CONTINUOUS
10
0.6756827952755905
20
0.1875525984251968
11
0.6756015354330709
21
0.1873565354330709
0
LINE
8
BLACK
6
CONTINUOUS
10
0.6756015354330709
20
0.1873565354330709
11
0.6755865354330709
21
0.1871449212598425
0
LINE
8
BLACK
6
CONTINUOUS
10
0.6755865354330709
20
0.1871449212598425
11
0.6751727952755905
21
0.1860636614173228
0
LINE
8
BLACK
6
CONTINUOUS
10
0.6751727952755905
20
0.1860636614173228
11
0.6723606299212598
21
0.1804394094488189
0
LINE
8
BLACK
6
CONTINUOUS
10
0.6723606299212598
20
0.1804394094488189
11
0.6720485433070866
21
0.1799437007874016
0
LINE
8
BLACK
6
CONTINUOUS
10
0.6720485433070866
20
0.1799437007874016
11
0.6719888582677165
21
0.1797994881889764
0
LINE
8
BLACK
6
CONTINUOUS
10
0.6719888582677165
20
0.1797994881889764
11
0.6718556299212598
21
0.1796372047244094
0
LINE
8
BLACK
6
CONTINUOUS
10
0.6718556299212598
20
0.1796372047244094
11
0.6717438976377953
21
0.1794596456692913
0
LINE
8
BLACK
6
CONTINUOUS
10
0.6717438976377953
20
0.1794596456692913
11
0.671626062992126
21
0.1793574803149606
0
LINE
8
BLACK
6
CONTINUOUS
10
0.671626062992126
20
0.1793574803149606
11
0.6712544094488189
21
0.1789046062992126
0
LINE
8
BLACK
6
CONTINUOUS
10
0.6712544094488189
20
0.1789046062992126
11
0.6712078346456692
21
0.1788580708661417
0
LINE
8
BLACK
6
CONTINUOUS
10
0.6712078346456692
20
0.1788580708661417
11
0.6712544094488189
21
0.178819842519685
0
LINE
8
BLACK
6
CONTINUOUS
10
0.6712544094488189
20
0.178819842519685
11
0.6740665748031496
21
0.1760076771653543
0
LINE
8
BLACK
6
CONTINUOUS
10
0.6740665748031496
20
0.1760076771653543
11
0.6744382677165354
21
0.1755547637795276
0
LINE
8
BLACK
6
CONTINUOUS
10
0.6744382677165354
20
0.1755547637795276
11
0.674556062992126
21
0.1754525984251968
0
LINE
8
BLACK
6
CONTINUOUS
10
0.674556062992126
20
0.1754525984251968
11
0.6746677952755905
21
0.1752750787401575
0
LINE
8
BLACK
6
CONTINUOUS
10
0.6746677952755905
20
0.1752750787401575
11
0.6748010236220472
21
0.1751127559055118
0
LINE
8
BLACK
6
CONTINUOUS
10
0.6748010236220472
20
0.1751127559055118
11
0.6748607086614173
21
0.1749686220472441
0
LINE
8
BLACK
6
CONTINUOUS
10
0.6748607086614173
20
0.1749686220472441
11
0.6751727952755905
21
0.174472874015748
0
LINE
8
BLACK
6
CONTINUOUS
10
0.6751727952755905
20
0.174472874015748
11
0.6779849212598426
21
0.1688485433070866
0
LINE
8
BLACK
6
CONTINUOUS
10
0.6779849212598426
20
0.1688485433070866
11
0.6783987007874016
21
0.1677673228346457
0
LINE
8
BLACK
6
CONTINUOUS
10
0.6783987007874016
20
0.1677673228346457
11
0.6784137007874016
21
0.1675557086614173
0
LINE
8
BLACK
6
CONTINUOUS
10
0.6784137007874016
20
0.1675557086614173
11
0.6784949212598425
21
0.1673596850393701
0
LINE
8
BLACK
6
CONTINUOUS
10
0.6784949212598425
20
0.1673596850393701
11
0.6786083858267716
21
0.1662075590551181
0
LINE
8
BLACK
6
CONTINUOUS
10
0.6786083858267716
20
0.1662075590551181
11
0.6786083858267716
21
0.1577711023622047
0
LINE
8
BLACK
6
CONTINUOUS
10
0.6786083858267716
20
0.1577711023622047
11
0.6784949212598425
21
0.1566189763779527
0
LINE
8
BLACK
6
CONTINUOUS
10
0.6784949212598425
20
0.1566189763779527
11
0.6784137007874016
21
0.1564229921259843
0
LINE
8
BLACK
6
CONTINUOUS
10
0.6784137007874016
20
0.1564229921259843
11
0.6783987007874016
21
0.1562113385826772
0
LINE
8
BLACK
6
CONTINUOUS
10
0.6783987007874016
20
0.1562113385826772
11
0.6779849212598426
21
0.1551301181102362
0
LINE
8
BLACK
6
CONTINUOUS
10
0.6779849212598426
20
0.1551301181102362
11
0.6751727952755905
21
0.1495057874015748
0
LINE
8
BLACK
6
CONTINUOUS
10
0.6751727952755905
20
0.1495057874015748
11
0.6748607086614173
21
0.1490100787401575
0
LINE
8
BLACK
6
CONTINUOUS
10
0.6748607086614173
20
0.1490100787401575
11
0.6748010236220472
21
0.148865905511811
0
LINE
8
BLACK
6
CONTINUOUS
10
0.6748010236220472
20
0.148865905511811
11
0.6746677952755905
21
0.1487036220472441
0
LINE
8
BLACK
6
CONTINUOUS
10
0.6746677952755905
20
0.1487036220472441
11
0.674556062992126
21
0.148526062992126
0
LINE
8
BLACK
6
CONTINUOUS
10
0.674556062992126
20
0.148526062992126
11
0.6744382677165354
21
0.148423937007874
0
LINE
8
BLACK
6
CONTINUOUS
10
0.6744382677165354
20
0.148423937007874
11
0.6740665748031496
21
0.1479709842519685
0
LINE
8
BLACK
6
CONTINUOUS
10
0.6740665748031496
20
0.1479709842519685
11
0.6712544094488189
21
0.1451588188976378
0
LINE
8
BLACK
6
CONTINUOUS
10
0.6712544094488189
20
0.1451588188976378
11
0.6708015748031496
21
0.1447872047244095
0
LINE
8
BLACK
6
CONTINUOUS
10
0.6708015748031496
20
0.1447872047244095
11
0.6706993700787401
21
0.1446693307086614
0
LINE
8
BLACK
6
CONTINUOUS
10
0.6706993700787401
20
0.1446693307086614
11
0.6705216535433071
21
0.1445575196850394
0
LINE
8
BLACK
6
CONTINUOUS
10
0.6705216535433071
20
0.1445575196850394
11
0.6703594881889764
21
0.1444243700787401
0
LINE
8
BLACK
6
CONTINUOUS
10
0.6703594881889764
20
0.1444243700787401
11
0.6702153937007874
21
0.1443647244094488
0
LINE
8
BLACK
6
CONTINUOUS
10
0.6702153937007874
20
0.1443647244094488
11
0.6697196062992126
21
0.1440525984251969
0
LINE
8
BLACK
6
CONTINUOUS
10
0.6697196062992126
20
0.1440525984251969
11
0.6640953149606299
21
0.1412404724409449
0
LINE
8
BLACK
6
CONTINUOUS
10
0.6640953149606299
20
0.1412404724409449
11
0.6630140551181102
21
0.1408266929133858
0
LINE
8
BLACK
6
CONTINUOUS
10
0.6630140551181102
20
0.1408266929133858
11
0.6628024015748031
21
0.1408116929133858
0
LINE
8
BLACK
6
CONTINUOUS
10
0.6628024015748031
20
0.1408116929133858
11
0.6626064173228347
21
0.1407304724409449
0
LINE
8
BLACK
6
CONTINUOUS
10
0.6626064173228347
20
0.1407304724409449
11
0.6614542913385827
21
0.1406170078740157
0
LINE
8
BLACK
6
CONTINUOUS
10
0.6614542913385827
20
0.1406170078740157
11
0.6389570866141732
21
0.1406170078740157
0
LINE
8
BLACK
6
CONTINUOUS
10
0.6389570866141732
20
0.1406170078740157
11
0.6378049606299212
21
0.1407304724409449
0
LINE
8
BLACK
6
CONTINUOUS
10
0.6378049606299212
20
0.1407304724409449
11
0.6356761417322835
21
0.1416122834645669
0
LINE
8
BLACK
6
CONTINUOUS
10
0.6356761417322835
20
0.1416122834645669
11
0.6340468503937008
21
0.1432415748031496
0
LINE
8
BLACK
6
CONTINUOUS
10
0.6340468503937008
20
0.1432415748031496
11
0.6331650393700787
21
0.1453703937007874
0
LINE
8
BLACK
6
CONTINUOUS
10
0.6331650393700787
20
0.1453703937007874
11
0.6330515748031496
21
0.1465225196850394
0
LINE
8
BLACK
6
CONTINUOUS
10
0.6330515748031496
20
0.1465225196850394
11
0.6330515748031496
21
0.2055776377952756
0
LINE
8
BLACK
6
CONTINUOUS
10
0.6330515748031496
20
0.2055776377952756
11
0.6331650393700787
21
0.2067297637795276
0
LINE
8
BLACK
6
CONTINUOUS
10
0.6331650393700787
20
0.2067297637795276
11
0.6340468503937008
21
0.2088585826771653
0
LINE
8
BLACK
6
CONTINUOUS
10
0.6340468503937008
20
0.2088585826771653
11
0.6356761417322835
21
0.210487874015748
0
LINE
8
BLACK
6
CONTINUOUS
10
0.6356761417322835
20
0.210487874015748
11
0.6378049606299212
21
0.2113696850393701
0
LINE
8
BLACK
6
CONTINUOUS
10
0.6378049606299212
20
0.2113696850393701
11
0.6389570866141732
21
0.2114831496062992
0
LINE
8
BLACK
6
CONTINUOUS
10
0.6389570866141732
20
0.2114831496062992
11
0.658642125984252
21
0.2114831496062992
0
LINE
8
BLACK
6
CONTINUOUS
10
0.658642125984252
20
0.2114831496062992
11
0.6597942519685039
21
0.2113696850393701
0
LINE
8
BLACK
6
CONTINUOUS
10
0.6448625984251969
20
0.152428031496063
11
0.6600601968503936
21
0.152428031496063
0
LINE
8
BLACK
6
CONTINUOUS
10
0.6600601968503936
20
0.152428031496063
11
0.6635803543307086
21
0.1541881102362205
0
LINE
8
BLACK
6
CONTINUOUS
10
0.6635803543307086
20
0.1541881102362205
11
0.6650372440944882
21
0.155645
0
LINE
8
BLACK
6
CONTINUOUS
10
0.6650372440944882
20
0.155645
11
0.6667973622047244
21
0.1591651968503937
0
LINE
8
BLACK
6
CONTINUOUS
10
0.6667973622047244
20
0.1591651968503937
11
0.6667973622047244
21
0.1648135039370079
0
LINE
8
BLACK
6
CONTINUOUS
10
0.6667973622047244
20
0.1648135039370079
11
0.6650372440944882
21
0.1683337007874016
0
LINE
8
BLACK
6
CONTINUOUS
10
0.6650372440944882
20
0.1683337007874016
11
0.6638885433070866
21
0.1694824015748032
0
LINE
8
BLACK
6
CONTINUOUS
10
0.6638885433070866
20
0.1694824015748032
11
0.6576837401574803
21
0.1715506299212598
0
LINE
8
BLACK
6
CONTINUOUS
10
0.6576837401574803
20
0.1715506299212598
11
0.6448625984251969
21
0.1715506299212598
0
LINE
8
BLACK
6
CONTINUOUS
10
0.6448625984251969
20
0.1715506299212598
11
0.6448625984251969
21
0.152428031496063
0
LINE
8
BLACK
6
CONTINUOUS
10
0.6448625984251969
20
0.1833616535433071
11
0.6572480314960629
21
0.1833616535433071
0
LINE
8
BLACK
6
CONTINUOUS
10
0.6572480314960629
20
0.1833616535433071
11
0.6607682677165354
21
0.1851217716535433
0
LINE
8
BLACK
6
CONTINUOUS
10
0.6607682677165354
20
0.1851217716535433
11
0.6622251181102362
21
0.1865786614173228
0
LINE
8
BLACK
6
CONTINUOUS
10
0.6622251181102362
20
0.1865786614173228
11
0.6639852362204725
21
0.1900988582677165
0
LINE
8
BLACK
6
CONTINUOUS
10
0.6639852362204725
20
0.1900988582677165
11
0.6639852362204725
21
0.1929349606299212
0
LINE
8
BLACK
6
CONTINUOUS
10
0.6639852362204725
20
0.1929349606299212
11
0.6622251181102362
21
0.1964551574803149
0
LINE
8
BLACK
6
CONTINUOUS
10
0.6622251181102362
20
0.1964551574803149
11
0.6607682677165354
21
0.1979120078740157
0
LINE
8
BLACK
6
CONTINUOUS
10
0.6607682677165354
20
0.1979120078740157
11
0.6572480314960629
21
0.199672125984252
0
LINE
8
BLACK
6
CONTINUOUS
10
0.6572480314960629
20
0.199672125984252
11
0.6448625984251969
21
0.199672125984252
0
LINE
8
BLACK
6
CONTINUOUS
10
0.6448625984251969
20
0.199672125984252
11
0.6448625984251969
21
0.1833616535433071
0
LINE
8
BLACK
6
CONTINUOUS
10
1.9478541732283463
20
0.2491725196850394
11
1.9480107086614173
21
0.2491527559055118
0
LINE
8
BLACK
6
CONTINUOUS
10
1.9480107086614173
20
0.2491527559055118
11
1.9508228740157481
21
0.2482153543307087
0
LINE
8
BLACK
6
CONTINUOUS
10
1.9508228740157481
20
0.2482153543307087
11
1.9508657086614172
21
0.2481909448818898
0
LINE
8
BLACK
6
CONTINUOUS
10
1.9508657086614172
20
0.2481909448818898
11
1.9508882677165353
21
0.2481909448818898
0
LINE
8
BLACK
6
CONTINUOUS
10
1.9508882677165353
20
0.2481909448818898
11
1.9510195669291339
21
0.2481032283464567
0
LINE
8
BLACK
6
CONTINUOUS
10
1.9510195669291339
20
0.2481032283464567
11
1.9511564960629921
21
0.248025157480315
0
LINE
8
BLACK
6
CONTINUOUS
10
1.9511564960629921
20
0.248025157480315
11
1.9511665354330707
21
0.2480050393700787
0
LINE
8
BLACK
6
CONTINUOUS
10
1.9511665354330707
20
0.2480050393700787
11
1.9512075984251969
21
0.2479775984251968
0
LINE
8
BLACK
6
CONTINUOUS
10
1.9512075984251969
20
0.2479775984251968
11
1.9607759448818898
21
0.2384092519685039
0
LINE
8
BLACK
6
CONTINUOUS
10
1.9607759448818898
20
0.2384092519685039
11
1.9607759448818898
21
0.2482190157480315
0
LINE
8
BLACK
6
CONTINUOUS
10
1.9607759448818898
20
0.2482190157480315
11
1.9608508661417323
21
0.2485956692913386
0
LINE
8
BLACK
6
CONTINUOUS
10
1.9608508661417323
20
0.2485956692913386
11
1.9613835433070865
21
0.2491283464566929
0
LINE
8
BLACK
6
CONTINUOUS
10
1.9613835433070865
20
0.2491283464566929
11
1.9621368503937007
21
0.2491283464566929
0
LINE
8
BLACK
6
CONTINUOUS
10
1.9621368503937007
20
0.2491283464566929
11
1.9626695275590551
21
0.2485956692913386
0
LINE
8
BLACK
6
CONTINUOUS
10
1.9626695275590551
20
0.2485956692913386
11
1.9627444488188976
21
0.2482190157480315
0
LINE
8
BLACK
6
CONTINUOUS
10
1.9627444488188976
20
0.2482190157480315
11
1.9627444488188976
21
0.236033031496063
0
LINE
8
BLACK
6
CONTINUOUS
10
1.9627444488188976
20
0.236033031496063
11
1.9626695275590551
21
0.2356563779527559
0
LINE
8
BLACK
6
CONTINUOUS
10
1.9626695275590551
20
0.2356563779527559
11
1.9621368503937007
21
0.2351237007874016
0
LINE
8
BLACK
6
CONTINUOUS
10
1.9621368503937007
20
0.2351237007874016
11
1.9613835433070865
21
0.2351237007874016
0
LINE
8
BLACK
6
CONTINUOUS
10
1.9613835433070865
20
0.2351237007874016
11
1.961064251968504
21
0.2353370472440945
0
LINE
8
BLACK
6
CONTINUOUS
10
1.961064251968504
20
0.2353370472440945
11
1.9499798818897638
21
0.2464213779527559
0
LINE
8
BLACK
6
CONTINUOUS
10
1.9499798818897638
20
0.2464213779527559
11
1.9475397244094488
21
0.2472347637795275
0
LINE
8
BLACK
6
CONTINUOUS
10
1.9475397244094488
20
0.2472347637795275
11
1.9460570866141731
21
0.2472347637795275
0
LINE
8
BLACK
6
CONTINUOUS
10
1.9460570866141731
20
0.2472347637795275
11
1.9445329527559054
21
0.2464727165354331
0
LINE
8
BLACK
6
CONTINUOUS
10
1.9445329527559054
20
0.2464727165354331
11
1.9438214566929133
21
0.2457611811023622
0
LINE
8
BLACK
6
CONTINUOUS
10
1.9438214566929133
20
0.2457611811023622
11
1.9430594094488189
21
0.2442370866141732
0
LINE
8
BLACK
6
CONTINUOUS
10
1.9430594094488189
20
0.2442370866141732
11
1.9430594094488189
21
0.2400149606299213
0
LINE
8
BLACK
6
CONTINUOUS
10
1.9430594094488189
20
0.2400149606299213
11
1.9438214566929133
21
0.2384908661417323
0
LINE
8
BLACK
6
CONTINUOUS
10
1.9438214566929133
20
0.2384908661417323
11
1.944645905511811
21
0.2376664173228346
0
LINE
8
BLACK
6
CONTINUOUS
10
1.944645905511811
20
0.2376664173228346
11
1.944859251968504
21
0.2373470866141732
0
LINE
8
BLACK
6
CONTINUOUS
10
1.944859251968504
20
0.2373470866141732
11
1.944859251968504
21
0.2365937795275591
0
LINE
8
BLACK
6
CONTINUOUS
10
1.944859251968504
20
0.2365937795275591
11
1.9443265748031495
21
0.2360611023622047
0
LINE
8
BLACK
6
CONTINUOUS
10
1.9443265748031495
20
0.2360611023622047
11
1.9435732677165354
21
0.2360611023622047
0
LINE
8
BLACK
6
CONTINUOUS
10
1.9435732677165354
20
0.2360611023622047
11
1.9432539370078741
21
0.2362744488188976
0
LINE
8
BLACK
6
CONTINUOUS
10
1.9432539370078741
20
0.2362744488188976
11
1.9423165748031495
21
0.237211811023622
0
LINE
8
BLACK
6
CONTINUOUS
10
1.9423165748031495
20
0.237211811023622
11
1.9422290157480315
21
0.237342874015748
0
LINE
8
BLACK
6
CONTINUOUS
10
1.9422290157480315
20
0.237342874015748
11
1.9421322047244094
21
0.2374675984251969
0
LINE
8
BLACK
6
CONTINUOUS
10
1.9421322047244094
20
0.2374675984251969
11
1.9411948031496062
21
0.2393423622047244
0
LINE
8
BLACK
6
CONTINUOUS
10
1.9411948031496062
20
0.2393423622047244
11
1.9411817322834646
21
0.23939
0
LINE
8
BLACK
6
CONTINUOUS
10
1.9411817322834646
20
0.23939
11
1.9411658267716534
21
0.239405905511811
0
LINE
8
BLACK
6
CONTINUOUS
10
1.9411658267716534
20
0.239405905511811
11
1.9411350393700786
21
0.2395605118110236
0
LINE
8
BLACK
6
CONTINUOUS
10
1.9411350393700786
20
0.2395605118110236
11
1.9410933858267716
21
0.2397127559055118
0
LINE
8
BLACK
6
CONTINUOUS
10
1.9410933858267716
20
0.2397127559055118
11
1.9411005118110236
21
0.2397342125984252
0
LINE
8
BLACK
6
CONTINUOUS
10
1.9411005118110236
20
0.2397342125984252
11
1.9410909055118111
21
0.2397825590551181
0
LINE
8
BLACK
6
CONTINUOUS
10
1.9410909055118111
20
0.2397825590551181
11
1.9410909055118111
21
0.2444694881889764
0
LINE
8
BLACK
6
CONTINUOUS
10
1.9410909055118111
20
0.2444694881889764
11
1.9411005118110236
21
0.244517874015748
0
LINE
8
BLACK
6
CONTINUOUS
10
1.9411005118110236
20
0.244517874015748
11
1.9410933858267716
21
0.2445392913385827
0
LINE
8
BLACK
6
CONTINUOUS
10
1.9410933858267716
20
0.2445392913385827
11
1.9411350393700786
21
0.2446915748031496
0
LINE
8
BLACK
6
CONTINUOUS
10
1.9411350393700786
20
0.2446915748031496
11
1.9411658267716534
21
0.2448461417322834
0
LINE
8
BLACK
6
CONTINUOUS
10
1.9411658267716534
20
0.2448461417322834
11
1.9411817322834646
21
0.2448620866141732
0
LINE
8
BLACK
6
CONTINUOUS
10
1.9411817322834646
20
0.2448620866141732
11
1.9411948031496062
21
0.2449096850393701
0
LINE
8
BLACK
6
CONTINUOUS
10
1.9411948031496062
20
0.2449096850393701
11
1.9421322047244094
21
0.2467844488188976
0
LINE
8
BLACK
6
CONTINUOUS
10
1.9421322047244094
20
0.2467844488188976
11
1.9422290157480315
21
0.2469092125984252
0
LINE
8
BLACK
6
CONTINUOUS
10
1.9422290157480315
20
0.2469092125984252
11
1.9423165748031495
21
0.2470402362204724
0
LINE
8
BLACK
6
CONTINUOUS
10
1.9423165748031495
20
0.2470402362204724
11
1.9432539370078741
21
0.2479775984251968
0
LINE
8
BLACK
6
CONTINUOUS
10
1.9432539370078741
20
0.2479775984251968
11
1.9433850787401574
21
0.2480652362204724
0
LINE
8
BLACK
6
CONTINUOUS
10
1.9433850787401574
20
0.2480652362204724
11
1.9435097244094488
21
0.248161968503937
0
LINE
8
BLACK
6
CONTINUOUS
10
1.9435097244094488
20
0.248161968503937
11
1.9453845275590551
21
0.2490993700787401
0
LINE
8
BLACK
6
CONTINUOUS
10
1.9453845275590551
20
0.2490993700787401
11
1.9454320472440945
21
0.2491124015748031
0
LINE
8
BLACK
6
CONTINUOUS
10
1.9454320472440945
20
0.2491124015748031
11
1.9454480314960629
21
0.2491283464566929
0
LINE
8
BLACK
6
CONTINUOUS
10
1.9454480314960629
20
0.2491283464566929
11
1.9456027559055118
21
0.2491591338582677
0
LINE
8
BLACK
6
CONTINUOUS
10
1.9456027559055118
20
0.2491591338582677
11
1.9457549212598424
21
0.2492007874015748
0
LINE
8
BLACK
6
CONTINUOUS
10
1.9457549212598424
20
0.2492007874015748
11
1.9457762992125984
21
0.2491936614173228
0
LINE
8
BLACK
6
CONTINUOUS
10
1.9457762992125984
20
0.2491936614173228
11
1.9458246850393701
21
0.2492032677165354
0
LINE
8
BLACK
6
CONTINUOUS
10
1.9458246850393701
20
0.2492032677165354
11
1.9476994488188977
21
0.2492032677165354
0
LINE
8
BLACK
6
CONTINUOUS
10
1.9476994488188977
20
0.2492032677165354
11
1.9478541732283463
21
0.2491725196850394
0
LINE
8
BLACK
6
CONTINUOUS
10
1.9543792913385827
20
0.2679274409448819
11
1.9544998818897636
21
0.2679215354330708
0
LINE
8
BLACK
6
CONTINUOUS
10
1.9544998818897636
20
0.2679215354330708
11
1.95824937007874
21
0.2669841338582677
0
LINE
8
BLACK
6
CONTINUOUS
10
1.95824937007874
20
0.2669841338582677
11
1.9583468503937007
21
0.2669381102362205
0
LINE
8
BLACK
6
CONTINUOUS
10
1.9583468503937007
20
0.2669381102362205
11
1.9584508267716536
21
0.2669096062992126
0
LINE
8
BLACK
6
CONTINUOUS
10
1.9584508267716536
20
0.2669096062992126
11
1.9603255905511812
21
0.2659722440944882
0
LINE
8
BLACK
6
CONTINUOUS
10
1.9603255905511812
20
0.2659722440944882
11
1.9604500787401575
21
0.2658756299212598
0
LINE
8
BLACK
6
CONTINUOUS
10
1.9604500787401575
20
0.2658756299212598
11
1.9605814173228346
21
0.265787874015748
0
LINE
8
BLACK
6
CONTINUOUS
10
1.9605814173228346
20
0.265787874015748
11
1.961518779527559
21
0.2648504724409449
0
LINE
8
BLACK
6
CONTINUOUS
10
1.961518779527559
20
0.2648504724409449
11
1.9616063779527559
21
0.2647193700787401
0
LINE
8
BLACK
6
CONTINUOUS
10
1.9616063779527559
20
0.2647193700787401
11
1.9617031889763779
21
0.2645946456692913
0
LINE
8
BLACK
6
CONTINUOUS
10
1.9617031889763779
20
0.2645946456692913
11
1.9626405511811023
21
0.2627199212598425
0
LINE
8
BLACK
6
CONTINUOUS
10
1.9626405511811023
20
0.2627199212598425
11
1.9626535826771654
21
0.2626723228346456
0
LINE
8
BLACK
6
CONTINUOUS
10
1.9626535826771654
20
0.2626723228346456
11
1.9626695275590551
21
0.2626563779527559
0
LINE
8
BLACK
6
CONTINUOUS
10
1.9626695275590551
20
0.2626563779527559
11
1.9627002755905512
21
0.2625017322834646
0
LINE
8
BLACK
6
CONTINUOUS
10
1.9627002755905512
20
0.2625017322834646
11
1.9627419685039369
21
0.2623494881889764
0
LINE
8
BLACK
6
CONTINUOUS
10
1.9627419685039369
20
0.2623494881889764
11
1.9627348031496064
21
0.2623281102362205
0
LINE
8
BLACK
6
CONTINUOUS
10
1.9627348031496064
20
0.2623281102362205
11
1.9627444488188976
21
0.2622797244094488
0
LINE
8
BLACK
6
CONTINUOUS
10
1.9627444488188976
20
0.2622797244094488
11
1.9627444488188976
21
0.2604049606299212
0
LINE
8
BLACK
6
CONTINUOUS
10
1.9627444488188976
20
0.2604049606299212
11
1.9627348031496064
21
0.2603566141732284
0
LINE
8
BLACK
6
CONTINUOUS
10
1.9627348031496064
20
0.2603566141732284
11
1.9627419685039369
21
0.2603351968503937
0
LINE
8
BLACK
6
CONTINUOUS
10
1.9627419685039369
20
0.2603351968503937
11
1.9627002755905512
21
0.2601829921259842
0
LINE
8
BLACK
6
CONTINUOUS
10
1.9627002755905512
20
0.2601829921259842
11
1.9626695275590551
21
0.2600283070866142
0
LINE
8
BLACK
6
CONTINUOUS
10
1.9626695275590551
20
0.2600283070866142
11
1.9626535826771654
21
0.2600124015748032
0
LINE
8
BLACK
6
CONTINUOUS
10
1.9626535826771654
20
0.2600124015748032
11
1.9626405511811023
21
0.2599647637795275
0
LINE
8
BLACK
6
CONTINUOUS
10
1.9626405511811023
20
0.2599647637795275
11
1.9617031889763779
21
0.2580900393700787
0
LINE
8
BLACK
6
CONTINUOUS
10
1.9617031889763779
20
0.2580900393700787
11
1.9616063779527559
21
0.2579653543307087
0
LINE
8
BLACK
6
CONTINUOUS
10
1.9616063779527559
20
0.2579653543307087
11
1.961518779527559
21
0.2578342125984252
0
LINE
8
BLACK
6
CONTINUOUS
10
1.961518779527559
20
0.2578342125984252
11
1.9605813779527559
21
0.2568968503937008
0
LINE
8
BLACK
6
CONTINUOUS
10
1.9605813779527559
20
0.2568968503937008
11
1.9604505118110236
21
0.2568094094488189
0
LINE
8
BLACK
6
CONTINUOUS
10
1.9604505118110236
20
0.2568094094488189
11
1.9603256299212597
21
0.2567124803149606
0
LINE
8
BLACK
6
CONTINUOUS
10
1.9603256299212597
20
0.2567124803149606
11
1.9584508661417321
21
0.2557750787401575
0
LINE
8
BLACK
6
CONTINUOUS
10
1.9584508661417321
20
0.2557750787401575
11
1.958346811023622
21
0.2557466141732284
0
LINE
8
BLACK
6
CONTINUOUS
10
1.958346811023622
20
0.2557466141732284
11
1.95824937007874
21
0.2557005511811024
0
LINE
8
BLACK
6
CONTINUOUS
10
1.95824937007874
20
0.2557005511811024
11
1.9544998425196849
21
0.254763188976378
0
LINE
8
BLACK
6
CONTINUOUS
10
1.9544998425196849
20
0.254763188976378
11
1.9543792913385827
21
0.2547573622047244
0
LINE
8
BLACK
6
CONTINUOUS
10
1.9543792913385827
20
0.2547573622047244
11
1.9542611417322835
21
0.2547338188976378
0
LINE
8
BLACK
6
CONTINUOUS
10
1.9542611417322835
20
0.2547338188976378
11
1.9495742125984252
21
0.2547338188976378
0
LINE
8
BLACK
6
CONTINUOUS
10
1.9495742125984252
20
0.2547338188976378
11
1.9494560236220473
21
0.2547573622047244
0
LINE
8
BLACK
6
CONTINUOUS
10
1.9494560236220473
20
0.2547573622047244
11
1.9493355118110236
21
0.254763188976378
0
LINE
8
BLACK
6
CONTINUOUS
10
1.9493355118110236
20
0.254763188976378
11
1.9455859842519685
21
0.2557005511811024
0
LINE
8
BLACK
6
CONTINUOUS
10
1.9455859842519685
20
0.2557005511811024
11
1.945488464566929
21
0.2557466141732284
0
LINE
8
BLACK
6
CONTINUOUS
10
1.945488464566929
20
0.2557466141732284
11
1.9453845275590551
21
0.2557750787401575
0
LINE
8
BLACK
6
CONTINUOUS
10
1.9453845275590551
20
0.2557750787401575
11
1.9435097244094488
21
0.2567124803149606
0
LINE
8
BLACK
6
CONTINUOUS
10
1.9435097244094488
20
0.2567124803149606
11
1.9433850787401574
21
0.2568092519685039
0
LINE
8
BLACK
6
CONTINUOUS
10
1.9433850787401574
20
0.2568092519685039
11
1.9432539370078741
21
0.2568968503937008
0
LINE
8
BLACK
6
CONTINUOUS
10
1.9432539370078741
20
0.2568968503937008
11
1.9423165748031495
21
0.2578342125984252
0
LINE
8
BLACK
6
CONTINUOUS
10
1.9423165748031495
20
0.2578342125984252
11
1.9422290157480315
21
0.2579652755905512
0
LINE
8
BLACK
6
CONTINUOUS
10
1.9422290157480315
20
0.2579652755905512
11
1.9421322047244094
21
0.25809
0
LINE
8
BLACK
6
CONTINUOUS
10
1.9421322047244094
20
0.25809
11
1.9411948031496062
21
0.2599647637795275
0
LINE
8
BLACK
6
CONTINUOUS
10
1.9411948031496062
20
0.2599647637795275
11
1.9411817322834646
21
0.2600124015748032
0
LINE
8
BLACK
6
CONTINUOUS
10
1.9411817322834646
20
0.2600124015748032
11
1.9411658267716534
21
0.2600283070866142
0
LINE
8
BLACK
6
CONTINUOUS
10
1.9411658267716534
20
0.2600283070866142
11
1.9411350393700786
21
0.2601829133858268
0
LINE
8
BLACK
6
CONTINUOUS
10
1.9411350393700786
20
0.2601829133858268
11
1.9410933858267716
21
0.2603351574803149
0
LINE
8
BLACK
6
CONTINUOUS
10
1.9410933858267716
20
0.2603351574803149
11
1.9411005118110236
21
0.2603566141732284
0
LINE
8
BLACK
6
CONTINUOUS
10
1.9411005118110236
20
0.2603566141732284
11
1.9410909055118111
21
0.2604049606299212
0
LINE
8
BLACK
6
CONTINUOUS
10
1.9410909055118111
20
0.2604049606299212
11
1.9410909055118111
21
0.2622797244094488
0
LINE
8
BLACK
6
CONTINUOUS
10
1.9410909055118111
20
0.2622797244094488
11
1.9411005118110236
21
0.2623281102362205
0
LINE
8
BLACK
6
CONTINUOUS
10
1.9411005118110236
20
0.2623281102362205
11
1.9410933858267716
21
0.2623495275590551
0
LINE
8
BLACK
6
CONTINUOUS
10
1.9410933858267716
20
0.2623495275590551
11
1.9411350393700786
21
0.262501811023622
0
LINE
8
BLACK
6
CONTINUOUS
10
1.9411350393700786
20
0.262501811023622
11
1.9411658267716534
21
0.2626563779527559
0
LINE
8
BLACK
6
CONTINUOUS
10
1.9411658267716534
20
0.2626563779527559
11
1.9411817322834646
21
0.2626723228346456
0
LINE
8
BLACK
6
CONTINUOUS
10
1.9411817322834646
20
0.2626723228346456
11
1.9411948031496062
21
0.2627199212598425
0
LINE
8
BLACK
6
CONTINUOUS
10
1.9411948031496062
20
0.2627199212598425
11
1.9421322047244094
21
0.2645946850393701
0
LINE
8
BLACK
6
CONTINUOUS
10
1.9421322047244094
20
0.2645946850393701
11
1.942229094488189
21
0.2647196062992126
0
LINE
8
BLACK
6
CONTINUOUS
10
1.942229094488189
20
0.2647196062992126
11
1.9423165748031495
21
0.2648504330708661
0
LINE
8
BLACK
6
CONTINUOUS
10
1.9423165748031495
20
0.2648504330708661
11
1.9432539370078741
21
0.2657878346456693
0
LINE
8
BLACK
6
CONTINUOUS
10
1.9432539370078741
20
0.2657878346456693
11
1.9433850393700787
21
0.2658754724409449
0
LINE
8
BLACK
6
CONTINUOUS
10
1.9433850393700787
20
0.2658754724409449
11
1.9435097637795276
21
0.2659722440944882
0
LINE
8
BLACK
6
CONTINUOUS
10
1.9435097637795276
20
0.2659722440944882
11
1.9453844881889764
21
0.2669096062992126
0
LINE
8
BLACK
6
CONTINUOUS
10
1.9453844881889764
20
0.2669096062992126
11
1.9454884251968503
21
0.2669381102362205
0
LINE
8
BLACK
6
CONTINUOUS
10
1.9454884251968503
20
0.2669381102362205
11
1.9455859448818897
21
0.2669841338582677
0
LINE
8
BLACK
6
CONTINUOUS
10
1.9455859448818897
20
0.2669841338582677
11
1.9493354724409448
21
0.2679214960629921
0
LINE
8
BLACK
6
CONTINUOUS
10
1.9493354724409448
20
0.2679214960629921
11
1.9494558661417323
21
0.2679274015748032
0
LINE
8
BLACK
6
CONTINUOUS
10
1.9494558661417323
20
0.2679274015748032
11
1.9495742125984252
21
0.267950905511811
0
LINE
8
BLACK
6
CONTINUOUS
10
1.9495742125984252
20
0.267950905511811
11
1.9542611417322835
21
0.267950905511811
0
LINE
8
BLACK
6
CONTINUOUS
10
1.9542611417322835
20
0.267950905511811
11
1.9543792913385827
21
0.2679274409448819
0
LINE
8
BLACK
6
CONTINUOUS
10
1.9461681102362205
20
0.2651005905511811
11
1.9445329133858267
21
0.2642829921259843
0
LINE
8
BLACK
6
CONTINUOUS
10
1.9445329133858267
20
0.2642829921259843
11
1.943821496062992
21
0.2635715354330709
0
LINE
8
BLACK
6
CONTINUOUS
10
1.943821496062992
20
0.2635715354330709
11
1.9430594094488189
21
0.2620473228346457
0
LINE
8
BLACK
6
CONTINUOUS
10
1.9430594094488189
20
0.2620473228346457
11
1.9430594094488189
21
0.2606373622047244
0
LINE
8
BLACK
6
CONTINUOUS
10
1.9430594094488189
20
0.2606373622047244
11
1.9438214566929133
21
0.2591132677165354
0
LINE
8
BLACK
6
CONTINUOUS
10
1.9438214566929133
20
0.2591132677165354
11
1.9445329527559054
21
0.2584017716535433
0
LINE
8
BLACK
6
CONTINUOUS
10
1.9445329527559054
20
0.2584017716535433
11
1.9461682677165353
21
0.2575841338582677
0
LINE
8
BLACK
6
CONTINUOUS
10
1.9461682677165353
20
0.2575841338582677
11
1.949695433070866
21
0.2567023228346457
0
LINE
8
BLACK
6
CONTINUOUS
10
1.949695433070866
20
0.2567023228346457
11
1.9541399212598425
21
0.2567023228346457
0
LINE
8
BLACK
6
CONTINUOUS
10
1.9541399212598425
20
0.2567023228346457
11
1.9576670866141732
21
0.2575841338582677
0
LINE
8
BLACK
6
CONTINUOUS
10
1.9576670866141732
20
0.2575841338582677
11
1.9593024409448818
21
0.258401811023622
0
LINE
8
BLACK
6
CONTINUOUS
10
1.9593024409448818
20
0.258401811023622
11
1.9600138976377952
21
0.2591132283464567
0
LINE
8
BLACK
6
CONTINUOUS
10
1.9600138976377952
20
0.2591132283464567
11
1.9607759448818898
21
0.2606373228346457
0
LINE
8
BLACK
6
CONTINUOUS
10
1.9607759448818898
20
0.2606373228346457
11
1.9607759448818898
21
0.2620474015748032
0
LINE
8
BLACK
6
CONTINUOUS
10
1.9607759448818898
20
0.2620474015748032
11
1.9600138976377952
21
0.2635714960629921
0
LINE
8
BLACK
6
CONTINUOUS
10
1.9600138976377952
20
0.2635714960629921
11
1.9593024015748031
21
0.2642829527559055
0
LINE
8
BLACK
6
CONTINUOUS
10
1.9593024015748031
20
0.2642829527559055
11
1.9576670472440945
21
0.2651006299212598
0
LINE
8
BLACK
6
CONTINUOUS
10
1.9576670472440945
20
0.2651006299212598
11
1.9541398818897637
21
0.2659824015748031
0
LINE
8
BLACK
6
CONTINUOUS
10
1.9541398818897637
20
0.2659824015748031
11
1.949695433070866
21
0.2659824015748031
0
LINE
8
BLACK
6
CONTINUOUS
10
1.949695433070866
20
0.2659824015748031
11
1.9461681102362205
21
0.2651005905511811
0
LINE
8
BLACK
6
CONTINUOUS
10
0.0599136220472441
20
0.2756466535433071
11
0.0599885433070866
21
0.27527
0
LINE
8
BLACK
6
CONTINUOUS
10
0.0599885433070866
20
0.27527
11
0.0599885433070866
21
0.2640214173228346
0
LINE
8
BLACK
6
CONTINUOUS
10
0.0599885433070866
20
0.2640214173228346
11
0.0599136220472441
21
0.2636447637795276
0
LINE
8
BLACK
6
CONTINUOUS
10
0.0599136220472441
20
0.2636447637795276
11
0.0593809448818898
21
0.2631120866141732
0
LINE
8
BLACK
6
CONTINUOUS
10
0.0593809448818898
20
0.2631120866141732
11
0.0586276377952756
21
0.2631120866141732
0
LINE
8
BLACK
6
CONTINUOUS
10
0.0586276377952756
20
0.2631120866141732
11
0.0580949606299213
21
0.2636447637795276
0
LINE
8
BLACK
6
CONTINUOUS
10
0.0580949606299213
20
0.2636447637795276
11
0.0580200393700787
21
0.2640214173228346
0
LINE
8
BLACK
6
CONTINUOUS
10
0.0580200393700787
20
0.2640214173228346
11
0.0580200393700787
21
0.2686614566929134
0
LINE
8
BLACK
6
CONTINUOUS
10
0.0580200393700787
20
0.2686614566929134
11
0.0425700393700787
21
0.2686614566929134
0
LINE
8
BLACK
6
CONTINUOUS
10
0.0425700393700787
20
0.2686614566929134
11
0.0426774015748031
21
0.2685898818897638
0
LINE
8
BLACK
6
CONTINUOUS
10
0.0426774015748031
20
0.2685898818897638
11
0.0427462992125984
21
0.2685211023622047
0
LINE
8
BLACK
6
CONTINUOUS
10
0.0427462992125984
20
0.2685211023622047
11
0.0428274015748032
21
0.2684669291338583
0
LINE
8
BLACK
6
CONTINUOUS
10
0.0428274015748032
20
0.2684669291338583
11
0.044702125984252
21
0.2665921653543307
0
LINE
8
BLACK
6
CONTINUOUS
10
0.044702125984252
20
0.2665921653543307
11
0.0447897244094488
21
0.266461062992126
0
LINE
8
BLACK
6
CONTINUOUS
10
0.0447897244094488
20
0.266461062992126
11
0.0448865354330709
21
0.2663363385826771
0
LINE
8
BLACK
6
CONTINUOUS
10
0.0448865354330709
20
0.2663363385826771
11
0.0458238976377953
21
0.2644616141732283
0
LINE
8
BLACK
6
CONTINUOUS
10
0.0458238976377953
20
0.2644616141732283
11
0.0459253149606299
21
0.2640911811023622
0
LINE
8
BLACK
6
CONTINUOUS
10
0.0459253149606299
20
0.2640911811023622
11
0.0456870866141732
21
0.2633765354330709
0
LINE
8
BLACK
6
CONTINUOUS
10
0.0456870866141732
20
0.2633765354330709
11
0.0450133070866142
21
0.2630396456692913
0
LINE
8
BLACK
6
CONTINUOUS
10
0.0450133070866142
20
0.2630396456692913
11
0.0442986614173228
21
0.263277874015748
0
LINE
8
BLACK
6
CONTINUOUS
10
0.0442986614173228
20
0.263277874015748
11
0.044063188976378
21
0.2635812598425197
0
LINE
8
BLACK
6
CONTINUOUS
10
0.044063188976378
20
0.2635812598425197
11
0.0431972047244094
21
0.265313188976378
0
LINE
8
BLACK
6
CONTINUOUS
10
0.0431972047244094
20
0.265313188976378
11
0.0415042125984252
21
0.2670061811023622
0
LINE
8
BLACK
6
CONTINUOUS
10
0.0415042125984252
20
0.2670061811023622
11
0.0387733070866142
21
0.2688267716535433
0
LINE
8
BLACK
6
CONTINUOUS
10
0.0387733070866142
20
0.2688267716535433
11
0.0385014566929134
21
0.269098031496063
0
LINE
8
BLACK
6
CONTINUOUS
10
0.0385014566929134
20
0.269098031496063
11
0.0384815748031496
21
0.2691974015748032
0
LINE
8
BLACK
6
CONTINUOUS
10
0.0384815748031496
20
0.2691974015748032
11
0.0384099212598425
21
0.2692690551181102
0
LINE
8
BLACK
6
CONTINUOUS
10
0.0384099212598425
20
0.2692690551181102
11
0.0384099212598425
21
0.2695556692913386
0
LINE
8
BLACK
6
CONTINUOUS
10
0.0384099212598425
20
0.2695556692913386
11
0.0383537007874016
21
0.2698367322834646
0
LINE
8
BLACK
6
CONTINUOUS
10
0.0383537007874016
20
0.2698367322834646
11
0.0384099212598425
21
0.269921062992126
0
LINE
8
BLACK
6
CONTINUOUS
10
0.0384099212598425
20
0.269921062992126
11
0.0384099212598425
21
0.2700223622047244
0
LINE
8
BLACK
6
CONTINUOUS
10
0.0384099212598425
20
0.2700223622047244
11
0.0386125590551181
21
0.2702250393700787
0
LINE
8
BLACK
6
CONTINUOUS
10
0.0386125590551181
20
0.2702250393700787
11
0.0387715748031496
21
0.2704635039370079
0
LINE
8
BLACK
6
CONTINUOUS
10
0.0387715748031496
20
0.2704635039370079
11
0.038870905511811
21
0.2704833858267717
0
LINE
8
BLACK
6
CONTINUOUS
10
0.038870905511811
20
0.2704833858267717
11
0.0389425984251969
21
0.2705550393700787
0
LINE
8
BLACK
6
CONTINUOUS
10
0.0389425984251969
20
0.2705550393700787
11
0.0393192519685039
21
0.2706299606299212
0
LINE
8
BLACK
6
CONTINUOUS
10
0.0393192519685039
20
0.2706299606299212
11
0.0580200393700787
21
0.2706299606299212
0
LINE
8
BLACK
6
CONTINUOUS
10
0.0580200393700787
20
0.2706299606299212
11
0.0580200393700787
21
0.27527
0
LINE
8
BLACK
6
CONTINUOUS
10
0.0580200393700787
20
0.27527
11
0.0580949606299213
21
0.2756466535433071
0
LINE
8
BLACK
6
CONTINUOUS
10
0.0580949606299213
20
0.2756466535433071
11
0.0586276377952756
21
0.2761793307086614
0
LINE
8
BLACK
6
CONTINUOUS
10
0.0586276377952756
20
0.2761793307086614
11
0.0593809448818898
21
0.2761793307086614
0
LINE
8
BLACK
6
CONTINUOUS
10
0.0593809448818898
20
0.2761793307086614
11
0.0599136220472441
21
0.2756466535433071
0
LINE
8
BLACK
6
CONTINUOUS
10
0.08
20
0.3046456692913386
11
0.02
21
0.3046456692913386
0
LINE
8
BLACK
6
CONTINUOUS
10
0.02
20
0.3046456692913386
11
0.02
21
0.3646456692913386
0
LINE
8
BLACK
6
CONTINUOUS
10
0.02
20
0.3646456692913386
11
0.08
21
0.3646456692913386
0
LINE
8
BLACK
6
CONTINUOUS
10
0.08
20
0.3646456692913386
11
0.08
21
0.3046456692913386
0
LINE
8
BLACK
6
CONTINUOUS
10
0.18
20
0.3046456692913386
11
0.12
21
0.3046456692913386
0
LINE
8
BLACK
6
CONTINUOUS
10
0.12
20
0.3046456692913386
11
0.12
21
0.3646456692913386
0
LINE
8
BLACK
6
CONTINUOUS
10
0.12
20
0.3646456692913386
11
0.18
21
0.3646456692913386
0
LINE
8
BLACK
6
CONTINUOUS
10
0.18
20
0.3646456692913386
11
0.18
21
0.3046456692913386
0
LINE
8
BLACK
6
CONTINUOUS
10
0.28
20
0.3046456692913386
11
0.22
21
0.3046456692913386
0
LINE
8
BLACK
6
CONTINUOUS
10
0.22
20
0.3046456692913386
11
0.22
21
0.3646456692913386
0
LINE
8
BLACK
6
CONTINUOUS
10
0.22
20
0.3646456692913386
11
0.28
21
0.3646456692913386
0
LINE
8
BLACK
6
CONTINUOUS
10
0.28
20
0.3646456692913386
11
0.28
21
0.3046456692913386
0
LINE
8
BLACK
6
CONTINUOUS
10
1.78
20
0.3046456692913386
11
1.72
21
0.3046456692913386
0
LINE
8
BLACK
6
CONTINUOUS
10
1.72
20
0.3046456692913386
11
1.72
21
0.3646456692913386
0
LINE
8
BLACK
6
CONTINUOUS
10
1.72
20
0.3646456692913386
11
1.78
21
0.3646456692913386
0
LINE
8
BLACK
6
CONTINUOUS
10
1.78
20
0.3646456692913386
11
1.78
21
0.3046456692913386
0
LINE
8
BLACK
6
CONTINUOUS
10
1.8799999999999999
20
0.3046456692913386
11
1.8200000000000001
21
0.3046456692913386
0
LINE
8
BLACK
6
CONTINUOUS
10
1.8200000000000001
20
0.3046456692913386
11
1.8200000000000001
21
0.3646456692913386
0
LINE
8
BLACK
6
CONTINUOUS
10
1.8200000000000001
20
0.3646456692913386
11
1.8799999999999999
21
0.3646456692913386
0
LINE
8
BLACK
6
CONTINUOUS
10
1.8799999999999999
20
0.3646456692913386
11
1.8799999999999999
21
0.3046456692913386
0
LINE
8
BLACK
6
CONTINUOUS
10
1.98
20
0.3046456692913386
11
1.9199999999999999
21
0.3046456692913386
0
LINE
8
BLACK
6
CONTINUOUS
10
1.9199999999999999
20
0.3046456692913386
11
1.9199999999999999
21
0.3646456692913386
0
LINE
8
BLACK
6
CONTINUOUS
10
1.9199999999999999
20
0.3646456692913386
11
1.98
21
0.3646456692913386
0
LINE
8
BLACK
6
CONTINUOUS
10
1.98
20
0.3646456692913386
11
1.98
21
0.3046456692913386
0
LINE
8
BLACK
6
CONTINUOUS
10
1.046973188976378
20
0.8767500787401574
11
1.0470509448818897
21
0.8767555905511811
0
LINE
8
BLACK
6
CONTINUOUS
10
1.0470509448818897
20
0.8767555905511811
11
1.0471531889763779
21
0.8767323622047244
0
LINE
8
BLACK
6
CONTINUOUS
10
1.0471531889763779
20
0.8767323622047244
11
1.0472577165354331
21
0.8767220472440944
0
LINE
8
BLACK
6
CONTINUOUS
10
1.0472577165354331
20
0.8767220472440944
11
1.0473298031496063
21
0.8766922047244095
0
LINE
8
BLACK
6
CONTINUOUS
10
1.0473298031496063
20
0.8766922047244095
11
1.0476153937007873
21
0.8766272440944882
0
LINE
8
BLACK
6
CONTINUOUS
10
1.0476153937007873
20
0.8766272440944882
11
1.0532396850393702
21
0.8747524803149606
0
LINE
8
BLACK
6
CONTINUOUS
10
1.0532396850393702
20
0.8747524803149606
11
1.0537682283464567
21
0.8745164960629921
0
LINE
8
BLACK
6
CONTINUOUS
10
1.0537682283464567
20
0.8745164960629921
11
1.0538483464566928
21
0.8744470078740157
0
LINE
8
BLACK
6
CONTINUOUS
10
1.0538483464566928
20
0.8744470078740157
11
1.0539464173228346
21
0.8744063779527559
0
LINE
8
BLACK
6
CONTINUOUS
10
1.0539464173228346
20
0.8744063779527559
11
1.0543938582677166
21
0.8740391732283465
0
LINE
8
BLACK
6
CONTINUOUS
10
1.0543938582677166
20
0.8740391732283465
11
1.0581433858267717
21
0.8702896456692913
0
LINE
8
BLACK
6
CONTINUOUS
10
1.0581433858267717
20
0.8702896456692913
11
1.0583292125984252
21
0.8700632677165354
0
LINE
8
BLACK
6
CONTINUOUS
10
1.0583292125984252
20
0.8700632677165354
11
1.0583881496062992
21
0.8700121259842519
0
LINE
8
BLACK
6
CONTINUOUS
10
1.0583881496062992
20
0.8700121259842519
11
1.0584440157480315
21
0.8699233858267716
0
LINE
8
BLACK
6
CONTINUOUS
10
1.0584440157480315
20
0.8699233858267716
11
1.0585106299212599
21
0.8698422047244094
0
LINE
8
BLACK
6
CONTINUOUS
10
1.0585106299212599
20
0.8698422047244094
11
1.0585404724409448
21
0.8697700787401574
0
LINE
8
BLACK
6
CONTINUOUS
10
1.0585404724409448
20
0.8697700787401574
11
1.0586964960629921
21
0.8695222440944882
0
LINE
8
BLACK
6
CONTINUOUS
10
1.0586964960629921
20
0.8695222440944882
11
1.0605712598425197
21
0.8657727165354331
0
LINE
8
BLACK
6
CONTINUOUS
10
1.0605712598425197
20
0.8657727165354331
11
1.0605873622047244
21
0.8657306299212598
0
LINE
8
BLACK
6
CONTINUOUS
10
1.0605873622047244
20
0.8657306299212598
11
1.0606000787401575
21
0.8657134645669291
0
LINE
8
BLACK
6
CONTINUOUS
10
1.0606000787401575
20
0.8657134645669291
11
1.0606861417322835
21
0.8654725590551181
0
LINE
8
BLACK
6
CONTINUOUS
10
1.0606861417322835
20
0.8654725590551181
11
1.0607781496062991
21
0.8652321259842519
0
LINE
8
BLACK
6
CONTINUOUS
10
1.0607781496062991
20
0.8652321259842519
11
1.0607796456692913
21
0.8652108661417323
0
LINE
8
BLACK
6
CONTINUOUS
10
1.0607796456692913
20
0.8652108661417323
11
1.0607948425196849
21
0.8651683464566929
0
LINE
8
BLACK
6
CONTINUOUS
10
1.0607948425196849
20
0.8651683464566929
11
1.0626696062992125
21
0.8576692913385826
0
LINE
8
BLACK
6
CONTINUOUS
10
1.0626696062992125
20
0.8576692913385826
11
1.0626843700787401
21
0.8575694488188976
0
LINE
8
BLACK
6
CONTINUOUS
10
1.0626843700787401
20
0.8575694488188976
11
1.0627010236220473
21
0.8575292125984252
0
LINE
8
BLACK
6
CONTINUOUS
10
1.0627010236220473
20
0.8575292125984252
11
1.0627223622047244
21
0.8573122047244094
0
LINE
8
BLACK
6
CONTINUOUS
10
1.0627223622047244
20
0.8573122047244094
11
1.0627542519685038
21
0.8570966929133859
0
LINE
8
BLACK
6
CONTINUOUS
10
1.0627542519685038
20
0.8570966929133859
11
1.0627478346456694
21
0.8570537007874015
0
LINE
8
BLACK
6
CONTINUOUS
10
1.0627478346456694
20
0.8570537007874015
11
1.0627577559055117
21
0.8569531496062992
0
LINE
8
BLACK
6
CONTINUOUS
10
1.0627577559055117
20
0.8569531496062992
11
1.0627577559055117
21
0.8513288582677165
0
LINE
8
BLACK
6
CONTINUOUS
10
1.0627577559055117
20
0.8513288582677165
11
1.0627478346456694
21
0.8512283464566929
0
LINE
8
BLACK
6
CONTINUOUS
10
1.0627478346456694
20
0.8512283464566929
11
1.0627542519685038
21
0.8511853149606299
0
LINE
8
BLACK
6
CONTINUOUS
10
1.0627542519685038
20
0.8511853149606299
11
1.0627223622047244
21
0.850969842519685
0
LINE
8
BLACK
6
CONTINUOUS
10
1.0627223622047244
20
0.850969842519685
11
1.0627010236220473
21
0.8507527952755906
0
LINE
8
BLACK
6
CONTINUOUS
10
1.0627010236220473
20
0.8507527952755906
11
1.0626843700787401
21
0.8507125984251969
0
LINE
8
BLACK
6
CONTINUOUS
10
1.0626843700787401
20
0.8507125984251969
11
1.0626696062992125
21
0.850612716535433
0
LINE
8
BLACK
6
CONTINUOUS
10
1.0626696062992125
20
0.850612716535433
11
1.0607948425196849
21
0.8431136614173228
0
LINE
8
BLACK
6
CONTINUOUS
10
1.0607948425196849
20
0.8431136614173228
11
1.0607796456692913
21
0.8430711811023622
0
LINE
8
BLACK
6
CONTINUOUS
10
1.0607796456692913
20
0.8430711811023622
11
1.0607781496062991
21
0.8430498818897637
0
LINE
8
BLACK
6
CONTINUOUS
10
1.0607781496062991
20
0.8430498818897637
11
1.0606863779527558
21
0.842810157480315
0
LINE
8
BLACK
6
CONTINUOUS
10
1.0606863779527558
20
0.842810157480315
11
1.0606000787401575
21
0.8425685433070866
0
LINE
8
BLACK
6
CONTINUOUS
10
1.0606000787401575
20
0.8425685433070866
11
1.0605873622047244
21
0.8425514173228347
0
LINE
8
BLACK
6
CONTINUOUS
10
1.0605873622047244
20
0.8425514173228347
11
1.0605712598425197
21
0.8425092913385827
0
LINE
8
BLACK
6
CONTINUOUS
10
1.0605712598425197
20
0.8425092913385827
11
1.0586964960629921
21
0.8387597637795275
0
LINE
8
BLACK
6
CONTINUOUS
10
1.0586964960629921
20
0.8387597637795275
11
1.0585404330708661
21
0.8385118897637795
0
LINE
8
BLACK
6
CONTINUOUS
10
1.0585404330708661
20
0.8385118897637795
11
1.0585106299212599
21
0.8384398425196851
0
LINE
8
BLACK
6
CONTINUOUS
10
1.0585106299212599
20
0.8384398425196851
11
1.058444094488189
21
0.8383588188976377
0
LINE
8
BLACK
6
CONTINUOUS
10
1.058444094488189
20
0.8383588188976377
11
1.0583881496062992
21
0.8382698818897638
0
LINE
8
BLACK
6
CONTINUOUS
10
1.0583881496062992
20
0.8382698818897638
11
1.0583291338582677
21
0.8382187401574803
0
LINE
8
BLACK
6
CONTINUOUS
10
1.0583291338582677
20
0.8382187401574803
11
1.0581434251968505
21
0.8379924015748031
0
LINE
8
BLACK
6
CONTINUOUS
10
1.0581434251968505
20
0.8379924015748031
11
1.0543938582677166
21
0.8342427952755905
0
LINE
8
BLACK
6
CONTINUOUS
10
1.0543938582677166
20
0.8342427952755905
11
1.0539464173228346
21
0.8338755905511811
0
LINE
8
BLACK
6
CONTINUOUS
10
1.0539464173228346
20
0.8338755905511811
11
1.0538483464566928
21
0.833835
0
LINE
8
BLACK
6
CONTINUOUS
10
1.0538483464566928
20
0.833835
11
1.0537682283464567
21
0.8337654724409449
0
LINE
8
BLACK
6
CONTINUOUS
10
1.0537682283464567
20
0.8337654724409449
11
1.0532396850393702
21
0.8335294881889763
0
LINE
8
BLACK
6
CONTINUOUS
10
1.0532396850393702
20
0.8335294881889763
11
1.0476153937007873
21
0.8316547244094488
0
LINE
8
BLACK
6
CONTINUOUS
10
1.0476153937007873
20
0.8316547244094488
11
1.0473298031496063
21
0.8315898031496063
0
LINE
8
BLACK
6
CONTINUOUS
10
1.0473298031496063
20
0.8315898031496063
11
1.0472577165354331
21
0.8315599212598425
0
LINE
8
BLACK
6
CONTINUOUS
10
1.0472577165354331
20
0.8315599212598425
11
1.0471531889763779
21
0.8315496456692913
0
LINE
8
BLACK
6
CONTINUOUS
10
1.0471531889763779
20
0.8315496456692913
11
1.0470509448818897
21
0.8315263779527559
0
LINE
8
BLACK
6
CONTINUOUS
10
1.0470509448818897
20
0.8315263779527559
11
1.046973188976378
21
0.8315319291338582
0
LINE
8
BLACK
6
CONTINUOUS
10
1.046973188976378
20
0.8315319291338582
11
1.046681653543307
21
0.831503188976378
0
LINE
8
BLACK
6
CONTINUOUS
10
1.046681653543307
20
0.831503188976378
11
1.0373078346456692
21
0.831503188976378
0
LINE
8
BLACK
6
CONTINUOUS
10
1.0373078346456692
20
0.831503188976378
11
1.0367317716535434
21
0.8315599212598425
0
LINE
8
BLACK
6
CONTINUOUS
10
1.0367317716535434
20
0.8315599212598425
11
1.0356673622047243
21
0.8320008267716535
0
LINE
8
BLACK
6
CONTINUOUS
10
1.0356673622047243
20
0.8320008267716535
11
1.0348527165354331
21
0.8328154724409449
0
LINE
8
BLACK
6
CONTINUOUS
10
1.0348527165354331
20
0.8328154724409449
11
1.034411811023622
21
0.8338798818897638
0
LINE
8
BLACK
6
CONTINUOUS
10
1.034411811023622
20
0.8338798818897638
11
1.0343550787401574
21
0.8344559448818898
0
LINE
8
BLACK
6
CONTINUOUS
10
1.0343550787401574
20
0.8344559448818898
11
1.0343550787401574
21
0.8738260236220472
0
LINE
8
BLACK
6
CONTINUOUS
10
1.0343550787401574
20
0.8738260236220472
11
1.034411811023622
21
0.8744020866141732
0
LINE
8
BLACK
6
CONTINUOUS
10
1.034411811023622
20
0.8744020866141732
11
1.0348527165354331
21
0.8754664960629921
0
LINE
8
BLACK
6
CONTINUOUS
10
1.0348527165354331
20
0.8754664960629921
11
1.0356673622047243
21
0.8762811417322834
0
LINE
8
BLACK
6
CONTINUOUS
10
1.0356673622047243
20
0.8762811417322834
11
1.0367317716535434
21
0.8767220472440944
0
LINE
8
BLACK
6
CONTINUOUS
10
1.0367317716535434
20
0.8767220472440944
11
1.0373078346456692
21
0.876778779527559
0
LINE
8
BLACK
6
CONTINUOUS
10
1.0373078346456692
20
0.876778779527559
11
1.046681653543307
21
0.876778779527559
0
LINE
8
BLACK
6
CONTINUOUS
10
1.046681653543307
20
0.876778779527559
11
1.046973188976378
21
0.8767500787401574
0
LINE
8
BLACK
6
CONTINUOUS
10
1.040260590551181
20
0.8374087007874016
11
1.0462025196850393
21
0.8374087007874016
0
LINE
8
BLACK
6
CONTINUOUS
10
1.0462025196850393
20
0.8374087007874016
11
1.0507109055118109
21
0.8389115354330708
0
LINE
8
BLACK
6
CONTINUOUS
10
1.0507109055118109
20
0.8389115354330708
11
1.0536287007874015
21
0.8418293700787401
0
LINE
8
BLACK
6
CONTINUOUS
10
1.0536287007874015
20
0.8418293700787401
11
1.0551442125984252
21
0.8448603543307086
0
LINE
8
BLACK
6
CONTINUOUS
10
1.0551442125984252
20
0.8448603543307086
11
1.0568522440944881
21
0.8516924015748031
0
LINE
8
BLACK
6
CONTINUOUS
10
1.0568522440944881
20
0.8516924015748031
11
1.0568522440944881
21
0.8565896062992125
0
LINE
8
BLACK
6
CONTINUOUS
10
1.0568522440944881
20
0.8565896062992125
11
1.0551442125984252
21
0.863421653543307
0
LINE
8
BLACK
6
CONTINUOUS
10
1.0551442125984252
20
0.863421653543307
11
1.0536287401574802
21
0.8664526377952756
0
LINE
8
BLACK
6
CONTINUOUS
10
1.0536287401574802
20
0.8664526377952756
11
1.0507109055118109
21
0.8693704724409449
0
LINE
8
BLACK
6
CONTINUOUS
10
1.0507109055118109
20
0.8693704724409449
11
1.0462025196850393
21
0.8708732677165354
0
LINE
8
BLACK
6
CONTINUOUS
10
1.0462025196850393
20
0.8708732677165354
11
1.040260590551181
21
0.8708732677165354
0
LINE
8
BLACK
6
CONTINUOUS
10
1.040260590551181
20
0.8708732677165354
11
1.040260590551181
21
0.8374087007874016
0
LINE
8
BLACK
6
CONTINUOUS
10
1.1107151968503937
20
0.8767500787401574
11
1.1107929527559055
21
0.8767555905511811
0
LINE
8
BLACK
6
CONTINUOUS
10
1.1107929527559055
20
0.8767555905511811
11
1.1108951968503937
21
0.8767323622047244
0
LINE
8
BLACK
6
CONTINUOUS
10
1.1108951968503937
20
0.8767323622047244
11
1.1109997244094487
21
0.8767220472440944
0
LINE
8
BLACK
6
CONTINUOUS
10
1.1109997244094487
20
0.8767220472440944
11
1.111071811023622
21
0.8766922047244095
0
LINE
8
BLACK
6
CONTINUOUS
10
1.111071811023622
20
0.8766922047244095
11
1.1113574015748031
21
0.8766272440944882
0
LINE
8
BLACK
6
CONTINUOUS
10
1.1113574015748031
20
0.8766272440944882
11
1.1169816929133858
21
0.8747524803149606
0
LINE
8
BLACK
6
CONTINUOUS
10
1.1169816929133858
20
0.8747524803149606
11
1.1175102362204725
21
0.8745164960629921
0
LINE
8
BLACK
6
CONTINUOUS
10
1.1175102362204725
20
0.8745164960629921
11
1.118380590551181
21
0.8737616141732283
0
LINE
8
BLACK
6
CONTINUOUS
10
1.118380590551181
20
0.8737616141732283
11
1.1188958267716536
21
0.8727311811023621
0
LINE
8
BLACK
6
CONTINUOUS
10
1.1188958267716536
20
0.8727311811023621
11
1.1189775196850393
21
0.871581968503937
0
LINE
8
BLACK
6
CONTINUOUS
10
1.1189775196850393
20
0.871581968503937
11
1.118613188976378
21
0.8704889763779528
0
LINE
8
BLACK
6
CONTINUOUS
10
1.118613188976378
20
0.8704889763779528
11
1.1178583070866142
21
0.8696185826771653
0
LINE
8
BLACK
6
CONTINUOUS
10
1.1178583070866142
20
0.8696185826771653
11
1.1168278346456693
21
0.8691033858267716
0
LINE
8
BLACK
6
CONTINUOUS
10
1.1168278346456693
20
0.8691033858267716
11
1.1156786220472441
21
0.8690216929133858
0
LINE
8
BLACK
6
CONTINUOUS
10
1.1156786220472441
20
0.8690216929133858
11
1.1151141732283465
21
0.8691500393700787
0
LINE
8
BLACK
6
CONTINUOUS
10
1.1151141732283465
20
0.8691500393700787
11
1.1099445275590551
21
0.8708732677165354
0
LINE
8
BLACK
6
CONTINUOUS
10
1.1099445275590551
20
0.8708732677165354
11
1.1017468897637794
21
0.8708732677165354
0
LINE
8
BLACK
6
CONTINUOUS
10
1.1017468897637794
20
0.8708732677165354
11
1.0990494094488188
21
0.8695245275590551
0
LINE
8
BLACK
6
CONTINUOUS
10
1.0990494094488188
20
0.8695245275590551
11
1.097852283464567
21
0.8683274015748031
0
LINE
8
BLACK
6
CONTINUOUS
10
1.097852283464567
20
0.8683274015748031
11
1.0965035433070867
21
0.8656299212598425
0
LINE
8
BLACK
6
CONTINUOUS
10
1.0965035433070867
20
0.8656299212598425
11
1.0965035433070867
21
0.8632744881889763
0
LINE
8
BLACK
6
CONTINUOUS
10
1.0965035433070867
20
0.8632744881889763
11
1.097852283464567
21
0.8605770078740157
0
LINE
8
BLACK
6
CONTINUOUS
10
1.097852283464567
20
0.8605770078740157
11
1.0990494094488188
21
0.8593798818897638
0
LINE
8
BLACK
6
CONTINUOUS
10
1.0990494094488188
20
0.8593798818897638
11
1.1020803937007875
21
0.8578644094488189
0
LINE
8
BLACK
6
CONTINUOUS
10
1.1020803937007875
20
0.8578644094488189
11
1.1092650393700787
21
0.8560682283464567
0
LINE
8
BLACK
6
CONTINUOUS
10
1.1092650393700787
20
0.8560682283464567
11
1.1093075196850393
21
0.8560530708661417
0
LINE
8
BLACK
6
CONTINUOUS
10
1.1093075196850393
20
0.8560530708661417
11
1.109328779527559
21
0.8560515354330709
0
LINE
8
BLACK
6
CONTINUOUS
10
1.109328779527559
20
0.8560515354330709
11
1.109568188976378
21
0.8559599212598425
0
LINE
8
BLACK
6
CONTINUOUS
10
1.109568188976378
20
0.8559599212598425
11
1.109810157480315
21
0.8558734645669291
0
LINE
8
BLACK
6
CONTINUOUS
10
1.109810157480315
20
0.8558734645669291
11
1.1098272834645668
21
0.8558607874015748
0
LINE
8
BLACK
6
CONTINUOUS
10
1.1098272834645668
20
0.8558607874015748
11
1.1098694094488188
21
0.8558446456692913
0
LINE
8
BLACK
6
CONTINUOUS
10
1.1098694094488188
20
0.8558446456692913
11
1.113618937007874
21
0.8539698818897637
0
LINE
8
BLACK
6
CONTINUOUS
10
1.113618937007874
20
0.8539698818897637
11
1.1138669291338583
21
0.8538138188976377
0
LINE
8
BLACK
6
CONTINUOUS
10
1.1138669291338583
20
0.8538138188976377
11
1.1139388976377953
21
0.8537839763779528
0
LINE
8
BLACK
6
CONTINUOUS
10
1.1139388976377953
20
0.8537839763779528
11
1.114019842519685
21
0.8537175196850394
0
LINE
8
BLACK
6
CONTINUOUS
10
1.114019842519685
20
0.8537175196850394
11
1.1141088188976378
21
0.8536615354330709
0
LINE
8
BLACK
6
CONTINUOUS
10
1.1141088188976378
20
0.8536615354330709
11
1.1141599606299213
21
0.8536025590551181
0
LINE
8
BLACK
6
CONTINUOUS
10
1.1141599606299213
20
0.8536025590551181
11
1.1143863385826771
21
0.8534167716535432
0
LINE
8
BLACK
6
CONTINUOUS
10
1.1143863385826771
20
0.8534167716535432
11
1.1162611023622047
21
0.8515420078740157
0
LINE
8
BLACK
6
CONTINUOUS
10
1.1162611023622047
20
0.8515420078740157
11
1.1164468503937008
21
0.8513156692913386
0
LINE
8
BLACK
6
CONTINUOUS
10
1.1164468503937008
20
0.8513156692913386
11
1.1165058661417322
21
0.8512644881889764
0
LINE
8
BLACK
6
CONTINUOUS
10
1.1165058661417322
20
0.8512644881889764
11
1.116561811023622
21
0.8511755511811023
0
LINE
8
BLACK
6
CONTINUOUS
10
1.116561811023622
20
0.8511755511811023
11
1.1166283070866141
21
0.8510945669291339
0
LINE
8
BLACK
6
CONTINUOUS
10
1.1166283070866141
20
0.8510945669291339
11
1.1166581102362205
21
0.8510226377952755
0
LINE
8
BLACK
6
CONTINUOUS
10
1.1166581102362205
20
0.8510226377952755
11
1.1168142125984253
21
0.8507746062992125
0
LINE
8
BLACK
6
CONTINUOUS
10
1.1168142125984253
20
0.8507746062992125
11
1.1186889763779528
21
0.8470250787401574
0
LINE
8
BLACK
6
CONTINUOUS
10
1.1186889763779528
20
0.8470250787401574
11
1.1188958661417323
21
0.8464844881889764
0
LINE
8
BLACK
6
CONTINUOUS
10
1.1188958661417323
20
0.8464844881889764
11
1.1189033858267716
21
0.8463786220472441
0
LINE
8
BLACK
6
CONTINUOUS
10
1.1189033858267716
20
0.8463786220472441
11
1.1189439763779527
21
0.8462806299212599
0
LINE
8
BLACK
6
CONTINUOUS
10
1.1189439763779527
20
0.8462806299212599
11
1.1190007086614173
21
0.8457045669291339
0
LINE
8
BLACK
6
CONTINUOUS
10
1.1190007086614173
20
0.8457045669291339
11
1.1190007086614173
21
0.8419550393700788
0
LINE
8
BLACK
6
CONTINUOUS
10
1.1190007086614173
20
0.8419550393700788
11
1.1189439763779527
21
0.8413789763779528
0
LINE
8
BLACK
6
CONTINUOUS
10
1.1189439763779527
20
0.8413789763779528
11
1.1189033858267716
21
0.8412810236220473
0
LINE
8
BLACK
6
CONTINUOUS
10
1.1189033858267716
20
0.8412810236220473
11
1.1188958661417323
21
0.8411751181102362
0
LINE
8
BLACK
6
CONTINUOUS
10
1.1188958661417323
20
0.8411751181102362
11
1.1186889763779528
21
0.8406345275590551
0
LINE
8
BLACK
6
CONTINUOUS
10
1.1186889763779528
20
0.8406345275590551
11
1.1168142125984253
21
0.836885
0
LINE
8
BLACK
6
CONTINUOUS
10
1.1168142125984253
20
0.836885
11
1.1166581496062993
21
0.836637125984252
0
LINE
8
BLACK
6
CONTINUOUS
10
1.1166581496062993
20
0.836637125984252
11
1.1166283464566928
21
0.8365650787401575
0
LINE
8
BLACK
6
CONTINUOUS
10
1.1166283464566928
20
0.8365650787401575
11
1.116561811023622
21
0.8364840551181102
0
LINE
8
BLACK
6
CONTINUOUS
10
1.116561811023622
20
0.8364840551181102
11
1.1165058661417322
21
0.8363951181102361
0
LINE
8
BLACK
6
CONTINUOUS
10
1.1165058661417322
20
0.8363951181102361
11
1.1164468503937008
21
0.8363439763779528
0
LINE
8
BLACK
6
CONTINUOUS
10
1.1164468503937008
20
0.8363439763779528
11
1.1162611023622047
21
0.8361175984251968
0
LINE
8
BLACK
6
CONTINUOUS
10
1.1162611023622047
20
0.8361175984251968
11
1.1143863779527559
21
0.8342428346456693
0
LINE
8
BLACK
6
CONTINUOUS
10
1.1143863779527559
20
0.8342428346456693
11
1.11416
21
0.8340570866141732
0
LINE
8
BLACK
6
CONTINUOUS
10
1.11416
20
0.8340570866141732
11
1.1141088188976378
21
0.833998031496063
0
LINE
8
BLACK
6
CONTINUOUS
10
1.1141088188976378
20
0.833998031496063
11
1.114019842519685
21
0.8339420472440945
0
LINE
8
BLACK
6
CONTINUOUS
10
1.114019842519685
20
0.8339420472440945
11
1.1139388976377953
21
0.8338755905511811
0
LINE
8
BLACK
6
CONTINUOUS
10
1.1139388976377953
20
0.8338755905511811
11
1.1138669291338583
21
0.8338457874015748
0
LINE
8
BLACK
6
CONTINUOUS
10
1.1138669291338583
20
0.8338457874015748
11
1.113618937007874
21
0.83368968503937
0
LINE
8
BLACK
6
CONTINUOUS
10
1.113618937007874
20
0.83368968503937
11
1.1098694094488188
21
0.8318149212598425
0
LINE
8
BLACK
6
CONTINUOUS
10
1.1098694094488188
20
0.8318149212598425
11
1.109328779527559
21
0.831608031496063
0
LINE
8
BLACK
6
CONTINUOUS
10
1.109328779527559
20
0.831608031496063
11
1.1092229527559054
21
0.8316005511811023
0
LINE
8
BLACK
6
CONTINUOUS
10
1.1092229527559054
20
0.8316005511811023
11
1.1091249606299212
21
0.8315599212598425
0
LINE
8
BLACK
6
CONTINUOUS
10
1.1091249606299212
20
0.8315599212598425
11
1.1085488976377953
21
0.831503188976378
0
LINE
8
BLACK
6
CONTINUOUS
10
1.1085488976377953
20
0.831503188976378
11
1.0991750787401575
21
0.831503188976378
0
LINE
8
BLACK
6
CONTINUOUS
10
1.0991750787401575
20
0.831503188976378
11
1.0988834645669292
21
0.8315319291338582
0
LINE
8
BLACK
6
CONTINUOUS
10
1.0988834645669292
20
0.8315319291338582
11
1.0988057480314961
21
0.8315263779527559
0
LINE
8
BLACK
6
CONTINUOUS
10
1.0988057480314961
20
0.8315263779527559
11
1.0987034645669291
21
0.8315496456692913
0
LINE
8
BLACK
6
CONTINUOUS
10
1.0987034645669291
20
0.8315496456692913
11
1.0985990157480314
21
0.8315599212598425
0
LINE
8
BLACK
6
CONTINUOUS
10
1.0985990157480314
20
0.8315599212598425
11
1.0985269291338582
21
0.8315898031496063
0
LINE
8
BLACK
6
CONTINUOUS
10
1.0985269291338582
20
0.8315898031496063
11
1.0982412992125985
21
0.8316547244094488
0
LINE
8
BLACK
6
CONTINUOUS
10
1.0982412992125985
20
0.8316547244094488
11
1.0926170472440944
21
0.8335294881889763
0
LINE
8
BLACK
6
CONTINUOUS
10
1.0926170472440944
20
0.8335294881889763
11
1.0920884645669291
21
0.8337654724409449
0
LINE
8
BLACK
6
CONTINUOUS
10
1.0920884645669291
20
0.8337654724409449
11
1.0912181102362204
21
0.8345203543307086
0
LINE
8
BLACK
6
CONTINUOUS
10
1.0912181102362204
20
0.8345203543307086
11
1.0907029133858268
21
0.8355507874015747
0
LINE
8
BLACK
6
CONTINUOUS
10
1.0907029133858268
20
0.8355507874015747
11
1.0906212204724408
21
0.8367
0
LINE
8
BLACK
6
CONTINUOUS
10
1.0906212204724408
20
0.8367
11
1.0909855511811024
21
0.837793031496063
0
LINE
8
BLACK
6
CONTINUOUS
10
1.0909855511811024
20
0.837793031496063
11
1.0917404330708662
21
0.8386633858267716
0
LINE
8
BLACK
6
CONTINUOUS
10
1.0917404330708662
20
0.8386633858267716
11
1.0927708661417324
21
0.8391785826771654
0
LINE
8
BLACK
6
CONTINUOUS
10
1.0927708661417324
20
0.8391785826771654
11
1.0939200787401575
21
0.8392602755905512
0
LINE
8
BLACK
6
CONTINUOUS
10
1.0939200787401575
20
0.8392602755905512
11
1.0944845275590551
21
0.8391319291338583
0
LINE
8
BLACK
6
CONTINUOUS
10
1.0944845275590551
20
0.8391319291338583
11
1.0996542125984252
21
0.8374087007874016
0
LINE
8
BLACK
6
CONTINUOUS
10
1.0996542125984252
20
0.8374087007874016
11
1.1078518503937007
21
0.8374087007874016
0
LINE
8
BLACK
6
CONTINUOUS
10
1.1078518503937007
20
0.8374087007874016
11
1.1105492913385826
21
0.8387574409448819
0
LINE
8
BLACK
6
CONTINUOUS
10
1.1105492913385826
20
0.8387574409448819
11
1.1117464173228346
21
0.8399546062992126
0
LINE
8
BLACK
6
CONTINUOUS
10
1.1117464173228346
20
0.8399546062992126
11
1.1130951968503937
21
0.8426520866141732
0
LINE
8
BLACK
6
CONTINUOUS
10
1.1130951968503937
20
0.8426520866141732
11
1.1130951968503937
21
0.8450075196850394
0
LINE
8
BLACK
6
CONTINUOUS
10
1.1130951968503937
20
0.8450075196850394
11
1.1117464566929134
21
0.8477049999999999
0
LINE
8
BLACK
6
CONTINUOUS
10
1.1117464566929134
20
0.8477049999999999
11
1.1105493307086614
21
0.848902125984252
0
LINE
8
BLACK
6
CONTINUOUS
10
1.1105493307086614
20
0.848902125984252
11
1.1075183464566929
21
0.8504176377952756
0
LINE
8
BLACK
6
CONTINUOUS
10
1.1075183464566929
20
0.8504176377952756
11
1.1003337007874014
21
0.8522137795275591
0
LINE
8
BLACK
6
CONTINUOUS
10
1.1003337007874014
20
0.8522137795275591
11
1.1002911811023621
21
0.8522289763779527
0
LINE
8
BLACK
6
CONTINUOUS
10
1.1002911811023621
20
0.8522289763779527
11
1.1002699212598426
21
0.8522304724409449
0
LINE
8
BLACK
6
CONTINUOUS
10
1.1002699212598426
20
0.8522304724409449
11
1.1000301574803149
21
0.8523222440944882
0
LINE
8
BLACK
6
CONTINUOUS
10
1.1000301574803149
20
0.8523222440944882
11
1.0997885826771654
21
0.8524085433070866
0
LINE
8
BLACK
6
CONTINUOUS
10
1.0997885826771654
20
0.8524085433070866
11
1.0997714173228346
21
0.8524212598425197
0
LINE
8
BLACK
6
CONTINUOUS
10
1.0997714173228346
20
0.8524212598425197
11
1.0997293307086613
21
0.8524373622047244
0
LINE
8
BLACK
6
CONTINUOUS
10
1.0997293307086613
20
0.8524373622047244
11
1.0959798031496062
21
0.854312125984252
0
LINE
8
BLACK
6
CONTINUOUS
10
1.0959798031496062
20
0.854312125984252
11
1.0957317716535433
21
0.8544682283464566
0
LINE
8
BLACK
6
CONTINUOUS
10
1.0957317716535433
20
0.8544682283464566
11
1.0956598425196851
21
0.854498031496063
0
LINE
8
BLACK
6
CONTINUOUS
10
1.0956598425196851
20
0.854498031496063
11
1.0955788582677166
21
0.8545645275590551
0
LINE
8
BLACK
6
CONTINUOUS
10
1.0955788582677166
20
0.8545645275590551
11
1.0954899212598426
21
0.8546204724409449
0
LINE
8
BLACK
6
CONTINUOUS
10
1.0954899212598426
20
0.8546204724409449
11
1.0954387401574803
21
0.8546794881889763
0
LINE
8
BLACK
6
CONTINUOUS
10
1.0954387401574803
20
0.8546794881889763
11
1.095212401574803
21
0.8548652362204724
0
LINE
8
BLACK
6
CONTINUOUS
10
1.095212401574803
20
0.8548652362204724
11
1.0933376377952755
21
0.8567399999999999
0
LINE
8
BLACK
6
CONTINUOUS
10
1.0933376377952755
20
0.8567399999999999
11
1.0931518503937008
21
0.8569663779527559
0
LINE
8
BLACK
6
CONTINUOUS
10
1.0931518503937008
20
0.8569663779527559
11
1.093092874015748
21
0.8570175196850394
0
LINE
8
BLACK
6
CONTINUOUS
10
1.093092874015748
20
0.8570175196850394
11
1.0930368897637794
21
0.8571064960629921
0
LINE
8
BLACK
6
CONTINUOUS
10
1.0930368897637794
20
0.8571064960629921
11
1.0929704330708661
21
0.8571874409448819
0
LINE
8
BLACK
6
CONTINUOUS
10
1.0929704330708661
20
0.8571874409448819
11
1.0929405905511811
21
0.8572594094488188
0
LINE
8
BLACK
6
CONTINUOUS
10
1.0929405905511811
20
0.8572594094488188
11
1.0927845275590551
21
0.8575074015748031
0
LINE
8
BLACK
6
CONTINUOUS
10
1.0927845275590551
20
0.8575074015748031
11
1.0909097637795275
21
0.8612569291338582
0
LINE
8
BLACK
6
CONTINUOUS
10
1.0909097637795275
20
0.8612569291338582
11
1.0907028740157481
21
0.8617975590551181
0
LINE
8
BLACK
6
CONTINUOUS
10
1.0907028740157481
20
0.8617975590551181
11
1.0906953543307087
21
0.8619033858267716
0
LINE
8
BLACK
6
CONTINUOUS
10
1.0906953543307087
20
0.8619033858267716
11
1.0906547637795276
21
0.8620013779527559
0
LINE
8
BLACK
6
CONTINUOUS
10
1.0906547637795276
20
0.8620013779527559
11
1.090598031496063
21
0.8625774409448819
0
LINE
8
BLACK
6
CONTINUOUS
10
1.090598031496063
20
0.8625774409448819
11
1.090598031496063
21
0.866326968503937
0
LINE
8
BLACK
6
CONTINUOUS
10
1.090598031496063
20
0.866326968503937
11
1.0906547637795276
21
0.866903031496063
0
LINE
8
BLACK
6
CONTINUOUS
10
1.0906547637795276
20
0.866903031496063
11
1.0906953543307087
21
0.867001062992126
0
LINE
8
BLACK
6
CONTINUOUS
10
1.0906953543307087
20
0.867001062992126
11
1.0907028740157481
21
0.8671068503937007
0
LINE
8
BLACK
6
CONTINUOUS
10
1.0907028740157481
20
0.8671068503937007
11
1.0909097637795275
21
0.8676474803149606
0
LINE
8
BLACK
6
CONTINUOUS
10
1.0909097637795275
20
0.8676474803149606
11
1.0927845275590551
21
0.8713970078740157
0
LINE
8
BLACK
6
CONTINUOUS
10
1.0927845275590551
20
0.8713970078740157
11
1.0929405905511811
21
0.8716450393700788
0
LINE
8
BLACK
6
CONTINUOUS
10
1.0929405905511811
20
0.8716450393700788
11
1.0929704330708661
21
0.871716968503937
0
LINE
8
BLACK
6
CONTINUOUS
10
1.0929704330708661
20
0.871716968503937
11
1.0930368897637794
21
0.8717979527559055
0
LINE
8
BLACK
6
CONTINUOUS
10
1.0930368897637794
20
0.8717979527559055
11
1.093092874015748
21
0.8718868897637795
0
LINE
8
BLACK
6
CONTINUOUS
10
1.093092874015748
20
0.8718868897637795
11
1.0931518503937008
21
0.8719380708661417
0
LINE
8
BLACK
6
CONTINUOUS
10
1.0931518503937008
20
0.8719380708661417
11
1.0933376377952755
21
0.8721644094488189
0
LINE
8
BLACK
6
CONTINUOUS
10
1.0933376377952755
20
0.8721644094488189
11
1.095212401574803
21
0.8740391732283465
0
LINE
8
BLACK
6
CONTINUOUS
10
1.095212401574803
20
0.8740391732283465
11
1.0954387401574803
21
0.8742249606299213
0
LINE
8
BLACK
6
CONTINUOUS
10
1.0954387401574803
20
0.8742249606299213
11
1.0954899212598426
21
0.874283937007874
0
LINE
8
BLACK
6
CONTINUOUS
10
1.0954899212598426
20
0.874283937007874
11
1.0955788582677166
21
0.8743399212598425
0
LINE
8
BLACK
6
CONTINUOUS
10
1.0955788582677166
20
0.8743399212598425
11
1.0956598425196851
21
0.8744063779527559
0
LINE
8
BLACK
6
CONTINUOUS
10
1.0956598425196851
20
0.8744063779527559
11
1.0957317716535433
21
0.874436220472441
0
LINE
8
BLACK
6
CONTINUOUS
10
1.0957317716535433
20
0.874436220472441
11
1.0959798031496062
21
0.8745922834645669
0
LINE
8
BLACK
6
CONTINUOUS
10
1.0959798031496062
20
0.8745922834645669
11
1.0997293307086613
21
0.8764670472440945
0
LINE
8
BLACK
6
CONTINUOUS
10
1.0997293307086613
20
0.8764670472440945
11
1.1002699212598426
21
0.876673937007874
0
LINE
8
BLACK
6
CONTINUOUS
10
1.1002699212598426
20
0.876673937007874
11
1.1003757874015747
21
0.8766814960629921
0
LINE
8
BLACK
6
CONTINUOUS
10
1.1003757874015747
20
0.8766814960629921
11
1.100473779527559
21
0.8767220472440944
0
LINE
8
BLACK
6
CONTINUOUS
10
1.100473779527559
20
0.8767220472440944
11
1.1010498425196851
21
0.876778779527559
0
LINE
8
BLACK
6
CONTINUOUS
10
1.1010498425196851
20
0.876778779527559
11
1.1104236614173228
21
0.876778779527559
0
LINE
8
BLACK
6
CONTINUOUS
10
1.1104236614173228
20
0.876778779527559
11
1.1107151968503937
21
0.8767500787401574
0
LINE
8
BLACK
6
CONTINUOUS
10
1.1819484251968504
20
0.8767220472440944
11
1.1822408267716535
21
0.8767220472440944
0
LINE
8
BLACK
6
CONTINUOUS
10
1.1822408267716535
20
0.8767220472440944
11
1.1825080708661417
21
0.8766113385826771
0
LINE
8
BLACK
6
CONTINUOUS
10
1.1825080708661417
20
0.8766113385826771
11
1.1827918897637795
21
0.8765551968503937
0
LINE
8
BLACK
6
CONTINUOUS
10
1.1827918897637795
20
0.8765551968503937
11
1.1830351574803148
21
0.876393031496063
0
LINE
8
BLACK
6
CONTINUOUS
10
1.1830351574803148
20
0.876393031496063
11
1.1833052362204723
21
0.8762811417322834
0
LINE
8
BLACK
6
CONTINUOUS
10
1.1833052362204723
20
0.8762811417322834
11
1.18350968503937
21
0.8760766929133859
0
LINE
8
BLACK
6
CONTINUOUS
10
1.18350968503937
20
0.8760766929133859
11
1.1837505118110236
21
0.8759161417322835
0
LINE
8
BLACK
6
CONTINUOUS
10
1.1837505118110236
20
0.8759161417322835
11
1.1839132283464566
21
0.8756731496062992
0
LINE
8
BLACK
6
CONTINUOUS
10
1.1839132283464566
20
0.8756731496062992
11
1.1841198818897638
21
0.8754664960629921
0
LINE
8
BLACK
6
CONTINUOUS
10
1.1841198818897638
20
0.8754664960629921
11
1.1842305511811024
21
0.8751992913385827
0
LINE
8
BLACK
6
CONTINUOUS
10
1.1842305511811024
20
0.8751992913385827
11
1.1843915748031495
21
0.8749588582677165
0
LINE
8
BLACK
6
CONTINUOUS
10
1.1843915748031495
20
0.8749588582677165
11
1.1844488976377952
21
0.8746722047244094
0
LINE
8
BLACK
6
CONTINUOUS
10
1.1844488976377952
20
0.8746722047244094
11
1.1845607874015747
21
0.8744020866141732
0
LINE
8
BLACK
6
CONTINUOUS
10
1.1845607874015747
20
0.8744020866141732
11
1.1846168897637794
21
0.8738321653543307
0
LINE
8
BLACK
6
CONTINUOUS
10
1.1846168897637794
20
0.8738321653543307
11
1.1846175196850393
21
0.8738291338582677
0
LINE
8
BLACK
6
CONTINUOUS
10
1.1846175196850393
20
0.8738291338582677
11
1.184617283464567
21
0.8738281102362204
0
LINE
8
BLACK
6
CONTINUOUS
10
1.184617283464567
20
0.8738281102362204
11
1.1846175196850393
21
0.8738260236220472
0
LINE
8
BLACK
6
CONTINUOUS
10
1.1846175196850393
20
0.8738260236220472
11
1.1846175196850393
21
0.8374087007874016
0
LINE
8
BLACK
6
CONTINUOUS
10
1.1846175196850393
20
0.8374087007874016
11
1.1929133464566928
21
0.8374087007874016
0
LINE
8
BLACK
6
CONTINUOUS
10
1.1929133464566928
20
0.8374087007874016
11
1.1934894094488189
21
0.837351968503937
0
LINE
8
BLACK
6
CONTINUOUS
10
1.1934894094488189
20
0.837351968503937
11
1.1945538188976377
21
0.8369110629921259
0
LINE
8
BLACK
6
CONTINUOUS
10
1.1945538188976377
20
0.8369110629921259
11
1.1953684645669291
21
0.8360964173228346
0
LINE
8
BLACK
6
CONTINUOUS
10
1.1953684645669291
20
0.8360964173228346
11
1.1958093700787402
21
0.8350320078740158
0
LINE
8
BLACK
6
CONTINUOUS
10
1.1958093700787402
20
0.8350320078740158
11
1.1958093700787402
21
0.8338798818897638
0
LINE
8
BLACK
6
CONTINUOUS
10
1.1958093700787402
20
0.8338798818897638
11
1.1953684645669291
21
0.8328154724409449
0
LINE
8
BLACK
6
CONTINUOUS
10
1.1953684645669291
20
0.8328154724409449
11
1.1945538188976377
21
0.8320008267716535
0
LINE
8
BLACK
6
CONTINUOUS
10
1.1945538188976377
20
0.8320008267716535
11
1.1934894094488189
21
0.8315599212598425
0
LINE
8
BLACK
6
CONTINUOUS
10
1.1934894094488189
20
0.8315599212598425
11
1.1929133464566928
21
0.831503188976378
0
LINE
8
BLACK
6
CONTINUOUS
10
1.1929133464566928
20
0.831503188976378
11
1.1704161811023621
21
0.831503188976378
0
LINE
8
BLACK
6
CONTINUOUS
10
1.1704161811023621
20
0.831503188976378
11
1.1698401181102362
21
0.8315599212598425
0
LINE
8
BLACK
6
CONTINUOUS
10
1.1698401181102362
20
0.8315599212598425
11
1.1687757086614172
21
0.8320008267716535
0
LINE
8
BLACK
6
CONTINUOUS
10
1.1687757086614172
20
0.8320008267716535
11
1.167961062992126
21
0.8328154724409449
0
LINE
8
BLACK
6
CONTINUOUS
10
1.167961062992126
20
0.8328154724409449
11
1.1675201574803149
21
0.8338798818897638
0
LINE
8
BLACK
6
CONTINUOUS
10
1.1675201574803149
20
0.8338798818897638
11
1.1675201574803149
21
0.8350320078740158
0
LINE
8
BLACK
6
CONTINUOUS
10
1.1675201574803149
20
0.8350320078740158
11
1.167961062992126
21
0.8360964173228346
0
LINE
8
BLACK
6
CONTINUOUS
10
1.167961062992126
20
0.8360964173228346
11
1.1687757086614172
21
0.8369110629921259
0
LINE
8
BLACK
6
CONTINUOUS
10
1.1687757086614172
20
0.8369110629921259
11
1.1698401181102362
21
0.837351968503937
0
LINE
8
BLACK
6
CONTINUOUS
10
1.1698401181102362
20
0.837351968503937
11
1.1704161811023621
21
0.8374087007874016
0
LINE
8
BLACK
6
CONTINUOUS
10
1.1704161811023621
20
0.8374087007874016
11
1.1787120078740156
21
0.8374087007874016
0
LINE
8
BLACK
6
CONTINUOUS
10
1.1787120078740156
20
0.8374087007874016
11
1.1787120078740156
21
0.8648226771653543
0
LINE
8
BLACK
6
CONTINUOUS
10
1.1787120078740156
20
0.8648226771653543
11
1.1762536220472442
21
0.8623642913385826
0
LINE
8
BLACK
6
CONTINUOUS
10
1.1762536220472442
20
0.8623642913385826
11
1.1760272440944881
21
0.8621785433070865
0
LINE
8
BLACK
6
CONTINUOUS
10
1.1760272440944881
20
0.8621785433070865
11
1.1759761023622046
21
0.8621195275590551
0
LINE
8
BLACK
6
CONTINUOUS
10
1.1759761023622046
20
0.8621195275590551
11
1.175887125984252
21
0.8620635826771653
0
LINE
8
BLACK
6
CONTINUOUS
10
1.175887125984252
20
0.8620635826771653
11
1.1758061811023621
21
0.8619970866141732
0
LINE
8
BLACK
6
CONTINUOUS
10
1.1758061811023621
20
0.8619970866141732
11
1.1757342125984251
21
0.8619672834645669
0
LINE
8
BLACK
6
CONTINUOUS
10
1.1757342125984251
20
0.8619672834645669
11
1.175486220472441
21
0.8618111811023622
0
LINE
8
BLACK
6
CONTINUOUS
10
1.175486220472441
20
0.8618111811023622
11
1.1717366929133859
21
0.8599364173228347
0
LINE
8
BLACK
6
CONTINUOUS
10
1.1717366929133859
20
0.8599364173228347
11
1.1711960629921259
21
0.8597295275590551
0
LINE
8
BLACK
6
CONTINUOUS
10
1.1711960629921259
20
0.8597295275590551
11
1.1700468503937007
21
0.859647874015748
0
LINE
8
BLACK
6
CONTINUOUS
10
1.1700468503937007
20
0.859647874015748
11
1.1689538976377953
21
0.8600122047244094
0
LINE
8
BLACK
6
CONTINUOUS
10
1.1689538976377953
20
0.8600122047244094
11
1.1680835039370079
21
0.8607670472440945
0
LINE
8
BLACK
6
CONTINUOUS
10
1.1680835039370079
20
0.8607670472440945
11
1.1675682677165353
21
0.8617975590551181
0
LINE
8
BLACK
6
CONTINUOUS
10
1.1675682677165353
20
0.8617975590551181
11
1.1674866141732283
21
0.8629467716535433
0
LINE
8
BLACK
6
CONTINUOUS
10
1.1674866141732283
20
0.8629467716535433
11
1.1678509448818897
21
0.8640397244094488
0
LINE
8
BLACK
6
CONTINUOUS
10
1.1678509448818897
20
0.8640397244094488
11
1.1686057874015747
21
0.8649101181102362
0
LINE
8
BLACK
6
CONTINUOUS
10
1.1686057874015747
20
0.8649101181102362
11
1.1690956692913386
21
0.8652184645669291
0
LINE
8
BLACK
6
CONTINUOUS
10
1.1690956692913386
20
0.8652184645669291
11
1.1724166141732284
21
0.866878937007874
0
LINE
8
BLACK
6
CONTINUOUS
10
1.1724166141732284
20
0.866878937007874
11
1.1756205118110237
21
0.8700828346456693
0
LINE
8
BLACK
6
CONTINUOUS
10
1.1756205118110237
20
0.8700828346456693
11
1.1792079133858266
21
0.8754639370078739
0
LINE
8
BLACK
6
CONTINUOUS
10
1.1792079133858266
20
0.8754639370078739
11
1.179209251968504
21
0.8754656299212599
0
LINE
8
BLACK
6
CONTINUOUS
10
1.179209251968504
20
0.8754656299212599
11
1.1792096456692913
21
0.8754664960629921
0
LINE
8
BLACK
6
CONTINUOUS
10
1.1792096456692913
20
0.8754664960629921
11
1.179211653543307
21
0.8754685433070866
0
LINE
8
BLACK
6
CONTINUOUS
10
1.179211653543307
20
0.8754685433070866
11
1.17957468503937
21
0.8759117716535433
0
LINE
8
BLACK
6
CONTINUOUS
10
1.17957468503937
20
0.8759117716535433
11
1.1798175590551181
21
0.8760744488188976
0
LINE
8
BLACK
6
CONTINUOUS
10
1.1798175590551181
20
0.8760744488188976
11
1.1800242913385826
21
0.8762811417322834
0
LINE
8
BLACK
6
CONTINUOUS
10
1.1800242913385826
20
0.8762811417322834
11
1.1802915748031495
21
0.8763918897637795
0
LINE
8
BLACK
6
CONTINUOUS
10
1.1802915748031495
20
0.8763918897637795
11
1.180531968503937
21
0.8765528346456692
0
LINE
8
BLACK
6
CONTINUOUS
10
1.180531968503937
20
0.8765528346456692
11
1.1808185826771653
21
0.8766101968503937
0
LINE
8
BLACK
6
CONTINUOUS
10
1.1808185826771653
20
0.8766101968503937
11
1.1810887007874016
21
0.8767220472440944
0
LINE
8
BLACK
6
CONTINUOUS
10
1.1810887007874016
20
0.8767220472440944
11
1.1813779921259842
21
0.8767220472440944
0
LINE
8
BLACK
6
CONTINUOUS
10
1.1813779921259842
20
0.8767220472440944
11
1.1816616535433071
21
0.876778779527559
0
LINE
8
BLACK
6
CONTINUOUS
10
1.1816616535433071
20
0.876778779527559
11
1.1819484251968504
21
0.8767220472440944
0
LINE
8
BLACK
6
CONTINUOUS
10
1.0783183858267715
20
0.8762811417322834
11
1.079133031496063
21
0.8754664960629921
0
LINE
8
BLACK
6
CONTINUOUS
10
1.079133031496063
20
0.8754664960629921
11
1.0795739370078741
21
0.8744020866141732
0
LINE
8
BLACK
6
CONTINUOUS
10
1.0795739370078741
20
0.8744020866141732
11
1.0796306692913387
21
0.8738260236220472
0
LINE
8
BLACK
6
CONTINUOUS
10
1.0796306692913387
20
0.8738260236220472
11
1.0796306692913387
21
0.8344559448818898
0
LINE
8
BLACK
6
CONTINUOUS
10
1.0796306692913387
20
0.8344559448818898
11
1.0795739370078741
21
0.8338798818897638
0
LINE
8
BLACK
6
CONTINUOUS
10
1.0795739370078741
20
0.8338798818897638
11
1.079133031496063
21
0.8328154724409449
0
LINE
8
BLACK
6
CONTINUOUS
10
1.079133031496063
20
0.8328154724409449
11
1.0783183858267715
21
0.8320008267716535
0
LINE
8
BLACK
6
CONTINUOUS
10
1.0783183858267715
20
0.8320008267716535
11
1.0772539763779527
21
0.8315599212598425
0
LINE
8
BLACK
6
CONTINUOUS
10
1.0772539763779527
20
0.8315599212598425
11
1.0761018503937008
21
0.8315599212598425
0
LINE
8
BLACK
6
CONTINUOUS
10
1.0761018503937008
20
0.8315599212598425
11
1.075037440944882
21
0.8320008267716535
0
LINE
8
BLACK
6
CONTINUOUS
10
1.075037440944882
20
0.8320008267716535
11
1.0742227952755905
21
0.8328154724409449
0
LINE
8
BLACK
6
CONTINUOUS
10
1.0742227952755905
20
0.8328154724409449
11
1.0737818897637794
21
0.8338798818897638
0
LINE
8
BLACK
6
CONTINUOUS
10
1.0737818897637794
20
0.8338798818897638
11
1.0737251574803148
21
0.8344559448818898
0
LINE
8
BLACK
6
CONTINUOUS
10
1.0737251574803148
20
0.8344559448818898
11
1.0737251574803148
21
0.8738260236220472
0
LINE
8
BLACK
6
CONTINUOUS
10
1.0737251574803148
20
0.8738260236220472
11
1.0737818897637794
21
0.8744020866141732
0
LINE
8
BLACK
6
CONTINUOUS
10
1.0737818897637794
20
0.8744020866141732
11
1.0742227952755905
21
0.8754664960629921
0
LINE
8
BLACK
6
CONTINUOUS
10
1.0742227952755905
20
0.8754664960629921
11
1.075037440944882
21
0.8762811417322834
0
LINE
8
BLACK
6
CONTINUOUS
10
1.075037440944882
20
0.8762811417322834
11
1.0761018503937008
21
0.8767220472440944
0
LINE
8
BLACK
6
CONTINUOUS
10
1.0761018503937008
20
0.8767220472440944
11
1.0772539763779527
21
0.8767220472440944
0
LINE
8
BLACK
6
CONTINUOUS
10
1.0772539763779527
20
0.8767220472440944
11
1.0783183858267715
21
0.8762811417322834
0
LINE
8
BLACK
6
CONTINUOUS
10
1.1484950393700788
20
0.8767220472440944
11
1.1485930314960631
21
0.8766814566929134
0
LINE
8
BLACK
6
CONTINUOUS
10
1.1485930314960631
20
0.8766814566929134
11
1.1486988582677164
21
0.876673937007874
0
LINE
8
BLACK
6
CONTINUOUS
10
1.1486988582677164
20
0.876673937007874
11
1.1492394881889763
21
0.8764670472440945
0
LINE
8
BLACK
6
CONTINUOUS
10
1.1492394881889763
20
0.8764670472440945
11
1.1529890157480314
21
0.8745922834645669
0
LINE
8
BLACK
6
CONTINUOUS
10
1.1529890157480314
20
0.8745922834645669
11
1.1532370078740157
21
0.874436220472441
0
LINE
8
BLACK
6
CONTINUOUS
10
1.1532370078740157
20
0.874436220472441
11
1.1533089763779527
21
0.8744063779527559
0
LINE
8
BLACK
6
CONTINUOUS
10
1.1533089763779527
20
0.8744063779527559
11
1.1533899212598424
21
0.8743399212598425
0
LINE
8
BLACK
6
CONTINUOUS
10
1.1533899212598424
20
0.8743399212598425
11
1.1534788976377952
21
0.874283937007874
0
LINE
8
BLACK
6
CONTINUOUS
10
1.1534788976377952
20
0.874283937007874
11
1.1535300393700787
21
0.8742249606299213
0
LINE
8
BLACK
6
CONTINUOUS
10
1.1535300393700787
20
0.8742249606299213
11
1.1537564173228345
21
0.8740391732283465
0
LINE
8
BLACK
6
CONTINUOUS
10
1.1537564173228345
20
0.8740391732283465
11
1.1556311811023621
21
0.8721644094488189
0
LINE
8
BLACK
6
CONTINUOUS
10
1.1556311811023621
20
0.8721644094488189
11
1.1558169291338583
21
0.8719380708661417
0
LINE
8
BLACK
6
CONTINUOUS
10
1.1558169291338583
20
0.8719380708661417
11
1.1558759448818898
21
0.8718868897637795
0
LINE
8
BLACK
6
CONTINUOUS
10
1.1558759448818898
20
0.8718868897637795
11
1.1559318897637796
21
0.8717979527559055
0
LINE
8
BLACK
6
CONTINUOUS
10
1.1559318897637796
20
0.8717979527559055
11
1.1559983858267717
21
0.871716968503937
0
LINE
8
BLACK
6
CONTINUOUS
10
1.1559983858267717
20
0.871716968503937
11
1.1560281889763779
21
0.8716450393700788
0
LINE
8
BLACK
6
CONTINUOUS
10
1.1560281889763779
20
0.8716450393700788
11
1.1561842913385827
21
0.8713970078740157
0
LINE
8
BLACK
6
CONTINUOUS
10
1.1561842913385827
20
0.8713970078740157
11
1.1580590551181102
21
0.8676474803149606
0
LINE
8
BLACK
6
CONTINUOUS
10
1.1580590551181102
20
0.8676474803149606
11
1.1582659448818897
21
0.8671068897637795
0
LINE
8
BLACK
6
CONTINUOUS
10
1.1582659448818897
20
0.8671068897637795
11
1.158273464566929
21
0.8670010236220472
0
LINE
8
BLACK
6
CONTINUOUS
10
1.158273464566929
20
0.8670010236220472
11
1.1583140551181101
21
0.866903031496063
0
LINE
8
BLACK
6
CONTINUOUS
10
1.1583140551181101
20
0.866903031496063
11
1.1583707874015747
21
0.866326968503937
0
LINE
8
BLACK
6
CONTINUOUS
10
1.1583707874015747
20
0.866326968503937
11
1.1583707874015747
21
0.8607026771653543
0
LINE
8
BLACK
6
CONTINUOUS
10
1.1583707874015747
20
0.8607026771653543
11
1.1583140551181101
21
0.8601266141732283
0
LINE
8
BLACK
6
CONTINUOUS
10
1.1583140551181101
20
0.8601266141732283
11
1.158273464566929
21
0.8600286614173228
0
LINE
8
BLACK
6
CONTINUOUS
10
1.158273464566929
20
0.8600286614173228
11
1.1582659448818897
21
0.8599227559055118
0
LINE
8
BLACK
6
CONTINUOUS
10
1.1582659448818897
20
0.8599227559055118
11
1.1580590551181102
21
0.8593821653543307
0
LINE
8
BLACK
6
CONTINUOUS
10
1.1580590551181102
20
0.8593821653543307
11
1.1561842913385827
21
0.8556326377952755
0
LINE
8
BLACK
6
CONTINUOUS
10
1.1561842913385827
20
0.8556326377952755
11
1.1560281889763779
21
0.8553846456692913
0
LINE
8
BLACK
6
CONTINUOUS
10
1.1560281889763779
20
0.8553846456692913
11
1.1559983858267717
21
0.8553126771653543
0
LINE
8
BLACK
6
CONTINUOUS
10
1.1559983858267717
20
0.8553126771653543
11
1.1559318897637796
21
0.8552317322834645
0
LINE
8
BLACK
6
CONTINUOUS
10
1.1559318897637796
20
0.8552317322834645
11
1.1558759448818898
21
0.8551427559055118
0
LINE
8
BLACK
6
CONTINUOUS
10
1.1558759448818898
20
0.8551427559055118
11
1.1558169291338583
21
0.8550916141732283
0
LINE
8
BLACK
6
CONTINUOUS
10
1.1558169291338583
20
0.8550916141732283
11
1.1556311811023621
21
0.8548652362204724
0
LINE
8
BLACK
6
CONTINUOUS
10
1.1556311811023621
20
0.8548652362204724
11
1.1537564173228345
21
0.8529904724409448
0
LINE
8
BLACK
6
CONTINUOUS
10
1.1537564173228345
20
0.8529904724409448
11
1.1535300393700787
21
0.8528047244094488
0
LINE
8
BLACK
6
CONTINUOUS
10
1.1535300393700787
20
0.8528047244094488
11
1.1534788976377952
21
0.8527457086614173
0
LINE
8
BLACK
6
CONTINUOUS
10
1.1534788976377952
20
0.8527457086614173
11
1.1533899212598424
21
0.8526897637795275
0
LINE
8
BLACK
6
CONTINUOUS
10
1.1533899212598424
20
0.8526897637795275
11
1.1533089763779527
21
0.8526232677165354
0
LINE
8
BLACK
6
CONTINUOUS
10
1.1533089763779527
20
0.8526232677165354
11
1.1532370078740157
21
0.8525934645669291
0
LINE
8
BLACK
6
CONTINUOUS
10
1.1532370078740157
20
0.8525934645669291
11
1.1529890157480314
21
0.8524373622047244
0
LINE
8
BLACK
6
CONTINUOUS
10
1.1529890157480314
20
0.8524373622047244
11
1.1492394881889763
21
0.8505625984251969
0
LINE
8
BLACK
6
CONTINUOUS
10
1.1492394881889763
20
0.8505625984251969
11
1.1486988582677164
21
0.8503557086614173
0
LINE
8
BLACK
6
CONTINUOUS
10
1.1486988582677164
20
0.8503557086614173
11
1.1485930314960631
21
0.8503482283464566
0
LINE
8
BLACK
6
CONTINUOUS
10
1.1485930314960631
20
0.8503482283464566
11
1.1484950393700788
21
0.8503075984251969
0
LINE
8
BLACK
6
CONTINUOUS
10
1.1484950393700788
20
0.8503075984251969
11
1.1479189763779527
21
0.8502508661417323
0
LINE
8
BLACK
6
CONTINUOUS
10
1.1479189763779527
20
0.8502508661417323
11
1.1358736220472441
21
0.8502508661417323
0
LINE
8
BLACK
6
CONTINUOUS
10
1.1358736220472441
20
0.8502508661417323
11
1.1358736220472441
21
0.8344559448818898
0
LINE
8
BLACK
6
CONTINUOUS
10
1.1358736220472441
20
0.8344559448818898
11
1.1358168897637795
21
0.8338798818897638
0
LINE
8
BLACK
6
CONTINUOUS
10
1.1358168897637795
20
0.8338798818897638
11
1.1353759842519684
21
0.8328154724409449
0
LINE
8
BLACK
6
CONTINUOUS
10
1.1353759842519684
20
0.8328154724409449
11
1.1345613385826772
21
0.8320008267716535
0
LINE
8
BLACK
6
CONTINUOUS
10
1.1345613385826772
20
0.8320008267716535
11
1.1334969291338581
21
0.8315599212598425
0
LINE
8
BLACK
6
CONTINUOUS
10
1.1334969291338581
20
0.8315599212598425
11
1.1323448031496062
21
0.8315599212598425
0
LINE
8
BLACK
6
CONTINUOUS
10
1.1323448031496062
20
0.8315599212598425
11
1.1312803937007874
21
0.8320008267716535
0
LINE
8
BLACK
6
CONTINUOUS
10
1.1312803937007874
20
0.8320008267716535
11
1.1304657480314961
21
0.8328154724409449
0
LINE
8
BLACK
6
CONTINUOUS
10
1.1304657480314961
20
0.8328154724409449
11
1.130024842519685
21
0.8338798818897638
0
LINE
8
BLACK
6
CONTINUOUS
10
1.130024842519685
20
0.8338798818897638
11
1.1299681102362205
21
0.8344559448818898
0
LINE
8
BLACK
6
CONTINUOUS
10
1.1299681102362205
20
0.8344559448818898
11
1.1299681102362205
21
0.8738260236220472
0
LINE
8
BLACK
6
CONTINUOUS
10
1.1299681102362205
20
0.8738260236220472
11
1.130024842519685
21
0.8744020866141732
0
LINE
8
BLACK
6
CONTINUOUS
10
1.130024842519685
20
0.8744020866141732
11
1.1304657480314961
21
0.8754664960629921
0
LINE
8
BLACK
6
CONTINUOUS
10
1.1304657480314961
20
0.8754664960629921
11
1.1312803937007874
21
0.8762811417322834
0
LINE
8
BLACK
6
CONTINUOUS
10
1.1312803937007874
20
0.8762811417322834
11
1.1323448031496062
21
0.8767220472440944
0
LINE
8
BLACK
6
CONTINUOUS
10
1.1323448031496062
20
0.8767220472440944
11
1.1329208661417323
21
0.876778779527559
0
LINE
8
BLACK
6
CONTINUOUS
10
1.1329208661417323
20
0.876778779527559
11
1.1479189763779527
21
0.876778779527559
0
LINE
8
BLACK
6
CONTINUOUS
10
1.1479189763779527
20
0.876778779527559
11
1.1484950393700788
21
0.8767220472440944
0
LINE
8
BLACK
6
CONTINUOUS
10
1.1358736220472441
20
0.8561563779527559
11
1.1472219291338583
21
0.8561563779527559
0
LINE
8
BLACK
6
CONTINUOUS
10
1.1472219291338583
20
0.8561563779527559
11
1.1499194094488188
21
0.8575051181102362
0
LINE
8
BLACK
6
CONTINUOUS
10
1.1499194094488188
20
0.8575051181102362
11
1.1511165354330708
21
0.8587022440944881
0
LINE
8
BLACK
6
CONTINUOUS
10
1.1511165354330708
20
0.8587022440944881
11
1.1524652755905511
21
0.8613997244094488
0
LINE
8
BLACK
6
CONTINUOUS
10
1.1524652755905511
20
0.8613997244094488
11
1.1524652755905511
21
0.8656299212598425
0
LINE
8
BLACK
6
CONTINUOUS
10
1.1524652755905511
20
0.8656299212598425
11
1.1511165354330708
21
0.8683274015748031
0
LINE
8
BLACK
6
CONTINUOUS
10
1.1511165354330708
20
0.8683274015748031
11
1.1499194094488188
21
0.8695245275590551
0
LINE
8
BLACK
6
CONTINUOUS
10
1.1499194094488188
20
0.8695245275590551
11
1.1472219291338583
21
0.8708732677165354
0
LINE
8
BLACK
6
CONTINUOUS
10
1.1472219291338583
20
0.8708732677165354
11
1.1358736220472441
21
0.8708732677165354
0
LINE
8
BLACK
6
CONTINUOUS
10
1.1358736220472441
20
0.8708732677165354
11
1.1358736220472441
21
0.8561563779527559
0
LINE
8
BLACK
6
CONTINUOUS
10
2.0048409842519685
20
1.7029698031496063
11
2.0061194094488188
21
1.7016913779527558
0
LINE
8
BLACK
6
CONTINUOUS
10
2.0061194094488188
20
1.7016913779527558
11
2.0062992125984254
21
1.700787401574803
0
LINE
8
BLACK
6
CONTINUOUS
10
2.0062992125984254
20
1.700787401574803
11
2.0062992125984254
21
0.4803149606299212
0
LINE
8
BLACK
6
CONTINUOUS
10
2.0062992125984254
20
0.4803149606299212
11
2.0061194094488188
21
0.4794109842519685
0
LINE
8
BLACK
6
CONTINUOUS
10
2.0061194094488188
20
0.4794109842519685
11
2.0048409842519685
21
0.4781325590551181
0
LINE
8
BLACK
6
CONTINUOUS
10
2.0048409842519685
20
0.4781325590551181
11
2.0039370078740157
21
0.4779527559055118
0
LINE
8
BLACK
6
CONTINUOUS
10
2.0039370078740157
20
0.4779527559055118
11
-0.0039370078740157
21
0.4779527559055118
0
LINE
8
BLACK
6
CONTINUOUS
10
-0.0039370078740157
20
0.4779527559055118
11
-0.0048409842519685
21
0.4781325590551181
0
LINE
8
BLACK
6
CONTINUOUS
10
-0.0048409842519685
20
0.4781325590551181
11
-0.0061194094488189
21
0.4794109842519685
0
LINE
8
BLACK
6
CONTINUOUS
10
-0.0061194094488189
20
0.4794109842519685
11
-0.0062992125984252
21
0.4803149606299212
0
LINE
8
BLACK
6
CONTINUOUS
10
-0.0062992125984252
20
0.4803149606299212
11
-0.0062992125984252
21
1.700787401574803
0
LINE
8
BLACK
6
CONTINUOUS
10
-0.0062992125984252
20
1.700787401574803
11
-0.0061194094488189
21
1.7016913779527558
0
LINE
8
BLACK
6
CONTINUOUS
10
-0.0061194094488189
20
1.7016913779527558
11
-0.0048409842519685
21
1.7029698031496063
0
LINE
8
BLACK
6
CONTINUOUS
10
-0.0048409842519685
20
1.7029698031496063
11
-0.0039370078740157
21
1.7031496062992126
0
LINE
8
BLACK
6
CONTINUOUS
10
-0.0039370078740157
20
1.7031496062992126
11
2.0039370078740157
21
1.7031496062992126
0
LINE
8
BLACK
6
CONTINUOUS
10
2.0039370078740157
20
1.7031496062992126
11
2.0048409842519685
21
1.7029698031496063
0
LINE
8
BLACK
6
CONTINUOUS
10
-0.0015748031496063
20
1.6984251968503936
11
-0.0015748031496063
21
0.4826771653543307
0
LINE
8
BLACK
6
CONTINUOUS
10
-0.0015748031496063
20
0.4826771653543307
11
2.0015748031496061
21
0.4826771653543307
0
LINE
8
BLACK
6
CONTINUOUS
10
2.0015748031496061
20
0.4826771653543307
11
2.0015748031496061
21
1.6984251968503936
0
LINE
8
BLACK
6
CONTINUOUS
10
2.0015748031496061
20
1.6984251968503936
11
-0.0015748031496063
21
1.6984251968503936
0
LINE
8
BLACK
6
CONTINUOUS
10
0.0529582283464567
20
1.9396905118110235
11
0.0530331496062992
21
1.9393138582677165
0
LINE
8
BLACK
6
CONTINUOUS
10
0.0530331496062992
20
1.9393138582677165
11
0.0530331496062992
21
1.9374859842519685
0
LINE
8
BLACK
6
CONTINUOUS
10
0.0530331496062992
20
1.9374859842519685
11
0.0586105905511811
21
1.9374859842519685
0
LINE
8
BLACK
6
CONTINUOUS
10
0.0586105905511811
20
1.9374859842519685
11
0.0589872440944882
21
1.937411062992126
0
LINE
8
BLACK
6
CONTINUOUS
10
0.0589872440944882
20
1.937411062992126
11
0.0595199212598425
21
1.9368783858267715
0
LINE
8
BLACK
6
CONTINUOUS
10
0.0595199212598425
20
1.9368783858267715
11
0.0595199212598425
21
1.9361250787401574
0
LINE
8
BLACK
6
CONTINUOUS
10
0.0595199212598425
20
1.9361250787401574
11
0.0589872440944882
21
1.9355924015748032
0
LINE
8
BLACK
6
CONTINUOUS
10
0.0589872440944882
20
1.9355924015748032
11
0.0586105905511811
21
1.9355174803149606
0
LINE
8
BLACK
6
CONTINUOUS
10
0.0586105905511811
20
1.9355174803149606
11
0.0530331496062992
21
1.9355174803149606
0
LINE
8
BLACK
6
CONTINUOUS
10
0.0530331496062992
20
1.9355174803149606
11
0.0530331496062992
21
1.9271279133858268
0
LINE
8
BLACK
6
CONTINUOUS
10
0.0530331496062992
20
1.9271279133858268
11
0.0529582283464567
21
1.9267512598425196
0
LINE
8
BLACK
6
CONTINUOUS
10
0.0529582283464567
20
1.9267512598425196
11
0.0528437007874016
21
1.9266367716535433
0
LINE
8
BLACK
6
CONTINUOUS
10
0.0528437007874016
20
1.9266367716535433
11
0.0527924803149606
21
1.926483031496063
0
LINE
8
BLACK
6
CONTINUOUS
10
0.0527924803149606
20
1.926483031496063
11
0.0525875196850394
21
1.9263805511811023
0
LINE
8
BLACK
6
CONTINUOUS
10
0.0525875196850394
20
1.9263805511811023
11
0.0524255511811024
21
1.9262185826771654
0
LINE
8
BLACK
6
CONTINUOUS
10
0.0524255511811024
20
1.9262185826771654
11
0.0522635826771654
21
1.9262185826771654
0
LINE
8
BLACK
6
CONTINUOUS
10
0.0522635826771654
20
1.9262185826771654
11
0.0521187007874016
21
1.9261461417322834
0
LINE
8
BLACK
6
CONTINUOUS
10
0.0521187007874016
20
1.9261461417322834
11
0.0517376771653543
21
1.9261941732283465
0
LINE
8
BLACK
6
CONTINUOUS
10
0.0517376771653543
20
1.9261941732283465
11
0.0376769291338583
21
1.930881062992126
0
LINE
8
BLACK
6
CONTINUOUS
10
0.0376769291338583
20
1.930881062992126
11
0.0373433070866142
21
1.9310712598425197
0
LINE
8
BLACK
6
CONTINUOUS
10
0.0373433070866142
20
1.9310712598425197
11
0.0370064173228346
21
1.9317450393700788
0
LINE
8
BLACK
6
CONTINUOUS
10
0.0370064173228346
20
1.9317450393700788
11
0.0372446456692913
21
1.93245968503937
0
LINE
8
BLACK
6
CONTINUOUS
10
0.0372446456692913
20
1.93245968503937
11
0.0379184251968504
21
1.9327965748031495
0
LINE
8
BLACK
6
CONTINUOUS
10
0.0379184251968504
20
1.9327965748031495
11
0.0382994488188976
21
1.9327485433070866
0
LINE
8
BLACK
6
CONTINUOUS
10
0.0382994488188976
20
1.9327485433070866
11
0.0510646456692913
21
1.9284935039370079
0
LINE
8
BLACK
6
CONTINUOUS
10
0.0510646456692913
20
1.9284935039370079
11
0.0510646456692913
21
1.9355174803149606
0
LINE
8
BLACK
6
CONTINUOUS
10
0.0510646456692913
20
1.9355174803149606
11
0.0454872440944882
21
1.9355174803149606
0
LINE
8
BLACK
6
CONTINUOUS
10
0.0454872440944882
20
1.9355174803149606
11
0.0451105905511811
21
1.9355924015748032
0
LINE
8
BLACK
6
CONTINUOUS
10
0.0451105905511811
20
1.9355924015748032
11
0.0445779133858268
21
1.9361250787401574
0
LINE
8
BLACK
6
CONTINUOUS
10
0.0445779133858268
20
1.9361250787401574
11
0.0445779133858268
21
1.9368783858267715
0
LINE
8
BLACK
6
CONTINUOUS
10
0.0445779133858268
20
1.9368783858267715
11
0.0451105905511811
21
1.937411062992126
0
LINE
8
BLACK
6
CONTINUOUS
10
0.0451105905511811
20
1.937411062992126
11
0.0454872440944882
21
1.9374859842519685
0
LINE
8
BLACK
6
CONTINUOUS
10
0.0454872440944882
20
1.9374859842519685
11
0.0510646456692913
21
1.9374859842519685
0
LINE
8
BLACK
6
CONTINUOUS
10
0.0510646456692913
20
1.9374859842519685
11
0.0510646456692913
21
1.9393138582677165
0
LINE
8
BLACK
6
CONTINUOUS
10
0.0510646456692913
20
1.9393138582677165
11
0.0511395669291339
21
1.9396905118110235
0
LINE
8
BLACK
6
CONTINUOUS
10
0.0511395669291339
20
1.9396905118110235
11
0.0516722440944882
21
1.9402231889763779
0
LINE
8
BLACK
6
CONTINUOUS
10
0.0516722440944882
20
1.9402231889763779
11
0.0524255511811024
21
1.9402231889763779
0
LINE
8
BLACK
6
CONTINUOUS
10
0.0524255511811024
20
1.9402231889763779
11
0.0529582283464567
21
1.9396905118110235
0
LINE
8
BLACK
6
CONTINUOUS
10
1.9439171653543306
20
1.9420859055118109
11
1.9440737007874016
21
1.9420661417322833
0
LINE
8
BLACK
6
CONTINUOUS
10
1.9440737007874016
20
1.9420661417322833
11
1.9468858661417323
21
1.9411287401574804
0
LINE
8
BLACK
6
CONTINUOUS
10
1.9468858661417323
20
1.9411287401574804
11
1.9469287007874014
21
1.9411043307086613
0
LINE
8
BLACK
6
CONTINUOUS
10
1.9469287007874014
20
1.9411043307086613
11
1.9469512598425196
21
1.9411043307086613
0
LINE
8
BLACK
6
CONTINUOUS
10
1.9469512598425196
20
1.9411043307086613
11
1.947082559055118
21
1.9410166141732283
0
LINE
8
BLACK
6
CONTINUOUS
10
1.947082559055118
20
1.9410166141732283
11
1.9472194881889764
21
1.9409385433070865
0
LINE
8
BLACK
6
CONTINUOUS
10
1.9472194881889764
20
1.9409385433070865
11
1.947229527559055
21
1.9409184251968503
0
LINE
8
BLACK
6
CONTINUOUS
10
1.947229527559055
20
1.9409184251968503
11
1.9472705905511811
21
1.9408909842519684
0
LINE
8
BLACK
6
CONTINUOUS
10
1.9472705905511811
20
1.9408909842519684
11
1.956838937007874
21
1.9313226377952755
0
LINE
8
BLACK
6
CONTINUOUS
10
1.956838937007874
20
1.9313226377952755
11
1.956838937007874
21
1.941132401574803
0
LINE
8
BLACK
6
CONTINUOUS
10
1.956838937007874
20
1.941132401574803
11
1.9569138582677166
21
1.9415090551181102
0
LINE
8
BLACK
6
CONTINUOUS
10
1.9569138582677166
20
1.9415090551181102
11
1.9574465354330708
21
1.9420417322834644
0
LINE
8
BLACK
6
CONTINUOUS
10
1.9574465354330708
20
1.9420417322834644
11
1.9581998425196849
21
1.9420417322834644
0
LINE
8
BLACK
6
CONTINUOUS
10
1.9581998425196849
20
1.9420417322834644
11
1.9587325196850394
21
1.9415090551181102
0
LINE
8
BLACK
6
CONTINUOUS
10
1.9587325196850394
20
1.9415090551181102
11
1.9588074409448819
21
1.941132401574803
0
LINE
8
BLACK
6
CONTINUOUS
10
1.9588074409448819
20
1.941132401574803
11
1.9588074409448819
21
1.9289464173228346
0
LINE
8
BLACK
6
CONTINUOUS
10
1.9588074409448819
20
1.9289464173228346
11
1.9587325196850394
21
1.9285697637795276
0
LINE
8
BLACK
6
CONTINUOUS
10
1.9587325196850394
20
1.9285697637795276
11
1.9581998425196849
21
1.9280370866141732
0
LINE
8
BLACK
6
CONTINUOUS
10
1.9581998425196849
20
1.9280370866141732
11
1.9574465354330708
21
1.9280370866141732
0
LINE
8
BLACK
6
CONTINUOUS
10
1.9574465354330708
20
1.9280370866141732
11
1.9571272440944882
21
1.9282504330708661
0
LINE
8
BLACK
6
CONTINUOUS
10
1.9571272440944882
20
1.9282504330708661
11
1.946042874015748
21
1.9393347637795275
0
LINE
8
BLACK
6
CONTINUOUS
10
1.946042874015748
20
1.9393347637795275
11
1.943602716535433
21
1.9401481496062991
0
LINE
8
BLACK
6
CONTINUOUS
10
1.943602716535433
20
1.9401481496062991
11
1.9421200787401574
21
1.9401481496062991
0
LINE
8
BLACK
6
CONTINUOUS
10
1.9421200787401574
20
1.9401481496062991
11
1.9405959448818897
21
1.9393861023622048
0
LINE
8
BLACK
6
CONTINUOUS
10
1.9405959448818897
20
1.9393861023622048
11
1.9398844488188975
21
1.9386745669291339
0
LINE
8
BLACK
6
CONTINUOUS
10
1.9398844488188975
20
1.9386745669291339
11
1.9391224015748032
21
1.9371504724409447
0
LINE
8
BLACK
6
CONTINUOUS
10
1.9391224015748032
20
1.9371504724409447
11
1.9391224015748032
21
1.9329283464566929
0
LINE
8
BLACK
6
CONTINUOUS
10
1.9391224015748032
20
1.9329283464566929
11
1.9398844488188975
21
1.931404251968504
0
LINE
8
BLACK
6
CONTINUOUS
10
1.9398844488188975
20
1.931404251968504
11
1.9407088976377953
21
1.9305798031496062
0
LINE
8
BLACK
6
CONTINUOUS
10
1.9407088976377953
20
1.9305798031496062
11
1.9409222440944882
21
1.9302604724409449
0
LINE
8
BLACK
6
CONTINUOUS
10
1.9409222440944882
20
1.9302604724409449
11
1.9409222440944882
21
1.9295071653543308
0
LINE
8
BLACK
6
CONTINUOUS
10
1.9409222440944882
20
1.9295071653543308
11
1.9403895669291338
21
1.9289744881889763
0
LINE
8
BLACK
6
CONTINUOUS
10
1.9403895669291338
20
1.9289744881889763
11
1.9396362598425196
21
1.9289744881889763
0
LINE
8
BLACK
6
CONTINUOUS
10
1.9396362598425196
20
1.9289744881889763
11
1.9393169291338581
21
1.9291878346456692
0
LINE
8
BLACK
6
CONTINUOUS
10
1.9393169291338581
20
1.9291878346456692
11
1.9383795669291337
21
1.9301251968503936
0
LINE
8
BLACK
6
CONTINUOUS
10
1.9383795669291337
20
1.9301251968503936
11
1.9382920078740158
21
1.9302562598425197
0
LINE
8
BLACK
6
CONTINUOUS
10
1.9382920078740158
20
1.9302562598425197
11
1.9381951968503937
21
1.9303809842519684
0
LINE
8
BLACK
6
CONTINUOUS
10
1.9381951968503937
20
1.9303809842519684
11
1.9372577952755905
21
1.9322557480314959
0
LINE
8
BLACK
6
CONTINUOUS
10
1.9372577952755905
20
1.9322557480314959
11
1.9372447244094488
21
1.9323033858267715
0
LINE
8
BLACK
6
CONTINUOUS
10
1.9372447244094488
20
1.9323033858267715
11
1.9372288188976376
21
1.9323192913385827
0
LINE
8
BLACK
6
CONTINUOUS
10
1.9372288188976376
20
1.9323192913385827
11
1.9371980314960628
21
1.9324738976377953
0
LINE
8
BLACK
6
CONTINUOUS
10
1.9371980314960628
20
1.9324738976377953
11
1.9371563779527559
21
1.9326261417322834
0
LINE
8
BLACK
6
CONTINUOUS
10
1.9371563779527559
20
1.9326261417322834
11
1.9371635039370079
21
1.9326475984251967
0
LINE
8
BLACK
6
CONTINUOUS
10
1.9371635039370079
20
1.9326475984251967
11
1.9371538976377953
21
1.9326959448818897
0
LINE
8
BLACK
6
CONTINUOUS
10
1.9371538976377953
20
1.9326959448818897
11
1.9371538976377953
21
1.9373828740157479
0
LINE
8
BLACK
6
CONTINUOUS
10
1.9371538976377953
20
1.9373828740157479
11
1.9371635039370079
21
1.9374312598425196
0
LINE
8
BLACK
6
CONTINUOUS
10
1.9371635039370079
20
1.9374312598425196
11
1.9371563779527559
21
1.9374526771653542
0
LINE
8
BLACK
6
CONTINUOUS
10
1.9371563779527559
20
1.9374526771653542
11
1.9371980314960628
21
1.9376049606299213
0
LINE
8
BLACK
6
CONTINUOUS
10
1.9371980314960628
20
1.9376049606299213
11
1.9372288188976376
21
1.9377595275590551
0
LINE
8
BLACK
6
CONTINUOUS
10
1.9372288188976376
20
1.9377595275590551
11
1.9372447244094488
21
1.9377754724409448
0
LINE
8
BLACK
6
CONTINUOUS
10
1.9372447244094488
20
1.9377754724409448
11
1.9372577952755905
21
1.9378230708661417
0
LINE
8
BLACK
6
CONTINUOUS
10
1.9372577952755905
20
1.9378230708661417
11
1.9381951968503937
21
1.9396978346456692
0
LINE
8
BLACK
6
CONTINUOUS
10
1.9381951968503937
20
1.9396978346456692
11
1.9382920078740158
21
1.9398225984251969
0
LINE
8
BLACK
6
CONTINUOUS
10
1.9382920078740158
20
1.9398225984251969
11
1.9383795669291337
21
1.939953622047244
0
LINE
8
BLACK
6
CONTINUOUS
10
1.9383795669291337
20
1.939953622047244
11
1.9393169291338581
21
1.9408909842519684
0
LINE
8
BLACK
6
CONTINUOUS
10
1.9393169291338581
20
1.9408909842519684
11
1.9394480708661417
21
1.940978622047244
0
LINE
8
BLACK
6
CONTINUOUS
10
1.9394480708661417
20
1.940978622047244
11
1.9395727165354331
21
1.9410753543307087
0
LINE
8
BLACK
6
CONTINUOUS
10
1.9395727165354331
20
1.9410753543307087
11
1.9414475196850394
21
1.9420127559055118
0
LINE
8
BLACK
6
CONTINUOUS
10
1.9414475196850394
20
1.9420127559055118
11
1.9414950393700787
21
1.9420257874015747
0
LINE
8
BLACK
6
CONTINUOUS
10
1.9414950393700787
20
1.9420257874015747
11
1.9415110236220472
21
1.9420417322834644
0
LINE
8
BLACK
6
CONTINUOUS
10
1.9415110236220472
20
1.9420417322834644
11
1.9416657480314961
21
1.9420725196850392
0
LINE
8
BLACK
6
CONTINUOUS
10
1.9416657480314961
20
1.9420725196850392
11
1.9418179133858267
21
1.9421141732283465
0
LINE
8
BLACK
6
CONTINUOUS
10
1.9418179133858267
20
1.9421141732283465
11
1.9418392913385827
21
1.9421070472440944
0
LINE
8
BLACK
6
CONTINUOUS
10
1.9418392913385827
20
1.9421070472440944
11
1.9418876771653544
21
1.942116653543307
0
LINE
8
BLACK
6
CONTINUOUS
10
1.9418876771653544
20
1.942116653543307
11
1.9437624409448819
21
1.942116653543307
0
LINE
8
BLACK
6
CONTINUOUS
10
1.9437624409448819
20
1.942116653543307
11
1.9439171653543306
21
1.9420859055118109
0
LINE
8
BLACK
6
CONTINUOUS
10
0.0512296850393701
20
1.9580849212598426
11
0.0513502755905512
21
1.9580790157480314
0
LINE
8
BLACK
6
CONTINUOUS
10
0.0513502755905512
20
1.9580790157480314
11
0.0550997637795276
21
1.9571416141732283
0
LINE
8
BLACK
6
CONTINUOUS
10
0.0550997637795276
20
1.9571416141732283
11
0.0551972440944882
21
1.9570955905511811
0
LINE
8
BLACK
6
CONTINUOUS
10
0.0551972440944882
20
1.9570955905511811
11
0.0553012204724409
21
1.9570670866141733
0
LINE
8
BLACK
6
CONTINUOUS
10
0.0553012204724409
20
1.9570670866141733
11
0.0571759842519685
21
1.9561297244094489
0
LINE
8
BLACK
6
CONTINUOUS
10
0.0571759842519685
20
1.9561297244094489
11
0.0573004724409449
21
1.9560331102362205
0
LINE
8
BLACK
6
CONTINUOUS
10
0.0573004724409449
20
1.9560331102362205
11
0.057431811023622
21
1.9559453543307086
0
LINE
8
BLACK
6
CONTINUOUS
10
0.057431811023622
20
1.9559453543307086
11
0.0583691732283465
21
1.9550079527559054
0
LINE
8
BLACK
6
CONTINUOUS
10
0.0583691732283465
20
1.9550079527559054
11
0.0584567716535433
21
1.9548768503937008
0
LINE
8
BLACK
6
CONTINUOUS
10
0.0584567716535433
20
1.9548768503937008
11
0.0585535826771654
21
1.954752125984252
0
LINE
8
BLACK
6
CONTINUOUS
10
0.0585535826771654
20
1.954752125984252
11
0.0594909448818898
21
1.9528774015748032
0
LINE
8
BLACK
6
CONTINUOUS
10
0.0594909448818898
20
1.9528774015748032
11
0.0595039763779528
21
1.9528298031496063
0
LINE
8
BLACK
6
CONTINUOUS
10
0.0595039763779528
20
1.9528298031496063
11
0.0595199212598425
21
1.9528138582677166
0
LINE
8
BLACK
6
CONTINUOUS
10
0.0595199212598425
20
1.9528138582677166
11
0.0595506692913386
21
1.9526592125984252
0
LINE
8
BLACK
6
CONTINUOUS
10
0.0595506692913386
20
1.9526592125984252
11
0.0595923622047244
21
1.9525069685039369
0
LINE
8
BLACK
6
CONTINUOUS
10
0.0595923622047244
20
1.9525069685039369
11
0.0595851968503937
21
1.9524855905511811
0
LINE
8
BLACK
6
CONTINUOUS
10
0.0595851968503937
20
1.9524855905511811
11
0.059594842519685
21
1.9524372047244094
0
LINE
8
BLACK
6
CONTINUOUS
10
0.059594842519685
20
1.9524372047244094
11
0.059594842519685
21
1.9505624409448818
0
LINE
8
BLACK
6
CONTINUOUS
10
0.059594842519685
20
1.9505624409448818
11
0.0595851968503937
21
1.9505140944881889
0
LINE
8
BLACK
6
CONTINUOUS
10
0.0595851968503937
20
1.9505140944881889
11
0.0595923622047244
21
1.9504926771653543
0
LINE
8
BLACK
6
CONTINUOUS
10
0.0595923622047244
20
1.9504926771653543
11
0.0595506692913386
21
1.9503404724409448
0
LINE
8
BLACK
6
CONTINUOUS
10
0.0595506692913386
20
1.9503404724409448
11
0.0595199212598425
21
1.9501857874015747
0
LINE
8
BLACK
6
CONTINUOUS
10
0.0595199212598425
20
1.9501857874015747
11
0.0595039763779528
21
1.9501698818897637
0
LINE
8
BLACK
6
CONTINUOUS
10
0.0595039763779528
20
1.9501698818897637
11
0.0594909448818898
21
1.9501222440944881
0
LINE
8
BLACK
6
CONTINUOUS
10
0.0594909448818898
20
1.9501222440944881
11
0.0585535826771654
21
1.9482475196850393
0
LINE
8
BLACK
6
CONTINUOUS
10
0.0585535826771654
20
1.9482475196850393
11
0.0584567716535433
21
1.9481228346456692
0
LINE
8
BLACK
6
CONTINUOUS
10
0.0584567716535433
20
1.9481228346456692
11
0.0583691732283465
21
1.9479916929133858
0
LINE
8
BLACK
6
CONTINUOUS
10
0.0583691732283465
20
1.9479916929133858
11
0.0574317716535433
21
1.9470543307086614
0
LINE
8
BLACK
6
CONTINUOUS
10
0.0574317716535433
20
1.9470543307086614
11
0.057300905511811
21
1.9469668897637795
0
LINE
8
BLACK
6
CONTINUOUS
10
0.057300905511811
20
1.9469668897637795
11
0.0571760236220472
21
1.9468699606299211
0
LINE
8
BLACK
6
CONTINUOUS
10
0.0571760236220472
20
1.9468699606299211
11
0.0553012598425197
21
1.945932559055118
0
LINE
8
BLACK
6
CONTINUOUS
10
0.0553012598425197
20
1.945932559055118
11
0.0551972047244094
21
1.9459040944881889
0
LINE
8
BLACK
6
CONTINUOUS
10
0.0551972047244094
20
1.9459040944881889
11
0.0550997637795276
21
1.945858031496063
0
LINE
8
BLACK
6
CONTINUOUS
10
0.0550997637795276
20
1.945858031496063
11
0.0513502362204724
21
1.9449206692913386
0
LINE
8
BLACK
6
CONTINUOUS
10
0.0513502362204724
20
1.9449206692913386
11
0.0512296850393701
21
1.9449148425196849
0
LINE
8
BLACK
6
CONTINUOUS
10
0.0512296850393701
20
1.9449148425196849
11
0.0511115354330709
21
1.9448912992125984
0
LINE
8
BLACK
6
CONTINUOUS
10
0.0511115354330709
20
1.9448912992125984
11
0.0464246062992126
21
1.9448912992125984
0
LINE
8
BLACK
6
CONTINUOUS
10
0.0464246062992126
20
1.9448912992125984
11
0.0463064173228346
21
1.9449148425196849
0
LINE
8
BLACK
6
CONTINUOUS
10
0.0463064173228346
20
1.9449148425196849
11
0.046185905511811
21
1.9449206692913386
0
LINE
8
BLACK
6
CONTINUOUS
10
0.046185905511811
20
1.9449206692913386
11
0.0424363779527559
21
1.945858031496063
0
LINE
8
BLACK
6
CONTINUOUS
10
0.0424363779527559
20
1.945858031496063
11
0.0423388582677165
21
1.9459040944881889
0
LINE
8
BLACK
6
CONTINUOUS
10
0.0423388582677165
20
1.9459040944881889
11
0.0422349212598425
21
1.945932559055118
0
LINE
8
BLACK
6
CONTINUOUS
10
0.0422349212598425
20
1.945932559055118
11
0.0403601181102362
21
1.9468699606299211
0
LINE
8
BLACK
6
CONTINUOUS
10
0.0403601181102362
20
1.9468699606299211
11
0.0402354724409449
21
1.9469667322834645
0
LINE
8
BLACK
6
CONTINUOUS
10
0.0402354724409449
20
1.9469667322834645
11
0.0401043307086614
21
1.9470543307086614
0
LINE
8
BLACK
6
CONTINUOUS
10
0.0401043307086614
20
1.9470543307086614
11
0.039166968503937
21
1.9479916929133858
0
LINE
8
BLACK
6
CONTINUOUS
10
0.039166968503937
20
1.9479916929133858
11
0.0390794094488189
21
1.9481227559055119
0
LINE
8
BLACK
6
CONTINUOUS
10
0.0390794094488189
20
1.9481227559055119
11
0.0389825984251969
21
1.9482474803149605
0
LINE
8
BLACK
6
CONTINUOUS
10
0.0389825984251969
20
1.9482474803149605
11
0.0380451968503937
21
1.9501222440944881
0
LINE
8
BLACK
6
CONTINUOUS
10
0.0380451968503937
20
1.9501222440944881
11
0.038032125984252
21
1.9501698818897637
0
LINE
8
BLACK
6
CONTINUOUS
10
0.038032125984252
20
1.9501698818897637
11
0.0380162204724409
21
1.9501857874015747
0
LINE
8
BLACK
6
CONTINUOUS
10
0.0380162204724409
20
1.9501857874015747
11
0.0379854330708661
21
1.9503403937007873
0
LINE
8
BLACK
6
CONTINUOUS
10
0.0379854330708661
20
1.9503403937007873
11
0.0379437795275591
21
1.9504926377952756
0
LINE
8
BLACK
6
CONTINUOUS
10
0.0379437795275591
20
1.9504926377952756
11
0.037950905511811
21
1.9505140944881889
0
LINE
8
BLACK
6
CONTINUOUS
10
0.037950905511811
20
1.9505140944881889
11
0.0379412992125984
21
1.9505624409448818
0
LINE
8
BLACK
6
CONTINUOUS
10
0.0379412992125984
20
1.9505624409448818
11
0.0379412992125984
21
1.9524372047244094
0
LINE
8
BLACK
6
CONTINUOUS
10
0.0379412992125984
20
1.9524372047244094
11
0.037950905511811
21
1.9524855905511811
0
LINE
8
BLACK
6
CONTINUOUS
10
0.037950905511811
20
1.9524855905511811
11
0.0379437795275591
21
1.9525070078740157
0
LINE
8
BLACK
6
CONTINUOUS
10
0.0379437795275591
20
1.9525070078740157
11
0.0379854330708661
21
1.9526592913385827
0
LINE
8
BLACK
6
CONTINUOUS
10
0.0379854330708661
20
1.9526592913385827
11
0.0380162204724409
21
1.9528138582677166
0
LINE
8
BLACK
6
CONTINUOUS
10
0.0380162204724409
20
1.9528138582677166
11
0.038032125984252
21
1.9528298031496063
0
LINE
8
BLACK
6
CONTINUOUS
10
0.038032125984252
20
1.9528298031496063
11
0.0380451968503937
21
1.9528774015748032
0
LINE
8
BLACK
6
CONTINUOUS
10
0.0380451968503937
20
1.9528774015748032
11
0.0389825984251969
21
1.9547521653543307
0
LINE
8
BLACK
6
CONTINUOUS
10
0.0389825984251969
20
1.9547521653543307
11
0.0390794881889764
21
1.9548770866141731
0
LINE
8
BLACK
6
CONTINUOUS
10
0.0390794881889764
20
1.9548770866141731
11
0.039166968503937
21
1.9550079133858267
0
LINE
8
BLACK
6
CONTINUOUS
10
0.039166968503937
20
1.9550079133858267
11
0.0401043307086614
21
1.9559453149606298
0
LINE
8
BLACK
6
CONTINUOUS
10
0.0401043307086614
20
1.9559453149606298
11
0.0402354330708661
21
1.9560329527559055
0
LINE
8
BLACK
6
CONTINUOUS
10
0.0402354330708661
20
1.9560329527559055
11
0.040360157480315
21
1.9561297244094489
0
LINE
8
BLACK
6
CONTINUOUS
10
0.040360157480315
20
1.9561297244094489
11
0.0422348818897638
21
1.9570670866141733
0
LINE
8
BLACK
6
CONTINUOUS
10
0.0422348818897638
20
1.9570670866141733
11
0.0423388188976378
21
1.9570955905511811
0
LINE
8
BLACK
6
CONTINUOUS
10
0.0423388188976378
20
1.9570955905511811
11
0.0424363385826772
21
1.9571416141732283
0
LINE
8
BLACK
6
CONTINUOUS
10
0.0424363385826772
20
1.9571416141732283
11
0.0461858661417323
21
1.9580789763779527
0
LINE
8
BLACK
6
CONTINUOUS
10
0.0461858661417323
20
1.9580789763779527
11
0.0463062598425197
21
1.9580848818897638
0
LINE
8
BLACK
6
CONTINUOUS
10
0.0463062598425197
20
1.9580848818897638
11
0.0464246062992126
21
1.9581083858267716
0
LINE
8
BLACK
6
CONTINUOUS
10
0.0464246062992126
20
1.9581083858267716
11
0.0511115354330709
21
1.9581083858267716
0
LINE
8
BLACK
6
CONTINUOUS
10
0.0511115354330709
20
1.9581083858267716
11
0.0512296850393701
21
1.9580849212598426
0
LINE
8
BLACK
6
CONTINUOUS
10
0.0430185039370079
20
1.9552580708661418
11
0.0413833070866142
21
1.9544404724409448
0
LINE
8
BLACK
6
CONTINUOUS
10
0.0413833070866142
20
1.9544404724409448
11
0.0406718897637795
21
1.9537290157480314
0
LINE
8
BLACK
6
CONTINUOUS
10
0.0406718897637795
20
1.9537290157480314
11
0.0399098031496063
21
1.9522048031496062
0
LINE
8
BLACK
6
CONTINUOUS
10
0.0399098031496063
20
1.9522048031496062
11
0.0399098031496063
21
1.950794842519685
0
LINE
8
BLACK
6
CONTINUOUS
10
0.0399098031496063
20
1.950794842519685
11
0.0406718503937008
21
1.9492707480314959
0
LINE
8
BLACK
6
CONTINUOUS
10
0.0406718503937008
20
1.9492707480314959
11
0.0413833464566929
21
1.948559251968504
0
LINE
8
BLACK
6
CONTINUOUS
10
0.0413833464566929
20
1.948559251968504
11
0.0430186614173228
21
1.9477416141732282
0
LINE
8
BLACK
6
CONTINUOUS
10
0.0430186614173228
20
1.9477416141732282
11
0.0465458267716535
21
1.9468598031496063
0
LINE
8
BLACK
6
CONTINUOUS
10
0.0465458267716535
20
1.9468598031496063
11
0.0509903149606299
21
1.9468598031496063
0
LINE
8
BLACK
6
CONTINUOUS
10
0.0509903149606299
20
1.9468598031496063
11
0.0545174803149606
21
1.9477416141732282
0
LINE
8
BLACK
6
CONTINUOUS
10
0.0545174803149606
20
1.9477416141732282
11
0.0561528346456693
21
1.9485592913385825
0
LINE
8
BLACK
6
CONTINUOUS
10
0.0561528346456693
20
1.9485592913385825
11
0.0568642913385827
21
1.9492707086614174
0
LINE
8
BLACK
6
CONTINUOUS
10
0.0568642913385827
20
1.9492707086614174
11
0.0576263385826772
21
1.9507948031496063
0
LINE
8
BLACK
6
CONTINUOUS
10
0.0576263385826772
20
1.9507948031496063
11
0.0576263385826772
21
1.9522048818897637
0
LINE
8
BLACK
6
CONTINUOUS
10
0.0576263385826772
20
1.9522048818897637
11
0.0568642913385827
21
1.9537289763779526
0
LINE
8
BLACK
6
CONTINUOUS
10
0.0568642913385827
20
1.9537289763779526
11
0.0561527952755905
21
1.954440433070866
0
LINE
8
BLACK
6
CONTINUOUS
10
0.0561527952755905
20
1.954440433070866
11
0.0545174409448819
21
1.9552581102362205
0
LINE
8
BLACK
6
CONTINUOUS
10
0.0545174409448819
20
1.9552581102362205
11
0.0509902755905512
21
1.9561398818897637
0
LINE
8
BLACK
6
CONTINUOUS
10
0.0509902755905512
20
1.9561398818897637
11
0.0465458267716535
21
1.9561398818897637
0
LINE
8
BLACK
6
CONTINUOUS
10
0.0465458267716535
20
1.9561398818897637
11
0.0430185039370079
21
1.9552580708661418
0
LINE
8
BLACK
6
CONTINUOUS
10
1.9587325196850394
20
1.9602566929133858
11
1.9588074409448819
21
1.9598800393700786
0
LINE
8
BLACK
6
CONTINUOUS
10
1.9588074409448819
20
1.9598800393700786
11
1.9588074409448819
21
1.9486314566929133
0
LINE
8
BLACK
6
CONTINUOUS
10
1.9588074409448819
20
1.9486314566929133
11
1.9587325196850394
21
1.9482548031496063
0
LINE
8
BLACK
6
CONTINUOUS
10
1.9587325196850394
20
1.9482548031496063
11
1.9581998425196849
21
1.9477221259842519
0
LINE
8
BLACK
6
CONTINUOUS
10
1.9581998425196849
20
1.9477221259842519
11
1.9574465354330708
21
1.9477221259842519
0
LINE
8
BLACK
6
CONTINUOUS
10
1.9574465354330708
20
1.9477221259842519
11
1.9569138582677166
21
1.9482548031496063
0
LINE
8
BLACK
6
CONTINUOUS
10
1.9569138582677166
20
1.9482548031496063
11
1.956838937007874
21
1.9486314566929133
0
LINE
8
BLACK
6
CONTINUOUS
10
1.956838937007874
20
1.9486314566929133
11
1.956838937007874
21
1.953271496062992
0
LINE
8
BLACK
6
CONTINUOUS
10
1.956838937007874
20
1.953271496062992
11
1.9413889370078741
21
1.953271496062992
0
LINE
8
BLACK
6
CONTINUOUS
10
1.9413889370078741
20
1.953271496062992
11
1.9414962992125984
21
1.9531999212598425
0
LINE
8
BLACK
6
CONTINUOUS
10
1.9414962992125984
20
1.9531999212598425
11
1.9415651968503937
21
1.9531311417322834
0
LINE
8
BLACK
6
CONTINUOUS
10
1.9415651968503937
20
1.9531311417322834
11
1.9416462992125985
21
1.9530769685039369
0
LINE
8
BLACK
6
CONTINUOUS
10
1.9416462992125985
20
1.9530769685039369
11
1.9435210236220473
21
1.9512022047244093
0
LINE
8
BLACK
6
CONTINUOUS
10
1.9435210236220473
20
1.9512022047244093
11
1.9436086220472442
21
1.9510711023622047
0
LINE
8
BLACK
6
CONTINUOUS
10
1.9436086220472442
20
1.9510711023622047
11
1.9437054330708661
21
1.9509463779527558
0
LINE
8
BLACK
6
CONTINUOUS
10
1.9437054330708661
20
1.9509463779527558
11
1.9446427952755905
21
1.949071653543307
0
LINE
8
BLACK
6
CONTINUOUS
10
1.9446427952755905
20
1.949071653543307
11
1.9447442125984251
21
1.948701220472441
0
LINE
8
BLACK
6
CONTINUOUS
10
1.9447442125984251
20
1.948701220472441
11
1.9445059842519685
21
1.9479865748031495
0
LINE
8
BLACK
6
CONTINUOUS
10
1.9445059842519685
20
1.9479865748031495
11
1.9438322047244094
21
1.9476496850393701
0
LINE
8
BLACK
6
CONTINUOUS
10
1.9438322047244094
20
1.9476496850393701
11
1.943117559055118
21
1.9478879133858267
0
LINE
8
BLACK
6
CONTINUOUS
10
1.943117559055118
20
1.9478879133858267
11
1.9428820866141732
21
1.9481912992125985
0
LINE
8
BLACK
6
CONTINUOUS
10
1.9428820866141732
20
1.9481912992125985
11
1.9420161023622047
21
1.9499232283464567
0
LINE
8
BLACK
6
CONTINUOUS
10
1.9420161023622047
20
1.9499232283464567
11
1.9403231102362204
21
1.951616220472441
0
LINE
8
BLACK
6
CONTINUOUS
10
1.9403231102362204
20
1.951616220472441
11
1.9375922047244094
21
1.953436811023622
0
LINE
8
BLACK
6
CONTINUOUS
10
1.9375922047244094
20
1.953436811023622
11
1.9373203543307087
21
1.9537080708661416
0
LINE
8
BLACK
6
CONTINUOUS
10
1.9373203543307087
20
1.9537080708661416
11
1.9373004724409448
21
1.9538074409448818
0
LINE
8
BLACK
6
CONTINUOUS
10
1.9373004724409448
20
1.9538074409448818
11
1.9372288188976376
21
1.953879094488189
0
LINE
8
BLACK
6
CONTINUOUS
10
1.9372288188976376
20
1.953879094488189
11
1.9372288188976376
21
1.9541657086614173
0
LINE
8
BLACK
6
CONTINUOUS
10
1.9372288188976376
20
1.9541657086614173
11
1.9371725984251968
21
1.9544467716535432
0
LINE
8
BLACK
6
CONTINUOUS
10
1.9371725984251968
20
1.9544467716535432
11
1.9372288188976376
21
1.9545311023622047
0
LINE
8
BLACK
6
CONTINUOUS
10
1.9372288188976376
20
1.9545311023622047
11
1.9372288188976376
21
1.9546324015748031
0
LINE
8
BLACK
6
CONTINUOUS
10
1.9372288188976376
20
1.9546324015748031
11
1.9374314566929134
21
1.9548350787401574
0
LINE
8
BLACK
6
CONTINUOUS
10
1.9374314566929134
20
1.9548350787401574
11
1.9375904724409447
21
1.9550735433070865
0
LINE
8
BLACK
6
CONTINUOUS
10
1.9375904724409447
20
1.9550735433070865
11
1.9376898031496061
21
1.9550934251968504
0
LINE
8
BLACK
6
CONTINUOUS
10
1.9376898031496061
20
1.9550934251968504
11
1.9377614960629921
21
1.9551650787401573
0
LINE
8
BLACK
6
CONTINUOUS
10
1.9377614960629921
20
1.9551650787401573
11
1.9381381496062993
21
1.9552399999999999
0
LINE
8
BLACK
6
CONTINUOUS
10
1.9381381496062993
20
1.9552399999999999
11
1.956838937007874
21
1.9552399999999999
0
LINE
8
BLACK
6
CONTINUOUS
10
1.956838937007874
20
1.9552399999999999
11
1.956838937007874
21
1.9598800393700786
0
LINE
8
BLACK
6
CONTINUOUS
10
1.956838937007874
20
1.9598800393700786
11
1.9569138582677166
21
1.9602566929133858
0
LINE
8
BLACK
6
CONTINUOUS
10
1.9569138582677166
20
1.9602566929133858
11
1.9574465354330708
21
1.9607893700787402
0
LINE
8
BLACK
6
CONTINUOUS
10
1.9574465354330708
20
1.9607893700787402
11
1.9581998425196849
21
1.9607893700787402
0
LINE
8
BLACK
6
CONTINUOUS
10
1.9581998425196849
20
1.9607893700787402
11
1.9587325196850394
21
1.9602566929133858
0
LINE
8
BLACK
6
CONTINUOUS
10
0.0796062992125984
20
1.9896850393700787
11
0.0196062992125984
21
1.9896850393700787
0
LINE
8
BLACK
6
CONTINUOUS
10
0.0196062992125984
20
1.9896850393700787
11
0.0196062992125984
21
2.0496850393700785
0
LINE
8
BLACK
6
CONTINUOUS
10
0.0196062992125984
20
2.0496850393700785
11
0.0796062992125984
21
2.0496850393700785
0
LINE
8
BLACK
6
CONTINUOUS
10
0.0796062992125984
20
2.0496850393700785
11
0.0796062992125984
21
1.9896850393700787
0
LINE
8
BLACK
6
CONTINUOUS
10
0.1796062992125984
20
1.9896850393700787
11
0.1196062992125984
21
1.9896850393700787
0
LINE
8
BLACK
6
CONTINUOUS
10
0.1196062992125984
20
1.9896850393700787
11
0.1196062992125984
21
2.0496850393700785
0
LINE
8
BLACK
6
CONTINUOUS
10
0.1196062992125984
20
2.0496850393700785
11
0.1796062992125984
21
2.0496850393700785
0
LINE
8
BLACK
6
CONTINUOUS
10
0.1796062992125984
20
2.0496850393700785
11
0.1796062992125984
21
1.9896850393700787
0
LINE
8
BLACK
6
CONTINUOUS
10
0.2796062992125984
20
1.9896850393700787
11
0.2196062992125984
21
1.9896850393700787
0
LINE
8
BLACK
6
CONTINUOUS
10
0.2196062992125984
20
1.9896850393700787
11
0.2196062992125984
21
2.0496850393700785
0
LINE
8
BLACK
6
CONTINUOUS
10
0.2196062992125984
20
2.0496850393700785
11
0.2796062992125984
21
2.0496850393700785
0
LINE
8
BLACK
6
CONTINUOUS
10
0.2796062992125984
20
2.0496850393700785
11
0.2796062992125984
21
1.9896850393700787
0
LINE
8
BLACK
6
CONTINUOUS
10
0.3796062992125984
20
1.9896850393700787
11
0.3196062992125984
21
1.9896850393700787
0
LINE
8
BLACK
6
CONTINUOUS
10
0.3196062992125984
20
1.9896850393700787
11
0.3196062992125984
21
2.0496850393700785
0
LINE
8
BLACK
6
CONTINUOUS
10
0.3196062992125984
20
2.0496850393700785
11
0.3796062992125984
21
2.0496850393700785
0
LINE
8
BLACK
6
CONTINUOUS
10
0.3796062992125984
20
2.0496850393700785
11
0.3796062992125984
21
1.9896850393700787
0
LINE
8
BLACK
6
CONTINUOUS
10
0.4796062992125984
20
1.9896850393700787
11
0.4196062992125984
21
1.9896850393700787
0
LINE
8
BLACK
6
CONTINUOUS
10
0.4196062992125984
20
1.9896850393700787
11
0.4196062992125984
21
2.0496850393700785
0
LINE
8
BLACK
6
CONTINUOUS
10
0.4196062992125984
20
2.0496850393700785
11
0.4796062992125984
21
2.0496850393700785
0
LINE
8
BLACK
6
CONTINUOUS
10
0.4796062992125984
20
2.0496850393700785
11
0.4796062992125984
21
1.9896850393700787
0
LINE
8
BLACK
6
CONTINUOUS
10
0.5796062992125984
20
1.9896850393700787
11
0.5196062992125984
21
1.9896850393700787
0
LINE
8
BLACK
6
CONTINUOUS
10
0.5196062992125984
20
1.9896850393700787
11
0.5196062992125984
21
2.0496850393700785
0
LINE
8
BLACK
6
CONTINUOUS
10
0.5196062992125984
20
2.0496850393700785
11
0.5796062992125984
21
2.0496850393700785
0
LINE
8
BLACK
6
CONTINUOUS
10
0.5796062992125984
20
2.0496850393700785
11
0.5796062992125984
21
1.9896850393700787
0
LINE
8
BLACK
6
CONTINUOUS
10
0.6796062992125984
20
1.9896850393700787
11
0.6196062992125985
21
1.9896850393700787
0
LINE
8
BLACK
6
CONTINUOUS
10
0.6196062992125985
20
1.9896850393700787
11
0.6196062992125985
21
2.0496850393700785
0
LINE
8
BLACK
6
CONTINUOUS
10
0.6196062992125985
20
2.0496850393700785
11
0.6796062992125984
21
2.0496850393700785
0
LINE
8
BLACK
6
CONTINUOUS
10
0.6796062992125984
20
2.0496850393700785
11
0.6796062992125984
21
1.9896850393700787
0
LINE
8
BLACK
6
CONTINUOUS
10
0.7796062992125984
20
1.9896850393700787
11
0.7196062992125984
21
1.9896850393700787
0
LINE
8
BLACK
6
CONTINUOUS
10
0.7196062992125984
20
1.9896850393700787
11
0.7196062992125984
21
2.0496850393700785
0
LINE
8
BLACK
6
CONTINUOUS
10
0.7196062992125984
20
2.0496850393700785
11
0.7796062992125984
21
2.0496850393700785
0
LINE
8
BLACK
6
CONTINUOUS
10
0.7796062992125984
20
2.0496850393700785
11
0.7796062992125984
21
1.9896850393700787
0
LINE
8
BLACK
6
CONTINUOUS
10
0.8796062992125984
20
1.9896850393700787
11
0.8196062992125984
21
1.9896850393700787
0
LINE
8
BLACK
6
CONTINUOUS
10
0.8196062992125984
20
1.9896850393700787
11
0.8196062992125984
21
2.0496850393700785
0
LINE
8
BLACK
6
CONTINUOUS
10
0.8196062992125984
20
2.0496850393700785
11
0.8796062992125984
21
2.0496850393700785
0
LINE
8
BLACK
6
CONTINUOUS
10
0.8796062992125984
20
2.0496850393700785
11
0.8796062992125984
21
1.9896850393700787
0
LINE
8
BLACK
6
CONTINUOUS
10
0.9796062992125985
20
1.9896850393700787
11
0.9196062992125984
21
1.9896850393700787
0
LINE
8
BLACK
6
CONTINUOUS
10
0.9196062992125984
20
1.9896850393700787
11
0.9196062992125984
21
2.0496850393700785
0
LINE
8
BLACK
6
CONTINUOUS
10
0.9196062992125984
20
2.0496850393700785
11
0.9796062992125985
21
2.0496850393700785
0
LINE
8
BLACK
6
CONTINUOUS
10
0.9796062992125985
20
2.0496850393700785
11
0.9796062992125985
21
1.9896850393700787
0
LINE
8
BLACK
6
CONTINUOUS
10
1.0796062992125983
20
1.9896850393700787
11
1.0196062992125985
21
1.9896850393700787
0
LINE
8
BLACK
6
CONTINUOUS
10
1.0196062992125985
20
1.9896850393700787
11
1.0196062992125985
21
2.0496850393700785
0
LINE
8
BLACK
6
CONTINUOUS
10
1.0196062992125985
20
2.0496850393700785
11
1.0796062992125983
21
2.0496850393700785
0
LINE
8
BLACK
6
CONTINUOUS
10
1.0796062992125983
20
2.0496850393700785
11
1.0796062992125983
21
1.9896850393700787
0
LINE
8
BLACK
6
CONTINUOUS
10
1.1796062992125984
20
1.9896850393700787
11
1.1196062992125984
21
1.9896850393700787
0
LINE
8
BLACK
6
CONTINUOUS
10
1.1196062992125984
20
1.9896850393700787
11
1.1196062992125984
21
2.0496850393700785
0
LINE
8
BLACK
6
CONTINUOUS
10
1.1196062992125984
20
2.0496850393700785
11
1.1796062992125984
21
2.0496850393700785
0
LINE
8
BLACK
6
CONTINUOUS
10
1.1796062992125984
20
2.0496850393700785
11
1.1796062992125984
21
1.9896850393700787
0
LINE
8
BLACK
6
CONTINUOUS
10
1.2796062992125985
20
1.9896850393700787
11
1.2196062992125984
21
1.9896850393700787
0
LINE
8
BLACK
6
CONTINUOUS
10
1.2196062992125984
20
1.9896850393700787
11
1.2196062992125984
21
2.0496850393700785
0
LINE
8
BLACK
6
CONTINUOUS
10
1.2196062992125984
20
2.0496850393700785
11
1.2796062992125985
21
2.0496850393700785
0
LINE
8
BLACK
6
CONTINUOUS
10
1.2796062992125985
20
2.0496850393700785
11
1.2796062992125985
21
1.9896850393700787
0
LINE
8
BLACK
6
CONTINUOUS
10
1.3796062992125984
20
1.9896850393700787
11
1.3196062992125983
21
1.9896850393700787
0
LINE
8
BLACK
6
CONTINUOUS
10
1.3196062992125983
20
1.9896850393700787
11
1.3196062992125983
21
2.0496850393700785
0
LINE
8
BLACK
6
CONTINUOUS
10
1.3196062992125983
20
2.0496850393700785
11
1.3796062992125984
21
2.0496850393700785
0
LINE
8
BLACK
6
CONTINUOUS
10
1.3796062992125984
20
2.0496850393700785
11
1.3796062992125984
21
1.9896850393700787
0
LINE
8
BLACK
6
CONTINUOUS
10
1.4796062992125985
20
1.9896850393700787
11
1.4196062992125984
21
1.9896850393700787
0
LINE
8
BLACK
6
CONTINUOUS
10
1.4196062992125984
20
1.9896850393700787
11
1.4196062992125984
21
2.0496850393700785
0
LINE
8
BLACK
6
CONTINUOUS
10
1.4196062992125984
20
2.0496850393700785
11
1.4796062992125985
21
2.0496850393700785
0
LINE
8
BLACK
6
CONTINUOUS
10
1.4796062992125985
20
2.0496850393700785
11
1.4796062992125985
21
1.9896850393700787
0
LINE
8
BLACK
6
CONTINUOUS
10
1.5796062992125983
20
1.9896850393700787
11
1.5196062992125985
21
1.9896850393700787
0
LINE
8
BLACK
6
CONTINUOUS
10
1.5196062992125985
20
1.9896850393700787
11
1.5196062992125985
21
2.0496850393700785
0
LINE
8
BLACK
6
CONTINUOUS
10
1.5196062992125985
20
2.0496850393700785
11
1.5796062992125983
21
2.0496850393700785
0
LINE
8
BLACK
6
CONTINUOUS
10
1.5796062992125983
20
2.0496850393700785
11
1.5796062992125983
21
1.9896850393700787
0
LINE
8
BLACK
6
CONTINUOUS
10
1.6796062992125984
20
1.9896850393700787
11
1.6196062992125984
21
1.9896850393700787
0
LINE
8
BLACK
6
CONTINUOUS
10
1.6196062992125984
20
1.9896850393700787
11
1.6196062992125984
21
2.0496850393700785
0
LINE
8
BLACK
6
CONTINUOUS
10
1.6196062992125984
20
2.0496850393700785
11
1.6796062992125984
21
2.0496850393700785
0
LINE
8
BLACK
6
CONTINUOUS
10
1.6796062992125984
20
2.0496850393700785
11
1.6796062992125984
21
1.9896850393700787
0
LINE
8
BLACK
6
CONTINUOUS
10
1.7796062992125983
20
1.9896850393700787
11
1.7196062992125984
21
1.9896850393700787
0
LINE
8
BLACK
6
CONTINUOUS
10
1.7196062992125984
20
1.9896850393700787
11
1.7196062992125984
21
2.0496850393700785
0
LINE
8
BLACK
6
CONTINUOUS
10
1.7196062992125984
20
2.0496850393700785
11
1.7796062992125983
21
2.0496850393700785
0
LINE
8
BLACK
6
CONTINUOUS
10
1.7796062992125983
20
2.0496850393700785
11
1.7796062992125983
21
1.9896850393700787
0
LINE
8
BLACK
6
CONTINUOUS
10
1.8796062992125984
20
1.9896850393700787
11
1.8196062992125983
21
1.9896850393700787
0
LINE
8
BLACK
6
CONTINUOUS
10
1.8196062992125983
20
1.9896850393700787
11
1.8196062992125983
21
2.0496850393700785
0
LINE
8
BLACK
6
CONTINUOUS
10
1.8196062992125983
20
2.0496850393700785
11
1.8796062992125984
21
2.0496850393700785
0
LINE
8
BLACK
6
CONTINUOUS
10
1.8796062992125984
20
2.0496850393700785
11
1.8796062992125984
21
1.9896850393700787
0
LINE
8
BLACK
6
CONTINUOUS
10
1.9796062992125985
20
1.9896850393700787
11
1.9196062992125984
21
1.9896850393700787
0
LINE
8
BLACK
6
CONTINUOUS
10
1.9196062992125984
20
1.9896850393700787
11
1.9196062992125984
21
2.0496850393700785
0
LINE
8
BLACK
6
CONTINUOUS
10
1.9196062992125984
20
2.0496850393700785
11
1.9796062992125985
21
2.0496850393700785
0
LINE
8
BLACK
6
CONTINUOUS
10
1.9796062992125985
20
2.0496850393700785
11
1.9796062992125985
21
1.9896850393700787
0
LINE
8
BLACK
6
CONTINUOUS
10
2.0001823622047246
20
2.0725810629921257
11
2.0012467716535434
21
2.0721401574803151
0
LINE
8
BLACK
6
CONTINUOUS
10
2.0012467716535434
20
2.0721401574803151
11
2.0020614173228344
21
2.0713255118110236
0
LINE
8
BLACK
6
CONTINUOUS
10
2.0020614173228344
20
2.0713255118110236
11
2.0025023228346455
21
2.0702611023622048
0
LINE
8
BLACK
6
CONTINUOUS
10
2.0025023228346455
20
2.0702611023622048
11
2.0025590551181103
21
2.0696850393700785
0
LINE
8
BLACK
6
CONTINUOUS
10
2.0025590551181103
20
2.0696850393700785
11
2.0025590551181103
21
2.0220472440944883
0
LINE
8
BLACK
6
CONTINUOUS
10
2.0025590551181103
20
2.0220472440944883
11
2.0748031496062991
21
2.0220472440944883
0
LINE
8
BLACK
6
CONTINUOUS
10
2.0748031496062991
20
2.0220472440944883
11
2.0757071259842519
21
2.0218674409448818
0
LINE
8
BLACK
6
CONTINUOUS
10
2.0757071259842519
20
2.0218674409448818
11
2.0769855511811022
21
2.0205890157480315
0
LINE
8
BLACK
6
CONTINUOUS
10
2.0769855511811022
20
2.0205890157480315
11
2.0771653543307087
21
2.0196850393700787
0
LINE
8
BLACK
6
CONTINUOUS
10
2.0771653543307087
20
2.0196850393700787
11
2.0771653543307087
21
0.3346456692913386
0
LINE
8
BLACK
6
CONTINUOUS
10
2.0771653543307087
20
0.3346456692913386
11
2.0769855511811022
21
0.3337416929133858
0
LINE
8
BLACK
6
CONTINUOUS
10
2.0769855511811022
20
0.3337416929133858
11
2.0757071259842519
21
0.3324632677165354
0
LINE
8
BLACK
6
CONTINUOUS
10
2.0757071259842519
20
0.3324632677165354
11
2.0748031496062991
21
0.3322834645669291
0
LINE
8
BLACK
6
CONTINUOUS
10
2.0748031496062991
20
0.3322834645669291
11
2.0029527559055116
21
0.3322834645669291
0
LINE
8
BLACK
6
CONTINUOUS
10
2.0029527559055116
20
0.3322834645669291
11
2.0029527559055116
21
0.2846456692913386
0
LINE
8
BLACK
6
CONTINUOUS
10
2.0029527559055116
20
0.2846456692913386
11
2.0028960236220472
21
0.2840696062992126
0
LINE
8
BLACK
6
CONTINUOUS
10
2.0028960236220472
20
0.2840696062992126
11
2.0024551181102361
21
0.2830051968503937
0
LINE
8
BLACK
6
CONTINUOUS
10
2.0024551181102361
20
0.2830051968503937
11
2.0016404724409447
21
0.2821905511811024
0
LINE
8
BLACK
6
CONTINUOUS
10
2.0016404724409447
20
0.2821905511811024
11
2.0005760629921259
21
0.2817496456692913
0
LINE
8
BLACK
6
CONTINUOUS
10
2.0005760629921259
20
0.2817496456692913
11
2.
21
0.2816929133858267
0
LINE
8
BLACK
6
CONTINUOUS
10
2.
20
0.2816929133858267
11
0.
21
0.2816929133858267
0
LINE
8
BLACK
6
CONTINUOUS
10
0.
20
0.2816929133858267
11
-0.000576062992126
21
0.2817496456692913
0
LINE
8
BLACK
6
CONTINUOUS
10
-0.000576062992126
20
0.2817496456692913
11
-0.0016404724409449
21
0.2821905511811024
0
LINE
8
BLACK
6
CONTINUOUS
10
-0.0016404724409449
20
0.2821905511811024
11
-0.0024551181102362
21
0.2830051968503937
0
LINE
8
BLACK
6
CONTINUOUS
10
-0.0024551181102362
20
0.2830051968503937
11
-0.0028960236220472
21
0.2840696062992126
0
LINE
8
BLACK
6
CONTINUOUS
10
-0.0028960236220472
20
0.2840696062992126
11
-0.0029527559055118
21
0.2846456692913386
0
LINE
8
BLACK
6
CONTINUOUS
10
-0.0029527559055118
20
0.2846456692913386
11
-0.0029527559055118
21
0.3322834645669291
0
LINE
8
BLACK
6
CONTINUOUS
10
-0.0029527559055118
20
0.3322834645669291
11
-0.0748031496062992
21
0.3322834645669291
0
LINE
8
BLACK
6
CONTINUOUS
10
-0.0748031496062992
20
0.3322834645669291
11
-0.075707125984252
21
0.3324632677165354
0
LINE
8
BLACK
6
CONTINUOUS
10
-0.075707125984252
20
0.3324632677165354
11
-0.0769855511811024
21
0.3337416929133858
0
LINE
8
BLACK
6
CONTINUOUS
10
-0.0769855511811024
20
0.3337416929133858
11
-0.0771653543307087
21
0.3346456692913386
0
LINE
8
BLACK
6
CONTINUOUS
10
-0.0771653543307087
20
0.3346456692913386
11
-0.0771653543307087
21
2.0196850393700787
0
LINE
8
BLACK
6
CONTINUOUS
10
-0.0771653543307087
20
2.0196850393700787
11
-0.0769855511811024
21
2.0205890157480315
0
LINE
8
BLACK
6
CONTINUOUS
10
-0.0769855511811024
20
2.0205890157480315
11
-0.075707125984252
21
2.0218674409448818
0
LINE
8
BLACK
6
CONTINUOUS
10
-0.075707125984252
20
2.0218674409448818
11
-0.0748031496062992
21
2.0220472440944883
0
LINE
8
BLACK
6
CONTINUOUS
10
-0.0748031496062992
20
2.0220472440944883
11
-0.0033464566929134
21
2.0220472440944883
0
LINE
8
BLACK
6
CONTINUOUS
10
-0.0033464566929134
20
2.0220472440944883
11
-0.0033464566929134
21
2.0696850393700785
0
LINE
8
BLACK
6
CONTINUOUS
10
-0.0033464566929134
20
2.0696850393700785
11
-0.0032897244094488
21
2.0702611023622048
0
LINE
8
BLACK
6
CONTINUOUS
10
-0.0032897244094488
20
2.0702611023622048
11
-0.0028488188976378
21
2.0713255118110236
0
LINE
8
BLACK
6
CONTINUOUS
10
-0.0028488188976378
20
2.0713255118110236
11
-0.0020341732283465
21
2.0721401574803151
0
LINE
8
BLACK
6
CONTINUOUS
10
-0.0020341732283465
20
2.0721401574803151
11
-0.0009697637795276
21
2.0725810629921257
0
LINE
8
BLACK
6
CONTINUOUS
10
-0.0009697637795276
20
2.0725810629921257
11
-0.0003937007874016
21
2.0726377952755906
0
LINE
8
BLACK
6
CONTINUOUS
10
-0.0003937007874016
20
2.0726377952755906
11
1.9996062992125985
21
2.0726377952755906
0
LINE
8
BLACK
6
CONTINUOUS
10
1.9996062992125985
20
2.0726377952755906
11
2.0001823622047246
21
2.0725810629921257
0
LINE
8
BLACK
6
CONTINUOUS
10
0.0029527559055118
20
0.3816929133858268
11
0.0029527559055118
21
0.2875984251968504
0
LINE
8
BLACK
6
CONTINUOUS
10
0.0029527559055118
20
0.2875984251968504
11
1.9970472440944882
21
0.2875984251968504
0
LINE
8
BLACK
6
CONTINUOUS
10
1.9970472440944882
20
0.2875984251968504
11
1.9970472440944882
21
0.3816929133858268
0
LINE
8
BLACK
6
CONTINUOUS
10
1.9970472440944882
20
0.3816929133858268
11
0.0029527559055118
21
0.3816929133858268
0
LINE
8
BLACK
6
CONTINUOUS
10
-0.0724409448818898
20
2.0173228346456691
11
-0.0724409448818898
21
0.337007874015748
0
LINE
8
BLACK
6
CONTINUOUS
10
-0.0724409448818898
20
0.337007874015748
11
-0.0029527559055118
21
0.337007874015748
0
LINE
8
BLACK
6
CONTINUOUS
10
-0.0029527559055118
20
0.337007874015748
11
-0.0029527559055118
21
0.3846456692913386
0
LINE
8
BLACK
6
CONTINUOUS
10
-0.0029527559055118
20
0.3846456692913386
11
-0.0028960236220472
21
0.3852217322834646
0
LINE
8
BLACK
6
CONTINUOUS
10
-0.0028960236220472
20
0.3852217322834646
11
-0.0024551181102362
21
0.3862861417322835
0
LINE
8
BLACK
6
CONTINUOUS
10
-0.0024551181102362
20
0.3862861417322835
11
-0.0016404724409449
21
0.3871007874015748
0
LINE
8
BLACK
6
CONTINUOUS
10
-0.0016404724409449
20
0.3871007874015748
11
-0.000576062992126
21
0.3875416929133858
0
LINE
8
BLACK
6
CONTINUOUS
10
-0.000576062992126
20
0.3875416929133858
11
0.
21
0.3875984251968504
0
LINE
8
BLACK
6
CONTINUOUS
10
0.
20
0.3875984251968504
11
2.
21
0.3875984251968504
0
LINE
8
BLACK
6
CONTINUOUS
10
2.
20
0.3875984251968504
11
2.0005760629921259
21
0.3875416929133858
0
LINE
8
BLACK
6
CONTINUOUS
10
2.0005760629921259
20
0.3875416929133858
11
2.0016404724409447
21
0.3871007874015748
0
LINE
8
BLACK
6
CONTINUOUS
10
2.0016404724409447
20
0.3871007874015748
11
2.0024551181102361
21
0.3862861417322835
0
LINE
8
BLACK
6
CONTINUOUS
10
2.0024551181102361
20
0.3862861417322835
11
2.0028960236220472
21
0.3852217322834646
0
LINE
8
BLACK
6
CONTINUOUS
10
2.0028960236220472
20
0.3852217322834646
11
2.0029527559055116
21
0.3846456692913386
0
LINE
8
BLACK
6
CONTINUOUS
10
2.0029527559055116
20
0.3846456692913386
11
2.0029527559055116
21
0.337007874015748
0
LINE
8
BLACK
6
CONTINUOUS
10
2.0029527559055116
20
0.337007874015748
11
2.0724409448818899
21
0.337007874015748
0
LINE
8
BLACK
6
CONTINUOUS
10
2.0724409448818899
20
0.337007874015748
11
2.0724409448818899
21
2.0173228346456691
0
LINE
8
BLACK
6
CONTINUOUS
10
2.0724409448818899
20
2.0173228346456691
11
2.0025590551181103
21
2.0173228346456691
0
LINE
8
BLACK
6
CONTINUOUS
10
2.0025590551181103
20
2.0173228346456691
11
2.0025590551181103
21
1.9696850393700787
0
LINE
8
BLACK
6
CONTINUOUS
10
2.0025590551181103
20
1.9696850393700787
11
2.0025023228346455
21
1.9691089763779528
0
LINE
8
BLACK
6
CONTINUOUS
10
2.0025023228346455
20
1.9691089763779528
11
2.0020614173228344
21
1.9680445669291338
0
LINE
8
BLACK
6
CONTINUOUS
10
2.0020614173228344
20
1.9680445669291338
11
2.0012467716535434
21
1.9672299212598425
0
LINE
8
BLACK
6
CONTINUOUS
10
2.0012467716535434
20
1.9672299212598425
11
2.0001823622047246
21
1.9667890157480314
0
LINE
8
BLACK
6
CONTINUOUS
10
2.0001823622047246
20
1.9667890157480314
11
1.9996062992125985
21
1.9667322834645669
0
LINE
8
BLACK
6
CONTINUOUS
10
1.9996062992125985
20
1.9667322834645669
11
-0.0003937007874016
21
1.9667322834645669
0
LINE
8
BLACK
6
CONTINUOUS
10
-0.0003937007874016
20
1.9667322834645669
11
-0.0009697637795276
21
1.9667890157480314
0
LINE
8
BLACK
6
CONTINUOUS
10
-0.0009697637795276
20
1.9667890157480314
11
-0.0020341732283465
21
1.9672299212598425
0
LINE
8
BLACK
6
CONTINUOUS
10
-0.0020341732283465
20
1.9672299212598425
11
-0.0028488188976378
21
1.9680445669291338
0
LINE
8
BLACK
6
CONTINUOUS
10
-0.0028488188976378
20
1.9680445669291338
11
-0.0032897244094488
21
1.9691089763779528
0
LINE
8
BLACK
6
CONTINUOUS
10
-0.0032897244094488
20
1.9691089763779528
11
-0.0033464566929134
21
1.9696850393700787
0
LINE
8
BLACK
6
CONTINUOUS
10
-0.0033464566929134
20
1.9696850393700787
11
-0.0033464566929134
21
2.0173228346456691
0
LINE
8
BLACK
6
CONTINUOUS
10
-0.0033464566929134
20
2.0173228346456691
11
-0.0724409448818898
21
2.0173228346456691
0
LINE
8
BLACK
6
CONTINUOUS
10
0.0025590551181102
20
2.0667322834645669
11
0.0025590551181102
21
1.9726377952755905
0
LINE
8
BLACK
6
CONTINUOUS
10
0.0025590551181102
20
1.9726377952755905
11
1.9966535433070867
21
1.9726377952755905
0
LINE
8
BLACK
6
CONTINUOUS
10
1.9966535433070867
20
1.9726377952755905
11
1.9966535433070867
21
2.0667322834645669
0
LINE
8
BLACK
6
CONTINUOUS
10
1.9966535433070867
20
2.0667322834645669
11
0.0025590551181102
21
2.0667322834645669
0
LINE
8
BLACK
6
CONTINUOUS
10
0.8812847244094488
20
2.503289724409449
11
0.8823491338582677
21
2.5028488188976379
0
LINE
8
BLACK
6
CONTINUOUS
10
0.8823491338582677
20
2.5028488188976379
11
0.8831637795275591
21
2.5020341732283464
0
LINE
8
BLACK
6
CONTINUOUS
10
0.8831637795275591
20
2.5020341732283464
11
0.8836046850393701
21
2.5009697637795276
0
LINE
8
BLACK
6
CONTINUOUS
10
0.8836046850393701
20
2.5009697637795276
11
0.8836614173228347
21
2.5003937007874013
0
LINE
8
BLACK
6
CONTINUOUS
10
0.8836614173228347
20
2.5003937007874013
11
0.8836614173228347
21
2.2003937007874015
0
LINE
8
BLACK
6
CONTINUOUS
10
0.8836614173228347
20
2.2003937007874015
11
0.8836046850393701
21
2.1998176377952756
0
LINE
8
BLACK
6
CONTINUOUS
10
0.8836046850393701
20
2.1998176377952756
11
0.8831637795275591
21
2.1987532283464568
0
LINE
8
BLACK
6
CONTINUOUS
10
0.8831637795275591
20
2.1987532283464568
11
0.8823491338582677
21
2.1979385826771654
0
LINE
8
BLACK
6
CONTINUOUS
10
0.8823491338582677
20
2.1979385826771654
11
0.8812847244094488
21
2.1974976771653543
0
LINE
8
BLACK
6
CONTINUOUS
10
0.8812847244094488
20
2.1974976771653543
11
0.8807086614173228
21
2.1974409448818899
0
LINE
8
BLACK
6
CONTINUOUS
10
0.8807086614173228
20
2.1974409448818899
11
0.7807086614173229
21
2.1974409448818899
0
LINE
8
BLACK
6
CONTINUOUS
10
0.7807086614173229
20
2.1974409448818899
11
0.7801325984251969
21
2.1974976771653543
0
LINE
8
BLACK
6
CONTINUOUS
10
0.7801325984251969
20
2.1974976771653543
11
0.779068188976378
21
2.1979385826771654
0
LINE
8
BLACK
6
CONTINUOUS
10
0.779068188976378
20
2.1979385826771654
11
0.7782535433070866
21
2.1987532283464568
0
LINE
8
BLACK
6
CONTINUOUS
10
0.7782535433070866
20
2.1987532283464568
11
0.7778126377952755
21
2.1998176377952756
0
LINE
8
BLACK
6
CONTINUOUS
10
0.7778126377952755
20
2.1998176377952756
11
0.777755905511811
21
2.2003937007874015
0
LINE
8
BLACK
6
CONTINUOUS
10
0.777755905511811
20
2.2003937007874015
11
0.777755905511811
21
2.5003937007874013
0
LINE
8
BLACK
6
CONTINUOUS
10
0.777755905511811
20
2.5003937007874013
11
0.7778126377952755
21
2.5009697637795276
0
LINE
8
BLACK
6
CONTINUOUS
10
0.7778126377952755
20
2.5009697637795276
11
0.7782535433070866
21
2.5020341732283464
0
LINE
8
BLACK
6
CONTINUOUS
10
0.7782535433070866
20
2.5020341732283464
11
0.779068188976378
21
2.5028488188976379
0
LINE
8
BLACK
6
CONTINUOUS
10
0.779068188976378
20
2.5028488188976379
11
0.7801325984251969
21
2.503289724409449
0
LINE
8
BLACK
6
CONTINUOUS
10
0.7801325984251969
20
2.503289724409449
11
0.7807086614173229
21
2.5033464566929133
0
LINE
8
BLACK
6
CONTINUOUS
10
0.7807086614173229
20
2.5033464566929133
11
0.8807086614173228
21
2.5033464566929133
0
LINE
8
BLACK
6
CONTINUOUS
10
0.8807086614173228
20
2.5033464566929133
11
0.8812847244094488
21
2.503289724409449
0
LINE
8
BLACK
6
CONTINUOUS
10
0.7836614173228347
20
2.4974409448818897
11
0.7836614173228347
21
2.2033464566929135
0
LINE
8
BLACK
6
CONTINUOUS
10
0.7836614173228347
20
2.2033464566929135
11
0.877755905511811
21
2.2033464566929135
0
LINE
8
BLACK
6
CONTINUOUS
10
0.877755905511811
20
2.2033464566929135
11
0.877755905511811
21
2.4974409448818897
0
LINE
8
BLACK
6
CONTINUOUS
10
0.877755905511811
20
2.4974409448818897
11
0.7836614173228347
21
2.4974409448818897
0
LINE
8
BLACK
6
CONTINUOUS
10
0.7585926377952755
20
2.2352263779527557
11
0.7586356692913385
21
2.2352327559055118
0
LINE
8
BLACK
6
CONTINUOUS
10
0.7586356692913385
20
2.2352327559055118
11
0.7588511417322834
21
2.2352009055118112
0
LINE
8
BLACK
6
CONTINUOUS
10
0.7588511417322834
20
2.2352009055118112
11
0.759068188976378
21
2.2351795275590551
0
LINE
8
BLACK
6
CONTINUOUS
10
0.759068188976378
20
2.2351795275590551
11
0.7591083858267716
21
2.2351629133858268
0
LINE
8
BLACK
6
CONTINUOUS
10
0.7591083858267716
20
2.2351629133858268
11
0.7592082677165354
21
2.2351481102362203
0
LINE
8
BLACK
6
CONTINUOUS
10
0.7592082677165354
20
2.2351481102362203
11
0.7659574015748032
21
2.2334608267716534
0
LINE
8
BLACK
6
CONTINUOUS
10
0.7659574015748032
20
2.2334608267716534
11
0.7659998818897638
21
2.2334456692913385
0
LINE
8
BLACK
6
CONTINUOUS
10
0.7659998818897638
20
2.2334456692913385
11
0.7660211811023622
21
2.2334441338582676
0
LINE
8
BLACK
6
CONTINUOUS
10
0.7660211811023622
20
2.2334441338582676
11
0.7662611417322834
21
2.2333523228346457
0
LINE
8
BLACK
6
CONTINUOUS
10
0.7662611417322834
20
2.2333523228346457
11
0.7665025196850394
21
2.2332660629921262
0
LINE
8
BLACK
6
CONTINUOUS
10
0.7665025196850394
20
2.2332660629921262
11
0.7665196062992126
21
2.2332534251968506
0
LINE
8
BLACK
6
CONTINUOUS
10
0.7665196062992126
20
2.2332534251968506
11
0.766561811023622
21
2.2332372440944881
0
LINE
8
BLACK
6
CONTINUOUS
10
0.766561811023622
20
2.2332372440944881
11
0.7699363779527559
21
2.2315499212598424
0
LINE
8
BLACK
6
CONTINUOUS
10
0.7699363779527559
20
2.2315499212598424
11
0.7701842519685039
21
2.2313938976377954
0
LINE
8
BLACK
6
CONTINUOUS
10
0.7701842519685039
20
2.2313938976377954
11
0.7702562598425197
21
2.2313640551181102
0
LINE
8
BLACK
6
CONTINUOUS
10
0.7702562598425197
20
2.2313640551181102
11
0.7703373228346456
21
2.2312975196850395
0
LINE
8
BLACK
6
CONTINUOUS
10
0.7703373228346456
20
2.2312975196850395
11
0.7704262598425197
21
2.231241535433071
0
LINE
8
BLACK
6
CONTINUOUS
10
0.7704262598425197
20
2.231241535433071
11
0.7704773622047244
21
2.231182598425197
0
LINE
8
BLACK
6
CONTINUOUS
10
0.7704773622047244
20
2.231182598425197
11
0.7707037007874016
21
2.2309968503937005
0
LINE
8
BLACK
6
CONTINUOUS
10
0.7707037007874016
20
2.2309968503937005
11
0.772391062992126
21
2.2293095275590549
0
LINE
8
BLACK
6
CONTINUOUS
10
0.772391062992126
20
2.2293095275590549
11
0.7725768110236221
21
2.2290831889763778
0
LINE
8
BLACK
6
CONTINUOUS
10
0.7725768110236221
20
2.2290831889763778
11
0.7726358267716535
21
2.2290320078740158
0
LINE
8
BLACK
6
CONTINUOUS
10
0.7726358267716535
20
2.2290320078740158
11
0.7726917716535433
21
2.2289430708661415
0
LINE
8
BLACK
6
CONTINUOUS
10
0.7726917716535433
20
2.2289430708661415
11
0.7727582677165354
21
2.2288620866141731
0
LINE
8
BLACK
6
CONTINUOUS
10
0.7727582677165354
20
2.2288620866141731
11
0.7727880708661418
21
2.2287901574803151
0
LINE
8
BLACK
6
CONTINUOUS
10
0.7727880708661418
20
2.2287901574803151
11
0.7729441732283464
21
2.2285421259842519
0
LINE
8
BLACK
6
CONTINUOUS
10
0.7729441732283464
20
2.2285421259842519
11
0.7746314566929133
21
2.2251675590551181
0
LINE
8
BLACK
6
CONTINUOUS
10
0.7746314566929133
20
2.2251675590551181
11
0.7748383464566929
21
2.2246269291338581
0
LINE
8
BLACK
6
CONTINUOUS
10
0.7748383464566929
20
2.2246269291338581
11
0.7748458267716535
21
2.2245211417322834
0
LINE
8
BLACK
6
CONTINUOUS
10
0.7748458267716535
20
2.2245211417322834
11
0.7748864566929133
21
2.2244231102362204
0
LINE
8
BLACK
6
CONTINUOUS
10
0.7748864566929133
20
2.2244231102362204
11
0.7749431889763779
21
2.2238470472440945
0
LINE
8
BLACK
6
CONTINUOUS
10
0.7749431889763779
20
2.2238470472440945
11
0.7749431889763779
21
2.2204724803149607
0
LINE
8
BLACK
6
CONTINUOUS
10
0.7749431889763779
20
2.2204724803149607
11
0.7748864566929133
21
2.2198964173228344
0
LINE
8
BLACK
6
CONTINUOUS
10
0.7748864566929133
20
2.2198964173228344
11
0.7748458267716535
21
2.2197984251968506
0
LINE
8
BLACK
6
CONTINUOUS
10
0.7748458267716535
20
2.2197984251968506
11
0.7748383464566929
21
2.2196925984251967
0
LINE
8
BLACK
6
CONTINUOUS
10
0.7748383464566929
20
2.2196925984251967
11
0.7746314566929133
21
2.2191519685039371
0
LINE
8
BLACK
6
CONTINUOUS
10
0.7746314566929133
20
2.2191519685039371
11
0.7729441732283464
21
2.2157773622047245
0
LINE
8
BLACK
6
CONTINUOUS
10
0.7729441732283464
20
2.2157773622047245
11
0.7727880708661418
21
2.2155293700787402
0
LINE
8
BLACK
6
CONTINUOUS
10
0.7727880708661418
20
2.2155293700787402
11
0.7727582677165354
21
2.215457401574803
0
LINE
8
BLACK
6
CONTINUOUS
10
0.7727582677165354
20
2.215457401574803
11
0.7726917716535433
21
2.2153764566929133
0
LINE
8
BLACK
6
CONTINUOUS
10
0.7726917716535433
20
2.2153764566929133
11
0.7726358267716535
21
2.2152874803149607
0
LINE
8
BLACK
6
CONTINUOUS
10
0.7726358267716535
20
2.2152874803149607
11
0.7725768110236221
21
2.215236338582677
0
LINE
8
BLACK
6
CONTINUOUS
10
0.7725768110236221
20
2.215236338582677
11
0.772391062992126
21
2.2150099606299212
0
LINE
8
BLACK
6
CONTINUOUS
10
0.772391062992126
20
2.2150099606299212
11
0.7707037007874016
21
2.2133226377952755
0
LINE
8
BLACK
6
CONTINUOUS
10
0.7707037007874016
20
2.2133226377952755
11
0.7704773622047244
21
2.2131369291338583
0
LINE
8
BLACK
6
CONTINUOUS
10
0.7704773622047244
20
2.2131369291338583
11
0.7704262204724409
21
2.2130779133858267
0
LINE
8
BLACK
6
CONTINUOUS
10
0.7704262204724409
20
2.2130779133858267
11
0.7703372834645669
21
2.213021968503937
0
LINE
8
BLACK
6
CONTINUOUS
10
0.7703372834645669
20
2.213021968503937
11
0.7702562598425197
21
2.2129554330708663
0
LINE
8
BLACK
6
CONTINUOUS
10
0.7702562598425197
20
2.2129554330708663
11
0.7701842125984252
21
2.2129256299212599
0
LINE
8
BLACK
6
CONTINUOUS
10
0.7701842125984252
20
2.2129256299212599
11
0.7699363385826772
21
2.2127695669291336
0
LINE
8
BLACK
6
CONTINUOUS
10
0.7699363385826772
20
2.2127695669291336
11
0.7665617716535433
21
2.2110822834645667
0
LINE
8
BLACK
6
CONTINUOUS
10
0.7665617716535433
20
2.2110822834645667
11
0.7665196456692913
21
2.2110661811023622
0
LINE
8
BLACK
6
CONTINUOUS
10
0.7665196456692913
20
2.2110661811023622
11
0.7665025196850394
21
2.2110534645669291
0
LINE
8
BLACK
6
CONTINUOUS
10
0.7665025196850394
20
2.2110534645669291
11
0.7662605511811024
21
2.2109670472440945
0
LINE
8
BLACK
6
CONTINUOUS
10
0.7662605511811024
20
2.2109670472440945
11
0.7660211417322834
21
2.2108753937007872
0
LINE
8
BLACK
6
CONTINUOUS
10
0.7660211417322834
20
2.2108753937007872
11
0.7659998818897638
21
2.2108738976377951
0
LINE
8
BLACK
6
CONTINUOUS
10
0.7659998818897638
20
2.2108738976377951
11
0.7659574015748032
21
2.2108587007874014
0
LINE
8
BLACK
6
CONTINUOUS
10
0.7659574015748032
20
2.2108587007874014
11
0.7592082677165354
21
2.2091714173228345
0
LINE
8
BLACK
6
CONTINUOUS
10
0.7592082677165354
20
2.2091714173228345
11
0.7591083858267716
21
2.2091566535433071
0
LINE
8
BLACK
6
CONTINUOUS
10
0.7591083858267716
20
2.2091566535433071
11
0.759068188976378
21
2.2091400000000001
0
LINE
8
BLACK
6
CONTINUOUS
10
0.759068188976378
20
2.2091400000000001
11
0.7588511417322834
21
2.2091186614173228
0
LINE
8
BLACK
6
CONTINUOUS
10
0.7588511417322834
20
2.2091186614173228
11
0.7586356692913385
21
2.2090867716535434
0
LINE
8
BLACK
6
CONTINUOUS
10
0.7586356692913385
20
2.2090867716535434
11
0.7585926377952755
21
2.2090931889763779
0
LINE
8
BLACK
6
CONTINUOUS
10
0.7585926377952755
20
2.2090931889763779
11
0.758492125984252
21
2.2090832677165353
0
LINE
8
BLACK
6
CONTINUOUS
10
0.758492125984252
20
2.2090832677165353
11
0.7500556692913386
21
2.2090832677165353
0
LINE
8
BLACK
6
CONTINUOUS
10
0.7500556692913386
20
2.2090832677165353
11
0.7499552755905512
21
2.2090931889763779
0
LINE
8
BLACK
6
CONTINUOUS
10
0.7499552755905512
20
2.2090931889763779
11
0.7499121653543307
21
2.2090867322834646
0
LINE
8
BLACK
6
CONTINUOUS
10
0.7499121653543307
20
2.2090867322834646
11
0.7496962204724409
21
2.2091187007874016
0
LINE
8
BLACK
6
CONTINUOUS
10
0.7496962204724409
20
2.2091187007874016
11
0.7494796062992126
21
2.2091400000000001
0
LINE
8
BLACK
6
CONTINUOUS
10
0.7494796062992126
20
2.2091400000000001
11
0.7494394094488189
21
2.2091566535433071
0
LINE
8
BLACK
6
CONTINUOUS
10
0.7494394094488189
20
2.2091566535433071
11
0.7493395275590551
21
2.2091714173228345
0
LINE
8
BLACK
6
CONTINUOUS
10
0.7493395275590551
20
2.2091714173228345
11
0.7425903543307086
21
2.2108587007874014
0
LINE
8
BLACK
6
CONTINUOUS
10
0.7425903543307086
20
2.2108587007874014
11
0.7425478346456693
21
2.2108738976377951
0
LINE
8
BLACK
6
CONTINUOUS
10
0.7425478346456693
20
2.2108738976377951
11
0.7425266141732283
21
2.2108753937007872
0
LINE
8
BLACK
6
CONTINUOUS
10
0.7425266141732283
20
2.2108753937007872
11
0.7422871653543307
21
2.2109670472440945
0
LINE
8
BLACK
6
CONTINUOUS
10
0.7422871653543307
20
2.2109670472440945
11
0.7420452362204725
21
2.2110534645669291
0
LINE
8
BLACK
6
CONTINUOUS
10
0.7420452362204725
20
2.2110534645669291
11
0.7420280708661418
21
2.2110661811023622
0
LINE
8
BLACK
6
CONTINUOUS
10
0.7420280708661418
20
2.2110661811023622
11
0.7419859842519685
21
2.2110822834645667
0
LINE
8
BLACK
6
CONTINUOUS
10
0.7419859842519685
20
2.2110822834645667
11
0.7386114173228346
21
2.2127695669291336
0
LINE
8
BLACK
6
CONTINUOUS
10
0.7386114173228346
20
2.2127695669291336
11
0.7383633858267716
21
2.2129256692913386
0
LINE
8
BLACK
6
CONTINUOUS
10
0.7383633858267716
20
2.2129256692913386
11
0.7382914566929134
21
2.212955472440945
0
LINE
8
BLACK
6
CONTINUOUS
10
0.7382914566929134
20
2.212955472440945
11
0.7382104724409448
21
2.213021968503937
0
LINE
8
BLACK
6
CONTINUOUS
10
0.7382104724409448
20
2.213021968503937
11
0.7381215354330708
21
2.2130779133858267
0
LINE
8
BLACK
6
CONTINUOUS
10
0.7381215354330708
20
2.2130779133858267
11
0.7380703543307087
21
2.2131369291338583
0
LINE
8
BLACK
6
CONTINUOUS
10
0.7380703543307087
20
2.2131369291338583
11
0.7378440157480315
21
2.2133226771653542
0
LINE
8
BLACK
6
CONTINUOUS
10
0.7378440157480315
20
2.2133226771653542
11
0.7361567322834646
21
2.2150099606299212
0
LINE
8
BLACK
6
CONTINUOUS
10
0.7361567322834646
20
2.2150099606299212
11
0.7359709448818897
21
2.215236338582677
0
LINE
8
BLACK
6
CONTINUOUS
10
0.7359709448818897
20
2.215236338582677
11
0.735911968503937
21
2.2152874803149607
0
LINE
8
BLACK
6
CONTINUOUS
10
0.735911968503937
20
2.2152874803149607
11
0.7358559842519685
21
2.2153764566929133
0
LINE
8
BLACK
6
CONTINUOUS
10
0.7358559842519685
20
2.2153764566929133
11
0.7357895275590551
21
2.215457401574803
0
LINE
8
BLACK
6
CONTINUOUS
10
0.7357895275590551
20
2.215457401574803
11
0.7357596850393701
21
2.2155293700787402
0
LINE
8
BLACK
6
CONTINUOUS
10
0.7357596850393701
20
2.2155293700787402
11
0.7356036220472441
21
2.2157773622047245
0
LINE
8
BLACK
6
CONTINUOUS
10
0.7356036220472441
20
2.2157773622047245
11
0.7339163385826771
21
2.2191519685039371
0
LINE
8
BLACK
6
CONTINUOUS
10
0.7339163385826771
20
2.2191519685039371
11
0.7337094488188977
21
2.2196925984251967
0
LINE
8
BLACK
6
CONTINUOUS
10
0.7337094488188977
20
2.2196925984251967
11
0.7337019291338582
21
2.2197984251968506
0
LINE
8
BLACK
6
CONTINUOUS
10
0.7337019291338582
20
2.2197984251968506
11
0.7336613385826771
21
2.2198964173228344
0
LINE
8
BLACK
6
CONTINUOUS
10
0.7336613385826771
20
2.2198964173228344
11
0.7336046062992125
21
2.2204724803149607
0
LINE
8
BLACK
6
CONTINUOUS
10
0.7336046062992125
20
2.2204724803149607
11
0.7336046062992125
21
2.2238470472440945
0
LINE
8
BLACK
6
CONTINUOUS
10
0.7336046062992125
20
2.2238470472440945
11
0.7336613385826771
21
2.2244231102362204
0
LINE
8
BLACK
6
CONTINUOUS
10
0.7336613385826771
20
2.2244231102362204
11
0.7337019291338582
21
2.2245211417322834
0
LINE
8
BLACK
6
CONTINUOUS
10
0.7337019291338582
20
2.2245211417322834
11
0.7337094488188977
21
2.2246269291338581
0
LINE
8
BLACK
6
CONTINUOUS
10
0.7337094488188977
20
2.2246269291338581
11
0.7339163385826771
21
2.2251675590551181
0
LINE
8
BLACK
6
CONTINUOUS
10
0.7339163385826771
20
2.2251675590551181
11
0.7356036220472441
21
2.2285421259842519
0
LINE
8
BLACK
6
CONTINUOUS
10
0.7356036220472441
20
2.2285421259842519
11
0.7357596850393701
21
2.2287901574803151
0
LINE
8
BLACK
6
CONTINUOUS
10
0.7357596850393701
20
2.2287901574803151
11
0.7357895275590551
21
2.2288620866141731
0
LINE
8
BLACK
6
CONTINUOUS
10
0.7357895275590551
20
2.2288620866141731
11
0.7358559842519685
21
2.2289430708661415
0
LINE
8
BLACK
6
CONTINUOUS
10
0.7358559842519685
20
2.2289430708661415
11
0.735911968503937
21
2.2290320078740158
0
LINE
8
BLACK
6
CONTINUOUS
10
0.735911968503937
20
2.2290320078740158
11
0.7359709448818897
21
2.2290831889763778
0
LINE
8
BLACK
6
CONTINUOUS
10
0.7359709448818897
20
2.2290831889763778
11
0.7361567322834646
21
2.2293095275590549
0
LINE
8
BLACK
6
CONTINUOUS
10
0.7361567322834646
20
2.2293095275590549
11
0.7378440157480315
21
2.2309968110236218
0
LINE
8
BLACK
6
CONTINUOUS
10
0.7378440157480315
20
2.2309968110236218
11
0.7380704724409448
21
2.2311826771653545
0
LINE
8
BLACK
6
CONTINUOUS
10
0.7380704724409448
20
2.2311826771653545
11
0.7381215354330708
21
2.231241535433071
0
LINE
8
BLACK
6
CONTINUOUS
10
0.7381215354330708
20
2.231241535433071
11
0.7382103149606299
21
2.231297440944882
0
LINE
8
BLACK
6
CONTINUOUS
10
0.7382103149606299
20
2.231297440944882
11
0.7382914566929134
21
2.2313640157480314
0
LINE
8
BLACK
6
CONTINUOUS
10
0.7382914566929134
20
2.2313640157480314
11
0.7383634251968504
21
2.2313938582677166
0
LINE
8
BLACK
6
CONTINUOUS
10
0.7383634251968504
20
2.2313938582677166
11
0.7386113779527559
21
2.2315499212598424
0
LINE
8
BLACK
6
CONTINUOUS
10
0.7386113779527559
20
2.2315499212598424
11
0.7419859842519685
21
2.2332372440944881
0
LINE
8
BLACK
6
CONTINUOUS
10
0.7419859842519685
20
2.2332372440944881
11
0.7420280708661418
21
2.2332533858267718
0
LINE
8
BLACK
6
CONTINUOUS
10
0.7420280708661418
20
2.2332533858267718
11
0.7420452362204725
21
2.2332660629921262
0
LINE
8
BLACK
6
CONTINUOUS
10
0.7420452362204725
20
2.2332660629921262
11
0.742286811023622
21
2.2333524015748032
0
LINE
8
BLACK
6
CONTINUOUS
10
0.742286811023622
20
2.2333524015748032
11
0.7425265748031495
21
2.2334441338582676
0
LINE
8
BLACK
6
CONTINUOUS
10
0.7425265748031495
20
2.2334441338582676
11
0.7425478346456693
21
2.2334456692913385
0
LINE
8
BLACK
6
CONTINUOUS
10
0.7425478346456693
20
2.2334456692913385
11
0.7425903543307086
21
2.2334608267716534
0
LINE
8
BLACK
6
CONTINUOUS
10
0.7425903543307086
20
2.2334608267716534
11
0.7493395275590551
21
2.2351481102362203
0
LINE
8
BLACK
6
CONTINUOUS
10
0.7493395275590551
20
2.2351481102362203
11
0.7494394094488189
21
2.2351629133858268
0
LINE
8
BLACK
6
CONTINUOUS
10
0.7494394094488189
20
2.2351629133858268
11
0.7494796062992126
21
2.2351795275590551
0
LINE
8
BLACK
6
CONTINUOUS
10
0.7494796062992126
20
2.2351795275590551
11
0.7496962204724409
21
2.2352008661417324
0
LINE
8
BLACK
6
CONTINUOUS
10
0.7496962204724409
20
2.2352008661417324
11
0.7499121653543307
21
2.2352327952755906
0
LINE
8
BLACK
6
CONTINUOUS
10
0.7499121653543307
20
2.2352327952755906
11
0.7499552755905512
21
2.2352263779527557
0
LINE
8
BLACK
6
CONTINUOUS
10
0.7499552755905512
20
2.2352263779527557
11
0.7500556692913386
21
2.2352362598425195
0
LINE
8
BLACK
6
CONTINUOUS
10
0.7500556692913386
20
2.2352362598425195
11
0.758492125984252
21
2.2352362598425195
0
LINE
8
BLACK
6
CONTINUOUS
10
0.758492125984252
20
2.2352362598425195
11
0.7585926377952755
21
2.2352263779527557
0
LINE
8
BLACK
6
CONTINUOUS
10
0.7443371259842519
20
2.2278102755905511
11
0.7416809842519685
21
2.2264821653543305
0
LINE
8
BLACK
6
CONTINUOUS
10
0.7416809842519685
20
2.2264821653543305
11
0.7406713779527558
21
2.2254725196850393
0
LINE
8
BLACK
6
CONTINUOUS
10
0.7406713779527558
20
2.2254725196850393
11
0.7395101181102363
21
2.22315
0
LINE
8
BLACK
6
CONTINUOUS
10
0.7395101181102363
20
2.22315
11
0.7395101181102363
21
2.2211695275590553
0
LINE
8
BLACK
6
CONTINUOUS
10
0.7395101181102363
20
2.2211695275590553
11
0.7406713779527558
21
2.2188469685039371
0
LINE
8
BLACK
6
CONTINUOUS
10
0.7406713779527558
20
2.2188469685039371
11
0.7416810236220472
21
2.2178373228346455
0
LINE
8
BLACK
6
CONTINUOUS
10
0.7416810236220472
20
2.2178373228346455
11
0.7443370078740157
21
2.2165093307086612
0
LINE
8
BLACK
6
CONTINUOUS
10
0.7443370078740157
20
2.2165093307086612
11
0.7504192125984251
21
2.2149887795275589
0
LINE
8
BLACK
6
CONTINUOUS
10
0.7504192125984251
20
2.2149887795275589
11
0.7581285826771653
21
2.2149887795275589
0
LINE
8
BLACK
6
CONTINUOUS
10
0.7581285826771653
20
2.2149887795275589
11
0.7642107086614173
21
2.2165093307086612
0
LINE
8
BLACK
6
CONTINUOUS
10
0.7642107086614173
20
2.2165093307086612
11
0.7668667322834646
21
2.2178373622047243
0
LINE
8
BLACK
6
CONTINUOUS
10
0.7668667322834646
20
2.2178373622047243
11
0.7678764173228346
21
2.2188470078740159
0
LINE
8
BLACK
6
CONTINUOUS
10
0.7678764173228346
20
2.2188470078740159
11
0.7690376771653543
21
2.2211695275590553
0
LINE
8
BLACK
6
CONTINUOUS
10
0.7690376771653543
20
2.2211695275590553
11
0.7690376771653543
21
2.22315
0
LINE
8
BLACK
6
CONTINUOUS
10
0.7690376771653543
20
2.22315
11
0.7678764173228346
21
2.2254725196850393
0
LINE
8
BLACK
6
CONTINUOUS
10
0.7678764173228346
20
2.2254725196850393
11
0.7668667322834646
21
2.2264821653543305
0
LINE
8
BLACK
6
CONTINUOUS
10
0.7668667322834646
20
2.2264821653543305
11
0.7642105905511811
21
2.2278102755905511
0
LINE
8
BLACK
6
CONTINUOUS
10
0.7642105905511811
20
2.2278102755905511
11
0.7581285826771653
21
2.2293307480314959
0
LINE
8
BLACK
6
CONTINUOUS
10
0.7581285826771653
20
2.2293307480314959
11
0.7504192125984251
21
2.2293307480314959
0
LINE
8
BLACK
6
CONTINUOUS
10
0.7504192125984251
20
2.2293307480314959
11
0.7443371259842519
21
2.2278102755905511
0
LINE
8
BLACK
6
CONTINUOUS
10
0.5106353937007874
20
2.2878064173228347
11
0.5116061811023622
21
2.2871859842519684
0
LINE
8
BLACK
6
CONTINUOUS
10
0.5116061811023622
20
2.2871859842519684
11
0.5122656692913385
21
2.286241338582677
0
LINE
8
BLACK
6
CONTINUOUS
10
0.5122656692913385
20
2.286241338582677
11
0.5125134645669291
21
2.2851161811023624
0
LINE
8
BLACK
6
CONTINUOUS
10
0.5125134645669291
20
2.2851161811023624
11
0.5124684645669291
21
2.2845390944881889
0
LINE
8
BLACK
6
CONTINUOUS
10
0.5124684645669291
20
2.2845390944881889
11
0.5100856299212598
21
2.271135748031496
0
LINE
8
BLACK
6
CONTINUOUS
10
0.5100856299212598
20
2.271135748031496
11
0.512560905511811
21
2.271135748031496
0
LINE
8
BLACK
6
CONTINUOUS
10
0.512560905511811
20
2.271135748031496
11
0.513136968503937
21
2.2710790157480316
0
LINE
8
BLACK
6
CONTINUOUS
10
0.513136968503937
20
2.2710790157480316
11
0.5142013779527559
21
2.2706381102362205
0
LINE
8
BLACK
6
CONTINUOUS
10
0.5142013779527559
20
2.2706381102362205
11
0.5150160236220472
21
2.2698234645669291
0
LINE
8
BLACK
6
CONTINUOUS
10
0.5150160236220472
20
2.2698234645669291
11
0.5154569291338582
21
2.2687590551181103
0
LINE
8
BLACK
6
CONTINUOUS
10
0.5154569291338582
20
2.2687590551181103
11
0.5154569291338582
21
2.2676069291338581
0
LINE
8
BLACK
6
CONTINUOUS
10
0.5154569291338582
20
2.2676069291338581
11
0.5150160236220472
21
2.2665425196850393
0
LINE
8
BLACK
6
CONTINUOUS
10
0.5150160236220472
20
2.2665425196850393
11
0.5142013779527559
21
2.2657278740157478
0
LINE
8
BLACK
6
CONTINUOUS
10
0.5142013779527559
20
2.2657278740157478
11
0.513136968503937
21
2.2652869685039367
0
LINE
8
BLACK
6
CONTINUOUS
10
0.513136968503937
20
2.2652869685039367
11
0.512560905511811
21
2.2652302362204724
0
LINE
8
BLACK
6
CONTINUOUS
10
0.512560905511811
20
2.2652302362204724
11
0.5090357874015748
21
2.2652302362204724
0
LINE
8
BLACK
6
CONTINUOUS
10
0.5090357874015748
20
2.2652302362204724
11
0.5070860236220472
21
2.254262874015748
0
LINE
8
BLACK
6
CONTINUOUS
10
0.5070860236220472
20
2.254262874015748
11
0.5095612992125984
21
2.254262874015748
0
LINE
8
BLACK
6
CONTINUOUS
10
0.5095612992125984
20
2.254262874015748
11
0.5101373622047244
21
2.2542061417322836
0
LINE
8
BLACK
6
CONTINUOUS
10
0.5101373622047244
20
2.2542061417322836
11
0.5112017716535433
21
2.2537652362204725
0
LINE
8
BLACK
6
CONTINUOUS
10
0.5112017716535433
20
2.2537652362204725
11
0.5120164173228346
21
2.2529505905511811
0
LINE
8
BLACK
6
CONTINUOUS
10
0.5120164173228346
20
2.2529505905511811
11
0.5124573228346456
21
2.2518861811023623
0
LINE
8
BLACK
6
CONTINUOUS
10
0.5124573228346456
20
2.2518861811023623
11
0.5124573228346456
21
2.2507340551181101
0
LINE
8
BLACK
6
CONTINUOUS
10
0.5124573228346456
20
2.2507340551181101
11
0.5120164173228346
21
2.2496696456692913
0
LINE
8
BLACK
6
CONTINUOUS
10
0.5120164173228346
20
2.2496696456692913
11
0.5112017716535433
21
2.2488549999999998
0
LINE
8
BLACK
6
CONTINUOUS
10
0.5112017716535433
20
2.2488549999999998
11
0.5101373622047244
21
2.2484140944881887
0
LINE
8
BLACK
6
CONTINUOUS
10
0.5101373622047244
20
2.2484140944881887
11
0.5095612992125984
21
2.2483573622047244
0
LINE
8
BLACK
6
CONTINUOUS
10
0.5095612992125984
20
2.2483573622047244
11
0.5060361417322835
21
2.2483573622047244
0
LINE
8
BLACK
6
CONTINUOUS
10
0.5060361417322835
20
2.2483573622047244
11
0.5034695669291338
21
2.2339203543307087
0
LINE
8
BLACK
6
CONTINUOUS
10
0.5034695669291338
20
2.2339203543307087
11
0.503312874015748
21
2.2333631496062991
0
LINE
8
BLACK
6
CONTINUOUS
10
0.503312874015748
20
2.2333631496062991
11
0.5026924803149606
21
2.2323923228346456
0
LINE
8
BLACK
6
CONTINUOUS
10
0.5026924803149606
20
2.2323923228346456
11
0.5017478346456693
21
2.2317328346456691
0
LINE
8
BLACK
6
CONTINUOUS
10
0.5017478346456693
20
2.2317328346456691
11
0.5006226771653544
21
2.2314850393700785
0
LINE
8
BLACK
6
CONTINUOUS
10
0.5006226771653544
20
2.2314850393700785
11
0.4994883464566929
21
2.2316867322834644
0
LINE
8
BLACK
6
CONTINUOUS
10
0.4994883464566929
20
2.2316867322834644
11
0.4985175196850394
21
2.232307125984252
0
LINE
8
BLACK
6
CONTINUOUS
10
0.4985175196850394
20
2.232307125984252
11
0.497858031496063
21
2.2332517716535434
0
LINE
8
BLACK
6
CONTINUOUS
10
0.497858031496063
20
2.2332517716535434
11
0.4976102362204725
21
2.2343769291338584
0
LINE
8
BLACK
6
CONTINUOUS
10
0.4976102362204725
20
2.2343769291338584
11
0.4976552362204724
21
2.2349540551181102
0
LINE
8
BLACK
6
CONTINUOUS
10
0.4976552362204724
20
2.2349540551181102
11
0.500038031496063
21
2.2483573622047244
0
LINE
8
BLACK
6
CONTINUOUS
10
0.500038031496063
20
2.2483573622047244
11
0.4955374409448819
21
2.2483573622047244
0
LINE
8
BLACK
6
CONTINUOUS
10
0.4955374409448819
20
2.2483573622047244
11
0.4929708661417322
21
2.2339203543307087
0
LINE
8
BLACK
6
CONTINUOUS
10
0.4929708661417322
20
2.2339203543307087
11
0.4928141732283464
21
2.2333631496062991
0
LINE
8
BLACK
6
CONTINUOUS
10
0.4928141732283464
20
2.2333631496062991
11
0.492193779527559
21
2.2323923228346456
0
LINE
8
BLACK
6
CONTINUOUS
10
0.492193779527559
20
2.2323923228346456
11
0.4912491338582677
21
2.2317328346456691
0
LINE
8
BLACK
6
CONTINUOUS
10
0.4912491338582677
20
2.2317328346456691
11
0.4901239763779527
21
2.2314850393700785
0
LINE
8
BLACK
6
CONTINUOUS
10
0.4901239763779527
20
2.2314850393700785
11
0.4889896456692913
21
2.2316867322834644
0
LINE
8
BLACK
6
CONTINUOUS
10
0.4889896456692913
20
2.2316867322834644
11
0.4880188188976378
21
2.232307125984252
0
LINE
8
BLACK
6
CONTINUOUS
10
0.4880188188976378
20
2.232307125984252
11
0.4873593307086614
21
2.2332517716535434
0
LINE
8
BLACK
6
CONTINUOUS
10
0.4873593307086614
20
2.2332517716535434
11
0.4871115354330708
21
2.2343769291338584
0
LINE
8
BLACK
6
CONTINUOUS
10
0.4871115354330708
20
2.2343769291338584
11
0.4871565354330709
21
2.2349540551181102
0
LINE
8
BLACK
6
CONTINUOUS
10
0.4871565354330709
20
2.2349540551181102
11
0.4895393307086614
21
2.2483573622047244
0
LINE
8
BLACK
6
CONTINUOUS
10
0.4895393307086614
20
2.2483573622047244
11
0.487064094488189
21
2.2483573622047244
0
LINE
8
BLACK
6
CONTINUOUS
10
0.487064094488189
20
2.2483573622047244
11
0.486488031496063
21
2.2484140944881887
0
LINE
8
BLACK
6
CONTINUOUS
10
0.486488031496063
20
2.2484140944881887
11
0.4854236220472441
21
2.2488549999999998
0
LINE
8
BLACK
6
CONTINUOUS
10
0.4854236220472441
20
2.2488549999999998
11
0.4846089763779527
21
2.2496696456692913
0
LINE
8
BLACK
6
CONTINUOUS
10
0.4846089763779527
20
2.2496696456692913
11
0.4841680708661417
21
2.2507340551181101
0
LINE
8
BLACK
6
CONTINUOUS
10
0.4841680708661417
20
2.2507340551181101
11
0.4841680708661417
21
2.2518861811023623
0
LINE
8
BLACK
6
CONTINUOUS
10
0.4841680708661417
20
2.2518861811023623
11
0.4846089763779527
21
2.2529505905511811
0
LINE
8
BLACK
6
CONTINUOUS
10
0.4846089763779527
20
2.2529505905511811
11
0.4854236220472441
21
2.2537652362204725
0
LINE
8
BLACK
6
CONTINUOUS
10
0.4854236220472441
20
2.2537652362204725
11
0.486488031496063
21
2.2542061417322836
0
LINE
8
BLACK
6
CONTINUOUS
10
0.486488031496063
20
2.2542061417322836
11
0.487064094488189
21
2.254262874015748
0
LINE
8
BLACK
6
CONTINUOUS
10
0.487064094488189
20
2.254262874015748
11
0.4905892125984252
21
2.254262874015748
0
LINE
8
BLACK
6
CONTINUOUS
10
0.4905892125984252
20
2.254262874015748
11
0.4925389763779527
21
2.2652302362204724
0
LINE
8
BLACK
6
CONTINUOUS
10
0.4925389763779527
20
2.2652302362204724
11
0.4900637007874016
21
2.2652302362204724
0
LINE
8
BLACK
6
CONTINUOUS
10
0.4900637007874016
20
2.2652302362204724
11
0.4894876377952756
21
2.2652869685039367
0
LINE
8
BLACK
6
CONTINUOUS
10
0.4894876377952756
20
2.2652869685039367
11
0.4884232283464567
21
2.2657278740157478
0
LINE
8
BLACK
6
CONTINUOUS
10
0.4884232283464567
20
2.2657278740157478
11
0.4876085826771653
21
2.2665425196850393
0
LINE
8
BLACK
6
CONTINUOUS
10
0.4876085826771653
20
2.2665425196850393
11
0.4871676771653543
21
2.2676069291338581
0
LINE
8
BLACK
6
CONTINUOUS
10
0.4871676771653543
20
2.2676069291338581
11
0.4871676771653543
21
2.2687590551181103
0
LINE
8
BLACK
6
CONTINUOUS
10
0.4871676771653543
20
2.2687590551181103
11
0.4876085826771653
21
2.2698234645669291
0
LINE
8
BLACK
6
CONTINUOUS
10
0.4876085826771653
20
2.2698234645669291
11
0.4884232283464567
21
2.2706381102362205
0
LINE
8
BLACK
6
CONTINUOUS
10
0.4884232283464567
20
2.2706381102362205
11
0.4894876377952756
21
2.2710790157480316
0
LINE
8
BLACK
6
CONTINUOUS
10
0.4894876377952756
20
2.2710790157480316
11
0.4900637007874016
21
2.271135748031496
0
LINE
8
BLACK
6
CONTINUOUS
10
0.4900637007874016
20
2.271135748031496
11
0.4935888582677165
21
2.271135748031496
0
LINE
8
BLACK
6
CONTINUOUS
10
0.4935888582677165
20
2.271135748031496
11
0.4961554330708661
21
2.2855727559055117
0
LINE
8
BLACK
6
CONTINUOUS
10
0.4961554330708661
20
2.2855727559055117
11
0.496312125984252
21
2.28613
0
LINE
8
BLACK
6
CONTINUOUS
10
0.496312125984252
20
2.28613
11
0.4969325196850394
21
2.2871007874015747
0
LINE
8
BLACK
6
CONTINUOUS
10
0.4969325196850394
20
2.2871007874015747
11
0.4978771653543307
21
2.2877602755905513
0
LINE
8
BLACK
6
CONTINUOUS
10
0.4978771653543307
20
2.2877602755905513
11
0.4990023228346457
21
2.2880080708661419
0
LINE
8
BLACK
6
CONTINUOUS
10
0.4990023228346457
20
2.2880080708661419
11
0.5001366929133858
21
2.2878064173228347
0
LINE
8
BLACK
6
CONTINUOUS
10
0.5001366929133858
20
2.2878064173228347
11
0.5011074803149607
21
2.2871859842519684
0
LINE
8
BLACK
6
CONTINUOUS
10
0.5011074803149607
20
2.2871859842519684
11
0.501766968503937
21
2.286241338582677
0
LINE
8
BLACK
6
CONTINUOUS
10
0.501766968503937
20
2.286241338582677
11
0.5020147637795276
21
2.2851161811023624
0
LINE
8
BLACK
6
CONTINUOUS
10
0.5020147637795276
20
2.2851161811023624
11
0.5019697637795275
21
2.2845390944881889
0
LINE
8
BLACK
6
CONTINUOUS
10
0.5019697637795275
20
2.2845390944881889
11
0.4995869291338583
21
2.271135748031496
0
LINE
8
BLACK
6
CONTINUOUS
10
0.4995869291338583
20
2.271135748031496
11
0.5040875590551182
21
2.271135748031496
0
LINE
8
BLACK
6
CONTINUOUS
10
0.5040875590551182
20
2.271135748031496
11
0.5066541338582677
21
2.2855727559055117
0
LINE
8
BLACK
6
CONTINUOUS
10
0.5066541338582677
20
2.2855727559055117
11
0.5068108267716536
21
2.28613
0
LINE
8
BLACK
6
CONTINUOUS
10
0.5068108267716536
20
2.28613
11
0.5074312204724409
21
2.2871007874015747
0
LINE
8
BLACK
6
CONTINUOUS
10
0.5074312204724409
20
2.2871007874015747
11
0.5083758661417322
21
2.2877602755905513
0
LINE
8
BLACK
6
CONTINUOUS
10
0.5083758661417322
20
2.2877602755905513
11
0.5095010236220472
21
2.2880080708661419
0
LINE
8
BLACK
6
CONTINUOUS
10
0.5095010236220472
20
2.2880080708661419
11
0.5106353937007874
21
2.2878064173228347
0
LINE
8
BLACK
6
CONTINUOUS
10
0.4965873228346457
20
2.254262874015748
11
0.5010879133858268
21
2.254262874015748
0
LINE
8
BLACK
6
CONTINUOUS
10
0.5010879133858268
20
2.254262874015748
11
0.5030376771653543
21
2.2652302362204724
0
LINE
8
BLACK
6
CONTINUOUS
10
0.5030376771653543
20
2.2652302362204724
11
0.4985370866141732
21
2.2652302362204724
0
LINE
8
BLACK
6
CONTINUOUS
10
0.4985370866141732
20
2.2652302362204724
11
0.4965873228346457
21
2.254262874015748
0
LINE
8
BLACK
6
CONTINUOUS
10
0.6381194488188976
20
2.2878064173228347
11
0.6390902362204725
21
2.2871859842519684
0
LINE
8
BLACK
6
CONTINUOUS
10
0.6390902362204725
20
2.2871859842519684
11
0.6397497244094488
21
2.286241338582677
0
LINE
8
BLACK
6
CONTINUOUS
10
0.6397497244094488
20
2.286241338582677
11
0.6399975196850394
21
2.2851161811023624
0
LINE
8
BLACK
6
CONTINUOUS
10
0.6399975196850394
20
2.2851161811023624
11
0.6399525196850393
21
2.2845390944881889
0
LINE
8
BLACK
6
CONTINUOUS
10
0.6399525196850393
20
2.2845390944881889
11
0.6375696850393701
21
2.271135748031496
0
LINE
8
BLACK
6
CONTINUOUS
10
0.6375696850393701
20
2.271135748031496
11
0.6400449606299212
21
2.271135748031496
0
LINE
8
BLACK
6
CONTINUOUS
10
0.6400449606299212
20
2.271135748031496
11
0.6406210236220472
21
2.2710790157480316
0
LINE
8
BLACK
6
CONTINUOUS
10
0.6406210236220472
20
2.2710790157480316
11
0.6416854330708661
21
2.2706381102362205
0
LINE
8
BLACK
6
CONTINUOUS
10
0.6416854330708661
20
2.2706381102362205
11
0.6425000787401575
21
2.2698234645669291
0
LINE
8
BLACK
6
CONTINUOUS
10
0.6425000787401575
20
2.2698234645669291
11
0.6429409842519684
21
2.2687590551181103
0
LINE
8
BLACK
6
CONTINUOUS
10
0.6429409842519684
20
2.2687590551181103
11
0.6429409842519684
21
2.2676069291338581
0
LINE
8
BLACK
6
CONTINUOUS
10
0.6429409842519684
20
2.2676069291338581
11
0.6425000787401575
21
2.2665425196850393
0
LINE
8
BLACK
6
CONTINUOUS
10
0.6425000787401575
20
2.2665425196850393
11
0.6416854330708661
21
2.2657278740157478
0
LINE
8
BLACK
6
CONTINUOUS
10
0.6416854330708661
20
2.2657278740157478
11
0.6406210236220472
21
2.2652869685039367
0
LINE
8
BLACK
6
CONTINUOUS
10
0.6406210236220472
20
2.2652869685039367
11
0.6400449606299212
21
2.2652302362204724
0
LINE
8
BLACK
6
CONTINUOUS
10
0.6400449606299212
20
2.2652302362204724
11
0.6365198425196851
21
2.2652302362204724
0
LINE
8
BLACK
6
CONTINUOUS
10
0.6365198425196851
20
2.2652302362204724
11
0.6345700787401575
21
2.254262874015748
0
LINE
8
BLACK
6
CONTINUOUS
10
0.6345700787401575
20
2.254262874015748
11
0.6370453543307086
21
2.254262874015748
0
LINE
8
BLACK
6
CONTINUOUS
10
0.6370453543307086
20
2.254262874015748
11
0.6376214173228346
21
2.2542061417322836
0
LINE
8
BLACK
6
CONTINUOUS
10
0.6376214173228346
20
2.2542061417322836
11
0.6386858267716535
21
2.2537652362204725
0
LINE
8
BLACK
6
CONTINUOUS
10
0.6386858267716535
20
2.2537652362204725
11
0.6395004724409449
21
2.2529505905511811
0
LINE
8
BLACK
6
CONTINUOUS
10
0.6395004724409449
20
2.2529505905511811
11
0.6399413779527559
21
2.2518861811023623
0
LINE
8
BLACK
6
CONTINUOUS
10
0.6399413779527559
20
2.2518861811023623
11
0.6399413779527559
21
2.2507340551181101
0
LINE
8
BLACK
6
CONTINUOUS
10
0.6399413779527559
20
2.2507340551181101
11
0.6395004724409449
21
2.2496696456692913
0
LINE
8
BLACK
6
CONTINUOUS
10
0.6395004724409449
20
2.2496696456692913
11
0.6386858267716535
21
2.2488549999999998
0
LINE
8
BLACK
6
CONTINUOUS
10
0.6386858267716535
20
2.2488549999999998
11
0.6376214173228346
21
2.2484140944881887
0
LINE
8
BLACK
6
CONTINUOUS
10
0.6376214173228346
20
2.2484140944881887
11
0.6370453543307086
21
2.2483573622047244
0
LINE
8
BLACK
6
CONTINUOUS
10
0.6370453543307086
20
2.2483573622047244
11
0.6335201968503937
21
2.2483573622047244
0
LINE
8
BLACK
6
CONTINUOUS
10
0.6335201968503937
20
2.2483573622047244
11
0.630953622047244
21
2.2339203543307087
0
LINE
8
BLACK
6
CONTINUOUS
10
0.630953622047244
20
2.2339203543307087
11
0.6307969291338582
21
2.2333631496062991
0
LINE
8
BLACK
6
CONTINUOUS
10
0.6307969291338582
20
2.2333631496062991
11
0.6301765354330708
21
2.2323923228346456
0
LINE
8
BLACK
6
CONTINUOUS
10
0.6301765354330708
20
2.2323923228346456
11
0.6292318897637795
21
2.2317328346456691
0
LINE
8
BLACK
6
CONTINUOUS
10
0.6292318897637795
20
2.2317328346456691
11
0.6281067322834646
21
2.2314850393700785
0
LINE
8
BLACK
6
CONTINUOUS
10
0.6281067322834646
20
2.2314850393700785
11
0.6269724015748032
21
2.2316867322834644
0
LINE
8
BLACK
6
CONTINUOUS
10
0.6269724015748032
20
2.2316867322834644
11
0.6260015748031496
21
2.232307125984252
0
LINE
8
BLACK
6
CONTINUOUS
10
0.6260015748031496
20
2.232307125984252
11
0.6253420866141732
21
2.2332517716535434
0
LINE
8
BLACK
6
CONTINUOUS
10
0.6253420866141732
20
2.2332517716535434
11
0.6250942913385826
21
2.2343769291338584
0
LINE
8
BLACK
6
CONTINUOUS
10
0.6250942913385826
20
2.2343769291338584
11
0.6251392913385827
21
2.2349540551181102
0
LINE
8
BLACK
6
CONTINUOUS
10
0.6251392913385827
20
2.2349540551181102
11
0.6275220866141732
21
2.2483573622047244
0
LINE
8
BLACK
6
CONTINUOUS
10
0.6275220866141732
20
2.2483573622047244
11
0.6230214960629921
21
2.2483573622047244
0
LINE
8
BLACK
6
CONTINUOUS
10
0.6230214960629921
20
2.2483573622047244
11
0.6204549212598425
21
2.2339203543307087
0
LINE
8
BLACK
6
CONTINUOUS
10
0.6204549212598425
20
2.2339203543307087
11
0.6202982283464566
21
2.2333631496062991
0
LINE
8
BLACK
6
CONTINUOUS
10
0.6202982283464566
20
2.2333631496062991
11
0.6196778346456693
21
2.2323923228346456
0
LINE
8
BLACK
6
CONTINUOUS
10
0.6196778346456693
20
2.2323923228346456
11
0.618733188976378
21
2.2317328346456691
0
LINE
8
BLACK
6
CONTINUOUS
10
0.618733188976378
20
2.2317328346456691
11
0.617608031496063
21
2.2314850393700785
0
LINE
8
BLACK
6
CONTINUOUS
10
0.617608031496063
20
2.2314850393700785
11
0.6164737007874016
21
2.2316867322834644
0
LINE
8
BLACK
6
CONTINUOUS
10
0.6164737007874016
20
2.2316867322834644
11
0.615502874015748
21
2.232307125984252
0
LINE
8
BLACK
6
CONTINUOUS
10
0.615502874015748
20
2.232307125984252
11
0.6148433858267717
21
2.2332517716535434
0
LINE
8
BLACK
6
CONTINUOUS
10
0.6148433858267717
20
2.2332517716535434
11
0.6145955905511811
21
2.2343769291338584
0
LINE
8
BLACK
6
CONTINUOUS
10
0.6145955905511811
20
2.2343769291338584
11
0.6146405905511811
21
2.2349540551181102
0
LINE
8
BLACK
6
CONTINUOUS
10
0.6146405905511811
20
2.2349540551181102
11
0.6170233858267716
21
2.2483573622047244
0
LINE
8
BLACK
6
CONTINUOUS
10
0.6170233858267716
20
2.2483573622047244
11
0.6145481496062992
21
2.2483573622047244
0
LINE
8
BLACK
6
CONTINUOUS
10
0.6145481496062992
20
2.2483573622047244
11
0.6139720866141732
21
2.2484140944881887
0
LINE
8
BLACK
6
CONTINUOUS
10
0.6139720866141732
20
2.2484140944881887
11
0.6129076771653543
21
2.2488549999999998
0
LINE
8
BLACK
6
CONTINUOUS
10
0.6129076771653543
20
2.2488549999999998
11
0.612093031496063
21
2.2496696456692913
0
LINE
8
BLACK
6
CONTINUOUS
10
0.612093031496063
20
2.2496696456692913
11
0.611652125984252
21
2.2507340551181101
0
LINE
8
BLACK
6
CONTINUOUS
10
0.611652125984252
20
2.2507340551181101
11
0.611652125984252
21
2.2518861811023623
0
LINE
8
BLACK
6
CONTINUOUS
10
0.611652125984252
20
2.2518861811023623
11
0.612093031496063
21
2.2529505905511811
0
LINE
8
BLACK
6
CONTINUOUS
10
0.612093031496063
20
2.2529505905511811
11
0.6129076771653543
21
2.2537652362204725
0
LINE
8
BLACK
6
CONTINUOUS
10
0.6129076771653543
20
2.2537652362204725
11
0.6139720866141732
21
2.2542061417322836
0
LINE
8
BLACK
6
CONTINUOUS
10
0.6139720866141732
20
2.2542061417322836
11
0.6145481496062992
21
2.254262874015748
0
LINE
8
BLACK
6
CONTINUOUS
10
0.6145481496062992
20
2.254262874015748
11
0.6180732677165354
21
2.254262874015748
0
LINE
8
BLACK
6
CONTINUOUS
10
0.6180732677165354
20
2.254262874015748
11
0.620023031496063
21
2.2652302362204724
0
LINE
8
BLACK
6
CONTINUOUS
10
0.620023031496063
20
2.2652302362204724
11
0.6175477559055118
21
2.2652302362204724
0
LINE
8
BLACK
6
CONTINUOUS
10
0.6175477559055118
20
2.2652302362204724
11
0.6169716929133858
21
2.2652869685039367
0
LINE
8
BLACK
6
CONTINUOUS
10
0.6169716929133858
20
2.2652869685039367
11
0.6159072834645669
21
2.2657278740157478
0
LINE
8
BLACK
6
CONTINUOUS
10
0.6159072834645669
20
2.2657278740157478
11
0.6150926377952756
21
2.2665425196850393
0
LINE
8
BLACK
6
CONTINUOUS
10
0.6150926377952756
20
2.2665425196850393
11
0.6146517322834646
21
2.2676069291338581
0
LINE
8
BLACK
6
CONTINUOUS
10
0.6146517322834646
20
2.2676069291338581
11
0.6146517322834646
21
2.2687590551181103
0
LINE
8
BLACK
6
CONTINUOUS
10
0.6146517322834646
20
2.2687590551181103
11
0.6150926377952756
21
2.2698234645669291
0
LINE
8
BLACK
6
CONTINUOUS
10
0.6150926377952756
20
2.2698234645669291
11
0.6159072834645669
21
2.2706381102362205
0
LINE
8
BLACK
6
CONTINUOUS
10
0.6159072834645669
20
2.2706381102362205
11
0.6169716929133858
21
2.2710790157480316
0
LINE
8
BLACK
6
CONTINUOUS
10
0.6169716929133858
20
2.2710790157480316
11
0.6175477559055118
21
2.271135748031496
0
LINE
8
BLACK
6
CONTINUOUS
10
0.6175477559055118
20
2.271135748031496
11
0.6210729133858267
21
2.271135748031496
0
LINE
8
BLACK
6
CONTINUOUS
10
0.6210729133858267
20
2.271135748031496
11
0.6236394881889764
21
2.2855727559055117
0
LINE
8
BLACK
6
CONTINUOUS
10
0.6236394881889764
20
2.2855727559055117
11
0.6237961811023622
21
2.28613
0
LINE
8
BLACK
6
CONTINUOUS
10
0.6237961811023622
20
2.28613
11
0.6244165748031496
21
2.2871007874015747
0
LINE
8
BLACK
6
CONTINUOUS
10
0.6244165748031496
20
2.2871007874015747
11
0.6253612204724409
21
2.2877602755905513
0
LINE
8
BLACK
6
CONTINUOUS
10
0.6253612204724409
20
2.2877602755905513
11
0.6264863779527559
21
2.2880080708661419
0
LINE
8
BLACK
6
CONTINUOUS
10
0.6264863779527559
20
2.2880080708661419
11
0.627620748031496
21
2.2878064173228347
0
LINE
8
BLACK
6
CONTINUOUS
10
0.627620748031496
20
2.2878064173228347
11
0.6285915354330709
21
2.2871859842519684
0
LINE
8
BLACK
6
CONTINUOUS
10
0.6285915354330709
20
2.2871859842519684
11
0.6292510236220472
21
2.286241338582677
0
LINE
8
BLACK
6
CONTINUOUS
10
0.6292510236220472
20
2.286241338582677
11
0.6294988188976378
21
2.2851161811023624
0
LINE
8
BLACK
6
CONTINUOUS
10
0.6294988188976378
20
2.2851161811023624
11
0.6294538188976377
21
2.2845390944881889
0
LINE
8
BLACK
6
CONTINUOUS
10
0.6294538188976377
20
2.2845390944881889
11
0.6270709842519685
21
2.271135748031496
0
LINE
8
BLACK
6
CONTINUOUS
10
0.6270709842519685
20
2.271135748031496
11
0.6315716141732284
21
2.271135748031496
0
LINE
8
BLACK
6
CONTINUOUS
10
0.6315716141732284
20
2.271135748031496
11
0.634138188976378
21
2.2855727559055117
0
LINE
8
BLACK
6
CONTINUOUS
10
0.634138188976378
20
2.2855727559055117
11
0.6342948818897638
21
2.28613
0
LINE
8
BLACK
6
CONTINUOUS
10
0.6342948818897638
20
2.28613
11
0.6349152755905512
21
2.2871007874015747
0
LINE
8
BLACK
6
CONTINUOUS
10
0.6349152755905512
20
2.2871007874015747
11
0.6358599212598425
21
2.2877602755905513
0
LINE
8
BLACK
6
CONTINUOUS
10
0.6358599212598425
20
2.2877602755905513
11
0.6369850787401574
21
2.2880080708661419
0
LINE
8
BLACK
6
CONTINUOUS
10
0.6369850787401574
20
2.2880080708661419
11
0.6381194488188976
21
2.2878064173228347
0
LINE
8
BLACK
6
CONTINUOUS
10
0.6240713779527559
20
2.254262874015748
11
0.628571968503937
21
2.254262874015748
0
LINE
8
BLACK
6
CONTINUOUS
10
0.628571968503937
20
2.254262874015748
11
0.6305217322834645
21
2.2652302362204724
0
LINE
8
BLACK
6
CONTINUOUS
10
0.6305217322834645
20
2.2652302362204724
11
0.6260211417322834
21
2.2652302362204724
0
LINE
8
BLACK
6
CONTINUOUS
10
0.6260211417322834
20
2.2652302362204724
11
0.6240713779527559
21
2.254262874015748
0
LINE
8
BLACK
6
CONTINUOUS
10
1.0173212204724409
20
2.278337125984252
11
1.0173842125984252
21
2.2783446062992128
0
LINE
8
BLACK
6
CONTINUOUS
10
1.0173842125984252
20
2.2783446062992128
11
1.0174589763779527
21
2.2783235826771655
0
LINE
8
BLACK
6
CONTINUOUS
10
1.0174589763779527
20
2.2783235826771655
11
1.017730157480315
21
2.2782968503937009
0
LINE
8
BLACK
6
CONTINUOUS
10
1.017730157480315
20
2.2782968503937009
11
1.0181038976377952
21
2.2781420472440943
0
LINE
8
BLACK
6
CONTINUOUS
10
1.0181038976377952
20
2.2781420472440943
11
1.0184932677165355
21
2.278032440944882
0
LINE
8
BLACK
6
CONTINUOUS
10
1.0184932677165355
20
2.278032440944882
11
1.0186317322834646
21
2.2779234251968505
0
LINE
8
BLACK
6
CONTINUOUS
10
1.0186317322834646
20
2.2779234251968505
11
1.0187945669291338
21
2.2778559448818898
0
LINE
8
BLACK
6
CONTINUOUS
10
1.0187945669291338
20
2.2778559448818898
11
1.0190805905511811
21
2.2775699212598424
0
LINE
8
BLACK
6
CONTINUOUS
10
1.0190805905511811
20
2.2775699212598424
11
1.0193983858267717
21
2.2773196456692912
0
LINE
8
BLACK
6
CONTINUOUS
10
1.0193983858267717
20
2.2773196456692912
11
1.0194845275590552
21
2.2771659842519685
0
LINE
8
BLACK
6
CONTINUOUS
10
1.0194845275590552
20
2.2771659842519685
11
1.0196092125984251
21
2.2770412992125983
0
LINE
8
BLACK
6
CONTINUOUS
10
1.0196092125984251
20
2.2770412992125983
11
1.0197640944881889
21
2.276667401574803
0
LINE
8
BLACK
6
CONTINUOUS
10
1.0197640944881889
20
2.276667401574803
11
1.0199618503937007
21
2.2763146850393698
0
LINE
8
BLACK
6
CONTINUOUS
10
1.0199618503937007
20
2.2763146850393698
11
1.0199826377952756
21
2.2761398031496061
0
LINE
8
BLACK
6
CONTINUOUS
10
1.0199826377952756
20
2.2761398031496061
11
1.0200501181102362
21
2.2759768897637795
0
LINE
8
BLACK
6
CONTINUOUS
10
1.0200501181102362
20
2.2759768897637795
11
1.0200501181102362
21
2.2755723228346456
0
LINE
8
BLACK
6
CONTINUOUS
10
1.0200501181102362
20
2.2755723228346456
11
1.020097874015748
21
2.2751706692913385
0
LINE
8
BLACK
6
CONTINUOUS
10
1.020097874015748
20
2.2751706692913385
11
1.0200501181102362
21
2.275001023622047
0
LINE
8
BLACK
6
CONTINUOUS
10
1.0200501181102362
20
2.275001023622047
11
1.0200501181102362
21
2.2748247637795274
0
LINE
8
BLACK
6
CONTINUOUS
10
1.0200501181102362
20
2.2748247637795274
11
1.0198952755905513
21
2.2744510629921257
0
LINE
8
BLACK
6
CONTINUOUS
10
1.0198952755905513
20
2.2744510629921257
11
1.0197857086614173
21
2.2740616535433071
0
LINE
8
BLACK
6
CONTINUOUS
10
1.0197857086614173
20
2.2740616535433071
11
1.0196388976377952
21
2.2738320866141732
0
LINE
8
BLACK
6
CONTINUOUS
10
1.0196388976377952
20
2.2738320866141732
11
1.0196092125984251
21
2.2737603543307086
0
LINE
8
BLACK
6
CONTINUOUS
10
1.0196092125984251
20
2.2737603543307086
11
1.0195644094488188
21
2.273715590551181
0
LINE
8
BLACK
6
CONTINUOUS
10
1.0195644094488188
20
2.273715590551181
11
1.0194738976377953
21
2.2735739763779526
0
LINE
8
BLACK
6
CONTINUOUS
10
1.0194738976377953
20
2.2735739763779526
11
1.0113134645669291
21
2.2632115748031496
0
LINE
8
BLACK
6
CONTINUOUS
10
1.0113134645669291
20
2.2632115748031496
11
1.0118388976377952
21
2.2629838976377954
0
LINE
8
BLACK
6
CONTINUOUS
10
1.0118388976377952
20
2.2629838976377954
11
1.0152135039370078
21
2.2611091338582678
0
LINE
8
BLACK
6
CONTINUOUS
10
1.0152135039370078
20
2.2611091338582678
11
1.0154773228346456
21
2.2609266141732283
0
LINE
8
BLACK
6
CONTINUOUS
10
1.0154773228346456
20
2.2609266141732283
11
1.0155467716535433
21
2.2608934645669292
0
LINE
8
BLACK
6
CONTINUOUS
10
1.0155467716535433
20
2.2608934645669292
11
1.0156141732283464
21
2.2608319291338583
0
LINE
8
BLACK
6
CONTINUOUS
10
1.0156141732283464
20
2.2608319291338583
11
1.0156895275590552
21
2.2607798031496062
0
LINE
8
BLACK
6
CONTINUOUS
10
1.0156895275590552
20
2.2607798031496062
11
1.0157374803149606
21
2.26071937007874
0
LINE
8
BLACK
6
CONTINUOUS
10
1.0157374803149606
20
2.26071937007874
11
1.0159742913385827
21
2.2605032283464568
0
LINE
8
BLACK
6
CONTINUOUS
10
1.0159742913385827
20
2.2605032283464568
11
1.0176615748031497
21
2.2586284645669292
0
LINE
8
BLACK
6
CONTINUOUS
10
1.0176615748031497
20
2.2586284645669292
11
1.0178151574803149
21
2.2584198818897638
0
LINE
8
BLACK
6
CONTINUOUS
10
1.0178151574803149
20
2.2584198818897638
11
1.017871377952756
21
2.2583669291338584
0
LINE
8
BLACK
6
CONTINUOUS
10
1.017871377952756
20
2.2583669291338584
11
1.0179323228346457
21
2.2582607086614175
0
LINE
8
BLACK
6
CONTINUOUS
10
1.0179323228346457
20
2.2582607086614175
11
1.0180047637795275
21
2.2581623228346457
0
LINE
8
BLACK
6
CONTINUOUS
10
1.0180047637795275
20
2.2581623228346457
11
1.018030433070866
21
2.2580897637795276
0
LINE
8
BLACK
6
CONTINUOUS
10
1.018030433070866
20
2.2580897637795276
11
1.0181594881889764
21
2.2578648818897635
0
LINE
8
BLACK
6
CONTINUOUS
10
1.0181594881889764
20
2.2578648818897635
11
1.0198467716535433
21
2.2541153543307084
0
LINE
8
BLACK
6
CONTINUOUS
10
1.0198467716535433
20
2.2541153543307084
11
1.0200314566929134
21
2.2535667322834647
0
LINE
8
BLACK
6
CONTINUOUS
10
1.0200314566929134
20
2.2535667322834647
11
1.0200327952755905
21
2.2535214960629921
0
LINE
8
BLACK
6
CONTINUOUS
10
1.0200327952755905
20
2.2535214960629921
11
1.0200501181102362
21
2.2534797244094489
0
LINE
8
BLACK
6
CONTINUOUS
10
1.0200501181102362
20
2.2534797244094489
11
1.0201068503937007
21
2.2529036614173226
0
LINE
8
BLACK
6
CONTINUOUS
10
1.0201068503937007
20
2.2529036614173226
11
1.0201068503937007
21
2.2435298425196848
0
LINE
8
BLACK
6
CONTINUOUS
10
1.0201068503937007
20
2.2435298425196848
11
1.0200501181102362
21
2.2429537795275589
0
LINE
8
BLACK
6
CONTINUOUS
10
1.0200501181102362
20
2.2429537795275589
11
1.0200327952755905
21
2.2429120472440944
0
LINE
8
BLACK
6
CONTINUOUS
10
1.0200327952755905
20
2.2429120472440944
11
1.0200314566929134
21
2.2428667716535431
0
LINE
8
BLACK
6
CONTINUOUS
10
1.0200314566929134
20
2.2428667716535431
11
1.0198467716535433
21
2.2423181496062994
0
LINE
8
BLACK
6
CONTINUOUS
10
1.0198467716535433
20
2.2423181496062994
11
1.0181594881889764
21
2.2385686220472438
0
LINE
8
BLACK
6
CONTINUOUS
10
1.0181594881889764
20
2.2385686220472438
11
1.018030433070866
21
2.2383437795275589
0
LINE
8
BLACK
6
CONTINUOUS
10
1.018030433070866
20
2.2383437795275589
11
1.0180047637795275
21
2.2382711811023621
0
LINE
8
BLACK
6
CONTINUOUS
10
1.0180047637795275
20
2.2382711811023621
11
1.0179323228346457
21
2.2381728346456691
0
LINE
8
BLACK
6
CONTINUOUS
10
1.0179323228346457
20
2.2381728346456691
11
1.017871377952756
21
2.2380665748031494
0
LINE
8
BLACK
6
CONTINUOUS
10
1.017871377952756
20
2.2380665748031494
11
1.0178151574803149
21
2.2380136614173227
0
LINE
8
BLACK
6
CONTINUOUS
10
1.0178151574803149
20
2.2380136614173227
11
1.0176615748031497
21
2.2378050393700786
0
LINE
8
BLACK
6
CONTINUOUS
10
1.0176615748031497
20
2.2378050393700786
11
1.0159743307086615
21
2.2359302362204723
0
LINE
8
BLACK
6
CONTINUOUS
10
1.0159743307086615
20
2.2359302362204723
11
1.0157374409448818
21
2.2357140551181103
0
LINE
8
BLACK
6
CONTINUOUS
10
1.0157374409448818
20
2.2357140551181103
11
1.0156895275590552
21
2.2356536614173228
0
LINE
8
BLACK
6
CONTINUOUS
10
1.0156895275590552
20
2.2356536614173228
11
1.0156142125984251
21
2.2356015748031495
0
LINE
8
BLACK
6
CONTINUOUS
10
1.0156142125984251
20
2.2356015748031495
11
1.0155467716535433
21
2.2355399999999999
0
LINE
8
BLACK
6
CONTINUOUS
10
1.0155467716535433
20
2.2355399999999999
11
1.0154773228346456
21
2.2355068897637795
0
LINE
8
BLACK
6
CONTINUOUS
10
1.0154773228346456
20
2.2355068897637795
11
1.0152135039370078
21
2.2353243307086612
0
LINE
8
BLACK
6
CONTINUOUS
10
1.0152135039370078
20
2.2353243307086612
11
1.0118388976377952
21
2.2334495669291337
0
LINE
8
BLACK
6
CONTINUOUS
10
1.0118388976377952
20
2.2334495669291337
11
1.0113077559055117
21
2.2332194094488189
0
LINE
8
BLACK
6
CONTINUOUS
10
1.0113077559055117
20
2.2332194094488189
11
1.011138464566929
21
2.2332000000000001
0
LINE
8
BLACK
6
CONTINUOUS
10
1.011138464566929
20
2.2332000000000001
11
1.0109809842519686
21
2.2331347244094486
0
LINE
8
BLACK
6
CONTINUOUS
10
1.0109809842519686
20
2.2331347244094486
11
1.0104049212598425
21
2.2330779921259842
0
LINE
8
BLACK
6
CONTINUOUS
10
1.0104049212598425
20
2.2330779921259842
11
1.0002811811023622
21
2.2330779921259842
0
LINE
8
BLACK
6
CONTINUOUS
10
1.0002811811023622
20
2.2330779921259842
11
0.9997051181102362
21
2.2331347244094486
0
LINE
8
BLACK
6
CONTINUOUS
10
0.9997051181102362
20
2.2331347244094486
11
0.9995476377952756
21
2.2331999606299213
0
LINE
8
BLACK
6
CONTINUOUS
10
0.9995476377952756
20
2.2331999606299213
11
0.9993783070866141
21
2.2332194094488189
0
LINE
8
BLACK
6
CONTINUOUS
10
0.9993783070866141
20
2.2332194094488189
11
0.9988471653543307
21
2.2334495669291337
0
LINE
8
BLACK
6
CONTINUOUS
10
0.9988471653543307
20
2.2334495669291337
11
0.9954726377952756
21
2.2353243307086612
0
LINE
8
BLACK
6
CONTINUOUS
10
0.9954726377952756
20
2.2353243307086612
11
0.995208779527559
21
2.2355068897637795
0
LINE
8
BLACK
6
CONTINUOUS
10
0.995208779527559
20
2.2355068897637795
11
0.9951393307086613
21
2.2355400393700786
0
LINE
8
BLACK
6
CONTINUOUS
10
0.9951393307086613
20
2.2355400393700786
11
0.9950718110236221
21
2.2356016929133857
0
LINE
8
BLACK
6
CONTINUOUS
10
0.9950718110236221
20
2.2356016929133857
11
0.9949966141732284
21
2.2356537007874016
0
LINE
8
BLACK
6
CONTINUOUS
10
0.9949966141732284
20
2.2356537007874016
11
0.9949487007874016
21
2.2357140551181103
0
LINE
8
BLACK
6
CONTINUOUS
10
0.9949487007874016
20
2.2357140551181103
11
0.9947118110236221
21
2.235930275590551
0
LINE
8
BLACK
6
CONTINUOUS
10
0.9947118110236221
20
2.235930275590551
11
0.9930245275590551
21
2.2378050393700786
0
LINE
8
BLACK
6
CONTINUOUS
10
0.9930245275590551
20
2.2378050393700786
11
0.9926813385826772
21
2.2382711811023621
0
LINE
8
BLACK
6
CONTINUOUS
10
0.9926813385826772
20
2.2382711811023621
11
0.9922970472440945
21
2.2393573228346457
0
LINE
8
BLACK
6
CONTINUOUS
10
0.9922970472440945
20
2.2393573228346457
11
0.9923575984251968
21
2.2405077952755903
0
LINE
8
BLACK
6
CONTINUOUS
10
0.9923575984251968
20
2.2405077952755903
11
0.9928538188976378
21
2.2415475590551179
0
LINE
8
BLACK
6
CONTINUOUS
10
0.9928538188976378
20
2.2415475590551179
11
0.9937101968503936
21
2.2423183070866139
0
LINE
8
BLACK
6
CONTINUOUS
10
0.9937101968503936
20
2.2423183070866139
11
0.9947963385826771
21
2.2427025984251969
0
LINE
8
BLACK
6
CONTINUOUS
10
0.9947963385826771
20
2.2427025984251969
11
0.995946811023622
21
2.2426420472440944
0
LINE
8
BLACK
6
CONTINUOUS
10
0.995946811023622
20
2.2426420472440944
11
0.9969865748031496
21
2.2421458267716536
0
LINE
8
BLACK
6
CONTINUOUS
10
0.9969865748031496
20
2.2421458267716536
11
0.9974141338582677
21
2.2417555905511812
0
LINE
8
BLACK
6
CONTINUOUS
10
0.9974141338582677
20
2.2417555905511812
11
0.9987715354330708
21
2.240247283464567
0
LINE
8
BLACK
6
CONTINUOUS
10
0.9987715354330708
20
2.240247283464567
11
1.0010463385826771
21
2.2389835039370078
0
LINE
8
BLACK
6
CONTINUOUS
10
1.0010463385826771
20
2.2389835039370078
11
1.0096398031496063
21
2.2389835039370078
0
LINE
8
BLACK
6
CONTINUOUS
10
1.0096398031496063
20
2.2389835039370078
11
1.0119145275590551
21
2.2402472440944883
0
LINE
8
BLACK
6
CONTINUOUS
10
1.0119145275590551
20
2.2402472440944883
11
1.0129634251968505
21
2.2414127165354332
0
LINE
8
BLACK
6
CONTINUOUS
10
1.0129634251968505
20
2.2414127165354332
11
1.0142013385826771
21
2.2441636220472438
0
LINE
8
BLACK
6
CONTINUOUS
10
1.0142013385826771
20
2.2441636220472438
11
1.0142013385826771
21
2.2522699212598423
0
LINE
8
BLACK
6
CONTINUOUS
10
1.0142013385826771
20
2.2522699212598423
11
1.0129634251968505
21
2.2550208267716534
0
LINE
8
BLACK
6
CONTINUOUS
10
1.0129634251968505
20
2.2550208267716534
11
1.0119146062992126
21
2.2561862204724408
0
LINE
8
BLACK
6
CONTINUOUS
10
1.0119146062992126
20
2.2561862204724408
11
1.0096398031496063
21
2.2574499606299212
0
LINE
8
BLACK
6
CONTINUOUS
10
1.0096398031496063
20
2.2574499606299212
11
1.0053430708661417
21
2.2574499606299212
0
LINE
8
BLACK
6
CONTINUOUS
10
1.0053430708661417
20
2.2574499606299212
11
1.0051758661417323
21
2.2574664566929132
0
LINE
8
BLACK
6
CONTINUOUS
10
1.0051758661417323
20
2.2574664566929132
11
1.0051129133858268
21
2.2574589370078741
0
LINE
8
BLACK
6
CONTINUOUS
10
1.0051129133858268
20
2.2574589370078741
11
1.0050380708661417
21
2.2574800000000002
0
LINE
8
BLACK
6
CONTINUOUS
10
1.0050380708661417
20
2.2574800000000002
11
1.0047670078740156
21
2.2575066929133856
0
LINE
8
BLACK
6
CONTINUOUS
10
1.0047670078740156
20
2.2575066929133856
11
1.0043932677165355
21
2.2576615354330709
0
LINE
8
BLACK
6
CONTINUOUS
10
1.0043932677165355
20
2.2576615354330709
11
1.0040038976377952
21
2.2577711023622045
0
LINE
8
BLACK
6
CONTINUOUS
10
1.0040038976377952
20
2.2577711023622045
11
1.0038653937007873
21
2.2578801574803151
0
LINE
8
BLACK
6
CONTINUOUS
10
1.0038653937007873
20
2.2578801574803151
11
1.0037025984251968
21
2.2579475984251967
0
LINE
8
BLACK
6
CONTINUOUS
10
1.0037025984251968
20
2.2579475984251967
11
1.0034166141732284
21
2.2582335826771653
0
LINE
8
BLACK
6
CONTINUOUS
10
1.0034166141732284
20
2.2582335826771653
11
1.0030987401574802
21
2.2584838976377952
0
LINE
8
BLACK
6
CONTINUOUS
10
1.0030987401574802
20
2.2584838976377952
11
1.0030125196850392
21
2.2586376771653542
0
LINE
8
BLACK
6
CONTINUOUS
10
1.0030125196850392
20
2.2586376771653542
11
1.0028879527559056
21
2.2587622440944881
0
LINE
8
BLACK
6
CONTINUOUS
10
1.0028879527559056
20
2.2587622440944881
11
1.0027331102362205
21
2.2591359842519685
0
LINE
8
BLACK
6
CONTINUOUS
10
1.0027331102362205
20
2.2591359842519685
11
1.00253531496063
21
2.2594888188976379
0
LINE
8
BLACK
6
CONTINUOUS
10
1.00253531496063
20
2.2594888188976379
11
1.0025144881889763
21
2.2596638188976379
0
LINE
8
BLACK
6
CONTINUOUS
10
1.0025144881889763
20
2.2596638188976379
11
1.0024470472440945
21
2.2598266535433069
0
LINE
8
BLACK
6
CONTINUOUS
10
1.0024470472440945
20
2.2598266535433069
11
1.0024470472440945
21
2.2602312204724408
0
LINE
8
BLACK
6
CONTINUOUS
10
1.0024470472440945
20
2.2602312204724408
11
1.0023992913385826
21
2.260632874015748
0
LINE
8
BLACK
6
CONTINUOUS
10
1.0023992913385826
20
2.260632874015748
11
1.0024470472440945
21
2.2608025590551182
0
LINE
8
BLACK
6
CONTINUOUS
10
1.0024470472440945
20
2.2608025590551182
11
1.0024470472440945
21
2.2609787795275591
0
LINE
8
BLACK
6
CONTINUOUS
10
1.0024470472440945
20
2.2609787795275591
11
1.0026018503937009
21
2.2613525196850395
0
LINE
8
BLACK
6
CONTINUOUS
10
1.0026018503937009
20
2.2613525196850395
11
1.0027114566929134
21
2.2617418897637793
0
LINE
8
BLACK
6
CONTINUOUS
10
1.0027114566929134
20
2.2617418897637793
11
1.0028582283464567
21
2.261971496062992
0
LINE
8
BLACK
6
CONTINUOUS
10
1.0028582283464567
20
2.261971496062992
11
1.0028879527559056
21
2.2620431889763779
0
LINE
8
BLACK
6
CONTINUOUS
10
1.0028879527559056
20
2.2620431889763779
11
1.0029327165354331
21
2.2620879921259842
0
LINE
8
BLACK
6
CONTINUOUS
10
1.0029327165354331
20
2.2620879921259842
11
1.0030232677165354
21
2.2622295669291339
0
LINE
8
BLACK
6
CONTINUOUS
10
1.0030232677165354
20
2.2622295669291339
11
1.0110703543307087
21
2.2724480708661416
0
LINE
8
BLACK
6
CONTINUOUS
10
1.0110703543307087
20
2.2724480708661416
11
0.9952193307086614
21
2.2724480708661416
0
LINE
8
BLACK
6
CONTINUOUS
10
0.9952193307086614
20
2.2724480708661416
11
0.9946432677165354
21
2.2725048031496065
0
LINE
8
BLACK
6
CONTINUOUS
10
0.9946432677165354
20
2.2725048031496065
11
0.9935788582677165
21
2.2729457086614171
0
LINE
8
BLACK
6
CONTINUOUS
10
0.9935788582677165
20
2.2729457086614171
11
0.9927642125984252
21
2.2737603543307086
0
LINE
8
BLACK
6
CONTINUOUS
10
0.9927642125984252
20
2.2737603543307086
11
0.9923233070866142
21
2.2748247637795274
0
LINE
8
BLACK
6
CONTINUOUS
10
0.9923233070866142
20
2.2748247637795274
11
0.9923233070866142
21
2.2759768897637795
0
LINE
8
BLACK
6
CONTINUOUS
10
0.9923233070866142
20
2.2759768897637795
11
0.9927642125984252
21
2.2770412992125983
0
LINE
8
BLACK
6
CONTINUOUS
10
0.9927642125984252
20
2.2770412992125983
11
0.9935788582677165
21
2.2778559448818898
0
LINE
8
BLACK
6
CONTINUOUS
10
0.9935788582677165
20
2.2778559448818898
11
0.9946432677165354
21
2.2782968503937009
0
LINE
8
BLACK
6
CONTINUOUS
10
0.9946432677165354
20
2.2782968503937009
11
0.9952193307086614
21
2.2783535826771653
0
LINE
8
BLACK
6
CONTINUOUS
10
0.9952193307086614
20
2.2783535826771653
11
1.0171540944881889
21
2.2783535826771653
0
LINE
8
BLACK
6
CONTINUOUS
10
1.0171540944881889
20
2.2783535826771653
11
1.0173212204724409
21
2.278337125984252
0
LINE
8
BLACK
6
CONTINUOUS
10
1.1206548031496062
20
2.2782968503937009
11
1.1217192125984252
21
2.2778559448818898
0
LINE
8
BLACK
6
CONTINUOUS
10
1.1217192125984252
20
2.2778559448818898
11
1.1225338582677165
21
2.2770412992125983
0
LINE
8
BLACK
6
CONTINUOUS
10
1.1225338582677165
20
2.2770412992125983
11
1.1229747637795275
21
2.2759768897637795
0
LINE
8
BLACK
6
CONTINUOUS
10
1.1229747637795275
20
2.2759768897637795
11
1.1229747637795275
21
2.2748247637795274
0
LINE
8
BLACK
6
CONTINUOUS
10
1.1229747637795275
20
2.2748247637795274
11
1.1225338582677165
21
2.2737603543307086
0
LINE
8
BLACK
6
CONTINUOUS
10
1.1225338582677165
20
2.2737603543307086
11
1.1217192125984252
21
2.2729457086614171
0
LINE
8
BLACK
6
CONTINUOUS
10
1.1217192125984252
20
2.2729457086614171
11
1.1206548031496062
21
2.2725048031496065
0
LINE
8
BLACK
6
CONTINUOUS
10
1.1206548031496062
20
2.2725048031496065
11
1.1200787401574803
21
2.2724480708661416
0
LINE
8
BLACK
6
CONTINUOUS
10
1.1200787401574803
20
2.2724480708661416
11
1.1059047637795276
21
2.2724480708661416
0
LINE
8
BLACK
6
CONTINUOUS
10
1.1059047637795276
20
2.2724480708661416
11
1.1050480708661417
21
2.262929251968504
0
LINE
8
BLACK
6
CONTINUOUS
10
1.1050480708661417
20
2.262929251968504
11
1.1051464566929134
21
2.2629838976377954
0
LINE
8
BLACK
6
CONTINUOUS
10
1.1051464566929134
20
2.2629838976377954
11
1.105677559055118
21
2.2632140551181101
0
LINE
8
BLACK
6
CONTINUOUS
10
1.105677559055118
20
2.2632140551181101
11
1.1058468897637794
21
2.2632335433070865
0
LINE
8
BLACK
6
CONTINUOUS
10
1.1058468897637794
20
2.2632335433070865
11
1.1060043700787401
21
2.2632987401574804
0
LINE
8
BLACK
6
CONTINUOUS
10
1.1060043700787401
20
2.2632987401574804
11
1.1065804330708662
21
2.2633554724409448
0
LINE
8
BLACK
6
CONTINUOUS
10
1.1065804330708662
20
2.2633554724409448
11
1.1150168503937008
21
2.2633554724409448
0
LINE
8
BLACK
6
CONTINUOUS
10
1.1150168503937008
20
2.2633554724409448
11
1.1155929133858267
21
2.2632987401574804
0
LINE
8
BLACK
6
CONTINUOUS
10
1.1155929133858267
20
2.2632987401574804
11
1.1157503937007873
21
2.2632335039370077
0
LINE
8
BLACK
6
CONTINUOUS
10
1.1157503937007873
20
2.2632335039370077
11
1.11591968503937
21
2.2632140551181101
0
LINE
8
BLACK
6
CONTINUOUS
10
1.11591968503937
20
2.2632140551181101
11
1.1164508267716535
21
2.2629838976377954
0
LINE
8
BLACK
6
CONTINUOUS
10
1.1164508267716535
20
2.2629838976377954
11
1.1198254330708661
21
2.2611091338582678
0
LINE
8
BLACK
6
CONTINUOUS
10
1.1198254330708661
20
2.2611091338582678
11
1.120089251968504
21
2.2609266141732283
0
LINE
8
BLACK
6
CONTINUOUS
10
1.120089251968504
20
2.2609266141732283
11
1.1201587007874017
21
2.2608934645669292
0
LINE
8
BLACK
6
CONTINUOUS
10
1.1201587007874017
20
2.2608934645669292
11
1.1202261023622047
21
2.2608319291338583
0
LINE
8
BLACK
6
CONTINUOUS
10
1.1202261023622047
20
2.2608319291338583
11
1.1203014566929133
21
2.2607798031496062
0
LINE
8
BLACK
6
CONTINUOUS
10
1.1203014566929133
20
2.2607798031496062
11
1.1203494094488189
21
2.26071937007874
0
LINE
8
BLACK
6
CONTINUOUS
10
1.1203494094488189
20
2.26071937007874
11
1.1205862204724408
21
2.2605032283464568
0
LINE
8
BLACK
6
CONTINUOUS
10
1.1205862204724408
20
2.2605032283464568
11
1.1222735039370078
21
2.2586284645669292
0
LINE
8
BLACK
6
CONTINUOUS
10
1.1222735039370078
20
2.2586284645669292
11
1.1224270866141732
21
2.2584198818897638
0
LINE
8
BLACK
6
CONTINUOUS
10
1.1224270866141732
20
2.2584198818897638
11
1.1224833070866143
21
2.2583669291338584
0
LINE
8
BLACK
6
CONTINUOUS
10
1.1224833070866143
20
2.2583669291338584
11
1.1225442519685038
21
2.2582607086614175
0
LINE
8
BLACK
6
CONTINUOUS
10
1.1225442519685038
20
2.2582607086614175
11
1.1226166929133858
21
2.2581623228346457
0
LINE
8
BLACK
6
CONTINUOUS
10
1.1226166929133858
20
2.2581623228346457
11
1.1226423622047244
21
2.2580897637795276
0
LINE
8
BLACK
6
CONTINUOUS
10
1.1226423622047244
20
2.2580897637795276
11
1.1227714173228347
21
2.2578648818897635
0
LINE
8
BLACK
6
CONTINUOUS
10
1.1227714173228347
20
2.2578648818897635
11
1.1244587007874016
21
2.2541153543307084
0
LINE
8
BLACK
6
CONTINUOUS
10
1.1244587007874016
20
2.2541153543307084
11
1.1246433858267717
21
2.2535667322834647
0
LINE
8
BLACK
6
CONTINUOUS
10
1.1246433858267717
20
2.2535667322834647
11
1.1246447244094488
21
2.2535214960629921
0
LINE
8
BLACK
6
CONTINUOUS
10
1.1246447244094488
20
2.2535214960629921
11
1.1246620472440945
21
2.2534797244094489
0
LINE
8
BLACK
6
CONTINUOUS
10
1.1246620472440945
20
2.2534797244094489
11
1.1247187795275591
21
2.2529036614173226
0
LINE
8
BLACK
6
CONTINUOUS
10
1.1247187795275591
20
2.2529036614173226
11
1.1247187795275591
21
2.2435298425196848
0
LINE
8
BLACK
6
CONTINUOUS
10
1.1247187795275591
20
2.2435298425196848
11
1.1246620472440945
21
2.2429537795275589
0
LINE
8
BLACK
6
CONTINUOUS
10
1.1246620472440945
20
2.2429537795275589
11
1.1246447244094488
21
2.2429120472440944
0
LINE
8
BLACK
6
CONTINUOUS
10
1.1246447244094488
20
2.2429120472440944
11
1.1246433858267717
21
2.2428667716535431
0
LINE
8
BLACK
6
CONTINUOUS
10
1.1246433858267717
20
2.2428667716535431
11
1.1244587007874016
21
2.2423181496062994
0
LINE
8
BLACK
6
CONTINUOUS
10
1.1244587007874016
20
2.2423181496062994
11
1.1227714173228347
21
2.2385686220472438
0
LINE
8
BLACK
6
CONTINUOUS
10
1.1227714173228347
20
2.2385686220472438
11
1.1226423622047244
21
2.2383437795275589
0
LINE
8
BLACK
6
CONTINUOUS
10
1.1226423622047244
20
2.2383437795275589
11
1.1226166929133858
21
2.2382711811023621
0
LINE
8
BLACK
6
CONTINUOUS
10
1.1226166929133858
20
2.2382711811023621
11
1.1225442519685038
21
2.2381728346456691
0
LINE
8
BLACK
6
CONTINUOUS
10
1.1225442519685038
20
2.2381728346456691
11
1.1224833070866143
21
2.2380665748031494
0
LINE
8
BLACK
6
CONTINUOUS
10
1.1224833070866143
20
2.2380665748031494
11
1.1224270866141732
21
2.2380136614173227
0
LINE
8
BLACK
6
CONTINUOUS
10
1.1224270866141732
20
2.2380136614173227
11
1.1222735039370078
21
2.2378050393700786
0
LINE
8
BLACK
6
CONTINUOUS
10
1.1222735039370078
20
2.2378050393700786
11
1.1205862598425196
21
2.2359302362204723
0
LINE
8
BLACK
6
CONTINUOUS
10
1.1205862598425196
20
2.2359302362204723
11
1.1203493700787401
21
2.2357140551181103
0
LINE
8
BLACK
6
CONTINUOUS
10
1.1203493700787401
20
2.2357140551181103
11
1.1203014566929133
21
2.2356536614173228
0
LINE
8
BLACK
6
CONTINUOUS
10
1.1203014566929133
20
2.2356536614173228
11
1.1202261417322834
21
2.2356015748031495
0
LINE
8
BLACK
6
CONTINUOUS
10
1.1202261417322834
20
2.2356015748031495
11
1.1201587007874017
21
2.2355399999999999
0
LINE
8
BLACK
6
CONTINUOUS
10
1.1201587007874017
20
2.2355399999999999
11
1.120089251968504
21
2.2355068897637795
0
LINE
8
BLACK
6
CONTINUOUS
10
1.120089251968504
20
2.2355068897637795
11
1.1198254330708661
21
2.2353243307086612
0
LINE
8
BLACK
6
CONTINUOUS
10
1.1198254330708661
20
2.2353243307086612
11
1.1164508267716535
21
2.2334495669291337
0
LINE
8
BLACK
6
CONTINUOUS
10
1.1164508267716535
20
2.2334495669291337
11
1.11591968503937
21
2.2332194094488189
0
LINE
8
BLACK
6
CONTINUOUS
10
1.11591968503937
20
2.2332194094488189
11
1.1157503937007873
21
2.2332000000000001
0
LINE
8
BLACK
6
CONTINUOUS
10
1.1157503937007873
20
2.2332000000000001
11
1.1155929133858267
21
2.2331347244094486
0
LINE
8
BLACK
6
CONTINUOUS
10
1.1155929133858267
20
2.2331347244094486
11
1.1150168503937008
21
2.2330779921259842
0
LINE
8
BLACK
6
CONTINUOUS
10
1.1150168503937008
20
2.2330779921259842
11
1.1065804330708662
21
2.2330779921259842
0
LINE
8
BLACK
6
CONTINUOUS
10
1.1065804330708662
20
2.2330779921259842
11
1.1060043700787401
21
2.2331347244094486
0
LINE
8
BLACK
6
CONTINUOUS
10
1.1060043700787401
20
2.2331347244094486
11
1.1058468897637794
21
2.2331999606299213
0
LINE
8
BLACK
6
CONTINUOUS
10
1.1058468897637794
20
2.2331999606299213
11
1.105677559055118
21
2.2332194094488189
0
LINE
8
BLACK
6
CONTINUOUS
10
1.105677559055118
20
2.2332194094488189
11
1.1051464566929134
21
2.2334495669291337
0
LINE
8
BLACK
6
CONTINUOUS
10
1.1051464566929134
20
2.2334495669291337
11
1.1017718503937008
21
2.2353243307086612
0
LINE
8
BLACK
6
CONTINUOUS
10
1.1017718503937008
20
2.2353243307086612
11
1.1015079921259843
21
2.2355068897637795
0
LINE
8
BLACK
6
CONTINUOUS
10
1.1015079921259843
20
2.2355068897637795
11
1.1014385433070866
21
2.2355400393700786
0
LINE
8
BLACK
6
CONTINUOUS
10
1.1014385433070866
20
2.2355400393700786
11
1.1013710236220473
21
2.2356016929133857
0
LINE
8
BLACK
6
CONTINUOUS
10
1.1013710236220473
20
2.2356016929133857
11
1.1012958267716535
21
2.2356537007874016
0
LINE
8
BLACK
6
CONTINUOUS
10
1.1012958267716535
20
2.2356537007874016
11
1.1012479133858268
21
2.2357140551181103
0
LINE
8
BLACK
6
CONTINUOUS
10
1.1012479133858268
20
2.2357140551181103
11
1.1010110236220472
21
2.235930275590551
0
LINE
8
BLACK
6
CONTINUOUS
10
1.1010110236220472
20
2.235930275590551
11
1.0993237401574802
21
2.2378050393700786
0
LINE
8
BLACK
6
CONTINUOUS
10
1.0993237401574802
20
2.2378050393700786
11
1.0989805511811024
21
2.2382711811023621
0
LINE
8
BLACK
6
CONTINUOUS
10
1.0989805511811024
20
2.2382711811023621
11
1.0985962598425196
21
2.2393573228346457
0
LINE
8
BLACK
6
CONTINUOUS
10
1.0985962598425196
20
2.2393573228346457
11
1.0986568110236221
21
2.2405077952755903
0
LINE
8
BLACK
6
CONTINUOUS
10
1.0986568110236221
20
2.2405077952755903
11
1.0991530314960629
21
2.2415475590551179
0
LINE
8
BLACK
6
CONTINUOUS
10
1.0991530314960629
20
2.2415475590551179
11
1.1000094094488189
21
2.2423183070866139
0
LINE
8
BLACK
6
CONTINUOUS
10
1.1000094094488189
20
2.2423183070866139
11
1.1010955511811023
21
2.2427025984251969
0
LINE
8
BLACK
6
CONTINUOUS
10
1.1010955511811023
20
2.2427025984251969
11
1.1022460236220473
21
2.2426420472440944
0
LINE
8
BLACK
6
CONTINUOUS
10
1.1022460236220473
20
2.2426420472440944
11
1.1032857874015747
21
2.2421458267716536
0
LINE
8
BLACK
6
CONTINUOUS
10
1.1032857874015747
20
2.2421458267716536
11
1.1037133464566928
21
2.2417555905511812
0
LINE
8
BLACK
6
CONTINUOUS
10
1.1037133464566928
20
2.2417555905511812
11
1.1050707480314961
21
2.240247283464567
0
LINE
8
BLACK
6
CONTINUOUS
10
1.1050707480314961
20
2.240247283464567
11
1.1073455511811023
21
2.2389835039370078
0
LINE
8
BLACK
6
CONTINUOUS
10
1.1073455511811023
20
2.2389835039370078
11
1.1142517322834646
21
2.2389835039370078
0
LINE
8
BLACK
6
CONTINUOUS
10
1.1142517322834646
20
2.2389835039370078
11
1.1165264566929134
21
2.2402472440944883
0
LINE
8
BLACK
6
CONTINUOUS
10
1.1165264566929134
20
2.2402472440944883
11
1.1175753543307085
21
2.2414127165354332
0
LINE
8
BLACK
6
CONTINUOUS
10
1.1175753543307085
20
2.2414127165354332
11
1.1188132677165354
21
2.2441636220472438
0
LINE
8
BLACK
6
CONTINUOUS
10
1.1188132677165354
20
2.2441636220472438
11
1.1188132677165354
21
2.2522699212598423
0
LINE
8
BLACK
6
CONTINUOUS
10
1.1188132677165354
20
2.2522699212598423
11
1.1175753543307085
21
2.2550208267716534
0
LINE
8
BLACK
6
CONTINUOUS
10
1.1175753543307085
20
2.2550208267716534
11
1.1165265354330709
21
2.2561862204724408
0
LINE
8
BLACK
6
CONTINUOUS
10
1.1165265354330709
20
2.2561862204724408
11
1.1142517322834646
21
2.2574499606299212
0
LINE
8
BLACK
6
CONTINUOUS
10
1.1142517322834646
20
2.2574499606299212
11
1.1073455511811023
21
2.2574499606299212
0
LINE
8
BLACK
6
CONTINUOUS
10
1.1073455511811023
20
2.2574499606299212
11
1.1050707086614173
21
2.2561862204724408
0
LINE
8
BLACK
6
CONTINUOUS
10
1.1050707086614173
20
2.2561862204724408
11
1.1037133070866141
21
2.2546779133858266
0
LINE
8
BLACK
6
CONTINUOUS
10
1.1037133070866141
20
2.2546779133858266
11
1.1032857874015747
21
2.2542876771653542
0
LINE
8
BLACK
6
CONTINUOUS
10
1.1032857874015747
20
2.2542876771653542
11
1.1030947244094489
21
2.2541965354330706
0
LINE
8
BLACK
6
CONTINUOUS
10
1.1030947244094489
20
2.2541965354330706
11
1.1029323228346457
21
2.2540609055118108
0
LINE
8
BLACK
6
CONTINUOUS
10
1.1029323228346457
20
2.2540609055118108
11
1.1025795275590551
21
2.2539506692913385
0
LINE
8
BLACK
6
CONTINUOUS
10
1.1025795275590551
20
2.2539506692913385
11
1.1022459842519685
21
2.2537914566929134
0
LINE
8
BLACK
6
CONTINUOUS
10
1.1022459842519685
20
2.2537914566929134
11
1.1020346456692913
21
2.2537803543307087
0
LINE
8
BLACK
6
CONTINUOUS
10
1.1020346456692913
20
2.2537803543307087
11
1.1018326771653544
21
2.2537172047244094
0
LINE
8
BLACK
6
CONTINUOUS
10
1.1018326771653544
20
2.2537172047244094
11
1.1014645669291339
21
2.2537503543307085
0
LINE
8
BLACK
6
CONTINUOUS
10
1.1014645669291339
20
2.2537503543307085
11
1.1010955118110235
21
2.2537309055118109
0
LINE
8
BLACK
6
CONTINUOUS
10
1.1010955118110235
20
2.2537309055118109
11
1.1008959842519686
21
2.2538015354330709
0
LINE
8
BLACK
6
CONTINUOUS
10
1.1008959842519686
20
2.2538015354330709
11
1.1006851968503937
21
2.2538204724409447
0
LINE
8
BLACK
6
CONTINUOUS
10
1.1006851968503937
20
2.2538204724409447
11
1.100357716535433
21
2.2539920078740159
0
LINE
8
BLACK
6
CONTINUOUS
10
1.100357716535433
20
2.2539920078740159
11
1.1000094094488189
21
2.2541152362204726
0
LINE
8
BLACK
6
CONTINUOUS
10
1.1000094094488189
20
2.2541152362204726
11
1.0998520866141732
21
2.2542568110236219
0
LINE
8
BLACK
6
CONTINUOUS
10
1.0998520866141732
20
2.2542568110236219
11
1.0996646062992126
21
2.2543549999999999
0
LINE
8
BLACK
6
CONTINUOUS
10
1.0996646062992126
20
2.2543549999999999
11
1.0994277559055119
21
2.2546387007874014
0
LINE
8
BLACK
6
CONTINUOUS
10
1.0994277559055119
20
2.2546387007874014
11
1.0991530314960629
21
2.2548859448818899
0
LINE
8
BLACK
6
CONTINUOUS
10
1.0991530314960629
20
2.2548859448818899
11
1.0990618503937009
21
2.2550770078740157
0
LINE
8
BLACK
6
CONTINUOUS
10
1.0990618503937009
20
2.2550770078740157
11
1.0989262598425196
21
2.2552394094488188
0
LINE
8
BLACK
6
CONTINUOUS
10
1.0989262598425196
20
2.2552394094488188
11
1.0988159842519685
21
2.2555922047244095
0
LINE
8
BLACK
6
CONTINUOUS
10
1.0988159842519685
20
2.2555922047244095
11
1.0986568110236221
21
2.2559257480314958
0
LINE
8
BLACK
6
CONTINUOUS
10
1.0986568110236221
20
2.2559257480314958
11
1.0986456692913387
21
2.256137086614173
0
LINE
8
BLACK
6
CONTINUOUS
10
1.0986456692913387
20
2.256137086614173
11
1.0985825590551181
21
2.2563390551181102
0
LINE
8
BLACK
6
CONTINUOUS
10
1.0985825590551181
20
2.2563390551181102
11
1.0985776771653544
21
2.2569178740157478
0
LINE
8
BLACK
6
CONTINUOUS
10
1.0985776771653544
20
2.2569178740157478
11
1.1002649606299213
21
2.2756655118110234
0
LINE
8
BLACK
6
CONTINUOUS
10
1.1002649606299213
20
2.2756655118110234
11
1.1003098031496064
21
2.2759012992125984
0
LINE
8
BLACK
6
CONTINUOUS
10
1.1003098031496064
20
2.2759012992125984
11
1.1003098031496064
21
2.2759768897637795
0
LINE
8
BLACK
6
CONTINUOUS
10
1.1003098031496064
20
2.2759768897637795
11
1.100336377952756
21
2.2760410629921259
0
LINE
8
BLACK
6
CONTINUOUS
10
1.100336377952756
20
2.2760410629921259
11
1.1003731102362204
21
2.2762341732283464
0
LINE
8
BLACK
6
CONTINUOUS
10
1.1003731102362204
20
2.2762341732283464
11
1.1005799999999999
21
2.2766292519685041
0
LINE
8
BLACK
6
CONTINUOUS
10
1.1005799999999999
20
2.2766292519685041
11
1.1007507086614172
21
2.2770412992125983
0
LINE
8
BLACK
6
CONTINUOUS
10
1.1007507086614172
20
2.2770412992125983
11
1.1008454330708661
21
2.2771360629921258
0
LINE
8
BLACK
6
CONTINUOUS
10
1.1008454330708661
20
2.2771360629921258
11
1.1009076377952756
21
2.2772547637795273
0
LINE
8
BLACK
6
CONTINUOUS
10
1.1009076377952756
20
2.2772547637795273
11
1.1012499212598426
21
2.2775405511811022
0
LINE
8
BLACK
6
CONTINUOUS
10
1.1012499212598426
20
2.2775405511811022
11
1.1015653543307087
21
2.2778559448818898
0
LINE
8
BLACK
6
CONTINUOUS
10
1.1015653543307087
20
2.2778559448818898
11
1.1016891732283465
21
2.2779072440944881
0
LINE
8
BLACK
6
CONTINUOUS
10
1.1016891732283465
20
2.2779072440944881
11
1.1017920472440945
21
2.2779931102362205
0
LINE
8
BLACK
6
CONTINUOUS
10
1.1017920472440945
20
2.2779931102362205
11
1.102217716535433
21
2.2781261811023623
0
LINE
8
BLACK
6
CONTINUOUS
10
1.102217716535433
20
2.2781261811023623
11
1.1026297637795275
21
2.2782968503937009
0
LINE
8
BLACK
6
CONTINUOUS
10
1.1026297637795275
20
2.2782968503937009
11
1.10282531496063
21
2.2783161417322835
0
LINE
8
BLACK
6
CONTINUOUS
10
1.10282531496063
20
2.2783161417322835
11
1.1028916929133858
21
2.2783368503937007
0
LINE
8
BLACK
6
CONTINUOUS
10
1.1028916929133858
20
2.2783368503937007
11
1.1029670472440944
21
2.2783300787401575
0
LINE
8
BLACK
6
CONTINUOUS
10
1.1029670472440944
20
2.2783300787401575
11
1.1032058267716536
21
2.2783535826771653
0
LINE
8
BLACK
6
CONTINUOUS
10
1.1032058267716536
20
2.2783535826771653
11
1.1200787401574803
21
2.2783535826771653
0
LINE
8
BLACK
6
CONTINUOUS
10
1.1200787401574803
20
2.2783535826771653
11
1.1206548031496062
21
2.2782968503937009
0
LINE
8
BLACK
6
CONTINUOUS
10
1.2325783464566928
20
2.2782968503937009
11
1.2327357874015747
21
2.2782316535433069
0
LINE
8
BLACK
6
CONTINUOUS
10
1.2327357874015747
20
2.2782316535433069
11
1.2329051574803149
21
2.2782121653543306
0
LINE
8
BLACK
6
CONTINUOUS
10
1.2329051574803149
20
2.2782121653543306
11
1.2334362598425197
21
2.2779820078740158
0
LINE
8
BLACK
6
CONTINUOUS
10
1.2334362598425197
20
2.2779820078740158
11
1.2368108267716535
21
2.2761072440944883
0
LINE
8
BLACK
6
CONTINUOUS
10
1.2368108267716535
20
2.2761072440944883
11
1.2372868503937007
21
2.2757778740157479
0
LINE
8
BLACK
6
CONTINUOUS
10
1.2372868503937007
20
2.2757778740157479
11
1.2380031889763778
21
2.2748755511811023
0
LINE
8
BLACK
6
CONTINUOUS
10
1.2380031889763778
20
2.2748755511811023
11
1.2383196850393701
21
2.2737677952755906
0
LINE
8
BLACK
6
CONTINUOUS
10
1.2383196850393701
20
2.2737677952755906
11
1.2381881889763779
21
2.2726231889763779
0
LINE
8
BLACK
6
CONTINUOUS
10
1.2381881889763779
20
2.2726231889763779
11
1.2376286614173229
21
2.271616062992126
0
LINE
8
BLACK
6
CONTINUOUS
10
1.2376286614173229
20
2.271616062992126
11
1.2367262992125985
21
2.2708997244094489
0
LINE
8
BLACK
6
CONTINUOUS
10
1.2367262992125985
20
2.2708997244094489
11
1.2356185433070865
21
2.2705832283464567
0
LINE
8
BLACK
6
CONTINUOUS
10
1.2356185433070865
20
2.2705832283464567
11
1.2344739763779526
21
2.2707147244094488
0
LINE
8
BLACK
6
CONTINUOUS
10
1.2344739763779526
20
2.2707147244094488
11
1.2339428346456693
21
2.2709448818897635
0
LINE
8
BLACK
6
CONTINUOUS
10
1.2339428346456693
20
2.2709448818897635
11
1.2312371259842518
21
2.2724480708661416
0
LINE
8
BLACK
6
CONTINUOUS
10
1.2312371259842518
20
2.2724480708661416
11
1.2274696456692913
21
2.2724480708661416
0
LINE
8
BLACK
6
CONTINUOUS
10
1.2274696456692913
20
2.2724480708661416
11
1.2235864960629921
21
2.2710098818897637
0
LINE
8
BLACK
6
CONTINUOUS
10
1.2235864960629921
20
2.2710098818897637
11
1.2210072440944881
21
2.2681440944881888
0
LINE
8
BLACK
6
CONTINUOUS
10
1.2210072440944881
20
2.2681440944881888
11
1.2196318503937007
21
2.2650876771653543
0
LINE
8
BLACK
6
CONTINUOUS
10
1.2196318503937007
20
2.2650876771653543
11
1.218082125984252
21
2.258199842519685
0
LINE
8
BLACK
6
CONTINUOUS
10
1.218082125984252
20
2.258199842519685
11
1.218082125984252
21
2.253231811023622
0
LINE
8
BLACK
6
CONTINUOUS
10
1.218082125984252
20
2.253231811023622
11
1.2196318503937007
21
2.2463439763779527
0
LINE
8
BLACK
6
CONTINUOUS
10
1.2196318503937007
20
2.2463439763779527
11
1.2210072834645669
21
2.2432874803149607
0
LINE
8
BLACK
6
CONTINUOUS
10
1.2210072834645669
20
2.2432874803149607
11
1.2235864566929133
21
2.2404217322834645
0
LINE
8
BLACK
6
CONTINUOUS
10
1.2235864566929133
20
2.2404217322834645
11
1.2274696456692913
21
2.2389835039370078
0
LINE
8
BLACK
6
CONTINUOUS
10
1.2274696456692913
20
2.2389835039370078
11
1.229785748031496
21
2.2389835039370078
0
LINE
8
BLACK
6
CONTINUOUS
10
1.229785748031496
20
2.2389835039370078
11
1.2336688188976377
21
2.2404216929133858
0
LINE
8
BLACK
6
CONTINUOUS
10
1.2336688188976377
20
2.2404216929133858
11
1.2341113779527559
21
2.2409133858267718
0
LINE
8
BLACK
6
CONTINUOUS
10
1.2341113779527559
20
2.2409133858267718
11
1.2341113779527559
21
2.249950905511811
0
LINE
8
BLACK
6
CONTINUOUS
10
1.2341113779527559
20
2.249950905511811
11
1.2303149606299213
21
2.249950905511811
0
LINE
8
BLACK
6
CONTINUOUS
10
1.2303149606299213
20
2.249950905511811
11
1.2297388976377952
21
2.2500076377952754
0
LINE
8
BLACK
6
CONTINUOUS
10
1.2297388976377952
20
2.2500076377952754
11
1.2286744881889764
21
2.2504485433070864
0
LINE
8
BLACK
6
CONTINUOUS
10
1.2286744881889764
20
2.2504485433070864
11
1.2278598425196849
21
2.2512631889763779
0
LINE
8
BLACK
6
CONTINUOUS
10
1.2278598425196849
20
2.2512631889763779
11
1.2274189370078741
21
2.2523275984251967
0
LINE
8
BLACK
6
CONTINUOUS
10
1.2274189370078741
20
2.2523275984251967
11
1.2274189370078741
21
2.2534797244094489
0
LINE
8
BLACK
6
CONTINUOUS
10
1.2274189370078741
20
2.2534797244094489
11
1.2278598425196849
21
2.2545441338582677
0
LINE
8
BLACK
6
CONTINUOUS
10
1.2278598425196849
20
2.2545441338582677
11
1.2286744881889764
21
2.2553587795275591
0
LINE
8
BLACK
6
CONTINUOUS
10
1.2286744881889764
20
2.2553587795275591
11
1.2297388976377952
21
2.2557996850393702
0
LINE
8
BLACK
6
CONTINUOUS
10
1.2297388976377952
20
2.2557996850393702
11
1.2303149606299213
21
2.2558564173228346
0
LINE
8
BLACK
6
CONTINUOUS
10
1.2303149606299213
20
2.2558564173228346
11
1.2370641338582677
21
2.2558564173228346
0
LINE
8
BLACK
6
CONTINUOUS
10
1.2370641338582677
20
2.2558564173228346
11
1.2376401968503936
21
2.2557996850393702
0
LINE
8
BLACK
6
CONTINUOUS
10
1.2376401968503936
20
2.2557996850393702
11
1.2387046062992126
21
2.2553587795275591
0
LINE
8
BLACK
6
CONTINUOUS
10
1.2387046062992126
20
2.2553587795275591
11
1.2395192519685039
21
2.2545441338582677
0
LINE
8
BLACK
6
CONTINUOUS
10
1.2395192519685039
20
2.2545441338582677
11
1.239960157480315
21
2.2534797244094489
0
LINE
8
BLACK
6
CONTINUOUS
10
1.239960157480315
20
2.2534797244094489
11
1.2400168897637796
21
2.2529036614173226
0
LINE
8
BLACK
6
CONTINUOUS
10
1.2400168897637796
20
2.2529036614173226
11
1.2400168897637796
21
2.2397803149606297
0
LINE
8
BLACK
6
CONTINUOUS
10
1.2400168897637796
20
2.2397803149606297
11
1.2399825196850394
21
2.2394313385826772
0
LINE
8
BLACK
6
CONTINUOUS
10
1.2399825196850394
20
2.2394313385826772
11
1.2399864173228345
21
2.239357283464567
0
LINE
8
BLACK
6
CONTINUOUS
10
1.2399864173228345
20
2.239357283464567
11
1.2399709055118111
21
2.2393135039370078
0
LINE
8
BLACK
6
CONTINUOUS
10
1.2399709055118111
20
2.2393135039370078
11
1.239960157480315
21
2.2392042519685038
0
LINE
8
BLACK
6
CONTINUOUS
10
1.239960157480315
20
2.2392042519685038
11
1.2397687401574802
21
2.2387422047244092
0
LINE
8
BLACK
6
CONTINUOUS
10
1.2397687401574802
20
2.2387422047244092
11
1.2396020866141733
21
2.2382711811023621
0
LINE
8
BLACK
6
CONTINUOUS
10
1.2396020866141733
20
2.2382711811023621
11
1.2395370472440945
21
2.2381829133858266
0
LINE
8
BLACK
6
CONTINUOUS
10
1.2395370472440945
20
2.2381829133858266
11
1.2395192519685039
21
2.238139842519685
0
LINE
8
BLACK
6
CONTINUOUS
10
1.2395192519685039
20
2.238139842519685
11
1.2394666929133857
21
2.2380873228346454
0
LINE
8
BLACK
6
CONTINUOUS
10
1.2394666929133857
20
2.2380873228346454
11
1.2392588976377952
21
2.2378050393700786
0
LINE
8
BLACK
6
CONTINUOUS
10
1.2392588976377952
20
2.2378050393700786
11
1.237571653543307
21
2.2359302362204723
0
LINE
8
BLACK
6
CONTINUOUS
10
1.237571653543307
20
2.2359302362204723
11
1.2371440944881889
21
2.2355399999999999
0
LINE
8
BLACK
6
CONTINUOUS
10
1.2371440944881889
20
2.2355399999999999
11
1.2370220472440945
21
2.2354817716535433
0
LINE
8
BLACK
6
CONTINUOUS
10
1.2370220472440945
20
2.2354817716535433
11
1.2369228740157481
21
2.2353898425196852
0
LINE
8
BLACK
6
CONTINUOUS
10
1.2369228740157481
20
2.2353898425196852
11
1.2364023622047244
21
2.2351365748031498
0
LINE
8
BLACK
6
CONTINUOUS
10
1.2364023622047244
20
2.2351365748031498
11
1.2313404724409449
21
2.2332618110236222
0
LINE
8
BLACK
6
CONTINUOUS
10
1.2313404724409449
20
2.2332618110236222
11
1.2309513779527559
21
2.2331597637795273
0
LINE
8
BLACK
6
CONTINUOUS
10
1.2309513779527559
20
2.2331597637795273
11
1.2308910236220472
21
2.2331347244094486
0
LINE
8
BLACK
6
CONTINUOUS
10
1.2308910236220472
20
2.2331347244094486
11
1.2308350393700787
21
2.2331292519685038
0
LINE
8
BLACK
6
CONTINUOUS
10
1.2308350393700787
20
2.2331292519685038
11
1.2307805905511811
21
2.2331149212598427
0
LINE
8
BLACK
6
CONTINUOUS
10
1.2307805905511811
20
2.2331149212598427
11
1.230715157480315
21
2.233117440944882
0
LINE
8
BLACK
6
CONTINUOUS
10
1.230715157480315
20
2.233117440944882
11
1.2303149606299213
21
2.2330779921259842
0
LINE
8
BLACK
6
CONTINUOUS
10
1.2303149606299213
20
2.2330779921259842
11
1.2269403937007874
21
2.2330779921259842
0
LINE
8
BLACK
6
CONTINUOUS
10
1.2269403937007874
20
2.2330779921259842
11
1.226540157480315
21
2.233117440944882
0
LINE
8
BLACK
6
CONTINUOUS
10
1.226540157480315
20
2.233117440944882
11
1.2264747637795275
21
2.2331149212598427
0
LINE
8
BLACK
6
CONTINUOUS
10
1.2264747637795275
20
2.2331149212598427
11
1.2264202755905511
21
2.2331292519685038
0
LINE
8
BLACK
6
CONTINUOUS
10
1.2264202755905511
20
2.2331292519685038
11
1.2263643307086614
21
2.2331347244094486
0
LINE
8
BLACK
6
CONTINUOUS
10
1.2263643307086614
20
2.2331347244094486
11
1.2263039370078739
21
2.2331597637795273
0
LINE
8
BLACK
6
CONTINUOUS
10
1.2263039370078739
20
2.2331597637795273
11
1.2259148425196851
21
2.2332618110236222
0
LINE
8
BLACK
6
CONTINUOUS
10
1.2259148425196851
20
2.2332618110236222
11
1.2208529921259843
21
2.2351365748031498
0
LINE
8
BLACK
6
CONTINUOUS
10
1.2208529921259843
20
2.2351365748031498
11
1.2203325196850394
21
2.2353898425196852
0
LINE
8
BLACK
6
CONTINUOUS
10
1.2203325196850394
20
2.2353898425196852
11
1.220233307086614
21
2.2354817716535433
0
LINE
8
BLACK
6
CONTINUOUS
10
1.220233307086614
20
2.2354817716535433
11
1.2201112992125984
21
2.2355399999999999
0
LINE
8
BLACK
6
CONTINUOUS
10
1.2201112992125984
20
2.2355399999999999
11
1.219683779527559
21
2.2359302362204723
0
LINE
8
BLACK
6
CONTINUOUS
10
1.219683779527559
20
2.2359302362204723
11
1.2163091732283464
21
2.2396798031496061
0
LINE
8
BLACK
6
CONTINUOUS
10
1.2163091732283464
20
2.2396798031496061
11
1.2161555905511812
21
2.2398884251968503
0
LINE
8
BLACK
6
CONTINUOUS
10
1.2161555905511812
20
2.2398884251968503
11
1.2160994094488189
21
2.2399412992125982
0
LINE
8
BLACK
6
CONTINUOUS
10
1.2160994094488189
20
2.2399412992125982
11
1.2160384251968503
21
2.2400475590551179
0
LINE
8
BLACK
6
CONTINUOUS
10
1.2160384251968503
20
2.2400475590551179
11
1.2159659842519686
21
2.2401459448818897
0
LINE
8
BLACK
6
CONTINUOUS
10
1.2159659842519686
20
2.2401459448818897
11
1.2159402755905511
21
2.2402185039370077
0
LINE
8
BLACK
6
CONTINUOUS
10
1.2159402755905511
20
2.2402185039370077
11
1.2158112598425197
21
2.2404433464566931
0
LINE
8
BLACK
6
CONTINUOUS
10
1.2158112598425197
20
2.2404433464566931
11
1.2141239763779528
21
2.2441929133858269
0
LINE
8
BLACK
6
CONTINUOUS
10
1.2141239763779528
20
2.2441929133858269
11
1.2141206692913387
21
2.2442026771653545
0
LINE
8
BLACK
6
CONTINUOUS
10
1.2141206692913387
20
2.2442026771653545
11
1.2141177165354331
21
2.2442068897637797
0
LINE
8
BLACK
6
CONTINUOUS
10
1.2141177165354331
20
2.2442068897637797
11
1.2140295275590551
21
2.2444734251968503
0
LINE
8
BLACK
6
CONTINUOUS
10
1.2140295275590551
20
2.2444734251968503
11
1.2139392913385827
21
2.2447414960629919
0
LINE
8
BLACK
6
CONTINUOUS
10
1.2139392913385827
20
2.2447414960629919
11
1.2139391338582677
21
2.2447467322834647
0
LINE
8
BLACK
6
CONTINUOUS
10
1.2139391338582677
20
2.2447467322834647
11
1.2139359055118111
21
2.2447564566929135
0
LINE
8
BLACK
6
CONTINUOUS
10
1.2139359055118111
20
2.2447564566929135
11
1.2122486220472442
21
2.2522555118110237
0
LINE
8
BLACK
6
CONTINUOUS
10
1.2122486220472442
20
2.2522555118110237
11
1.2122424015748032
21
2.2523057480314961
0
LINE
8
BLACK
6
CONTINUOUS
10
1.2122424015748032
20
2.2523057480314961
11
1.2122333464566928
21
2.2523275984251967
0
LINE
8
BLACK
6
CONTINUOUS
10
1.2122333464566928
20
2.2523275984251967
11
1.2122085826771654
21
2.2525788188976379
0
LINE
8
BLACK
6
CONTINUOUS
10
1.2122085826771654
20
2.2525788188976379
11
1.2121775196850393
21
2.2528299606299211
0
LINE
8
BLACK
6
CONTINUOUS
10
1.2121775196850393
20
2.2528299606299211
11
1.2121815354330709
21
2.2528533858267714
0
LINE
8
BLACK
6
CONTINUOUS
10
1.2121815354330709
20
2.2528533858267714
11
1.2121766141732284
21
2.2529036614173226
0
LINE
8
BLACK
6
CONTINUOUS
10
1.2121766141732284
20
2.2529036614173226
11
1.2121766141732284
21
2.2585279527559057
0
LINE
8
BLACK
6
CONTINUOUS
10
1.2121766141732284
20
2.2585279527559057
11
1.2121815354330709
21
2.2585782677165356
0
LINE
8
BLACK
6
CONTINUOUS
10
1.2121815354330709
20
2.2585782677165356
11
1.2121775196850393
21
2.2586016535433071
0
LINE
8
BLACK
6
CONTINUOUS
10
1.2121775196850393
20
2.2586016535433071
11
1.2122085826771654
21
2.2588528346456691
0
LINE
8
BLACK
6
CONTINUOUS
10
1.2122085826771654
20
2.2588528346456691
11
1.2122333464566928
21
2.2591040157480315
0
LINE
8
BLACK
6
CONTINUOUS
10
1.2122333464566928
20
2.2591040157480315
11
1.2122424015748032
21
2.2591259055118109
0
LINE
8
BLACK
6
CONTINUOUS
10
1.2122424015748032
20
2.2591259055118109
11
1.2122486220472442
21
2.2591761023622046
0
LINE
8
BLACK
6
CONTINUOUS
10
1.2122486220472442
20
2.2591761023622046
11
1.2139359055118111
21
2.2666751574803148
0
LINE
8
BLACK
6
CONTINUOUS
10
1.2139359055118111
20
2.2666751574803148
11
1.2139391338582677
21
2.2666849212598423
0
LINE
8
BLACK
6
CONTINUOUS
10
1.2139391338582677
20
2.2666849212598423
11
1.2139392913385827
21
2.2666901181102364
0
LINE
8
BLACK
6
CONTINUOUS
10
1.2139392913385827
20
2.2666901181102364
11
1.2140295275590551
21
2.2669582283464567
0
LINE
8
BLACK
6
CONTINUOUS
10
1.2140295275590551
20
2.2669582283464567
11
1.2141177165354331
21
2.2672247244094486
0
LINE
8
BLACK
6
CONTINUOUS
10
1.2141177165354331
20
2.2672247244094486
11
1.2141206692913387
21
2.2672289763779525
0
LINE
8
BLACK
6
CONTINUOUS
10
1.2141206692913387
20
2.2672289763779525
11
1.2141239763779528
21
2.2672387007874013
0
LINE
8
BLACK
6
CONTINUOUS
10
1.2141239763779528
20
2.2672387007874013
11
1.2158112598425197
21
2.2709882677165352
0
LINE
8
BLACK
6
CONTINUOUS
10
1.2158112598425197
20
2.2709882677165352
11
1.2159402362204723
21
2.2712130708661418
0
LINE
8
BLACK
6
CONTINUOUS
10
1.2159402362204723
20
2.2712130708661418
11
1.2159659842519686
21
2.2712857086614173
0
LINE
8
BLACK
6
CONTINUOUS
10
1.2159659842519686
20
2.2712857086614173
11
1.2160385039370079
21
2.2713842519685037
0
LINE
8
BLACK
6
CONTINUOUS
10
1.2160385039370079
20
2.2713842519685037
11
1.2160994094488189
21
2.27149031496063
0
LINE
8
BLACK
6
CONTINUOUS
10
1.2160994094488189
20
2.27149031496063
11
1.2161554724409449
21
2.2715431496062992
0
LINE
8
BLACK
6
CONTINUOUS
10
1.2161554724409449
20
2.2715431496062992
11
1.2163091732283464
21
2.2717518503937009
0
LINE
8
BLACK
6
CONTINUOUS
10
1.2163091732283464
20
2.2717518503937009
11
1.219683779527559
21
2.2755013385826772
0
LINE
8
BLACK
6
CONTINUOUS
10
1.219683779527559
20
2.2755013385826772
11
1.2201112992125984
21
2.2758915748031496
0
LINE
8
BLACK
6
CONTINUOUS
10
1.2201112992125984
20
2.2758915748031496
11
1.220233307086614
21
2.2759498425196849
0
LINE
8
BLACK
6
CONTINUOUS
10
1.220233307086614
20
2.2759498425196849
11
1.2203325196850394
21
2.2760417322834647
0
LINE
8
BLACK
6
CONTINUOUS
10
1.2203325196850394
20
2.2760417322834647
11
1.2208529921259843
21
2.2762949999999997
0
LINE
8
BLACK
6
CONTINUOUS
10
1.2208529921259843
20
2.2762949999999997
11
1.2259148425196851
21
2.2781697637795273
0
LINE
8
BLACK
6
CONTINUOUS
10
1.2259148425196851
20
2.2781697637795273
11
1.2263039370078739
21
2.2782718503937009
0
LINE
8
BLACK
6
CONTINUOUS
10
1.2263039370078739
20
2.2782718503937009
11
1.2263643307086614
21
2.2782968503937009
0
LINE
8
BLACK
6
CONTINUOUS
10
1.2263643307086614
20
2.2782968503937009
11
1.2264202755905511
21
2.2783023622047245
0
LINE
8
BLACK
6
CONTINUOUS
10
1.2264202755905511
20
2.2783023622047245
11
1.2264747637795275
21
2.2783166535433068
0
LINE
8
BLACK
6
CONTINUOUS
10
1.2264747637795275
20
2.2783166535433068
11
1.226540157480315
21
2.2783141732283463
0
LINE
8
BLACK
6
CONTINUOUS
10
1.226540157480315
20
2.2783141732283463
11
1.2269403937007874
21
2.2783535826771653
0
LINE
8
BLACK
6
CONTINUOUS
10
1.2269403937007874
20
2.2783535826771653
11
1.232002283464567
21
2.2783535826771653
0
LINE
8
BLACK
6
CONTINUOUS
10
1.232002283464567
20
2.2783535826771653
11
1.2325783464566928
21
2.2782968503937009
0
LINE
8
BLACK
6
CONTINUOUS
10
1.2982067322834645
20
2.2783141732283463
11
1.2982721653543308
21
2.2783166535433068
0
LINE
8
BLACK
6
CONTINUOUS
10
1.2982721653543308
20
2.2783166535433068
11
1.2983266141732284
21
2.2783023622047245
0
LINE
8
BLACK
6
CONTINUOUS
10
1.2983266141732284
20
2.2783023622047245
11
1.2983825984251969
21
2.2782968503937009
0
LINE
8
BLACK
6
CONTINUOUS
10
1.2983825984251969
20
2.2782968503937009
11
1.2984429527559054
21
2.2782718503937009
0
LINE
8
BLACK
6
CONTINUOUS
10
1.2984429527559054
20
2.2782718503937009
11
1.2988320866141732
21
2.2781697637795273
0
LINE
8
BLACK
6
CONTINUOUS
10
1.2988320866141732
20
2.2781697637795273
11
1.3038939370078739
21
2.2762949999999997
0
LINE
8
BLACK
6
CONTINUOUS
10
1.3038939370078739
20
2.2762949999999997
11
1.3044144094488188
21
2.2760417322834647
0
LINE
8
BLACK
6
CONTINUOUS
10
1.3044144094488188
20
2.2760417322834647
11
1.304513622047244
21
2.2759498031496062
0
LINE
8
BLACK
6
CONTINUOUS
10
1.304513622047244
20
2.2759498031496062
11
1.3046355905511811
21
2.2758915748031496
0
LINE
8
BLACK
6
CONTINUOUS
10
1.3046355905511811
20
2.2758915748031496
11
1.3050631496062992
21
2.275501377952756
0
LINE
8
BLACK
6
CONTINUOUS
10
1.3050631496062992
20
2.275501377952756
11
1.3084377559055118
21
2.2717518503937009
0
LINE
8
BLACK
6
CONTINUOUS
10
1.3084377559055118
20
2.2717518503937009
11
1.3085914173228346
21
2.2715431102362205
0
LINE
8
BLACK
6
CONTINUOUS
10
1.3085914173228346
20
2.2715431102362205
11
1.3086475590551181
21
2.2714902755905513
0
LINE
8
BLACK
6
CONTINUOUS
10
1.3086475590551181
20
2.2714902755905513
11
1.3087084251968504
21
2.2713842125984249
0
LINE
8
BLACK
6
CONTINUOUS
10
1.3087084251968504
20
2.2713842125984249
11
1.3087809448818897
21
2.2712857086614173
0
LINE
8
BLACK
6
CONTINUOUS
10
1.3087809448818897
20
2.2712857086614173
11
1.3088066535433072
21
2.271213031496063
0
LINE
8
BLACK
6
CONTINUOUS
10
1.3088066535433072
20
2.271213031496063
11
1.3089356692913385
21
2.2709882283464569
0
LINE
8
BLACK
6
CONTINUOUS
10
1.3089356692913385
20
2.2709882283464569
11
1.3106229527559055
21
2.2672387007874013
0
LINE
8
BLACK
6
CONTINUOUS
10
1.3106229527559055
20
2.2672387007874013
11
1.3106262204724408
21
2.2672289763779525
0
LINE
8
BLACK
6
CONTINUOUS
10
1.3106262204724408
20
2.2672289763779525
11
1.3106292125984251
21
2.2672247244094486
0
LINE
8
BLACK
6
CONTINUOUS
10
1.3106292125984251
20
2.2672247244094486
11
1.3107177559055119
21
2.2669570472440945
0
LINE
8
BLACK
6
CONTINUOUS
10
1.3107177559055119
20
2.2669570472440945
11
1.3108076377952755
21
2.2666900787401576
0
LINE
8
BLACK
6
CONTINUOUS
10
1.3108076377952755
20
2.2666900787401576
11
1.3108077559055118
21
2.2666849606299211
0
LINE
8
BLACK
6
CONTINUOUS
10
1.3108077559055118
20
2.2666849606299211
11
1.3108110236220472
21
2.2666751574803148
0
LINE
8
BLACK
6
CONTINUOUS
10
1.3108110236220472
20
2.2666751574803148
11
1.3124983070866141
21
2.2591761023622046
0
LINE
8
BLACK
6
CONTINUOUS
10
1.3124983070866141
20
2.2591761023622046
11
1.3125044881889762
21
2.2591259055118109
0
LINE
8
BLACK
6
CONTINUOUS
10
1.3125044881889762
20
2.2591259055118109
11
1.3125135826771652
21
2.2591040157480315
0
LINE
8
BLACK
6
CONTINUOUS
10
1.3125135826771652
20
2.2591040157480315
11
1.3125383070866141
21
2.2588528346456691
0
LINE
8
BLACK
6
CONTINUOUS
10
1.3125383070866141
20
2.2588528346456691
11
1.3125694094488189
21
2.2586016535433071
0
LINE
8
BLACK
6
CONTINUOUS
10
1.3125694094488189
20
2.2586016535433071
11
1.3125653543307085
21
2.2585782677165356
0
LINE
8
BLACK
6
CONTINUOUS
10
1.3125653543307085
20
2.2585782677165356
11
1.3125703149606298
21
2.2585279527559057
0
LINE
8
BLACK
6
CONTINUOUS
10
1.3125703149606298
20
2.2585279527559057
11
1.3125703149606298
21
2.2529036614173226
0
LINE
8
BLACK
6
CONTINUOUS
10
1.3125703149606298
20
2.2529036614173226
11
1.3125653543307085
21
2.2528533858267714
0
LINE
8
BLACK
6
CONTINUOUS
10
1.3125653543307085
20
2.2528533858267714
11
1.3125694094488189
21
2.2528299606299211
0
LINE
8
BLACK
6
CONTINUOUS
10
1.3125694094488189
20
2.2528299606299211
11
1.3125383070866141
21
2.2525788188976379
0
LINE
8
BLACK
6
CONTINUOUS
10
1.3125383070866141
20
2.2525788188976379
11
1.3125135826771652
21
2.2523275984251967
0
LINE
8
BLACK
6
CONTINUOUS
10
1.3125135826771652
20
2.2523275984251967
11
1.3125044881889762
21
2.2523057480314961
0
LINE
8
BLACK
6
CONTINUOUS
10
1.3125044881889762
20
2.2523057480314961
11
1.3124983070866141
21
2.2522555118110237
0
LINE
8
BLACK
6
CONTINUOUS
10
1.3124983070866141
20
2.2522555118110237
11
1.3108110236220472
21
2.2447564566929135
0
LINE
8
BLACK
6
CONTINUOUS
10
1.3108110236220472
20
2.2447564566929135
11
1.3108077559055118
21
2.2447466929133859
0
LINE
8
BLACK
6
CONTINUOUS
10
1.3108077559055118
20
2.2447466929133859
11
1.3108076377952755
21
2.2447415354330706
0
LINE
8
BLACK
6
CONTINUOUS
10
1.3108076377952755
20
2.2447415354330706
11
1.3107177559055119
21
2.2444746062992125
0
LINE
8
BLACK
6
CONTINUOUS
10
1.3107177559055119
20
2.2444746062992125
11
1.3106292125984251
21
2.2442068897637797
0
LINE
8
BLACK
6
CONTINUOUS
10
1.3106292125984251
20
2.2442068897637797
11
1.3106262204724408
21
2.2442026771653545
0
LINE
8
BLACK
6
CONTINUOUS
10
1.3106262204724408
20
2.2442026771653545
11
1.3106229527559055
21
2.2441929133858269
0
LINE
8
BLACK
6
CONTINUOUS
10
1.3106229527559055
20
2.2441929133858269
11
1.3089356692913385
21
2.2404433858267714
0
LINE
8
BLACK
6
CONTINUOUS
10
1.3089356692913385
20
2.2404433858267714
11
1.3088066141732284
21
2.2402185433070865
0
LINE
8
BLACK
6
CONTINUOUS
10
1.3088066141732284
20
2.2402185433070865
11
1.3087809448818897
21
2.2401459448818897
0
LINE
8
BLACK
6
CONTINUOUS
10
1.3087809448818897
20
2.2401459448818897
11
1.3087085039370079
21
2.2400475984251966
0
LINE
8
BLACK
6
CONTINUOUS
10
1.3087085039370079
20
2.2400475984251966
11
1.3086475590551181
21
2.239941338582677
0
LINE
8
BLACK
6
CONTINUOUS
10
1.3086475590551181
20
2.239941338582677
11
1.3085913385826771
21
2.2398884251968503
0
LINE
8
BLACK
6
CONTINUOUS
10
1.3085913385826771
20
2.2398884251968503
11
1.3084377559055118
21
2.2396798031496061
0
LINE
8
BLACK
6
CONTINUOUS
10
1.3084377559055118
20
2.2396798031496061
11
1.3050631496062992
21
2.2359302362204723
0
LINE
8
BLACK
6
CONTINUOUS
10
1.3050631496062992
20
2.2359302362204723
11
1.3046356299212598
21
2.2355399999999999
0
LINE
8
BLACK
6
CONTINUOUS
10
1.3046356299212598
20
2.2355399999999999
11
1.3045135826771652
21
2.2354817716535433
0
LINE
8
BLACK
6
CONTINUOUS
10
1.3045135826771652
20
2.2354817716535433
11
1.3044144094488188
21
2.2353898425196852
0
LINE
8
BLACK
6
CONTINUOUS
10
1.3044144094488188
20
2.2353898425196852
11
1.3038939370078739
21
2.2351365748031498
0
LINE
8
BLACK
6
CONTINUOUS
10
1.3038939370078739
20
2.2351365748031498
11
1.2988320866141732
21
2.2332618110236222
0
LINE
8
BLACK
6
CONTINUOUS
10
1.2988320866141732
20
2.2332618110236222
11
1.2984429527559054
21
2.2331597637795273
0
LINE
8
BLACK
6
CONTINUOUS
10
1.2984429527559054
20
2.2331597637795273
11
1.2983825984251969
21
2.2331347244094486
0
LINE
8
BLACK
6
CONTINUOUS
10
1.2983825984251969
20
2.2331347244094486
11
1.2983266141732284
21
2.2331292519685038
0
LINE
8
BLACK
6
CONTINUOUS
10
1.2983266141732284
20
2.2331292519685038
11
1.2982721653543308
21
2.2331149212598427
0
LINE
8
BLACK
6
CONTINUOUS
10
1.2982721653543308
20
2.2331149212598427
11
1.2982067322834645
21
2.233117440944882
0
LINE
8
BLACK
6
CONTINUOUS
10
1.2982067322834645
20
2.233117440944882
11
1.2978065354330708
21
2.2330779921259842
0
LINE
8
BLACK
6
CONTINUOUS
10
1.2978065354330708
20
2.2330779921259842
11
1.2893700787401574
21
2.2330779921259842
0
LINE
8
BLACK
6
CONTINUOUS
10
1.2893700787401574
20
2.2330779921259842
11
1.2887940157480315
21
2.2331347244094486
0
LINE
8
BLACK
6
CONTINUOUS
10
1.2887940157480315
20
2.2331347244094486
11
1.2877296062992125
21
2.2335756299212597
0
LINE
8
BLACK
6
CONTINUOUS
10
1.2877296062992125
20
2.2335756299212597
11
1.2869149606299213
21
2.2343902755905511
0
LINE
8
BLACK
6
CONTINUOUS
10
1.2869149606299213
20
2.2343902755905511
11
1.2864740551181102
21
2.2354546850393699
0
LINE
8
BLACK
6
CONTINUOUS
10
1.2864740551181102
20
2.2354546850393699
11
1.2864173228346456
21
2.2360307480314958
0
LINE
8
BLACK
6
CONTINUOUS
10
1.2864173228346456
20
2.2360307480314958
11
1.2864173228346456
21
2.2754008267716537
0
LINE
8
BLACK
6
CONTINUOUS
10
1.2864173228346456
20
2.2754008267716537
11
1.2864740551181102
21
2.2759768897637795
0
LINE
8
BLACK
6
CONTINUOUS
10
1.2864740551181102
20
2.2759768897637795
11
1.2869149606299213
21
2.2770412992125983
0
LINE
8
BLACK
6
CONTINUOUS
10
1.2869149606299213
20
2.2770412992125983
11
1.2877296062992125
21
2.2778559448818898
0
LINE
8
BLACK
6
CONTINUOUS
10
1.2877296062992125
20
2.2778559448818898
11
1.2887940157480315
21
2.2782968503937009
0
LINE
8
BLACK
6
CONTINUOUS
10
1.2887940157480315
20
2.2782968503937009
11
1.2893700787401574
21
2.2783535826771653
0
LINE
8
BLACK
6
CONTINUOUS
10
1.2893700787401574
20
2.2783535826771653
11
1.2978065354330708
21
2.2783535826771653
0
LINE
8
BLACK
6
CONTINUOUS
10
1.2978065354330708
20
2.2783535826771653
11
1.2982067322834645
21
2.2783141732283463
0
LINE
8
BLACK
6
CONTINUOUS
10
1.2923228346456692
20
2.2389835039370078
11
1.2972772834645669
21
2.2389835039370078
0
LINE
8
BLACK
6
CONTINUOUS
10
1.2972772834645669
20
2.2389835039370078
11
1.3011604330708662
21
2.2404217322834645
0
LINE
8
BLACK
6
CONTINUOUS
10
1.3011604330708662
20
2.2404217322834645
11
1.3037396062992126
21
2.2432874803149607
0
LINE
8
BLACK
6
CONTINUOUS
10
1.3037396062992126
20
2.2432874803149607
11
1.3051150393700788
21
2.2463440551181102
0
LINE
8
BLACK
6
CONTINUOUS
10
1.3051150393700788
20
2.2463440551181102
11
1.3066648031496062
21
2.253231811023622
0
LINE
8
BLACK
6
CONTINUOUS
10
1.3066648031496062
20
2.253231811023622
11
1.3066648031496062
21
2.258199842519685
0
LINE
8
BLACK
6
CONTINUOUS
10
1.3066648031496062
20
2.258199842519685
11
1.3051150393700788
21
2.2650875984251968
0
LINE
8
BLACK
6
CONTINUOUS
10
1.3051150393700788
20
2.2650875984251968
11
1.3037396062992126
21
2.2681441732283463
0
LINE
8
BLACK
6
CONTINUOUS
10
1.3037396062992126
20
2.2681441732283463
11
1.3011603937007874
21
2.2710098818897637
0
LINE
8
BLACK
6
CONTINUOUS
10
1.3011603937007874
20
2.2710098818897637
11
1.2972772834645669
21
2.2724480708661416
0
LINE
8
BLACK
6
CONTINUOUS
10
1.2972772834645669
20
2.2724480708661416
11
1.2923228346456692
21
2.2724480708661416
0
LINE
8
BLACK
6
CONTINUOUS
10
1.2923228346456692
20
2.2724480708661416
11
1.2923228346456692
21
2.2389835039370078
0
LINE
8
BLACK
6
CONTINUOUS
10
1.3656982677165355
20
2.2783141732283463
11
1.3657637007874015
21
2.2783166535433068
0
LINE
8
BLACK
6
CONTINUOUS
10
1.3657637007874015
20
2.2783166535433068
11
1.3658181496062991
21
2.2783023622047245
0
LINE
8
BLACK
6
CONTINUOUS
10
1.3658181496062991
20
2.2783023622047245
11
1.3658741338582676
21
2.2782968503937009
0
LINE
8
BLACK
6
CONTINUOUS
10
1.3658741338582676
20
2.2782968503937009
11
1.3659344881889763
21
2.2782718503937009
0
LINE
8
BLACK
6
CONTINUOUS
10
1.3659344881889763
20
2.2782718503937009
11
1.3663235826771654
21
2.2781697637795273
0
LINE
8
BLACK
6
CONTINUOUS
10
1.3663235826771654
20
2.2781697637795273
11
1.3713854724409449
21
2.2762949999999997
0
LINE
8
BLACK
6
CONTINUOUS
10
1.3713854724409449
20
2.2762949999999997
11
1.3719059842519685
21
2.2760417322834647
0
LINE
8
BLACK
6
CONTINUOUS
10
1.3719059842519685
20
2.2760417322834647
11
1.3727510236220473
21
2.2752585826771652
0
LINE
8
BLACK
6
CONTINUOUS
10
1.3727510236220473
20
2.2752585826771652
11
1.3732320078740157
21
2.2742117322834643
0
LINE
8
BLACK
6
CONTINUOUS
10
1.3732320078740157
20
2.2742117322834643
11
1.3732757874015749
21
2.2730604330708659
0
LINE
8
BLACK
6
CONTINUOUS
10
1.3732757874015749
20
2.2730604330708659
11
1.3728756299212599
21
2.2719800393700789
0
LINE
8
BLACK
6
CONTINUOUS
10
1.3728756299212599
20
2.2719800393700789
11
1.3720924803149606
21
2.2711350000000001
0
LINE
8
BLACK
6
CONTINUOUS
10
1.3720924803149606
20
2.2711350000000001
11
1.3710456299212599
21
2.2706540157480313
0
LINE
8
BLACK
6
CONTINUOUS
10
1.3710456299212599
20
2.2706540157480313
11
1.3698943307086613
21
2.2706102362204725
0
LINE
8
BLACK
6
CONTINUOUS
10
1.3698943307086613
20
2.2706102362204725
11
1.3693344488188977
21
2.2707571259842521
0
LINE
8
BLACK
6
CONTINUOUS
10
1.3693344488188977
20
2.2707571259842521
11
1.3647688582677164
21
2.2724480708661416
0
LINE
8
BLACK
6
CONTINUOUS
10
1.3647688582677164
20
2.2724480708661416
11
1.3576267716535433
21
2.2724480708661416
0
LINE
8
BLACK
6
CONTINUOUS
10
1.3576267716535433
20
2.2724480708661416
11
1.3553519291338583
21
2.2711843307086612
0
LINE
8
BLACK
6
CONTINUOUS
10
1.3553519291338583
20
2.2711843307086612
11
1.3543031102362204
21
2.2700189370078738
0
LINE
8
BLACK
6
CONTINUOUS
10
1.3543031102362204
20
2.2700189370078738
11
1.3530652362204725
21
2.2672680708661415
0
LINE
8
BLACK
6
CONTINUOUS
10
1.3530652362204725
20
2.2672680708661415
11
1.3530652362204725
21
2.2647859842519686
0
LINE
8
BLACK
6
CONTINUOUS
10
1.3530652362204725
20
2.2647859842519686
11
1.3543031102362204
21
2.2620351181102363
0
LINE
8
BLACK
6
CONTINUOUS
10
1.3543031102362204
20
2.2620351181102363
11
1.3553519291338583
21
2.2608697244094489
0
LINE
8
BLACK
6
CONTINUOUS
10
1.3553519291338583
20
2.2608697244094489
11
1.357989409448819
21
2.2594044881889763
0
LINE
8
BLACK
6
CONTINUOUS
10
1.357989409448819
20
2.2594044881889763
11
1.3644010629921259
21
2.2576234645669291
0
LINE
8
BLACK
6
CONTINUOUS
10
1.3644010629921259
20
2.2576234645669291
11
1.3644774015748031
21
2.2575939370078739
0
LINE
8
BLACK
6
CONTINUOUS
10
1.3644774015748031
20
2.2575939370078739
11
1.364513622047244
21
2.2575897637795275
0
LINE
8
BLACK
6
CONTINUOUS
10
1.364513622047244
20
2.2575897637795275
11
1.364725433070866
21
2.2574979921259843
0
LINE
8
BLACK
6
CONTINUOUS
10
1.364725433070866
20
2.2574979921259843
11
1.3649409448818897
21
2.2574146062992124
0
LINE
8
BLACK
6
CONTINUOUS
10
1.3649409448818897
20
2.2574146062992124
11
1.3649696456692912
21
2.2573921653543305
0
LINE
8
BLACK
6
CONTINUOUS
10
1.3649696456692912
20
2.2573921653543305
11
1.3650447637795275
21
2.2573596062992127
0
LINE
8
BLACK
6
CONTINUOUS
10
1.3650447637795275
20
2.2573596062992127
11
1.3684193700787401
21
2.2554848425196852
0
LINE
8
BLACK
6
CONTINUOUS
10
1.3684193700787401
20
2.2554848425196852
11
1.368683188976378
21
2.2553023228346456
0
LINE
8
BLACK
6
CONTINUOUS
10
1.368683188976378
20
2.2553023228346456
11
1.3687526377952755
21
2.2552691732283465
0
LINE
8
BLACK
6
CONTINUOUS
10
1.3687526377952755
20
2.2552691732283465
11
1.3688200393700787
21
2.2552076377952757
0
LINE
8
BLACK
6
CONTINUOUS
10
1.3688200393700787
20
2.2552076377952757
11
1.3688953937007873
21
2.2551555118110236
0
LINE
8
BLACK
6
CONTINUOUS
10
1.3688953937007873
20
2.2551555118110236
11
1.3689433464566929
21
2.2550950787401574
0
LINE
8
BLACK
6
CONTINUOUS
10
1.3689433464566929
20
2.2550950787401574
11
1.3691801574803149
21
2.2548789370078741
0
LINE
8
BLACK
6
CONTINUOUS
10
1.3691801574803149
20
2.2548789370078741
11
1.3708674409448818
21
2.2530041732283466
0
LINE
8
BLACK
6
CONTINUOUS
10
1.3708674409448818
20
2.2530041732283466
11
1.3710210236220473
21
2.2527955905511812
0
LINE
8
BLACK
6
CONTINUOUS
10
1.3710210236220473
20
2.2527955905511812
11
1.3710772440944881
21
2.2527426377952757
0
LINE
8
BLACK
6
CONTINUOUS
10
1.3710772440944881
20
2.2527426377952757
11
1.3711381889763778
21
2.2526364173228348
0
LINE
8
BLACK
6
CONTINUOUS
10
1.3711381889763778
20
2.2526364173228348
11
1.3712106299212599
21
2.252538031496063
0
LINE
8
BLACK
6
CONTINUOUS
10
1.3712106299212599
20
2.252538031496063
11
1.3712362992125984
21
2.252465472440945
0
LINE
8
BLACK
6
CONTINUOUS
10
1.3712362992125984
20
2.252465472440945
11
1.3713653543307087
21
2.2522405905511809
0
LINE
8
BLACK
6
CONTINUOUS
10
1.3713653543307087
20
2.2522405905511809
11
1.3730526377952756
21
2.2484910629921258
0
LINE
8
BLACK
6
CONTINUOUS
10
1.3730526377952756
20
2.2484910629921258
11
1.3732373228346457
21
2.247942440944882
0
LINE
8
BLACK
6
CONTINUOUS
10
1.3732373228346457
20
2.247942440944882
11
1.3732386614173229
21
2.2478972047244095
0
LINE
8
BLACK
6
CONTINUOUS
10
1.3732386614173229
20
2.2478972047244095
11
1.3732559842519685
21
2.2478554330708662
0
LINE
8
BLACK
6
CONTINUOUS
10
1.3732559842519685
20
2.2478554330708662
11
1.3733127165354331
21
2.2472793700787399
0
LINE
8
BLACK
6
CONTINUOUS
10
1.3733127165354331
20
2.2472793700787399
11
1.3733127165354331
21
2.2435298425196848
0
LINE
8
BLACK
6
CONTINUOUS
10
1.3733127165354331
20
2.2435298425196848
11
1.3732559842519685
21
2.2429537795275589
0
LINE
8
BLACK
6
CONTINUOUS
10
1.3732559842519685
20
2.2429537795275589
11
1.3732386614173229
21
2.2429120472440944
0
LINE
8
BLACK
6
CONTINUOUS
10
1.3732386614173229
20
2.2429120472440944
11
1.3732373228346457
21
2.2428667716535431
0
LINE
8
BLACK
6
CONTINUOUS
10
1.3732373228346457
20
2.2428667716535431
11
1.3730526377952756
21
2.2423181496062994
0
LINE
8
BLACK
6
CONTINUOUS
10
1.3730526377952756
20
2.2423181496062994
11
1.3713653543307087
21
2.2385686220472438
0
LINE
8
BLACK
6
CONTINUOUS
10
1.3713653543307087
20
2.2385686220472438
11
1.3712362992125984
21
2.2383437795275589
0
LINE
8
BLACK
6
CONTINUOUS
10
1.3712362992125984
20
2.2383437795275589
11
1.3712106299212599
21
2.2382711811023621
0
LINE
8
BLACK
6
CONTINUOUS
10
1.3712106299212599
20
2.2382711811023621
11
1.3711381889763778
21
2.2381728346456691
0
LINE
8
BLACK
6
CONTINUOUS
10
1.3711381889763778
20
2.2381728346456691
11
1.3710772440944881
21
2.2380665748031494
0
LINE
8
BLACK
6
CONTINUOUS
10
1.3710772440944881
20
2.2380665748031494
11
1.3710210236220473
21
2.2380136614173227
0
LINE
8
BLACK
6
CONTINUOUS
10
1.3710210236220473
20
2.2380136614173227
11
1.3708674409448818
21
2.2378050393700786
0
LINE
8
BLACK
6
CONTINUOUS
10
1.3708674409448818
20
2.2378050393700786
11
1.3691801968503936
21
2.2359302362204723
0
LINE
8
BLACK
6
CONTINUOUS
10
1.3691801968503936
20
2.2359302362204723
11
1.3689433070866142
21
2.2357140551181103
0
LINE
8
BLACK
6
CONTINUOUS
10
1.3689433070866142
20
2.2357140551181103
11
1.3688953937007873
21
2.2356536614173228
0
LINE
8
BLACK
6
CONTINUOUS
10
1.3688953937007873
20
2.2356536614173228
11
1.3688200787401574
21
2.2356015748031495
0
LINE
8
BLACK
6
CONTINUOUS
10
1.3688200787401574
20
2.2356015748031495
11
1.3687526377952755
21
2.2355399999999999
0
LINE
8
BLACK
6
CONTINUOUS
10
1.3687526377952755
20
2.2355399999999999
11
1.368683188976378
21
2.2355068897637795
0
LINE
8
BLACK
6
CONTINUOUS
10
1.368683188976378
20
2.2355068897637795
11
1.3684193700787401
21
2.2353243307086612
0
LINE
8
BLACK
6
CONTINUOUS
10
1.3684193700787401
20
2.2353243307086612
11
1.3650447637795275
21
2.2334495669291337
0
LINE
8
BLACK
6
CONTINUOUS
10
1.3650447637795275
20
2.2334495669291337
11
1.364513622047244
21
2.2332194094488189
0
LINE
8
BLACK
6
CONTINUOUS
10
1.364513622047244
20
2.2332194094488189
11
1.3643443307086613
21
2.2332000000000001
0
LINE
8
BLACK
6
CONTINUOUS
10
1.3643443307086613
20
2.2332000000000001
11
1.3641868503937007
21
2.2331347244094486
0
LINE
8
BLACK
6
CONTINUOUS
10
1.3641868503937007
20
2.2331347244094486
11
1.3636107874015748
21
2.2330779921259842
0
LINE
8
BLACK
6
CONTINUOUS
10
1.3636107874015748
20
2.2330779921259842
11
1.3551743700787402
21
2.2330779921259842
0
LINE
8
BLACK
6
CONTINUOUS
10
1.3551743700787402
20
2.2330779921259842
11
1.3547741338582677
21
2.233117440944882
0
LINE
8
BLACK
6
CONTINUOUS
10
1.3547741338582677
20
2.233117440944882
11
1.3547087401574802
21
2.2331149212598427
0
LINE
8
BLACK
6
CONTINUOUS
10
1.3547087401574802
20
2.2331149212598427
11
1.3546542519685039
21
2.2331292519685038
0
LINE
8
BLACK
6
CONTINUOUS
10
1.3546542519685039
20
2.2331292519685038
11
1.3545983070866141
21
2.2331347244094486
0
LINE
8
BLACK
6
CONTINUOUS
10
1.3545983070866141
20
2.2331347244094486
11
1.3545379133858266
21
2.2331597637795273
0
LINE
8
BLACK
6
CONTINUOUS
10
1.3545379133858266
20
2.2331597637795273
11
1.3541488582677166
21
2.2332618110236222
0
LINE
8
BLACK
6
CONTINUOUS
10
1.3541488582677166
20
2.2332618110236222
11
1.3490869685039371
21
2.2351365748031498
0
LINE
8
BLACK
6
CONTINUOUS
10
1.3490869685039371
20
2.2351365748031498
11
1.3485664566929134
21
2.2353898425196852
0
LINE
8
BLACK
6
CONTINUOUS
10
1.3485664566929134
20
2.2353898425196852
11
1.3477214173228347
21
2.2361729921259843
0
LINE
8
BLACK
6
CONTINUOUS
10
1.3477214173228347
20
2.2361729921259843
11
1.3472404330708661
21
2.2372198425196852
0
LINE
8
BLACK
6
CONTINUOUS
10
1.3472404330708661
20
2.2372198425196852
11
1.3471966535433071
21
2.2383711417322836
0
LINE
8
BLACK
6
CONTINUOUS
10
1.3471966535433071
20
2.2383711417322836
11
1.3475968110236221
21
2.2394515354330706
0
LINE
8
BLACK
6
CONTINUOUS
10
1.3475968110236221
20
2.2394515354330706
11
1.3483799606299212
21
2.2402965748031494
0
LINE
8
BLACK
6
CONTINUOUS
10
1.3483799606299212
20
2.2402965748031494
11
1.3494268110236221
21
2.2407775590551182
0
LINE
8
BLACK
6
CONTINUOUS
10
1.3494268110236221
20
2.2407775590551182
11
1.3505781102362204
21
2.240821338582677
0
LINE
8
BLACK
6
CONTINUOUS
10
1.3505781102362204
20
2.240821338582677
11
1.3511379921259843
21
2.2406744488188974
0
LINE
8
BLACK
6
CONTINUOUS
10
1.3511379921259843
20
2.2406744488188974
11
1.3557035826771653
21
2.2389835039370078
0
LINE
8
BLACK
6
CONTINUOUS
10
1.3557035826771653
20
2.2389835039370078
11
1.3628456692913387
21
2.2389835039370078
0
LINE
8
BLACK
6
CONTINUOUS
10
1.3628456692913387
20
2.2389835039370078
11
1.3651203937007874
21
2.2402472440944883
0
LINE
8
BLACK
6
CONTINUOUS
10
1.3651203937007874
20
2.2402472440944883
11
1.3661692913385826
21
2.2414127165354332
0
LINE
8
BLACK
6
CONTINUOUS
10
1.3661692913385826
20
2.2414127165354332
11
1.3674072047244095
21
2.2441636220472438
0
LINE
8
BLACK
6
CONTINUOUS
10
1.3674072047244095
20
2.2441636220472438
11
1.3674072047244095
21
2.2466456299212596
0
LINE
8
BLACK
6
CONTINUOUS
10
1.3674072047244095
20
2.2466456299212596
11
1.3661692913385826
21
2.2493965354330707
0
LINE
8
BLACK
6
CONTINUOUS
10
1.3661692913385826
20
2.2493965354330707
11
1.3651204724409449
21
2.2505619291338581
0
LINE
8
BLACK
6
CONTINUOUS
10
1.3651204724409449
20
2.2505619291338581
11
1.3624829921259842
21
2.2520271653543307
0
LINE
8
BLACK
6
CONTINUOUS
10
1.3624829921259842
20
2.2520271653543307
11
1.3560713779527558
21
2.2538081496062992
0
LINE
8
BLACK
6
CONTINUOUS
10
1.3560713779527558
20
2.2538081496062992
11
1.3559950000000001
21
2.2538377165354331
0
LINE
8
BLACK
6
CONTINUOUS
10
1.3559950000000001
20
2.2538377165354331
11
1.3559587795275589
21
2.2538418503937008
0
LINE
8
BLACK
6
CONTINUOUS
10
1.3559587795275589
20
2.2538418503937008
11
1.3557467322834644
21
2.2539337401574802
0
LINE
8
BLACK
6
CONTINUOUS
10
1.3557467322834644
20
2.2539337401574802
11
1.3555314960629921
21
2.2540170078740158
0
LINE
8
BLACK
6
CONTINUOUS
10
1.3555314960629921
20
2.2540170078740158
11
1.3555027559055117
21
2.2540394881889765
0
LINE
8
BLACK
6
CONTINUOUS
10
1.3555027559055117
20
2.2540394881889765
11
1.3554276771653544
21
2.2540720078740155
0
LINE
8
BLACK
6
CONTINUOUS
10
1.3554276771653544
20
2.2540720078740155
11
1.3520530708661418
21
2.2559467716535431
0
LINE
8
BLACK
6
CONTINUOUS
10
1.3520530708661418
20
2.2559467716535431
11
1.3517892913385827
21
2.2561292913385826
0
LINE
8
BLACK
6
CONTINUOUS
10
1.3517892913385827
20
2.2561292913385826
11
1.3517198031496063
21
2.2561624409448817
0
LINE
8
BLACK
6
CONTINUOUS
10
1.3517198031496063
20
2.2561624409448817
11
1.3516522047244095
21
2.2562241338582676
0
LINE
8
BLACK
6
CONTINUOUS
10
1.3516522047244095
20
2.2562241338582676
11
1.3515770472440944
21
2.2562761417322834
0
LINE
8
BLACK
6
CONTINUOUS
10
1.3515770472440944
20
2.2562761417322834
11
1.3515291338582678
21
2.2563364566929134
0
LINE
8
BLACK
6
CONTINUOUS
10
1.3515291338582678
20
2.2563364566929134
11
1.3512922834645669
21
2.2565526771653541
0
LINE
8
BLACK
6
CONTINUOUS
10
1.3512922834645669
20
2.2565526771653541
11
1.3496049999999999
21
2.2584274409448817
0
LINE
8
BLACK
6
CONTINUOUS
10
1.3496049999999999
20
2.2584274409448817
11
1.3494514173228347
21
2.2586360629921258
0
LINE
8
BLACK
6
CONTINUOUS
10
1.3494514173228347
20
2.2586360629921258
11
1.3493952362204724
21
2.2586889370078738
0
LINE
8
BLACK
6
CONTINUOUS
10
1.3493952362204724
20
2.2586889370078738
11
1.3493342519685039
21
2.2587951968503934
0
LINE
8
BLACK
6
CONTINUOUS
10
1.3493342519685039
20
2.2587951968503934
11
1.3492618110236221
21
2.2588935826771652
0
LINE
8
BLACK
6
CONTINUOUS
10
1.3492618110236221
20
2.2588935826771652
11
1.3492361023622046
21
2.2589661417322833
0
LINE
8
BLACK
6
CONTINUOUS
10
1.3492361023622046
20
2.2589661417322833
11
1.3491070866141732
21
2.2591909842519686
0
LINE
8
BLACK
6
CONTINUOUS
10
1.3491070866141732
20
2.2591909842519686
11
1.3474198031496063
21
2.2629405511811025
0
LINE
8
BLACK
6
CONTINUOUS
10
1.3474198031496063
20
2.2629405511811025
11
1.3472351181102362
21
2.2634891338582674
0
LINE
8
BLACK
6
CONTINUOUS
10
1.3472351181102362
20
2.2634891338582674
11
1.3472337401574803
21
2.2635344488188975
0
LINE
8
BLACK
6
CONTINUOUS
10
1.3472337401574803
20
2.2635344488188975
11
1.3472164566929135
21
2.263576181102362
0
LINE
8
BLACK
6
CONTINUOUS
10
1.3472164566929135
20
2.263576181102362
11
1.3471597244094489
21
2.2641522440944883
0
LINE
8
BLACK
6
CONTINUOUS
10
1.3471597244094489
20
2.2641522440944883
11
1.3471597244094489
21
2.2679017716535435
0
LINE
8
BLACK
6
CONTINUOUS
10
1.3471597244094489
20
2.2679017716535435
11
1.3472164566929135
21
2.2684778346456693
0
LINE
8
BLACK
6
CONTINUOUS
10
1.3472164566929135
20
2.2684778346456693
11
1.3472337401574803
21
2.2685196062992126
0
LINE
8
BLACK
6
CONTINUOUS
10
1.3472337401574803
20
2.2685196062992126
11
1.3472351181102362
21
2.2685648818897639
0
LINE
8
BLACK
6
CONTINUOUS
10
1.3472351181102362
20
2.2685648818897639
11
1.3474198031496063
21
2.2691134645669289
0
LINE
8
BLACK
6
CONTINUOUS
10
1.3474198031496063
20
2.2691134645669289
11
1.3491070866141732
21
2.2728630314960627
0
LINE
8
BLACK
6
CONTINUOUS
10
1.3491070866141732
20
2.2728630314960627
11
1.3492361023622046
21
2.2730879133858268
0
LINE
8
BLACK
6
CONTINUOUS
10
1.3492361023622046
20
2.2730879133858268
11
1.3492618110236221
21
2.2731604330708661
0
LINE
8
BLACK
6
CONTINUOUS
10
1.3492618110236221
20
2.2731604330708661
11
1.3493342519685039
21
2.2732588582677167
0
LINE
8
BLACK
6
CONTINUOUS
10
1.3493342519685039
20
2.2732588582677167
11
1.3493952362204724
21
2.2733650787401576
0
LINE
8
BLACK
6
CONTINUOUS
10
1.3493952362204724
20
2.2733650787401576
11
1.3494514173228347
21
2.2734179921259843
0
LINE
8
BLACK
6
CONTINUOUS
10
1.3494514173228347
20
2.2734179921259843
11
1.3496049999999999
21
2.2736265748031497
0
LINE
8
BLACK
6
CONTINUOUS
10
1.3496049999999999
20
2.2736265748031497
11
1.3512922834645669
21
2.2755013385826772
0
LINE
8
BLACK
6
CONTINUOUS
10
1.3512922834645669
20
2.2755013385826772
11
1.3515291338582678
21
2.2757175984251967
0
LINE
8
BLACK
6
CONTINUOUS
10
1.3515291338582678
20
2.2757175984251967
11
1.3515770472440944
21
2.2757778740157479
0
LINE
8
BLACK
6
CONTINUOUS
10
1.3515770472440944
20
2.2757778740157479
11
1.3516522047244095
21
2.2758299212598425
0
LINE
8
BLACK
6
CONTINUOUS
10
1.3516522047244095
20
2.2758299212598425
11
1.3517198031496063
21
2.2758915748031496
0
LINE
8
BLACK
6
CONTINUOUS
10
1.3517198031496063
20
2.2758915748031496
11
1.3517892913385827
21
2.2759247637795275
0
LINE
8
BLACK
6
CONTINUOUS
10
1.3517892913385827
20
2.2759247637795275
11
1.3520530708661418
21
2.2761072440944883
0
LINE
8
BLACK
6
CONTINUOUS
10
1.3520530708661418
20
2.2761072440944883
11
1.3554276771653544
21
2.2779820078740158
0
LINE
8
BLACK
6
CONTINUOUS
10
1.3554276771653544
20
2.2779820078740158
11
1.3559587795275589
21
2.2782121653543306
0
LINE
8
BLACK
6
CONTINUOUS
10
1.3559587795275589
20
2.2782121653543306
11
1.3561281102362204
21
2.2782316535433069
0
LINE
8
BLACK
6
CONTINUOUS
10
1.3561281102362204
20
2.2782316535433069
11
1.356285590551181
21
2.2782968503937009
0
LINE
8
BLACK
6
CONTINUOUS
10
1.356285590551181
20
2.2782968503937009
11
1.3568616535433071
21
2.2783535826771653
0
LINE
8
BLACK
6
CONTINUOUS
10
1.3568616535433071
20
2.2783535826771653
11
1.3652980708661417
21
2.2783535826771653
0
LINE
8
BLACK
6
CONTINUOUS
10
1.3652980708661417
20
2.2783535826771653
11
1.3656982677165355
21
2.2783141732283463
0
LINE
8
BLACK
6
CONTINUOUS
10
1.3994440551181102
20
2.2783141732283463
11
1.3995094881889762
21
2.2783166535433068
0
LINE
8
BLACK
6
CONTINUOUS
10
1.3995094881889762
20
2.2783166535433068
11
1.3995639370078741
21
2.2783023622047245
0
LINE
8
BLACK
6
CONTINUOUS
10
1.3995639370078741
20
2.2783023622047245
11
1.3996199212598426
21
2.2782968503937009
0
LINE
8
BLACK
6
CONTINUOUS
10
1.3996199212598426
20
2.2782968503937009
11
1.3996802755905511
21
2.2782718503937009
0
LINE
8
BLACK
6
CONTINUOUS
10
1.3996802755905511
20
2.2782718503937009
11
1.4000693700787401
21
2.2781697637795273
0
LINE
8
BLACK
6
CONTINUOUS
10
1.4000693700787401
20
2.2781697637795273
11
1.4051312598425196
21
2.2762949999999997
0
LINE
8
BLACK
6
CONTINUOUS
10
1.4051312598425196
20
2.2762949999999997
11
1.4056517716535433
21
2.2760417322834647
0
LINE
8
BLACK
6
CONTINUOUS
10
1.4056517716535433
20
2.2760417322834647
11
1.4057509448818897
21
2.2759498425196849
0
LINE
8
BLACK
6
CONTINUOUS
10
1.4057509448818897
20
2.2759498425196849
11
1.4058729921259843
21
2.2758915748031496
0
LINE
8
BLACK
6
CONTINUOUS
10
1.4058729921259843
20
2.2758915748031496
11
1.4063005118110237
21
2.2755013385826772
0
LINE
8
BLACK
6
CONTINUOUS
10
1.4063005118110237
20
2.2755013385826772
11
1.4079877952755906
21
2.2736265748031497
0
LINE
8
BLACK
6
CONTINUOUS
10
1.4079877952755906
20
2.2736265748031497
11
1.4083309842519685
21
2.2731604330708661
0
LINE
8
BLACK
6
CONTINUOUS
10
1.4083309842519685
20
2.2731604330708661
11
1.40871531496063
21
2.2720743307086613
0
LINE
8
BLACK
6
CONTINUOUS
10
1.40871531496063
20
2.2720743307086613
11
1.4086547637795275
21
2.2709238188976379
0
LINE
8
BLACK
6
CONTINUOUS
10
1.4086547637795275
20
2.2709238188976379
11
1.4081585433070867
21
2.2698840551181103
0
LINE
8
BLACK
6
CONTINUOUS
10
1.4081585433070867
20
2.2698840551181103
11
1.4073022047244095
21
2.269113346456693
0
LINE
8
BLACK
6
CONTINUOUS
10
1.4073022047244095
20
2.269113346456693
11
1.4062160629921259
21
2.2687290157480313
0
LINE
8
BLACK
6
CONTINUOUS
10
1.4062160629921259
20
2.2687290157480313
11
1.4050655905511811
21
2.2687895669291338
0
LINE
8
BLACK
6
CONTINUOUS
10
1.4050655905511811
20
2.2687895669291338
11
1.4040257874015747
21
2.2692857874015746
0
LINE
8
BLACK
6
CONTINUOUS
10
1.4040257874015747
20
2.2692857874015746
11
1.4035982677165355
21
2.269676023622047
0
LINE
8
BLACK
6
CONTINUOUS
10
1.4035982677165355
20
2.269676023622047
11
1.4023977952755906
21
2.2710098818897637
0
LINE
8
BLACK
6
CONTINUOUS
10
1.4023977952755906
20
2.2710098818897637
11
1.3985146456692914
21
2.2724480708661416
0
LINE
8
BLACK
6
CONTINUOUS
10
1.3985146456692914
20
2.2724480708661416
11
1.3961985433070865
21
2.2724480708661416
0
LINE
8
BLACK
6
CONTINUOUS
10
1.3961985433070865
20
2.2724480708661416
11
1.3923153937007873
21
2.2710098818897637
0
LINE
8
BLACK
6
CONTINUOUS
10
1.3923153937007873
20
2.2710098818897637
11
1.3897361417322833
21
2.2681440944881888
0
LINE
8
BLACK
6
CONTINUOUS
10
1.3897361417322833
20
2.2681440944881888
11
1.3883607480314961
21
2.2650876771653543
0
LINE
8
BLACK
6
CONTINUOUS
10
1.3883607480314961
20
2.2650876771653543
11
1.3868110236220472
21
2.258199842519685
0
LINE
8
BLACK
6
CONTINUOUS
10
1.3868110236220472
20
2.258199842519685
11
1.3868110236220472
21
2.253231811023622
0
LINE
8
BLACK
6
CONTINUOUS
10
1.3868110236220472
20
2.253231811023622
11
1.3883607480314961
21
2.2463439763779527
0
LINE
8
BLACK
6
CONTINUOUS
10
1.3883607480314961
20
2.2463439763779527
11
1.3897361811023621
21
2.2432874803149607
0
LINE
8
BLACK
6
CONTINUOUS
10
1.3897361811023621
20
2.2432874803149607
11
1.3923153543307085
21
2.2404217322834645
0
LINE
8
BLACK
6
CONTINUOUS
10
1.3923153543307085
20
2.2404217322834645
11
1.3961985433070865
21
2.2389835039370078
0
LINE
8
BLACK
6
CONTINUOUS
10
1.3961985433070865
20
2.2389835039370078
11
1.3985146456692914
21
2.2389835039370078
0
LINE
8
BLACK
6
CONTINUOUS
10
1.3985146456692914
20
2.2389835039370078
11
1.4023977165354331
21
2.2404216929133858
0
LINE
8
BLACK
6
CONTINUOUS
10
1.4023977165354331
20
2.2404216929133858
11
1.4035982283464568
21
2.2417555511811025
0
LINE
8
BLACK
6
CONTINUOUS
10
1.4035982283464568
20
2.2417555511811025
11
1.4040257480314959
21
2.2421457874015749
0
LINE
8
BLACK
6
CONTINUOUS
10
1.4040257480314959
20
2.2421457874015749
11
1.4050655118110236
21
2.2426420472440944
0
LINE
8
BLACK
6
CONTINUOUS
10
1.4050655118110236
20
2.2426420472440944
11
1.4062160236220471
21
2.2427025984251969
0
LINE
8
BLACK
6
CONTINUOUS
10
1.4062160236220471
20
2.2427025984251969
11
1.407302125984252
21
2.2423182677165352
0
LINE
8
BLACK
6
CONTINUOUS
10
1.407302125984252
20
2.2423182677165352
11
1.4081585039370079
21
2.2415475590551179
0
LINE
8
BLACK
6
CONTINUOUS
10
1.4081585039370079
20
2.2415475590551179
11
1.4086547637795275
21
2.2405077952755903
0
LINE
8
BLACK
6
CONTINUOUS
10
1.4086547637795275
20
2.2405077952755903
11
1.40871531496063
21
2.239357283464567
0
LINE
8
BLACK
6
CONTINUOUS
10
1.40871531496063
20
2.239357283464567
11
1.4083309842519685
21
2.2382711811023621
0
LINE
8
BLACK
6
CONTINUOUS
10
1.4083309842519685
20
2.2382711811023621
11
1.4079877952755906
21
2.2378050393700786
0
LINE
8
BLACK
6
CONTINUOUS
10
1.4079877952755906
20
2.2378050393700786
11
1.4063005511811024
21
2.2359302362204723
0
LINE
8
BLACK
6
CONTINUOUS
10
1.4063005511811024
20
2.2359302362204723
11
1.4058729921259843
21
2.2355399999999999
0
LINE
8
BLACK
6
CONTINUOUS
10
1.4058729921259843
20
2.2355399999999999
11
1.4057509448818897
21
2.2354817716535433
0
LINE
8
BLACK
6
CONTINUOUS
10
1.4057509448818897
20
2.2354817716535433
11
1.4056517716535433
21
2.2353898425196852
0
LINE
8
BLACK
6
CONTINUOUS
10
1.4056517716535433
20
2.2353898425196852
11
1.4051312598425196
21
2.2351365748031498
0
LINE
8
BLACK
6
CONTINUOUS
10
1.4051312598425196
20
2.2351365748031498
11
1.4000693700787401
21
2.2332618110236222
0
LINE
8
BLACK
6
CONTINUOUS
10
1.4000693700787401
20
2.2332618110236222
11
1.3996802755905511
21
2.2331597637795273
0
LINE
8
BLACK
6
CONTINUOUS
10
1.3996802755905511
20
2.2331597637795273
11
1.3996199212598426
21
2.2331347244094486
0
LINE
8
BLACK
6
CONTINUOUS
10
1.3996199212598426
20
2.2331347244094486
11
1.3995639370078741
21
2.2331292519685038
0
LINE
8
BLACK
6
CONTINUOUS
10
1.3995639370078741
20
2.2331292519685038
11
1.3995094881889762
21
2.2331149212598427
0
LINE
8
BLACK
6
CONTINUOUS
10
1.3995094881889762
20
2.2331149212598427
11
1.3994440551181102
21
2.233117440944882
0
LINE
8
BLACK
6
CONTINUOUS
10
1.3994440551181102
20
2.233117440944882
11
1.3990438582677165
21
2.2330779921259842
0
LINE
8
BLACK
6
CONTINUOUS
10
1.3990438582677165
20
2.2330779921259842
11
1.3956692913385826
21
2.2330779921259842
0
LINE
8
BLACK
6
CONTINUOUS
10
1.3956692913385826
20
2.2330779921259842
11
1.3952690551181102
21
2.233117440944882
0
LINE
8
BLACK
6
CONTINUOUS
10
1.3952690551181102
20
2.233117440944882
11
1.3952036614173229
21
2.2331149212598427
0
LINE
8
BLACK
6
CONTINUOUS
10
1.3952036614173229
20
2.2331149212598427
11
1.3951491732283465
21
2.2331292519685038
0
LINE
8
BLACK
6
CONTINUOUS
10
1.3951491732283465
20
2.2331292519685038
11
1.3950932283464568
21
2.2331347244094486
0
LINE
8
BLACK
6
CONTINUOUS
10
1.3950932283464568
20
2.2331347244094486
11
1.3950328346456693
21
2.2331597637795273
0
LINE
8
BLACK
6
CONTINUOUS
10
1.3950328346456693
20
2.2331597637795273
11
1.3946437401574803
21
2.2332618110236222
0
LINE
8
BLACK
6
CONTINUOUS
10
1.3946437401574803
20
2.2332618110236222
11
1.3895818897637795
21
2.2351365748031498
0
LINE
8
BLACK
6
CONTINUOUS
10
1.3895818897637795
20
2.2351365748031498
11
1.3890614173228346
21
2.2353898425196852
0
LINE
8
BLACK
6
CONTINUOUS
10
1.3890614173228346
20
2.2353898425196852
11
1.3889622047244095
21
2.2354817716535433
0
LINE
8
BLACK
6
CONTINUOUS
10
1.3889622047244095
20
2.2354817716535433
11
1.3888401968503936
21
2.2355399999999999
0
LINE
8
BLACK
6
CONTINUOUS
10
1.3888401968503936
20
2.2355399999999999
11
1.3884126771653542
21
2.2359302362204723
0
LINE
8
BLACK
6
CONTINUOUS
10
1.3884126771653542
20
2.2359302362204723
11
1.3850380708661416
21
2.2396798031496061
0
LINE
8
BLACK
6
CONTINUOUS
10
1.3850380708661416
20
2.2396798031496061
11
1.3848844881889764
21
2.2398884251968503
0
LINE
8
BLACK
6
CONTINUOUS
10
1.3848844881889764
20
2.2398884251968503
11
1.3848283070866141
21
2.2399412992125982
0
LINE
8
BLACK
6
CONTINUOUS
10
1.3848283070866141
20
2.2399412992125982
11
1.3847673228346455
21
2.2400475590551179
0
LINE
8
BLACK
6
CONTINUOUS
10
1.3847673228346455
20
2.2400475590551179
11
1.3846948818897638
21
2.2401459448818897
0
LINE
8
BLACK
6
CONTINUOUS
10
1.3846948818897638
20
2.2401459448818897
11
1.3846691732283465
21
2.2402185039370077
0
LINE
8
BLACK
6
CONTINUOUS
10
1.3846691732283465
20
2.2402185039370077
11
1.3845401574803149
21
2.2404433464566931
0
LINE
8
BLACK
6
CONTINUOUS
10
1.3845401574803149
20
2.2404433464566931
11
1.382852874015748
21
2.2441929133858269
0
LINE
8
BLACK
6
CONTINUOUS
10
1.382852874015748
20
2.2441929133858269
11
1.3828495669291339
21
2.2442026771653545
0
LINE
8
BLACK
6
CONTINUOUS
10
1.3828495669291339
20
2.2442026771653545
11
1.3828466141732283
21
2.2442068897637797
0
LINE
8
BLACK
6
CONTINUOUS
10
1.3828466141732283
20
2.2442068897637797
11
1.3827584251968503
21
2.2444734251968503
0
LINE
8
BLACK
6
CONTINUOUS
10
1.3827584251968503
20
2.2444734251968503
11
1.3826681889763779
21
2.2447414960629919
0
LINE
8
BLACK
6
CONTINUOUS
10
1.3826681889763779
20
2.2447414960629919
11
1.3826680314960629
21
2.2447467322834647
0
LINE
8
BLACK
6
CONTINUOUS
10
1.3826680314960629
20
2.2447467322834647
11
1.3826648031496063
21
2.2447564566929135
0
LINE
8
BLACK
6
CONTINUOUS
10
1.3826648031496063
20
2.2447564566929135
11
1.3809775196850393
21
2.2522555118110237
0
LINE
8
BLACK
6
CONTINUOUS
10
1.3809775196850393
20
2.2522555118110237
11
1.3809712992125984
21
2.2523057480314961
0
LINE
8
BLACK
6
CONTINUOUS
10
1.3809712992125984
20
2.2523057480314961
11
1.3809622440944882
21
2.2523275984251967
0
LINE
8
BLACK
6
CONTINUOUS
10
1.3809622440944882
20
2.2523275984251967
11
1.3809374803149606
21
2.2525788188976379
0
LINE
8
BLACK
6
CONTINUOUS
10
1.3809374803149606
20
2.2525788188976379
11
1.3809064173228347
21
2.2528299606299211
0
LINE
8
BLACK
6
CONTINUOUS
10
1.3809064173228347
20
2.2528299606299211
11
1.3809104330708661
21
2.2528533858267714
0
LINE
8
BLACK
6
CONTINUOUS
10
1.3809104330708661
20
2.2528533858267714
11
1.3809055118110236
21
2.2529036614173226
0
LINE
8
BLACK
6
CONTINUOUS
10
1.3809055118110236
20
2.2529036614173226
11
1.3809055118110236
21
2.2585279527559057
0
LINE
8
BLACK
6
CONTINUOUS
10
1.3809055118110236
20
2.2585279527559057
11
1.3809104330708661
21
2.2585782677165356
0
LINE
8
BLACK
6
CONTINUOUS
10
1.3809104330708661
20
2.2585782677165356
11
1.3809064173228347
21
2.2586016535433071
0
LINE
8
BLACK
6
CONTINUOUS
10
1.3809064173228347
20
2.2586016535433071
11
1.3809374803149606
21
2.2588528346456691
0
LINE
8
BLACK
6
CONTINUOUS
10
1.3809374803149606
20
2.2588528346456691
11
1.3809622440944882
21
2.2591040157480315
0
LINE
8
BLACK
6
CONTINUOUS
10
1.3809622440944882
20
2.2591040157480315
11
1.3809712992125984
21
2.2591259055118109
0
LINE
8
BLACK
6
CONTINUOUS
10
1.3809712992125984
20
2.2591259055118109
11
1.3809775196850393
21
2.2591761023622046
0
LINE
8
BLACK
6
CONTINUOUS
10
1.3809775196850393
20
2.2591761023622046
11
1.3826648031496063
21
2.2666751574803148
0
LINE
8
BLACK
6
CONTINUOUS
10
1.3826648031496063
20
2.2666751574803148
11
1.3826680314960629
21
2.2666849212598423
0
LINE
8
BLACK
6
CONTINUOUS
10
1.3826680314960629
20
2.2666849212598423
11
1.3826681889763779
21
2.2666901181102364
0
LINE
8
BLACK
6
CONTINUOUS
10
1.3826681889763779
20
2.2666901181102364
11
1.3827584251968503
21
2.2669582283464567
0
LINE
8
BLACK
6
CONTINUOUS
10
1.3827584251968503
20
2.2669582283464567
11
1.3828466141732283
21
2.2672247244094486
0
LINE
8
BLACK
6
CONTINUOUS
10
1.3828466141732283
20
2.2672247244094486
11
1.3828495669291339
21
2.2672289763779525
0
LINE
8
BLACK
6
CONTINUOUS
10
1.3828495669291339
20
2.2672289763779525
11
1.382852874015748
21
2.2672387007874013
0
LINE
8
BLACK
6
CONTINUOUS
10
1.382852874015748
20
2.2672387007874013
11
1.3845401574803149
21
2.2709882677165352
0
LINE
8
BLACK
6
CONTINUOUS
10
1.3845401574803149
20
2.2709882677165352
11
1.3846691338582677
21
2.2712130708661418
0
LINE
8
BLACK
6
CONTINUOUS
10
1.3846691338582677
20
2.2712130708661418
11
1.3846948818897638
21
2.2712857086614173
0
LINE
8
BLACK
6
CONTINUOUS
10
1.3846948818897638
20
2.2712857086614173
11
1.384767401574803
21
2.2713842519685037
0
LINE
8
BLACK
6
CONTINUOUS
10
1.384767401574803
20
2.2713842519685037
11
1.3848283070866141
21
2.27149031496063
0
LINE
8
BLACK
6
CONTINUOUS
10
1.3848283070866141
20
2.27149031496063
11
1.3848843700787401
21
2.2715431496062992
0
LINE
8
BLACK
6
CONTINUOUS
10
1.3848843700787401
20
2.2715431496062992
11
1.3850380708661416
21
2.2717518503937009
0
LINE
8
BLACK
6
CONTINUOUS
10
1.3850380708661416
20
2.2717518503937009
11
1.3884126771653542
21
2.2755013385826772
0
LINE
8
BLACK
6
CONTINUOUS
10
1.3884126771653542
20
2.2755013385826772
11
1.3888401968503936
21
2.2758915748031496
0
LINE
8
BLACK
6
CONTINUOUS
10
1.3888401968503936
20
2.2758915748031496
11
1.3889622047244095
21
2.2759498425196849
0
LINE
8
BLACK
6
CONTINUOUS
10
1.3889622047244095
20
2.2759498425196849
11
1.3890614173228346
21
2.2760417322834647
0
LINE
8
BLACK
6
CONTINUOUS
10
1.3890614173228346
20
2.2760417322834647
11
1.3895818897637795
21
2.2762949999999997
0
LINE
8
BLACK
6
CONTINUOUS
10
1.3895818897637795
20
2.2762949999999997
11
1.3946437401574803
21
2.2781697637795273
0
LINE
8
BLACK
6
CONTINUOUS
10
1.3946437401574803
20
2.2781697637795273
11
1.3950328346456693
21
2.2782718503937009
0
LINE
8
BLACK
6
CONTINUOUS
10
1.3950328346456693
20
2.2782718503937009
11
1.3950932283464568
21
2.2782968503937009
0
LINE
8
BLACK
6
CONTINUOUS
10
1.3950932283464568
20
2.2782968503937009
11
1.3951491732283465
21
2.2783023622047245
0
LINE
8
BLACK
6
CONTINUOUS
10
1.3951491732283465
20
2.2783023622047245
11
1.3952036614173229
21
2.2783166535433068
0
LINE
8
BLACK
6
CONTINUOUS
10
1.3952036614173229
20
2.2783166535433068
11
1.3952690551181102
21
2.2783141732283463
0
LINE
8
BLACK
6
CONTINUOUS
10
1.3952690551181102
20
2.2783141732283463
11
1.3956692913385826
21
2.2783535826771653
0
LINE
8
BLACK
6
CONTINUOUS
10
1.3956692913385826
20
2.2783535826771653
11
1.3990438582677165
21
2.2783535826771653
0
LINE
8
BLACK
6
CONTINUOUS
10
1.3990438582677165
20
2.2783535826771653
11
1.3994440551181102
21
2.2783141732283463
0
LINE
8
BLACK
6
CONTINUOUS
10
1.4226190944881889
20
2.2778559448818898
11
1.4234337401574804
21
2.2770412992125983
0
LINE
8
BLACK
6
CONTINUOUS
10
1.4234337401574804
20
2.2770412992125983
11
1.4238746456692912
21
2.2759768897637795
0
LINE
8
BLACK
6
CONTINUOUS
10
1.4238746456692912
20
2.2759768897637795
11
1.4239313779527558
21
2.2754008267716537
0
LINE
8
BLACK
6
CONTINUOUS
10
1.4239313779527558
20
2.2754008267716537
11
1.4239313779527558
21
2.2389835039370078
0
LINE
8
BLACK
6
CONTINUOUS
10
1.4239313779527558
20
2.2389835039370078
11
1.4378515354330708
21
2.2389835039370078
0
LINE
8
BLACK
6
CONTINUOUS
10
1.4378515354330708
20
2.2389835039370078
11
1.4384275984251969
21
2.238926771653543
0
LINE
8
BLACK
6
CONTINUOUS
10
1.4384275984251969
20
2.238926771653543
11
1.4394920078740157
21
2.2384858661417324
0
LINE
8
BLACK
6
CONTINUOUS
10
1.4394920078740157
20
2.2384858661417324
11
1.4403066535433071
21
2.2376712204724409
0
LINE
8
BLACK
6
CONTINUOUS
10
1.4403066535433071
20
2.2376712204724409
11
1.440747559055118
21
2.2366068110236221
0
LINE
8
BLACK
6
CONTINUOUS
10
1.440747559055118
20
2.2366068110236221
11
1.440747559055118
21
2.2354546850393699
0
LINE
8
BLACK
6
CONTINUOUS
10
1.440747559055118
20
2.2354546850393699
11
1.4403066535433071
21
2.2343902755905511
0
LINE
8
BLACK
6
CONTINUOUS
10
1.4403066535433071
20
2.2343902755905511
11
1.4394920078740157
21
2.2335756299212597
0
LINE
8
BLACK
6
CONTINUOUS
10
1.4394920078740157
20
2.2335756299212597
11
1.4384275984251969
21
2.2331347244094486
0
LINE
8
BLACK
6
CONTINUOUS
10
1.4384275984251969
20
2.2331347244094486
11
1.4378515354330708
21
2.2330779921259842
0
LINE
8
BLACK
6
CONTINUOUS
10
1.4378515354330708
20
2.2330779921259842
11
1.420978622047244
21
2.2330779921259842
0
LINE
8
BLACK
6
CONTINUOUS
10
1.420978622047244
20
2.2330779921259842
11
1.4204025590551181
21
2.2331347244094486
0
LINE
8
BLACK
6
CONTINUOUS
10
1.4204025590551181
20
2.2331347244094486
11
1.4193381496062991
21
2.2335756299212597
0
LINE
8
BLACK
6
CONTINUOUS
10
1.4193381496062991
20
2.2335756299212597
11
1.4185235039370079
21
2.2343902755905511
0
LINE
8
BLACK
6
CONTINUOUS
10
1.4185235039370079
20
2.2343902755905511
11
1.4180825984251968
21
2.2354546850393699
0
LINE
8
BLACK
6
CONTINUOUS
10
1.4180825984251968
20
2.2354546850393699
11
1.4180258661417322
21
2.2360307480314958
0
LINE
8
BLACK
6
CONTINUOUS
10
1.4180258661417322
20
2.2360307480314958
11
1.4180258661417322
21
2.2754008267716537
0
LINE
8
BLACK
6
CONTINUOUS
10
1.4180258661417322
20
2.2754008267716537
11
1.4180825984251968
21
2.2759768897637795
0
LINE
8
BLACK
6
CONTINUOUS
10
1.4180825984251968
20
2.2759768897637795
11
1.4185235039370079
21
2.2770412992125983
0
LINE
8
BLACK
6
CONTINUOUS
10
1.4185235039370079
20
2.2770412992125983
11
1.4193381496062991
21
2.2778559448818898
0
LINE
8
BLACK
6
CONTINUOUS
10
1.4193381496062991
20
2.2778559448818898
11
1.4204025590551181
21
2.2782968503937009
0
LINE
8
BLACK
6
CONTINUOUS
10
1.4204025590551181
20
2.2782968503937009
11
1.4215546850393701
21
2.2782968503937009
0
LINE
8
BLACK
6
CONTINUOUS
10
1.4215546850393701
20
2.2782968503937009
11
1.4226190944881889
21
2.2778559448818898
0
LINE
8
BLACK
6
CONTINUOUS
10
1.5209288582677165
20
2.2783141732283463
11
1.5209942913385825
21
2.2783166535433068
0
LINE
8
BLACK
6
CONTINUOUS
10
1.5209942913385825
20
2.2783166535433068
11
1.5210487401574804
21
2.2783023622047245
0
LINE
8
BLACK
6
CONTINUOUS
10
1.5210487401574804
20
2.2783023622047245
11
1.5211047244094489
21
2.2782968503937009
0
LINE
8
BLACK
6
CONTINUOUS
10
1.5211047244094489
20
2.2782968503937009
11
1.5211650787401574
21
2.2782718503937009
0
LINE
8
BLACK
6
CONTINUOUS
10
1.5211650787401574
20
2.2782718503937009
11
1.5215541732283464
21
2.2781697637795273
0
LINE
8
BLACK
6
CONTINUOUS
10
1.5215541732283464
20
2.2781697637795273
11
1.5266160629921259
21
2.2762949999999997
0
LINE
8
BLACK
6
CONTINUOUS
10
1.5266160629921259
20
2.2762949999999997
11
1.5271365748031496
21
2.2760417322834647
0
LINE
8
BLACK
6
CONTINUOUS
10
1.5271365748031496
20
2.2760417322834647
11
1.527235748031496
21
2.2759498425196849
0
LINE
8
BLACK
6
CONTINUOUS
10
1.527235748031496
20
2.2759498425196849
11
1.5273577952755906
21
2.2758915748031496
0
LINE
8
BLACK
6
CONTINUOUS
10
1.5273577952755906
20
2.2758915748031496
11
1.52778531496063
21
2.2755013385826772
0
LINE
8
BLACK
6
CONTINUOUS
10
1.52778531496063
20
2.2755013385826772
11
1.5294725984251969
21
2.2736265748031497
0
LINE
8
BLACK
6
CONTINUOUS
10
1.5294725984251969
20
2.2736265748031497
11
1.5298157874015748
21
2.2731604330708661
0
LINE
8
BLACK
6
CONTINUOUS
10
1.5298157874015748
20
2.2731604330708661
11
1.5302001181102363
21
2.2720743307086613
0
LINE
8
BLACK
6
CONTINUOUS
10
1.5302001181102363
20
2.2720743307086613
11
1.5301395669291338
21
2.2709238188976379
0
LINE
8
BLACK
6
CONTINUOUS
10
1.5301395669291338
20
2.2709238188976379
11
1.529643346456693
21
2.2698840551181103
0
LINE
8
BLACK
6
CONTINUOUS
10
1.529643346456693
20
2.2698840551181103
11
1.5287870078740158
21
2.269113346456693
0
LINE
8
BLACK
6
CONTINUOUS
10
1.5287870078740158
20
2.269113346456693
11
1.5277008661417322
21
2.2687290157480313
0
LINE
8
BLACK
6
CONTINUOUS
10
1.5277008661417322
20
2.2687290157480313
11
1.5265503937007874
21
2.2687895669291338
0
LINE
8
BLACK
6
CONTINUOUS
10
1.5265503937007874
20
2.2687895669291338
11
1.525510590551181
21
2.2692857874015746
0
LINE
8
BLACK
6
CONTINUOUS
10
1.525510590551181
20
2.2692857874015746
11
1.5250830708661416
21
2.269676023622047
0
LINE
8
BLACK
6
CONTINUOUS
10
1.5250830708661416
20
2.269676023622047
11
1.5238825984251969
21
2.2710098818897637
0
LINE
8
BLACK
6
CONTINUOUS
10
1.5238825984251969
20
2.2710098818897637
11
1.5199994488188977
21
2.2724480708661416
0
LINE
8
BLACK
6
CONTINUOUS
10
1.5199994488188977
20
2.2724480708661416
11
1.5176833464566928
21
2.2724480708661416
0
LINE
8
BLACK
6
CONTINUOUS
10
1.5176833464566928
20
2.2724480708661416
11
1.5138001968503936
21
2.2710098818897637
0
LINE
8
BLACK
6
CONTINUOUS
10
1.5138001968503936
20
2.2710098818897637
11
1.5112209448818896
21
2.2681440944881888
0
LINE
8
BLACK
6
CONTINUOUS
10
1.5112209448818896
20
2.2681440944881888
11
1.5098455511811024
21
2.2650876771653543
0
LINE
8
BLACK
6
CONTINUOUS
10
1.5098455511811024
20
2.2650876771653543
11
1.5082958267716535
21
2.258199842519685
0
LINE
8
BLACK
6
CONTINUOUS
10
1.5082958267716535
20
2.258199842519685
11
1.5082958267716535
21
2.253231811023622
0
LINE
8
BLACK
6
CONTINUOUS
10
1.5082958267716535
20
2.253231811023622
11
1.5098455511811024
21
2.2463439763779527
0
LINE
8
BLACK
6
CONTINUOUS
10
1.5098455511811024
20
2.2463439763779527
11
1.5112209842519684
21
2.2432874803149607
0
LINE
8
BLACK
6
CONTINUOUS
10
1.5112209842519684
20
2.2432874803149607
11
1.5138001574803148
21
2.2404217322834645
0
LINE
8
BLACK
6
CONTINUOUS
10
1.5138001574803148
20
2.2404217322834645
11
1.5176833464566928
21
2.2389835039370078
0
LINE
8
BLACK
6
CONTINUOUS
10
1.5176833464566928
20
2.2389835039370078
11
1.5199994488188977
21
2.2389835039370078
0
LINE
8
BLACK
6
CONTINUOUS
10
1.5199994488188977
20
2.2389835039370078
11
1.5238825196850394
21
2.2404216929133858
0
LINE
8
BLACK
6
CONTINUOUS
10
1.5238825196850394
20
2.2404216929133858
11
1.5250830314960631
21
2.2417555511811025
0
LINE
8
BLACK
6
CONTINUOUS
10
1.5250830314960631
20
2.2417555511811025
11
1.5255105511811022
21
2.2421457874015749
0
LINE
8
BLACK
6
CONTINUOUS
10
1.5255105511811022
20
2.2421457874015749
11
1.5265503149606299
21
2.2426420472440944
0
LINE
8
BLACK
6
CONTINUOUS
10
1.5265503149606299
20
2.2426420472440944
11
1.5277008267716534
21
2.2427025984251969
0
LINE
8
BLACK
6
CONTINUOUS
10
1.5277008267716534
20
2.2427025984251969
11
1.5287869291338583
21
2.2423182677165352
0
LINE
8
BLACK
6
CONTINUOUS
10
1.5287869291338583
20
2.2423182677165352
11
1.5296433070866142
21
2.2415475590551179
0
LINE
8
BLACK
6
CONTINUOUS
10
1.5296433070866142
20
2.2415475590551179
11
1.5301395669291338
21
2.2405077952755903
0
LINE
8
BLACK
6
CONTINUOUS
10
1.5301395669291338
20
2.2405077952755903
11
1.5302001181102363
21
2.239357283464567
0
LINE
8
BLACK
6
CONTINUOUS
10
1.5302001181102363
20
2.239357283464567
11
1.5298157874015748
21
2.2382711811023621
0
LINE
8
BLACK
6
CONTINUOUS
10
1.5298157874015748
20
2.2382711811023621
11
1.5294725984251969
21
2.2378050393700786
0
LINE
8
BLACK
6
CONTINUOUS
10
1.5294725984251969
20
2.2378050393700786
11
1.5277853543307087
21
2.2359302362204723
0
LINE
8
BLACK
6
CONTINUOUS
10
1.5277853543307087
20
2.2359302362204723
11
1.5273577952755906
21
2.2355399999999999
0
LINE
8
BLACK
6
CONTINUOUS
10
1.5273577952755906
20
2.2355399999999999
11
1.527235748031496
21
2.2354817716535433
0
LINE
8
BLACK
6
CONTINUOUS
10
1.527235748031496
20
2.2354817716535433
11
1.5271365748031496
21
2.2353898425196852
0
LINE
8
BLACK
6
CONTINUOUS
10
1.5271365748031496
20
2.2353898425196852
11
1.5266160629921259
21
2.2351365748031498
0
LINE
8
BLACK
6
CONTINUOUS
10
1.5266160629921259
20
2.2351365748031498
11
1.5215541732283464
21
2.2332618110236222
0
LINE
8
BLACK
6
CONTINUOUS
10
1.5215541732283464
20
2.2332618110236222
11
1.5211650787401574
21
2.2331597637795273
0
LINE
8
BLACK
6
CONTINUOUS
10
1.5211650787401574
20
2.2331597637795273
11
1.5211047244094489
21
2.2331347244094486
0
LINE
8
BLACK
6
CONTINUOUS
10
1.5211047244094489
20
2.2331347244094486
11
1.5210487401574804
21
2.2331292519685038
0
LINE
8
BLACK
6
CONTINUOUS
10
1.5210487401574804
20
2.2331292519685038
11
1.5209942913385825
21
2.2331149212598427
0
LINE
8
BLACK
6
CONTINUOUS
10
1.5209942913385825
20
2.2331149212598427
11
1.5209288582677165
21
2.233117440944882
0
LINE
8
BLACK
6
CONTINUOUS
10
1.5209288582677165
20
2.233117440944882
11
1.5205286614173228
21
2.2330779921259842
0
LINE
8
BLACK
6
CONTINUOUS
10
1.5205286614173228
20
2.2330779921259842
11
1.5171540944881889
21
2.2330779921259842
0
LINE
8
BLACK
6
CONTINUOUS
10
1.5171540944881889
20
2.2330779921259842
11
1.5167538582677165
21
2.233117440944882
0
LINE
8
BLACK
6
CONTINUOUS
10
1.5167538582677165
20
2.233117440944882
11
1.5166884645669292
21
2.2331149212598427
0
LINE
8
BLACK
6
CONTINUOUS
10
1.5166884645669292
20
2.2331149212598427
11
1.5166339763779528
21
2.2331292519685038
0
LINE
8
BLACK
6
CONTINUOUS
10
1.5166339763779528
20
2.2331292519685038
11
1.5165780314960629
21
2.2331347244094486
0
LINE
8
BLACK
6
CONTINUOUS
10
1.5165780314960629
20
2.2331347244094486
11
1.5165176377952756
21
2.2331597637795273
0
LINE
8
BLACK
6
CONTINUOUS
10
1.5165176377952756
20
2.2331597637795273
11
1.5161285433070866
21
2.2332618110236222
0
LINE
8
BLACK
6
CONTINUOUS
10
1.5161285433070866
20
2.2332618110236222
11
1.5110666929133858
21
2.2351365748031498
0
LINE
8
BLACK
6
CONTINUOUS
10
1.5110666929133858
20
2.2351365748031498
11
1.5105462204724409
21
2.2353898425196852
0
LINE
8
BLACK
6
CONTINUOUS
10
1.5105462204724409
20
2.2353898425196852
11
1.5104470078740158
21
2.2354817716535433
0
LINE
8
BLACK
6
CONTINUOUS
10
1.5104470078740158
20
2.2354817716535433
11
1.5103249999999999
21
2.2355399999999999
0
LINE
8
BLACK
6
CONTINUOUS
10
1.5103249999999999
20
2.2355399999999999
11
1.5098974803149605
21
2.2359302362204723
0
LINE
8
BLACK
6
CONTINUOUS
10
1.5098974803149605
20
2.2359302362204723
11
1.5065228740157479
21
2.2396798031496061
0
LINE
8
BLACK
6
CONTINUOUS
10
1.5065228740157479
20
2.2396798031496061
11
1.5063692913385827
21
2.2398884251968503
0
LINE
8
BLACK
6
CONTINUOUS
10
1.5063692913385827
20
2.2398884251968503
11
1.5063131102362204
21
2.2399412992125982
0
LINE
8
BLACK
6
CONTINUOUS
10
1.5063131102362204
20
2.2399412992125982
11
1.5062521259842518
21
2.2400475590551179
0
LINE
8
BLACK
6
CONTINUOUS
10
1.5062521259842518
20
2.2400475590551179
11
1.5061796850393701
21
2.2401459448818897
0
LINE
8
BLACK
6
CONTINUOUS
10
1.5061796850393701
20
2.2401459448818897
11
1.5061539763779528
21
2.2402185039370077
0
LINE
8
BLACK
6
CONTINUOUS
10
1.5061539763779528
20
2.2402185039370077
11
1.5060249606299212
21
2.2404433464566931
0
LINE
8
BLACK
6
CONTINUOUS
10
1.5060249606299212
20
2.2404433464566931
11
1.5043376771653543
21
2.2441929133858269
0
LINE
8
BLACK
6
CONTINUOUS
10
1.5043376771653543
20
2.2441929133858269
11
1.5043343700787402
21
2.2442026771653545
0
LINE
8
BLACK
6
CONTINUOUS
10
1.5043343700787402
20
2.2442026771653545
11
1.5043314173228346
21
2.2442068897637797
0
LINE
8
BLACK
6
CONTINUOUS
10
1.5043314173228346
20
2.2442068897637797
11
1.5042432283464566
21
2.2444734251968503
0
LINE
8
BLACK
6
CONTINUOUS
10
1.5042432283464566
20
2.2444734251968503
11
1.5041529921259842
21
2.2447414960629919
0
LINE
8
BLACK
6
CONTINUOUS
10
1.5041529921259842
20
2.2447414960629919
11
1.5041528346456692
21
2.2447467322834647
0
LINE
8
BLACK
6
CONTINUOUS
10
1.5041528346456692
20
2.2447467322834647
11
1.5041496062992126
21
2.2447564566929135
0
LINE
8
BLACK
6
CONTINUOUS
10
1.5041496062992126
20
2.2447564566929135
11
1.5024623228346456
21
2.2522555118110237
0
LINE
8
BLACK
6
CONTINUOUS
10
1.5024623228346456
20
2.2522555118110237
11
1.5024561023622047
21
2.2523057480314961
0
LINE
8
BLACK
6
CONTINUOUS
10
1.5024561023622047
20
2.2523057480314961
11
1.5024470472440945
21
2.2523275984251967
0
LINE
8
BLACK
6
CONTINUOUS
10
1.5024470472440945
20
2.2523275984251967
11
1.5024222834645669
21
2.2525788188976379
0
LINE
8
BLACK
6
CONTINUOUS
10
1.5024222834645669
20
2.2525788188976379
11
1.502391220472441
21
2.2528299606299211
0
LINE
8
BLACK
6
CONTINUOUS
10
1.502391220472441
20
2.2528299606299211
11
1.5023952362204724
21
2.2528533858267714
0
LINE
8
BLACK
6
CONTINUOUS
10
1.5023952362204724
20
2.2528533858267714
11
1.5023903149606299
21
2.2529036614173226
0
LINE
8
BLACK
6
CONTINUOUS
10
1.5023903149606299
20
2.2529036614173226
11
1.5023903149606299
21
2.2585279527559057
0
LINE
8
BLACK
6
CONTINUOUS
10
1.5023903149606299
20
2.2585279527559057
11
1.5023952362204724
21
2.2585782677165356
0
LINE
8
BLACK
6
CONTINUOUS
10
1.5023952362204724
20
2.2585782677165356
11
1.502391220472441
21
2.2586016535433071
0
LINE
8
BLACK
6
CONTINUOUS
10
1.502391220472441
20
2.2586016535433071
11
1.5024222834645669
21
2.2588528346456691
0
LINE
8
BLACK
6
CONTINUOUS
10
1.5024222834645669
20
2.2588528346456691
11
1.5024470472440945
21
2.2591040157480315
0
LINE
8
BLACK
6
CONTINUOUS
10
1.5024470472440945
20
2.2591040157480315
11
1.5024561023622047
21
2.2591259055118109
0
LINE
8
BLACK
6
CONTINUOUS
10
1.5024561023622047
20
2.2591259055118109
11
1.5024623228346456
21
2.2591761023622046
0
LINE
8
BLACK
6
CONTINUOUS
10
1.5024623228346456
20
2.2591761023622046
11
1.5041496062992126
21
2.2666751574803148
0
LINE
8
BLACK
6
CONTINUOUS
10
1.5041496062992126
20
2.2666751574803148
11
1.5041528346456692
21
2.2666849212598423
0
LINE
8
BLACK
6
CONTINUOUS
10
1.5041528346456692
20
2.2666849212598423
11
1.5041529921259842
21
2.2666901181102364
0
LINE
8
BLACK
6
CONTINUOUS
10
1.5041529921259842
20
2.2666901181102364
11
1.5042432283464566
21
2.2669582283464567
0
LINE
8
BLACK
6
CONTINUOUS
10
1.5042432283464566
20
2.2669582283464567
11
1.5043314173228346
21
2.2672247244094486
0
LINE
8
BLACK
6
CONTINUOUS
10
1.5043314173228346
20
2.2672247244094486
11
1.5043343700787402
21
2.2672289763779525
0
LINE
8
BLACK
6
CONTINUOUS
10
1.5043343700787402
20
2.2672289763779525
11
1.5043376771653543
21
2.2672387007874013
0
LINE
8
BLACK
6
CONTINUOUS
10
1.5043376771653543
20
2.2672387007874013
11
1.5060249606299212
21
2.2709882677165352
0
LINE
8
BLACK
6
CONTINUOUS
10
1.5060249606299212
20
2.2709882677165352
11
1.506153937007874
21
2.2712130708661418
0
LINE
8
BLACK
6
CONTINUOUS
10
1.506153937007874
20
2.2712130708661418
11
1.5061796850393701
21
2.2712857086614173
0
LINE
8
BLACK
6
CONTINUOUS
10
1.5061796850393701
20
2.2712857086614173
11
1.5062522047244093
21
2.2713842519685037
0
LINE
8
BLACK
6
CONTINUOUS
10
1.5062522047244093
20
2.2713842519685037
11
1.5063131102362204
21
2.27149031496063
0
LINE
8
BLACK
6
CONTINUOUS
10
1.5063131102362204
20
2.27149031496063
11
1.5063691732283464
21
2.2715431496062992
0
LINE
8
BLACK
6
CONTINUOUS
10
1.5063691732283464
20
2.2715431496062992
11
1.5065228740157479
21
2.2717518503937009
0
LINE
8
BLACK
6
CONTINUOUS
10
1.5065228740157479
20
2.2717518503937009
11
1.5098974803149605
21
2.2755013385826772
0
LINE
8
BLACK
6
CONTINUOUS
10
1.5098974803149605
20
2.2755013385826772
11
1.5103249999999999
21
2.2758915748031496
0
LINE
8
BLACK
6
CONTINUOUS
10
1.5103249999999999
20
2.2758915748031496
11
1.5104470078740158
21
2.2759498425196849
0
LINE
8
BLACK
6
CONTINUOUS
10
1.5104470078740158
20
2.2759498425196849
11
1.5105462204724409
21
2.2760417322834647
0
LINE
8
BLACK
6
CONTINUOUS
10
1.5105462204724409
20
2.2760417322834647
11
1.5110666929133858
21
2.2762949999999997
0
LINE
8
BLACK
6
CONTINUOUS
10
1.5110666929133858
20
2.2762949999999997
11
1.5161285433070866
21
2.2781697637795273
0
LINE
8
BLACK
6
CONTINUOUS
10
1.5161285433070866
20
2.2781697637795273
11
1.5165176377952756
21
2.2782718503937009
0
LINE
8
BLACK
6
CONTINUOUS
10
1.5165176377952756
20
2.2782718503937009
11
1.5165780314960629
21
2.2782968503937009
0
LINE
8
BLACK
6
CONTINUOUS
10
1.5165780314960629
20
2.2782968503937009
11
1.5166339763779528
21
2.2783023622047245
0
LINE
8
BLACK
6
CONTINUOUS
10
1.5166339763779528
20
2.2783023622047245
11
1.5166884645669292
21
2.2783166535433068
0
LINE
8
BLACK
6
CONTINUOUS
10
1.5166884645669292
20
2.2783166535433068
11
1.5167538582677165
21
2.2783141732283463
0
LINE
8
BLACK
6
CONTINUOUS
10
1.5167538582677165
20
2.2783141732283463
11
1.5171540944881889
21
2.2783535826771653
0
LINE
8
BLACK
6
CONTINUOUS
10
1.5171540944881889
20
2.2783535826771653
11
1.5205286614173228
21
2.2783535826771653
0
LINE
8
BLACK
6
CONTINUOUS
10
1.5205286614173228
20
2.2783535826771653
11
1.5209288582677165
21
2.2783141732283463
0
LINE
8
BLACK
6
CONTINUOUS
10
1.5563619291338582
20
2.2783141732283463
11
1.5564273622047244
21
2.2783166535433068
0
LINE
8
BLACK
6
CONTINUOUS
10
1.5564273622047244
20
2.2783166535433068
11
1.556481811023622
21
2.2783023622047245
0
LINE
8
BLACK
6
CONTINUOUS
10
1.556481811023622
20
2.2783023622047245
11
1.5565377952755906
21
2.2782968503937009
0
LINE
8
BLACK
6
CONTINUOUS
10
1.5565377952755906
20
2.2782968503937009
11
1.5565981496062993
21
2.2782718503937009
0
LINE
8
BLACK
6
CONTINUOUS
10
1.5565981496062993
20
2.2782718503937009
11
1.5569872440944881
21
2.2781697637795273
0
LINE
8
BLACK
6
CONTINUOUS
10
1.5569872440944881
20
2.2781697637795273
11
1.5620491338582676
21
2.2762949999999997
0
LINE
8
BLACK
6
CONTINUOUS
10
1.5620491338582676
20
2.2762949999999997
11
1.5625696456692912
21
2.2760417322834647
0
LINE
8
BLACK
6
CONTINUOUS
10
1.5625696456692912
20
2.2760417322834647
11
1.5626688188976379
21
2.2759498425196849
0
LINE
8
BLACK
6
CONTINUOUS
10
1.5626688188976379
20
2.2759498425196849
11
1.5627908661417322
21
2.2758915748031496
0
LINE
8
BLACK
6
CONTINUOUS
10
1.5627908661417322
20
2.2758915748031496
11
1.5632183858267716
21
2.2755013385826772
0
LINE
8
BLACK
6
CONTINUOUS
10
1.5632183858267716
20
2.2755013385826772
11
1.5649056692913386
21
2.2736265748031497
0
LINE
8
BLACK
6
CONTINUOUS
10
1.5649056692913386
20
2.2736265748031497
11
1.5652488582677164
21
2.2731604330708661
0
LINE
8
BLACK
6
CONTINUOUS
10
1.5652488582677164
20
2.2731604330708661
11
1.5656331889763779
21
2.2720743307086613
0
LINE
8
BLACK
6
CONTINUOUS
10
1.5656331889763779
20
2.2720743307086613
11
1.5655726377952754
21
2.2709238188976379
0
LINE
8
BLACK
6
CONTINUOUS
10
1.5655726377952754
20
2.2709238188976379
11
1.5650764173228346
21
2.2698840551181103
0
LINE
8
BLACK
6
CONTINUOUS
10
1.5650764173228346
20
2.2698840551181103
11
1.5642200787401574
21
2.269113346456693
0
LINE
8
BLACK
6
CONTINUOUS
10
1.5642200787401574
20
2.269113346456693
11
1.5631339370078741
21
2.2687290157480313
0
LINE
8
BLACK
6
CONTINUOUS
10
1.5631339370078741
20
2.2687290157480313
11
1.561983464566929
21
2.2687895669291338
0
LINE
8
BLACK
6
CONTINUOUS
10
1.561983464566929
20
2.2687895669291338
11
1.5609436614173229
21
2.2692857874015746
0
LINE
8
BLACK
6
CONTINUOUS
10
1.5609436614173229
20
2.2692857874015746
11
1.5605161417322835
21
2.269676023622047
0
LINE
8
BLACK
6
CONTINUOUS
10
1.5605161417322835
20
2.269676023622047
11
1.5593156692913386
21
2.2710098818897637
0
LINE
8
BLACK
6
CONTINUOUS
10
1.5593156692913386
20
2.2710098818897637
11
1.5554325196850394
21
2.2724480708661416
0
LINE
8
BLACK
6
CONTINUOUS
10
1.5554325196850394
20
2.2724480708661416
11
1.5531164173228347
21
2.2724480708661416
0
LINE
8
BLACK
6
CONTINUOUS
10
1.5531164173228347
20
2.2724480708661416
11
1.5492332677165355
21
2.2710098818897637
0
LINE
8
BLACK
6
CONTINUOUS
10
1.5492332677165355
20
2.2710098818897637
11
1.5466540157480315
21
2.2681440944881888
0
LINE
8
BLACK
6
CONTINUOUS
10
1.5466540157480315
20
2.2681440944881888
11
1.5452786220472441
21
2.2650876771653543
0
LINE
8
BLACK
6
CONTINUOUS
10
1.5452786220472441
20
2.2650876771653543
11
1.5437288976377952
21
2.258199842519685
0
LINE
8
BLACK
6
CONTINUOUS
10
1.5437288976377952
20
2.258199842519685
11
1.5437288976377952
21
2.253231811023622
0
LINE
8
BLACK
6
CONTINUOUS
10
1.5437288976377952
20
2.253231811023622
11
1.5452786220472441
21
2.2463439763779527
0
LINE
8
BLACK
6
CONTINUOUS
10
1.5452786220472441
20
2.2463439763779527
11
1.5466540551181103
21
2.2432874803149607
0
LINE
8
BLACK
6
CONTINUOUS
10
1.5466540551181103
20
2.2432874803149607
11
1.5492332283464567
21
2.2404217322834645
0
LINE
8
BLACK
6
CONTINUOUS
10
1.5492332283464567
20
2.2404217322834645
11
1.5531164173228347
21
2.2389835039370078
0
LINE
8
BLACK
6
CONTINUOUS
10
1.5531164173228347
20
2.2389835039370078
11
1.5554325196850394
21
2.2389835039370078
0
LINE
8
BLACK
6
CONTINUOUS
10
1.5554325196850394
20
2.2389835039370078
11
1.5593155905511811
21
2.2404216929133858
0
LINE
8
BLACK
6
CONTINUOUS
10
1.5593155905511811
20
2.2404216929133858
11
1.5605161023622047
21
2.2417555511811025
0
LINE
8
BLACK
6
CONTINUOUS
10
1.5605161023622047
20
2.2417555511811025
11
1.5609436220472441
21
2.2421457874015749
0
LINE
8
BLACK
6
CONTINUOUS
10
1.5609436220472441
20
2.2421457874015749
11
1.5619833858267715
21
2.2426420472440944
0
LINE
8
BLACK
6
CONTINUOUS
10
1.5619833858267715
20
2.2426420472440944
11
1.5631338976377953
21
2.2427025984251969
0
LINE
8
BLACK
6
CONTINUOUS
10
1.5631338976377953
20
2.2427025984251969
11
1.5642199999999999
21
2.2423182677165352
0
LINE
8
BLACK
6
CONTINUOUS
10
1.5642199999999999
20
2.2423182677165352
11
1.5650763779527559
21
2.2415475590551179
0
LINE
8
BLACK
6
CONTINUOUS
10
1.5650763779527559
20
2.2415475590551179
11
1.5655726377952754
21
2.2405077952755903
0
LINE
8
BLACK
6
CONTINUOUS
10
1.5655726377952754
20
2.2405077952755903
11
1.5656331889763779
21
2.239357283464567
0
LINE
8
BLACK
6
CONTINUOUS
10
1.5656331889763779
20
2.239357283464567
11
1.5652488582677164
21
2.2382711811023621
0
LINE
8
BLACK
6
CONTINUOUS
10
1.5652488582677164
20
2.2382711811023621
11
1.5649056692913386
21
2.2378050393700786
0
LINE
8
BLACK
6
CONTINUOUS
10
1.5649056692913386
20
2.2378050393700786
11
1.5632184251968504
21
2.2359302362204723
0
LINE
8
BLACK
6
CONTINUOUS
10
1.5632184251968504
20
2.2359302362204723
11
1.5627908661417322
21
2.2355399999999999
0
LINE
8
BLACK
6
CONTINUOUS
10
1.5627908661417322
20
2.2355399999999999
11
1.5626688188976379
21
2.2354817716535433
0
LINE
8
BLACK
6
CONTINUOUS
10
1.5626688188976379
20
2.2354817716535433
11
1.5625696456692912
21
2.2353898425196852
0
LINE
8
BLACK
6
CONTINUOUS
10
1.5625696456692912
20
2.2353898425196852
11
1.5620491338582676
21
2.2351365748031498
0
LINE
8
BLACK
6
CONTINUOUS
10
1.5620491338582676
20
2.2351365748031498
11
1.5569872440944881
21
2.2332618110236222
0
LINE
8
BLACK
6
CONTINUOUS
10
1.5569872440944881
20
2.2332618110236222
11
1.5565981496062993
21
2.2331597637795273
0
LINE
8
BLACK
6
CONTINUOUS
10
1.5565981496062993
20
2.2331597637795273
11
1.5565377952755906
21
2.2331347244094486
0
LINE
8
BLACK
6
CONTINUOUS
10
1.5565377952755906
20
2.2331347244094486
11
1.556481811023622
21
2.2331292519685038
0
LINE
8
BLACK
6
CONTINUOUS
10
1.556481811023622
20
2.2331292519685038
11
1.5564273622047244
21
2.2331149212598427
0
LINE
8
BLACK
6
CONTINUOUS
10
1.5564273622047244
20
2.2331149212598427
11
1.5563619291338582
21
2.233117440944882
0
LINE
8
BLACK
6
CONTINUOUS
10
1.5563619291338582
20
2.233117440944882
11
1.5559617322834645
21
2.2330779921259842
0
LINE
8
BLACK
6
CONTINUOUS
10
1.5559617322834645
20
2.2330779921259842
11
1.5525871653543306
21
2.2330779921259842
0
LINE
8
BLACK
6
CONTINUOUS
10
1.5525871653543306
20
2.2330779921259842
11
1.5521869291338581
21
2.233117440944882
0
LINE
8
BLACK
6
CONTINUOUS
10
1.5521869291338581
20
2.233117440944882
11
1.5521215354330709
21
2.2331149212598427
0
LINE
8
BLACK
6
CONTINUOUS
10
1.5521215354330709
20
2.2331149212598427
11
1.5520670472440945
21
2.2331292519685038
0
LINE
8
BLACK
6
CONTINUOUS
10
1.5520670472440945
20
2.2331292519685038
11
1.5520111023622047
21
2.2331347244094486
0
LINE
8
BLACK
6
CONTINUOUS
10
1.5520111023622047
20
2.2331347244094486
11
1.5519507086614173
21
2.2331597637795273
0
LINE
8
BLACK
6
CONTINUOUS
10
1.5519507086614173
20
2.2331597637795273
11
1.5515616141732282
21
2.2332618110236222
0
LINE
8
BLACK
6
CONTINUOUS
10
1.5515616141732282
20
2.2332618110236222
11
1.5464997637795275
21
2.2351365748031498
0
LINE
8
BLACK
6
CONTINUOUS
10
1.5464997637795275
20
2.2351365748031498
11
1.5459792913385826
21
2.2353898425196852
0
LINE
8
BLACK
6
CONTINUOUS
10
1.5459792913385826
20
2.2353898425196852
11
1.5458800787401574
21
2.2354817716535433
0
LINE
8
BLACK
6
CONTINUOUS
10
1.5458800787401574
20
2.2354817716535433
11
1.5457580708661416
21
2.2355399999999999
0
LINE
8
BLACK
6
CONTINUOUS
10
1.5457580708661416
20
2.2355399999999999
11
1.5453305511811024
21
2.2359302362204723
0
LINE
8
BLACK
6
CONTINUOUS
10
1.5453305511811024
20
2.2359302362204723
11
1.5419559448818898
21
2.2396798031496061
0
LINE
8
BLACK
6
CONTINUOUS
10
1.5419559448818898
20
2.2396798031496061
11
1.5418023622047243
21
2.2398884251968503
0
LINE
8
BLACK
6
CONTINUOUS
10
1.5418023622047243
20
2.2398884251968503
11
1.5417461811023623
21
2.2399412992125982
0
LINE
8
BLACK
6
CONTINUOUS
10
1.5417461811023623
20
2.2399412992125982
11
1.5416851968503937
21
2.2400475590551179
0
LINE
8
BLACK
6
CONTINUOUS
10
1.5416851968503937
20
2.2400475590551179
11
1.5416127559055117
21
2.2401459448818897
0
LINE
8
BLACK
6
CONTINUOUS
10
1.5416127559055117
20
2.2401459448818897
11
1.5415870472440945
21
2.2402185039370077
0
LINE
8
BLACK
6
CONTINUOUS
10
1.5415870472440945
20
2.2402185039370077
11
1.5414580314960629
21
2.2404433464566931
0
LINE
8
BLACK
6
CONTINUOUS
10
1.5414580314960629
20
2.2404433464566931
11
1.5397707480314959
21
2.2441929133858269
0
LINE
8
BLACK
6
CONTINUOUS
10
1.5397707480314959
20
2.2441929133858269
11
1.5397674409448818
21
2.2442026771653545
0
LINE
8
BLACK
6
CONTINUOUS
10
1.5397674409448818
20
2.2442026771653545
11
1.5397644881889763
21
2.2442068897637797
0
LINE
8
BLACK
6
CONTINUOUS
10
1.5397644881889763
20
2.2442068897637797
11
1.5396762992125983
21
2.2444734251968503
0
LINE
8
BLACK
6
CONTINUOUS
10
1.5396762992125983
20
2.2444734251968503
11
1.5395860629921259
21
2.2447414960629919
0
LINE
8
BLACK
6
CONTINUOUS
10
1.5395860629921259
20
2.2447414960629919
11
1.5395859055118111
21
2.2447467322834647
0
LINE
8
BLACK
6
CONTINUOUS
10
1.5395859055118111
20
2.2447467322834647
11
1.5395826771653542
21
2.2447564566929135
0
LINE
8
BLACK
6
CONTINUOUS
10
1.5395826771653542
20
2.2447564566929135
11
1.5378953937007873
21
2.2522555118110237
0
LINE
8
BLACK
6
CONTINUOUS
10
1.5378953937007873
20
2.2522555118110237
11
1.5378891732283464
21
2.2523057480314961
0
LINE
8
BLACK
6
CONTINUOUS
10
1.5378891732283464
20
2.2523057480314961
11
1.5378801181102362
21
2.2523275984251967
0
LINE
8
BLACK
6
CONTINUOUS
10
1.5378801181102362
20
2.2523275984251967
11
1.5378553543307085
21
2.2525788188976379
0
LINE
8
BLACK
6
CONTINUOUS
10
1.5378553543307085
20
2.2525788188976379
11
1.5378242913385827
21
2.2528299606299211
0
LINE
8
BLACK
6
CONTINUOUS
10
1.5378242913385827
20
2.2528299606299211
11
1.5378283070866141
21
2.2528533858267714
0
LINE
8
BLACK
6
CONTINUOUS
10
1.5378283070866141
20
2.2528533858267714
11
1.5378233858267716
21
2.2529036614173226
0
LINE
8
BLACK
6
CONTINUOUS
10
1.5378233858267716
20
2.2529036614173226
11
1.5378233858267716
21
2.2585279527559057
0
LINE
8
BLACK
6
CONTINUOUS
10
1.5378233858267716
20
2.2585279527559057
11
1.5378283070866141
21
2.2585782677165356
0
LINE
8
BLACK
6
CONTINUOUS
10
1.5378283070866141
20
2.2585782677165356
11
1.5378242913385827
21
2.2586016535433071
0
LINE
8
BLACK
6
CONTINUOUS
10
1.5378242913385827
20
2.2586016535433071
11
1.5378553543307085
21
2.2588528346456691
0
LINE
8
BLACK
6
CONTINUOUS
10
1.5378553543307085
20
2.2588528346456691
11
1.5378801181102362
21
2.2591040157480315
0
LINE
8
BLACK
6
CONTINUOUS
10
1.5378801181102362
20
2.2591040157480315
11
1.5378891732283464
21
2.2591259055118109
0
LINE
8
BLACK
6
CONTINUOUS
10
1.5378891732283464
20
2.2591259055118109
11
1.5378953937007873
21
2.2591761023622046
0
LINE
8
BLACK
6
CONTINUOUS
10
1.5378953937007873
20
2.2591761023622046
11
1.5395826771653542
21
2.2666751574803148
0
LINE
8
BLACK
6
CONTINUOUS
10
1.5395826771653542
20
2.2666751574803148
11
1.5395859055118111
21
2.2666849212598423
0
LINE
8
BLACK
6
CONTINUOUS
10
1.5395859055118111
20
2.2666849212598423
11
1.5395860629921259
21
2.2666901181102364
0
LINE
8
BLACK
6
CONTINUOUS
10
1.5395860629921259
20
2.2666901181102364
11
1.5396762992125983
21
2.2669582283464567
0
LINE
8
BLACK
6
CONTINUOUS
10
1.5396762992125983
20
2.2669582283464567
11
1.5397644881889763
21
2.2672247244094486
0
LINE
8
BLACK
6
CONTINUOUS
10
1.5397644881889763
20
2.2672247244094486
11
1.5397674409448818
21
2.2672289763779525
0
LINE
8
BLACK
6
CONTINUOUS
10
1.5397674409448818
20
2.2672289763779525
11
1.5397707480314959
21
2.2672387007874013
0
LINE
8
BLACK
6
CONTINUOUS
10
1.5397707480314959
20
2.2672387007874013
11
1.5414580314960629
21
2.2709882677165352
0
LINE
8
BLACK
6
CONTINUOUS
10
1.5414580314960629
20
2.2709882677165352
11
1.5415870078740157
21
2.2712130708661418
0
LINE
8
BLACK
6
CONTINUOUS
10
1.5415870078740157
20
2.2712130708661418
11
1.5416127559055117
21
2.2712857086614173
0
LINE
8
BLACK
6
CONTINUOUS
10
1.5416127559055117
20
2.2712857086614173
11
1.5416852755905512
21
2.2713842519685037
0
LINE
8
BLACK
6
CONTINUOUS
10
1.5416852755905512
20
2.2713842519685037
11
1.5417461811023623
21
2.27149031496063
0
LINE
8
BLACK
6
CONTINUOUS
10
1.5417461811023623
20
2.27149031496063
11
1.5418022440944881
21
2.2715431496062992
0
LINE
8
BLACK
6
CONTINUOUS
10
1.5418022440944881
20
2.2715431496062992
11
1.5419559448818898
21
2.2717518503937009
0
LINE
8
BLACK
6
CONTINUOUS
10
1.5419559448818898
20
2.2717518503937009
11
1.5453305511811024
21
2.2755013385826772
0
LINE
8
BLACK
6
CONTINUOUS
10
1.5453305511811024
20
2.2755013385826772
11
1.5457580708661416
21
2.2758915748031496
0
LINE
8
BLACK
6
CONTINUOUS
10
1.5457580708661416
20
2.2758915748031496
11
1.5458800787401574
21
2.2759498425196849
0
LINE
8
BLACK
6
CONTINUOUS
10
1.5458800787401574
20
2.2759498425196849
11
1.5459792913385826
21
2.2760417322834647
0
LINE
8
BLACK
6
CONTINUOUS
10
1.5459792913385826
20
2.2760417322834647
11
1.5464997637795275
21
2.2762949999999997
0
LINE
8
BLACK
6
CONTINUOUS
10
1.5464997637795275
20
2.2762949999999997
11
1.5515616141732282
21
2.2781697637795273
0
LINE
8
BLACK
6
CONTINUOUS
10
1.5515616141732282
20
2.2781697637795273
11
1.5519507086614173
21
2.2782718503937009
0
LINE
8
BLACK
6
CONTINUOUS
10
1.5519507086614173
20
2.2782718503937009
11
1.5520111023622047
21
2.2782968503937009
0
LINE
8
BLACK
6
CONTINUOUS
10
1.5520111023622047
20
2.2782968503937009
11
1.5520670472440945
21
2.2783023622047245
0
LINE
8
BLACK
6
CONTINUOUS
10
1.5520670472440945
20
2.2783023622047245
11
1.5521215354330709
21
2.2783166535433068
0
LINE
8
BLACK
6
CONTINUOUS
10
1.5521215354330709
20
2.2783166535433068
11
1.5521869291338581
21
2.2783141732283463
0
LINE
8
BLACK
6
CONTINUOUS
10
1.5521869291338581
20
2.2783141732283463
11
1.5525871653543306
21
2.2783535826771653
0
LINE
8
BLACK
6
CONTINUOUS
10
1.5525871653543306
20
2.2783535826771653
11
1.5559617322834645
21
2.2783535826771653
0
LINE
8
BLACK
6
CONTINUOUS
10
1.5559617322834645
20
2.2783535826771653
11
1.5563619291338582
21
2.2783141732283463
0
LINE
8
BLACK
6
CONTINUOUS
10
1.6187916141732284
20
2.2783141732283463
11
1.6188570472440944
21
2.2783166535433068
0
LINE
8
BLACK
6
CONTINUOUS
10
1.6188570472440944
20
2.2783166535433068
11
1.618911496062992
21
2.2783023622047245
0
LINE
8
BLACK
6
CONTINUOUS
10
1.618911496062992
20
2.2783023622047245
11
1.6189674803149605
21
2.2782968503937009
0
LINE
8
BLACK
6
CONTINUOUS
10
1.6189674803149605
20
2.2782968503937009
11
1.6190278346456692
21
2.2782718503937009
0
LINE
8
BLACK
6
CONTINUOUS
10
1.6190278346456692
20
2.2782718503937009
11
1.6194169291338583
21
2.2781697637795273
0
LINE
8
BLACK
6
CONTINUOUS
10
1.6194169291338583
20
2.2781697637795273
11
1.6244788188976378
21
2.2762949999999997
0
LINE
8
BLACK
6
CONTINUOUS
10
1.6244788188976378
20
2.2762949999999997
11
1.6249993307086614
21
2.2760417322834647
0
LINE
8
BLACK
6
CONTINUOUS
10
1.6249993307086614
20
2.2760417322834647
11
1.6258443700787402
21
2.2752585826771652
0
LINE
8
BLACK
6
CONTINUOUS
10
1.6258443700787402
20
2.2752585826771652
11
1.6263253543307086
21
2.2742117322834643
0
LINE
8
BLACK
6
CONTINUOUS
10
1.6263253543307086
20
2.2742117322834643
11
1.6263691338582678
21
2.2730604330708659
0
LINE
8
BLACK
6
CONTINUOUS
10
1.6263691338582678
20
2.2730604330708659
11
1.6259689763779528
21
2.2719800393700789
0
LINE
8
BLACK
6
CONTINUOUS
10
1.6259689763779528
20
2.2719800393700789
11
1.6251858267716535
21
2.2711350000000001
0
LINE
8
BLACK
6
CONTINUOUS
10
1.6251858267716535
20
2.2711350000000001
11
1.6241389763779528
21
2.2706540157480313
0
LINE
8
BLACK
6
CONTINUOUS
10
1.6241389763779528
20
2.2706540157480313
11
1.6229876771653542
21
2.2706102362204725
0
LINE
8
BLACK
6
CONTINUOUS
10
1.6229876771653542
20
2.2706102362204725
11
1.6224277952755906
21
2.2707571259842521
0
LINE
8
BLACK
6
CONTINUOUS
10
1.6224277952755906
20
2.2707571259842521
11
1.6178622047244093
21
2.2724480708661416
0
LINE
8
BLACK
6
CONTINUOUS
10
1.6178622047244093
20
2.2724480708661416
11
1.6107201181102362
21
2.2724480708661416
0
LINE
8
BLACK
6
CONTINUOUS
10
1.6107201181102362
20
2.2724480708661416
11
1.6084452755905512
21
2.2711843307086612
0
LINE
8
BLACK
6
CONTINUOUS
10
1.6084452755905512
20
2.2711843307086612
11
1.6073964566929133
21
2.2700189370078738
0
LINE
8
BLACK
6
CONTINUOUS
10
1.6073964566929133
20
2.2700189370078738
11
1.6061585826771654
21
2.2672680708661415
0
LINE
8
BLACK
6
CONTINUOUS
10
1.6061585826771654
20
2.2672680708661415
11
1.6061585826771654
21
2.2647859842519686
0
LINE
8
BLACK
6
CONTINUOUS
10
1.6061585826771654
20
2.2647859842519686
11
1.6073964566929133
21
2.2620351181102363
0
LINE
8
BLACK
6
CONTINUOUS
10
1.6073964566929133
20
2.2620351181102363
11
1.6084452755905512
21
2.2608697244094489
0
LINE
8
BLACK
6
CONTINUOUS
10
1.6084452755905512
20
2.2608697244094489
11
1.6110827559055119
21
2.2594044881889763
0
LINE
8
BLACK
6
CONTINUOUS
10
1.6110827559055119
20
2.2594044881889763
11
1.6174944094488188
21
2.2576234645669291
0
LINE
8
BLACK
6
CONTINUOUS
10
1.6174944094488188
20
2.2576234645669291
11
1.617570748031496
21
2.2575939370078739
0
LINE
8
BLACK
6
CONTINUOUS
10
1.617570748031496
20
2.2575939370078739
11
1.6176069685039369
21
2.2575897637795275
0
LINE
8
BLACK
6
CONTINUOUS
10
1.6176069685039369
20
2.2575897637795275
11
1.6178187795275589
21
2.2574979921259843
0
LINE
8
BLACK
6
CONTINUOUS
10
1.6178187795275589
20
2.2574979921259843
11
1.6180342913385826
21
2.2574146062992124
0
LINE
8
BLACK
6
CONTINUOUS
10
1.6180342913385826
20
2.2574146062992124
11
1.6180629921259841
21
2.2573921653543305
0
LINE
8
BLACK
6
CONTINUOUS
10
1.6180629921259841
20
2.2573921653543305
11
1.6181381102362205
21
2.2573596062992127
0
LINE
8
BLACK
6
CONTINUOUS
10
1.6181381102362205
20
2.2573596062992127
11
1.6215127165354331
21
2.2554848425196852
0
LINE
8
BLACK
6
CONTINUOUS
10
1.6215127165354331
20
2.2554848425196852
11
1.6217765354330709
21
2.2553023228346456
0
LINE
8
BLACK
6
CONTINUOUS
10
1.6217765354330709
20
2.2553023228346456
11
1.6218459842519686
21
2.2552691732283465
0
LINE
8
BLACK
6
CONTINUOUS
10
1.6218459842519686
20
2.2552691732283465
11
1.6219133858267716
21
2.2552076377952757
0
LINE
8
BLACK
6
CONTINUOUS
10
1.6219133858267716
20
2.2552076377952757
11
1.6219887401574802
21
2.2551555118110236
0
LINE
8
BLACK
6
CONTINUOUS
10
1.6219887401574802
20
2.2551555118110236
11
1.6220366929133858
21
2.2550950787401574
0
LINE
8
BLACK
6
CONTINUOUS
10
1.6220366929133858
20
2.2550950787401574
11
1.6222735039370078
21
2.2548789370078741
0
LINE
8
BLACK
6
CONTINUOUS
10
1.6222735039370078
20
2.2548789370078741
11
1.6239607874015747
21
2.2530041732283466
0
LINE
8
BLACK
6
CONTINUOUS
10
1.6239607874015747
20
2.2530041732283466
11
1.6241143700787402
21
2.2527955905511812
0
LINE
8
BLACK
6
CONTINUOUS
10
1.6241143700787402
20
2.2527955905511812
11
1.624170590551181
21
2.2527426377952757
0
LINE
8
BLACK
6
CONTINUOUS
10
1.624170590551181
20
2.2527426377952757
11
1.6242315354330707
21
2.2526364173228348
0
LINE
8
BLACK
6
CONTINUOUS
10
1.6242315354330707
20
2.2526364173228348
11
1.6243039763779528
21
2.252538031496063
0
LINE
8
BLACK
6
CONTINUOUS
10
1.6243039763779528
20
2.252538031496063
11
1.6243296456692913
21
2.252465472440945
0
LINE
8
BLACK
6
CONTINUOUS
10
1.6243296456692913
20
2.252465472440945
11
1.6244587007874016
21
2.2522405905511809
0
LINE
8
BLACK
6
CONTINUOUS
10
1.6244587007874016
20
2.2522405905511809
11
1.6261459842519685
21
2.2484910629921258
0
LINE
8
BLACK
6
CONTINUOUS
10
1.6261459842519685
20
2.2484910629921258
11
1.6263306692913386
21
2.247942440944882
0
LINE
8
BLACK
6
CONTINUOUS
10
1.6263306692913386
20
2.247942440944882
11
1.6263320078740158
21
2.2478972047244095
0
LINE
8
BLACK
6
CONTINUOUS
10
1.6263320078740158
20
2.2478972047244095
11
1.6263493307086614
21
2.2478554330708662
0
LINE
8
BLACK
6
CONTINUOUS
10
1.6263493307086614
20
2.2478554330708662
11
1.626406062992126
21
2.2472793700787399
0
LINE
8
BLACK
6
CONTINUOUS
10
1.626406062992126
20
2.2472793700787399
11
1.626406062992126
21
2.2435298425196848
0
LINE
8
BLACK
6
CONTINUOUS
10
1.626406062992126
20
2.2435298425196848
11
1.6263493307086614
21
2.2429537795275589
0
LINE
8
BLACK
6
CONTINUOUS
10
1.6263493307086614
20
2.2429537795275589
11
1.6263320078740158
21
2.2429120472440944
0
LINE
8
BLACK
6
CONTINUOUS
10
1.6263320078740158
20
2.2429120472440944
11
1.6263306692913386
21
2.2428667716535431
0
LINE
8
BLACK
6
CONTINUOUS
10
1.6263306692913386
20
2.2428667716535431
11
1.6261459842519685
21
2.2423181496062994
0
LINE
8
BLACK
6
CONTINUOUS
10
1.6261459842519685
20
2.2423181496062994
11
1.6244587007874016
21
2.2385686220472438
0
LINE
8
BLACK
6
CONTINUOUS
10
1.6244587007874016
20
2.2385686220472438
11
1.6243296456692913
21
2.2383437795275589
0
LINE
8
BLACK
6
CONTINUOUS
10
1.6243296456692913
20
2.2383437795275589
11
1.6243039763779528
21
2.2382711811023621
0
LINE
8
BLACK
6
CONTINUOUS
10
1.6243039763779528
20
2.2382711811023621
11
1.6242315354330707
21
2.2381728346456691
0
LINE
8
BLACK
6
CONTINUOUS
10
1.6242315354330707
20
2.2381728346456691
11
1.624170590551181
21
2.2380665748031494
0
LINE
8
BLACK
6
CONTINUOUS
10
1.624170590551181
20
2.2380665748031494
11
1.6241143700787402
21
2.2380136614173227
0
LINE
8
BLACK
6
CONTINUOUS
10
1.6241143700787402
20
2.2380136614173227
11
1.6239607874015747
21
2.2378050393700786
0
LINE
8
BLACK
6
CONTINUOUS
10
1.6239607874015747
20
2.2378050393700786
11
1.6222735433070865
21
2.2359302362204723
0
LINE
8
BLACK
6
CONTINUOUS
10
1.6222735433070865
20
2.2359302362204723
11
1.6220366535433071
21
2.2357140551181103
0
LINE
8
BLACK
6
CONTINUOUS
10
1.6220366535433071
20
2.2357140551181103
11
1.6219887401574802
21
2.2356536614173228
0
LINE
8
BLACK
6
CONTINUOUS
10
1.6219887401574802
20
2.2356536614173228
11
1.6219134251968503
21
2.2356015748031495
0
LINE
8
BLACK
6
CONTINUOUS
10
1.6219134251968503
20
2.2356015748031495
11
1.6218459842519686
21
2.2355399999999999
0
LINE
8
BLACK
6
CONTINUOUS
10
1.6218459842519686
20
2.2355399999999999
11
1.6217765354330709
21
2.2355068897637795
0
LINE
8
BLACK
6
CONTINUOUS
10
1.6217765354330709
20
2.2355068897637795
11
1.6215127165354331
21
2.2353243307086612
0
LINE
8
BLACK
6
CONTINUOUS
10
1.6215127165354331
20
2.2353243307086612
11
1.6181381102362205
21
2.2334495669291337
0
LINE
8
BLACK
6
CONTINUOUS
10
1.6181381102362205
20
2.2334495669291337
11
1.6176069685039369
21
2.2332194094488189
0
LINE
8
BLACK
6
CONTINUOUS
10
1.6176069685039369
20
2.2332194094488189
11
1.6174376771653542
21
2.2332000000000001
0
LINE
8
BLACK
6
CONTINUOUS
10
1.6174376771653542
20
2.2332000000000001
11
1.6172801968503936
21
2.2331347244094486
0
LINE
8
BLACK
6
CONTINUOUS
10
1.6172801968503936
20
2.2331347244094486
11
1.6167041338582677
21
2.2330779921259842
0
LINE
8
BLACK
6
CONTINUOUS
10
1.6167041338582677
20
2.2330779921259842
11
1.6082677165354331
21
2.2330779921259842
0
LINE
8
BLACK
6
CONTINUOUS
10
1.6082677165354331
20
2.2330779921259842
11
1.6078674803149606
21
2.233117440944882
0
LINE
8
BLACK
6
CONTINUOUS
10
1.6078674803149606
20
2.233117440944882
11
1.6078020866141731
21
2.2331149212598427
0
LINE
8
BLACK
6
CONTINUOUS
10
1.6078020866141731
20
2.2331149212598427
11
1.6077475984251968
21
2.2331292519685038
0
LINE
8
BLACK
6
CONTINUOUS
10
1.6077475984251968
20
2.2331292519685038
11
1.607691653543307
21
2.2331347244094486
0
LINE
8
BLACK
6
CONTINUOUS
10
1.607691653543307
20
2.2331347244094486
11
1.6076312598425198
21
2.2331597637795273
0
LINE
8
BLACK
6
CONTINUOUS
10
1.6076312598425198
20
2.2331597637795273
11
1.6072422047244095
21
2.2332618110236222
0
LINE
8
BLACK
6
CONTINUOUS
10
1.6072422047244095
20
2.2332618110236222
11
1.60218031496063
21
2.2351365748031498
0
LINE
8
BLACK
6
CONTINUOUS
10
1.60218031496063
20
2.2351365748031498
11
1.6016598031496063
21
2.2353898425196852
0
LINE
8
BLACK
6
CONTINUOUS
10
1.6016598031496063
20
2.2353898425196852
11
1.6008147637795276
21
2.2361729921259843
0
LINE
8
BLACK
6
CONTINUOUS
10
1.6008147637795276
20
2.2361729921259843
11
1.600333779527559
21
2.2372198425196852
0
LINE
8
BLACK
6
CONTINUOUS
10
1.600333779527559
20
2.2372198425196852
11
1.60029
21
2.2383711417322836
0
LINE
8
BLACK
6
CONTINUOUS
10
1.60029
20
2.2383711417322836
11
1.600690157480315
21
2.2394515354330706
0
LINE
8
BLACK
6
CONTINUOUS
10
1.600690157480315
20
2.2394515354330706
11
1.6014733070866141
21
2.2402965748031494
0
LINE
8
BLACK
6
CONTINUOUS
10
1.6014733070866141
20
2.2402965748031494
11
1.602520157480315
21
2.2407775590551182
0
LINE
8
BLACK
6
CONTINUOUS
10
1.602520157480315
20
2.2407775590551182
11
1.6036714566929133
21
2.240821338582677
0
LINE
8
BLACK
6
CONTINUOUS
10
1.6036714566929133
20
2.240821338582677
11
1.6042313385826772
21
2.2406744488188974
0
LINE
8
BLACK
6
CONTINUOUS
10
1.6042313385826772
20
2.2406744488188974
11
1.6087969291338582
21
2.2389835039370078
0
LINE
8
BLACK
6
CONTINUOUS
10
1.6087969291338582
20
2.2389835039370078
11
1.6159390157480316
21
2.2389835039370078
0
LINE
8
BLACK
6
CONTINUOUS
10
1.6159390157480316
20
2.2389835039370078
11
1.6182137401574803
21
2.2402472440944883
0
LINE
8
BLACK
6
CONTINUOUS
10
1.6182137401574803
20
2.2402472440944883
11
1.6192626377952755
21
2.2414127165354332
0
LINE
8
BLACK
6
CONTINUOUS
10
1.6192626377952755
20
2.2414127165354332
11
1.6205005511811024
21
2.2441636220472438
0
LINE
8
BLACK
6
CONTINUOUS
10
1.6205005511811024
20
2.2441636220472438
11
1.6205005511811024
21
2.2466456299212596
0
LINE
8
BLACK
6
CONTINUOUS
10
1.6205005511811024
20
2.2466456299212596
11
1.6192626377952755
21
2.2493965354330707
0
LINE
8
BLACK
6
CONTINUOUS
10
1.6192626377952755
20
2.2493965354330707
11
1.6182138188976378
21
2.2505619291338581
0
LINE
8
BLACK
6
CONTINUOUS
10
1.6182138188976378
20
2.2505619291338581
11
1.6155763385826771
21
2.2520271653543307
0
LINE
8
BLACK
6
CONTINUOUS
10
1.6155763385826771
20
2.2520271653543307
11
1.6091647244094487
21
2.2538081496062992
0
LINE
8
BLACK
6
CONTINUOUS
10
1.6091647244094487
20
2.2538081496062992
11
1.609088346456693
21
2.2538377165354331
0
LINE
8
BLACK
6
CONTINUOUS
10
1.609088346456693
20
2.2538377165354331
11
1.6090521259842518
21
2.2538418503937008
0
LINE
8
BLACK
6
CONTINUOUS
10
1.6090521259842518
20
2.2538418503937008
11
1.6088400787401576
21
2.2539337401574802
0
LINE
8
BLACK
6
CONTINUOUS
10
1.6088400787401576
20
2.2539337401574802
11
1.608624842519685
21
2.2540170078740158
0
LINE
8
BLACK
6
CONTINUOUS
10
1.608624842519685
20
2.2540170078740158
11
1.6085961023622046
21
2.2540394881889765
0
LINE
8
BLACK
6
CONTINUOUS
10
1.6085961023622046
20
2.2540394881889765
11
1.6085210236220473
21
2.2540720078740155
0
LINE
8
BLACK
6
CONTINUOUS
10
1.6085210236220473
20
2.2540720078740155
11
1.6051464173228347
21
2.2559467716535431
0
LINE
8
BLACK
6
CONTINUOUS
10
1.6051464173228347
20
2.2559467716535431
11
1.6048826377952756
21
2.2561292913385826
0
LINE
8
BLACK
6
CONTINUOUS
10
1.6048826377952756
20
2.2561292913385826
11
1.6048131496062992
21
2.2561624409448817
0
LINE
8
BLACK
6
CONTINUOUS
10
1.6048131496062992
20
2.2561624409448817
11
1.6047455511811024
21
2.2562241338582676
0
LINE
8
BLACK
6
CONTINUOUS
10
1.6047455511811024
20
2.2562241338582676
11
1.6046703937007873
21
2.2562761417322834
0
LINE
8
BLACK
6
CONTINUOUS
10
1.6046703937007873
20
2.2562761417322834
11
1.6046224803149607
21
2.2563364566929134
0
LINE
8
BLACK
6
CONTINUOUS
10
1.6046224803149607
20
2.2563364566929134
11
1.6043856299212598
21
2.2565526771653541
0
LINE
8
BLACK
6
CONTINUOUS
10
1.6043856299212598
20
2.2565526771653541
11
1.6026983464566928
21
2.2584274409448817
0
LINE
8
BLACK
6
CONTINUOUS
10
1.6026983464566928
20
2.2584274409448817
11
1.6025447637795276
21
2.2586360629921258
0
LINE
8
BLACK
6
CONTINUOUS
10
1.6025447637795276
20
2.2586360629921258
11
1.6024885826771653
21
2.2586889370078738
0
LINE
8
BLACK
6
CONTINUOUS
10
1.6024885826771653
20
2.2586889370078738
11
1.6024275984251968
21
2.2587951968503934
0
LINE
8
BLACK
6
CONTINUOUS
10
1.6024275984251968
20
2.2587951968503934
11
1.602355157480315
21
2.2588935826771652
0
LINE
8
BLACK
6
CONTINUOUS
10
1.602355157480315
20
2.2588935826771652
11
1.6023294488188975
21
2.2589661417322833
0
LINE
8
BLACK
6
CONTINUOUS
10
1.6023294488188975
20
2.2589661417322833
11
1.6022004330708661
21
2.2591909842519686
0
LINE
8
BLACK
6
CONTINUOUS
10
1.6022004330708661
20
2.2591909842519686
11
1.6005131496062992
21
2.2629405511811025
0
LINE
8
BLACK
6
CONTINUOUS
10
1.6005131496062992
20
2.2629405511811025
11
1.6003284645669291
21
2.2634891338582674
0
LINE
8
BLACK
6
CONTINUOUS
10
1.6003284645669291
20
2.2634891338582674
11
1.6003270866141732
21
2.2635344488188975
0
LINE
8
BLACK
6
CONTINUOUS
10
1.6003270866141732
20
2.2635344488188975
11
1.6003098031496064
21
2.263576181102362
0
LINE
8
BLACK
6
CONTINUOUS
10
1.6003098031496064
20
2.263576181102362
11
1.6002530708661418
21
2.2641522440944883
0
LINE
8
BLACK
6
CONTINUOUS
10
1.6002530708661418
20
2.2641522440944883
11
1.6002530708661418
21
2.2679017716535435
0
LINE
8
BLACK
6
CONTINUOUS
10
1.6002530708661418
20
2.2679017716535435
11
1.6003098031496064
21
2.2684778346456693
0
LINE
8
BLACK
6
CONTINUOUS
10
1.6003098031496064
20
2.2684778346456693
11
1.6003270866141732
21
2.2685196062992126
0
LINE
8
BLACK
6
CONTINUOUS
10
1.6003270866141732
20
2.2685196062992126
11
1.6003284645669291
21
2.2685648818897639
0
LINE
8
BLACK
6
CONTINUOUS
10
1.6003284645669291
20
2.2685648818897639
11
1.6005131496062992
21
2.2691134645669289
0
LINE
8
BLACK
6
CONTINUOUS
10
1.6005131496062992
20
2.2691134645669289
11
1.6022004330708661
21
2.2728630314960627
0
LINE
8
BLACK
6
CONTINUOUS
10
1.6022004330708661
20
2.2728630314960627
11
1.6023294488188975
21
2.2730879133858268
0
LINE
8
BLACK
6
CONTINUOUS
10
1.6023294488188975
20
2.2730879133858268
11
1.602355157480315
21
2.2731604330708661
0
LINE
8
BLACK
6
CONTINUOUS
10
1.602355157480315
20
2.2731604330708661
11
1.6024275984251968
21
2.2732588582677167
0
LINE
8
BLACK
6
CONTINUOUS
10
1.6024275984251968
20
2.2732588582677167
11
1.6024885826771653
21
2.2733650787401576
0
LINE
8
BLACK
6
CONTINUOUS
10
1.6024885826771653
20
2.2733650787401576
11
1.6025447637795276
21
2.2734179921259843
0
LINE
8
BLACK
6
CONTINUOUS
10
1.6025447637795276
20
2.2734179921259843
11
1.6026983464566928
21
2.2736265748031497
0
LINE
8
BLACK
6
CONTINUOUS
10
1.6026983464566928
20
2.2736265748031497
11
1.6043856299212598
21
2.2755013385826772
0
LINE
8
BLACK
6
CONTINUOUS
10
1.6043856299212598
20
2.2755013385826772
11
1.6046224803149607
21
2.2757175984251967
0
LINE
8
BLACK
6
CONTINUOUS
10
1.6046224803149607
20
2.2757175984251967
11
1.6046703937007873
21
2.2757778740157479
0
LINE
8
BLACK
6
CONTINUOUS
10
1.6046703937007873
20
2.2757778740157479
11
1.6047455511811024
21
2.2758299212598425
0
LINE
8
BLACK
6
CONTINUOUS
10
1.6047455511811024
20
2.2758299212598425
11
1.6048131496062992
21
2.2758915748031496
0
LINE
8
BLACK
6
CONTINUOUS
10
1.6048131496062992
20
2.2758915748031496
11
1.6048826377952756
21
2.2759247637795275
0
LINE
8
BLACK
6
CONTINUOUS
10
1.6048826377952756
20
2.2759247637795275
11
1.6051464173228347
21
2.2761072440944883
0
LINE
8
BLACK
6
CONTINUOUS
10
1.6051464173228347
20
2.2761072440944883
11
1.6085210236220473
21
2.2779820078740158
0
LINE
8
BLACK
6
CONTINUOUS
10
1.6085210236220473
20
2.2779820078740158
11
1.6090521259842518
21
2.2782121653543306
0
LINE
8
BLACK
6
CONTINUOUS
10
1.6090521259842518
20
2.2782121653543306
11
1.6092214566929133
21
2.2782316535433069
0
LINE
8
BLACK
6
CONTINUOUS
10
1.6092214566929133
20
2.2782316535433069
11
1.6093789370078739
21
2.2782968503937009
0
LINE
8
BLACK
6
CONTINUOUS
10
1.6093789370078739
20
2.2782968503937009
11
1.609955
21
2.2783535826771653
0
LINE
8
BLACK
6
CONTINUOUS
10
1.609955
20
2.2783535826771653
11
1.6183914173228346
21
2.2783535826771653
0
LINE
8
BLACK
6
CONTINUOUS
10
1.6183914173228346
20
2.2783535826771653
11
1.6187916141732284
21
2.2783141732283463
0
LINE
8
BLACK
6
CONTINUOUS
10
1.6474755511811023
20
2.2783141732283463
11
1.6475409842519684
21
2.2783166535433068
0
LINE
8
BLACK
6
CONTINUOUS
10
1.6475409842519684
20
2.2783166535433068
11
1.6475954330708662
21
2.2783023622047245
0
LINE
8
BLACK
6
CONTINUOUS
10
1.6475954330708662
20
2.2783023622047245
11
1.6476514173228347
21
2.2782968503937009
0
LINE
8
BLACK
6
CONTINUOUS
10
1.6476514173228347
20
2.2782968503937009
11
1.6477117716535432
21
2.2782718503937009
0
LINE
8
BLACK
6
CONTINUOUS
10
1.6477117716535432
20
2.2782718503937009
11
1.648100905511811
21
2.2781697637795273
0
LINE
8
BLACK
6
CONTINUOUS
10
1.648100905511811
20
2.2781697637795273
11
1.6531627559055118
21
2.2762949999999997
0
LINE
8
BLACK
6
CONTINUOUS
10
1.6531627559055118
20
2.2762949999999997
11
1.6536832283464566
21
2.2760417322834647
0
LINE
8
BLACK
6
CONTINUOUS
10
1.6536832283464566
20
2.2760417322834647
11
1.6537824409448818
21
2.2759498031496062
0
LINE
8
BLACK
6
CONTINUOUS
10
1.6537824409448818
20
2.2759498031496062
11
1.6539044094488189
21
2.2758915748031496
0
LINE
8
BLACK
6
CONTINUOUS
10
1.6539044094488189
20
2.2758915748031496
11
1.654331968503937
21
2.275501377952756
0
LINE
8
BLACK
6
CONTINUOUS
10
1.654331968503937
20
2.275501377952756
11
1.6577065748031496
21
2.2717518503937009
0
LINE
8
BLACK
6
CONTINUOUS
10
1.6577065748031496
20
2.2717518503937009
11
1.6578602362204724
21
2.2715431102362205
0
LINE
8
BLACK
6
CONTINUOUS
10
1.6578602362204724
20
2.2715431102362205
11
1.6579163779527559
21
2.2714902755905513
0
LINE
8
BLACK
6
CONTINUOUS
10
1.6579163779527559
20
2.2714902755905513
11
1.6579772440944882
21
2.2713842125984249
0
LINE
8
BLACK
6
CONTINUOUS
10
1.6579772440944882
20
2.2713842125984249
11
1.6580497637795275
21
2.2712857086614173
0
LINE
8
BLACK
6
CONTINUOUS
10
1.6580497637795275
20
2.2712857086614173
11
1.6580754724409448
21
2.271213031496063
0
LINE
8
BLACK
6
CONTINUOUS
10
1.6580754724409448
20
2.271213031496063
11
1.6582044881889764
21
2.2709882283464569
0
LINE
8
BLACK
6
CONTINUOUS
10
1.6582044881889764
20
2.2709882283464569
11
1.6598917716535433
21
2.2672387007874013
0
LINE
8
BLACK
6
CONTINUOUS
10
1.6598917716535433
20
2.2672387007874013
11
1.6598950393700787
21
2.2672289763779525
0
LINE
8
BLACK
6
CONTINUOUS
10
1.6598950393700787
20
2.2672289763779525
11
1.659898031496063
21
2.2672247244094486
0
LINE
8
BLACK
6
CONTINUOUS
10
1.659898031496063
20
2.2672247244094486
11
1.6599865748031495
21
2.2669570472440945
0
LINE
8
BLACK
6
CONTINUOUS
10
1.6599865748031495
20
2.2669570472440945
11
1.6600764566929134
21
2.2666900787401576
0
LINE
8
BLACK
6
CONTINUOUS
10
1.6600764566929134
20
2.2666900787401576
11
1.6600765748031496
21
2.2666849606299211
0
LINE
8
BLACK
6
CONTINUOUS
10
1.6600765748031496
20
2.2666849606299211
11
1.660079842519685
21
2.2666751574803148
0
LINE
8
BLACK
6
CONTINUOUS
10
1.660079842519685
20
2.2666751574803148
11
1.6617671259842519
21
2.2591761023622046
0
LINE
8
BLACK
6
CONTINUOUS
10
1.6617671259842519
20
2.2591761023622046
11
1.6617733070866141
21
2.2591259055118109
0
LINE
8
BLACK
6
CONTINUOUS
10
1.6617733070866141
20
2.2591259055118109
11
1.6617824015748031
21
2.2591040157480315
0
LINE
8
BLACK
6
CONTINUOUS
10
1.6617824015748031
20
2.2591040157480315
11
1.661807125984252
21
2.2588528346456691
0
LINE
8
BLACK
6
CONTINUOUS
10
1.661807125984252
20
2.2588528346456691
11
1.6618382283464566
21
2.2586016535433071
0
LINE
8
BLACK
6
CONTINUOUS
10
1.6618382283464566
20
2.2586016535433071
11
1.6618341732283464
21
2.2585782677165356
0
LINE
8
BLACK
6
CONTINUOUS
10
1.6618341732283464
20
2.2585782677165356
11
1.6618391338582676
21
2.2585279527559057
0
LINE
8
BLACK
6
CONTINUOUS
10
1.6618391338582676
20
2.2585279527559057
11
1.6618391338582676
21
2.2529036614173226
0
LINE
8
BLACK
6
CONTINUOUS
10
1.6618391338582676
20
2.2529036614173226
11
1.6618341732283464
21
2.2528533858267714
0
LINE
8
BLACK
6
CONTINUOUS
10
1.6618341732283464
20
2.2528533858267714
11
1.6618382283464566
21
2.2528299606299211
0
LINE
8
BLACK
6
CONTINUOUS
10
1.6618382283464566
20
2.2528299606299211
11
1.661807125984252
21
2.2525788188976379
0
LINE
8
BLACK
6
CONTINUOUS
10
1.661807125984252
20
2.2525788188976379
11
1.6617824015748031
21
2.2523275984251967
0
LINE
8
BLACK
6
CONTINUOUS
10
1.6617824015748031
20
2.2523275984251967
11
1.6617733070866141
21
2.2523057480314961
0
LINE
8
BLACK
6
CONTINUOUS
10
1.6617733070866141
20
2.2523057480314961
11
1.6617671259842519
21
2.2522555118110237
0
LINE
8
BLACK
6
CONTINUOUS
10
1.6617671259842519
20
2.2522555118110237
11
1.660079842519685
21
2.2447564566929135
0
LINE
8
BLACK
6
CONTINUOUS
10
1.660079842519685
20
2.2447564566929135
11
1.6600765748031496
21
2.2447466929133859
0
LINE
8
BLACK
6
CONTINUOUS
10
1.6600765748031496
20
2.2447466929133859
11
1.6600764566929134
21
2.2447415354330706
0
LINE
8
BLACK
6
CONTINUOUS
10
1.6600764566929134
20
2.2447415354330706
11
1.6599865748031495
21
2.2444746062992125
0
LINE
8
BLACK
6
CONTINUOUS
10
1.6599865748031495
20
2.2444746062992125
11
1.659898031496063
21
2.2442068897637797
0
LINE
8
BLACK
6
CONTINUOUS
10
1.659898031496063
20
2.2442068897637797
11
1.6598950393700787
21
2.2442026771653545
0
LINE
8
BLACK
6
CONTINUOUS
10
1.6598950393700787
20
2.2442026771653545
11
1.6598917716535433
21
2.2441929133858269
0
LINE
8
BLACK
6
CONTINUOUS
10
1.6598917716535433
20
2.2441929133858269
11
1.6582044881889764
21
2.2404433858267714
0
LINE
8
BLACK
6
CONTINUOUS
10
1.6582044881889764
20
2.2404433858267714
11
1.658075433070866
21
2.2402185433070865
0
LINE
8
BLACK
6
CONTINUOUS
10
1.658075433070866
20
2.2402185433070865
11
1.6580497637795275
21
2.2401459448818897
0
LINE
8
BLACK
6
CONTINUOUS
10
1.6580497637795275
20
2.2401459448818897
11
1.6579773228346457
21
2.2400475984251966
0
LINE
8
BLACK
6
CONTINUOUS
10
1.6579773228346457
20
2.2400475984251966
11
1.6579163779527559
21
2.239941338582677
0
LINE
8
BLACK
6
CONTINUOUS
10
1.6579163779527559
20
2.239941338582677
11
1.6578601574803149
21
2.2398884251968503
0
LINE
8
BLACK
6
CONTINUOUS
10
1.6578601574803149
20
2.2398884251968503
11
1.6577065748031496
21
2.2396798031496061
0
LINE
8
BLACK
6
CONTINUOUS
10
1.6577065748031496
20
2.2396798031496061
11
1.654331968503937
21
2.2359302362204723
0
LINE
8
BLACK
6
CONTINUOUS
10
1.654331968503937
20
2.2359302362204723
11
1.6539044488188976
21
2.2355399999999999
0
LINE
8
BLACK
6
CONTINUOUS
10
1.6539044488188976
20
2.2355399999999999
11
1.6537824015748031
21
2.2354817716535433
0
LINE
8
BLACK
6
CONTINUOUS
10
1.6537824015748031
20
2.2354817716535433
11
1.6536832283464566
21
2.2353898425196852
0
LINE
8
BLACK
6
CONTINUOUS
10
1.6536832283464566
20
2.2353898425196852
11
1.6531627559055118
21
2.2351365748031498
0
LINE
8
BLACK
6
CONTINUOUS
10
1.6531627559055118
20
2.2351365748031498
11
1.648100905511811
21
2.2332618110236222
0
LINE
8
BLACK
6
CONTINUOUS
10
1.648100905511811
20
2.2332618110236222
11
1.6477117716535432
21
2.2331597637795273
0
LINE
8
BLACK
6
CONTINUOUS
10
1.6477117716535432
20
2.2331597637795273
11
1.6476514173228347
21
2.2331347244094486
0
LINE
8
BLACK
6
CONTINUOUS
10
1.6476514173228347
20
2.2331347244094486
11
1.6475954330708662
21
2.2331292519685038
0
LINE
8
BLACK
6
CONTINUOUS
10
1.6475954330708662
20
2.2331292519685038
11
1.6475409842519684
21
2.2331149212598427
0
LINE
8
BLACK
6
CONTINUOUS
10
1.6475409842519684
20
2.2331149212598427
11
1.6474755511811023
21
2.233117440944882
0
LINE
8
BLACK
6
CONTINUOUS
10
1.6474755511811023
20
2.233117440944882
11
1.6470753543307086
21
2.2330779921259842
0
LINE
8
BLACK
6
CONTINUOUS
10
1.6470753543307086
20
2.2330779921259842
11
1.6386388976377952
21
2.2330779921259842
0
LINE
8
BLACK
6
CONTINUOUS
10
1.6386388976377952
20
2.2330779921259842
11
1.6380628346456692
21
2.2331347244094486
0
LINE
8
BLACK
6
CONTINUOUS
10
1.6380628346456692
20
2.2331347244094486
11
1.6369984251968503
21
2.2335756299212597
0
LINE
8
BLACK
6
CONTINUOUS
10
1.6369984251968503
20
2.2335756299212597
11
1.6361837795275591
21
2.2343902755905511
0
LINE
8
BLACK
6
CONTINUOUS
10
1.6361837795275591
20
2.2343902755905511
11
1.635742874015748
21
2.2354546850393699
0
LINE
8
BLACK
6
CONTINUOUS
10
1.635742874015748
20
2.2354546850393699
11
1.6356861417322834
21
2.2360307480314958
0
LINE
8
BLACK
6
CONTINUOUS
10
1.6356861417322834
20
2.2360307480314958
11
1.6356861417322834
21
2.2754008267716537
0
LINE
8
BLACK
6
CONTINUOUS
10
1.6356861417322834
20
2.2754008267716537
11
1.635742874015748
21
2.2759768897637795
0
LINE
8
BLACK
6
CONTINUOUS
10
1.635742874015748
20
2.2759768897637795
11
1.6361837795275591
21
2.2770412992125983
0
LINE
8
BLACK
6
CONTINUOUS
10
1.6361837795275591
20
2.2770412992125983
11
1.6369984251968503
21
2.2778559448818898
0
LINE
8
BLACK
6
CONTINUOUS
10
1.6369984251968503
20
2.2778559448818898
11
1.6380628346456692
21
2.2782968503937009
0
LINE
8
BLACK
6
CONTINUOUS
10
1.6380628346456692
20
2.2782968503937009
11
1.6386388976377952
21
2.2783535826771653
0
LINE
8
BLACK
6
CONTINUOUS
10
1.6386388976377952
20
2.2783535826771653
11
1.6470753543307086
21
2.2783535826771653
0
LINE
8
BLACK
6
CONTINUOUS
10
1.6470753543307086
20
2.2783535826771653
11
1.6474755511811023
21
2.2783141732283463
0
LINE
8
BLACK
6
CONTINUOUS
10
1.6415916535433071
20
2.2389835039370078
11
1.6465461023622048
21
2.2389835039370078
0
LINE
8
BLACK
6
CONTINUOUS
10
1.6465461023622048
20
2.2389835039370078
11
1.650429251968504
21
2.2404217322834645
0
LINE
8
BLACK
6
CONTINUOUS
10
1.650429251968504
20
2.2404217322834645
11
1.6530084251968504
21
2.2432874803149607
0
LINE
8
BLACK
6
CONTINUOUS
10
1.6530084251968504
20
2.2432874803149607
11
1.6543838582677164
21
2.2463440551181102
0
LINE
8
BLACK
6
CONTINUOUS
10
1.6543838582677164
20
2.2463440551181102
11
1.655933622047244
21
2.253231811023622
0
LINE
8
BLACK
6
CONTINUOUS
10
1.655933622047244
20
2.253231811023622
11
1.655933622047244
21
2.258199842519685
0
LINE
8
BLACK
6
CONTINUOUS
10
1.655933622047244
20
2.258199842519685
11
1.6543838582677164
21
2.2650875984251968
0
LINE
8
BLACK
6
CONTINUOUS
10
1.6543838582677164
20
2.2650875984251968
11
1.6530084251968504
21
2.2681441732283463
0
LINE
8
BLACK
6
CONTINUOUS
10
1.6530084251968504
20
2.2681441732283463
11
1.6504292125984252
21
2.2710098818897637
0
LINE
8
BLACK
6
CONTINUOUS
10
1.6504292125984252
20
2.2710098818897637
11
1.6465461023622048
21
2.2724480708661416
0
LINE
8
BLACK
6
CONTINUOUS
10
1.6465461023622048
20
2.2724480708661416
11
1.6415916535433071
21
2.2724480708661416
0
LINE
8
BLACK
6
CONTINUOUS
10
1.6415916535433071
20
2.2724480708661416
11
1.6415916535433071
21
2.2389835039370078
0
LINE
8
BLACK
6
CONTINUOUS
10
1.747201496062992
20
2.2782968503937009
11
1.7473589370078739
21
2.2782316535433069
0
LINE
8
BLACK
6
CONTINUOUS
10
1.7473589370078739
20
2.2782316535433069
11
1.7475283070866141
21
2.2782121653543306
0
LINE
8
BLACK
6
CONTINUOUS
10
1.7475283070866141
20
2.2782121653543306
11
1.7480594094488189
21
2.2779820078740158
0
LINE
8
BLACK
6
CONTINUOUS
10
1.7480594094488189
20
2.2779820078740158
11
1.7514339763779527
21
2.2761072440944883
0
LINE
8
BLACK
6
CONTINUOUS
10
1.7514339763779527
20
2.2761072440944883
11
1.7519099999999999
21
2.2757778740157479
0
LINE
8
BLACK
6
CONTINUOUS
10
1.7519099999999999
20
2.2757778740157479
11
1.752626338582677
21
2.2748755511811023
0
LINE
8
BLACK
6
CONTINUOUS
10
1.752626338582677
20
2.2748755511811023
11
1.7529428346456692
21
2.2737677952755906
0
LINE
8
BLACK
6
CONTINUOUS
10
1.7529428346456692
20
2.2737677952755906
11
1.7528113385826771
21
2.2726231889763779
0
LINE
8
BLACK
6
CONTINUOUS
10
1.7528113385826771
20
2.2726231889763779
11
1.752251811023622
21
2.271616062992126
0
LINE
8
BLACK
6
CONTINUOUS
10
1.752251811023622
20
2.271616062992126
11
1.7513494488188976
21
2.2708997244094489
0
LINE
8
BLACK
6
CONTINUOUS
10
1.7513494488188976
20
2.2708997244094489
11
1.7502416929133857
21
2.2705832283464567
0
LINE
8
BLACK
6
CONTINUOUS
10
1.7502416929133857
20
2.2705832283464567
11
1.7490971259842518
21
2.2707147244094488
0
LINE
8
BLACK
6
CONTINUOUS
10
1.7490971259842518
20
2.2707147244094488
11
1.7485659842519685
21
2.2709448818897635
0
LINE
8
BLACK
6
CONTINUOUS
10
1.7485659842519685
20
2.2709448818897635
11
1.7458602755905512
21
2.2724480708661416
0
LINE
8
BLACK
6
CONTINUOUS
10
1.7458602755905512
20
2.2724480708661416
11
1.7420927952755905
21
2.2724480708661416
0
LINE
8
BLACK
6
CONTINUOUS
10
1.7420927952755905
20
2.2724480708661416
11
1.7382096456692913
21
2.2710098818897637
0
LINE
8
BLACK
6
CONTINUOUS
10
1.7382096456692913
20
2.2710098818897637
11
1.7356303937007873
21
2.2681440944881888
0
LINE
8
BLACK
6
CONTINUOUS
10
1.7356303937007873
20
2.2681440944881888
11
1.7342549999999999
21
2.2650876771653543
0
LINE
8
BLACK
6
CONTINUOUS
10
1.7342549999999999
20
2.2650876771653543
11
1.7327052755905512
21
2.258199842519685
0
LINE
8
BLACK
6
CONTINUOUS
10
1.7327052755905512
20
2.258199842519685
11
1.7327052755905512
21
2.253231811023622
0
LINE
8
BLACK
6
CONTINUOUS
10
1.7327052755905512
20
2.253231811023622
11
1.7342549999999999
21
2.2463439763779527
0
LINE
8
BLACK
6
CONTINUOUS
10
1.7342549999999999
20
2.2463439763779527
11
1.7356304330708661
21
2.2432874803149607
0
LINE
8
BLACK
6
CONTINUOUS
10
1.7356304330708661
20
2.2432874803149607
11
1.7382096062992125
21
2.2404217322834645
0
LINE
8
BLACK
6
CONTINUOUS
10
1.7382096062992125
20
2.2404217322834645
11
1.7420927952755905
21
2.2389835039370078
0
LINE
8
BLACK
6
CONTINUOUS
10
1.7420927952755905
20
2.2389835039370078
11
1.7444088976377952
21
2.2389835039370078
0
LINE
8
BLACK
6
CONTINUOUS
10
1.7444088976377952
20
2.2389835039370078
11
1.7482919685039369
21
2.2404216929133858
0
LINE
8
BLACK
6
CONTINUOUS
10
1.7482919685039369
20
2.2404216929133858
11
1.7487345275590551
21
2.2409133858267718
0
LINE
8
BLACK
6
CONTINUOUS
10
1.7487345275590551
20
2.2409133858267718
11
1.7487345275590551
21
2.249950905511811
0
LINE
8
BLACK
6
CONTINUOUS
10
1.7487345275590551
20
2.249950905511811
11
1.7449381102362205
21
2.249950905511811
0
LINE
8
BLACK
6
CONTINUOUS
10
1.7449381102362205
20
2.249950905511811
11
1.7443620472440944
21
2.2500076377952754
0
LINE
8
BLACK
6
CONTINUOUS
10
1.7443620472440944
20
2.2500076377952754
11
1.7432976377952756
21
2.2504485433070864
0
LINE
8
BLACK
6
CONTINUOUS
10
1.7432976377952756
20
2.2504485433070864
11
1.7424829921259841
21
2.2512631889763779
0
LINE
8
BLACK
6
CONTINUOUS
10
1.7424829921259841
20
2.2512631889763779
11
1.7420420866141733
21
2.2523275984251967
0
LINE
8
BLACK
6
CONTINUOUS
10
1.7420420866141733
20
2.2523275984251967
11
1.7420420866141733
21
2.2534797244094489
0
LINE
8
BLACK
6
CONTINUOUS
10
1.7420420866141733
20
2.2534797244094489
11
1.7424829921259841
21
2.2545441338582677
0
LINE
8
BLACK
6
CONTINUOUS
10
1.7424829921259841
20
2.2545441338582677
11
1.7432976377952756
21
2.2553587795275591
0
LINE
8
BLACK
6
CONTINUOUS
10
1.7432976377952756
20
2.2553587795275591
11
1.7443620472440944
21
2.2557996850393702
0
LINE
8
BLACK
6
CONTINUOUS
10
1.7443620472440944
20
2.2557996850393702
11
1.7449381102362205
21
2.2558564173228346
0
LINE
8
BLACK
6
CONTINUOUS
10
1.7449381102362205
20
2.2558564173228346
11
1.7516872834645669
21
2.2558564173228346
0
LINE
8
BLACK
6
CONTINUOUS
10
1.7516872834645669
20
2.2558564173228346
11
1.7522633464566928
21
2.2557996850393702
0
LINE
8
BLACK
6
CONTINUOUS
10
1.7522633464566928
20
2.2557996850393702
11
1.7533277559055118
21
2.2553587795275591
0
LINE
8
BLACK
6
CONTINUOUS
10
1.7533277559055118
20
2.2553587795275591
11
1.7541424015748031
21
2.2545441338582677
0
LINE
8
BLACK
6
CONTINUOUS
10
1.7541424015748031
20
2.2545441338582677
11
1.7545833070866141
21
2.2534797244094489
0
LINE
8
BLACK
6
CONTINUOUS
10
1.7545833070866141
20
2.2534797244094489
11
1.7546400393700787
21
2.2529036614173226
0
LINE
8
BLACK
6
CONTINUOUS
10
1.7546400393700787
20
2.2529036614173226
11
1.7546400393700787
21
2.2397803149606297
0
LINE
8
BLACK
6
CONTINUOUS
10
1.7546400393700787
20
2.2397803149606297
11
1.7546056692913385
21
2.2394313385826772
0
LINE
8
BLACK
6
CONTINUOUS
10
1.7546056692913385
20
2.2394313385826772
11
1.7546095669291337
21
2.239357283464567
0
LINE
8
BLACK
6
CONTINUOUS
10
1.7546095669291337
20
2.239357283464567
11
1.7545940551181103
21
2.2393135039370078
0
LINE
8
BLACK
6
CONTINUOUS
10
1.7545940551181103
20
2.2393135039370078
11
1.7545833070866141
21
2.2392042519685038
0
LINE
8
BLACK
6
CONTINUOUS
10
1.7545833070866141
20
2.2392042519685038
11
1.7543918897637796
21
2.2387422047244092
0
LINE
8
BLACK
6
CONTINUOUS
10
1.7543918897637796
20
2.2387422047244092
11
1.7542252362204724
21
2.2382711811023621
0
LINE
8
BLACK
6
CONTINUOUS
10
1.7542252362204724
20
2.2382711811023621
11
1.7541601968503937
21
2.2381829133858266
0
LINE
8
BLACK
6
CONTINUOUS
10
1.7541601968503937
20
2.2381829133858266
11
1.7541424015748031
21
2.238139842519685
0
LINE
8
BLACK
6
CONTINUOUS
10
1.7541424015748031
20
2.238139842519685
11
1.7540898425196849
21
2.2380873228346454
0
LINE
8
BLACK
6
CONTINUOUS
10
1.7540898425196849
20
2.2380873228346454
11
1.7538820472440944
21
2.2378050393700786
0
LINE
8
BLACK
6
CONTINUOUS
10
1.7538820472440944
20
2.2378050393700786
11
1.7521948031496062
21
2.2359302362204723
0
LINE
8
BLACK
6
CONTINUOUS
10
1.7521948031496062
20
2.2359302362204723
11
1.7517672440944883
21
2.2355399999999999
0
LINE
8
BLACK
6
CONTINUOUS
10
1.7517672440944883
20
2.2355399999999999
11
1.7516451968503937
21
2.2354817716535433
0
LINE
8
BLACK
6
CONTINUOUS
10
1.7516451968503937
20
2.2354817716535433
11
1.7515460236220473
21
2.2353898425196852
0
LINE
8
BLACK
6
CONTINUOUS
10
1.7515460236220473
20
2.2353898425196852
11
1.7510255118110236
21
2.2351365748031498
0
LINE
8
BLACK
6
CONTINUOUS
10
1.7510255118110236
20
2.2351365748031498
11
1.7459636220472441
21
2.2332618110236222
0
LINE
8
BLACK
6
CONTINUOUS
10
1.7459636220472441
20
2.2332618110236222
11
1.7455745275590551
21
2.2331597637795273
0
LINE
8
BLACK
6
CONTINUOUS
10
1.7455745275590551
20
2.2331597637795273
11
1.7455141732283463
21
2.2331347244094486
0
LINE
8
BLACK
6
CONTINUOUS
10
1.7455141732283463
20
2.2331347244094486
11
1.7454581889763778
21
2.2331292519685038
0
LINE
8
BLACK
6
CONTINUOUS
10
1.7454581889763778
20
2.2331292519685038
11
1.7454037401574802
21
2.2331149212598427
0
LINE
8
BLACK
6
CONTINUOUS
10
1.7454037401574802
20
2.2331149212598427
11
1.7453383070866142
21
2.233117440944882
0
LINE
8
BLACK
6
CONTINUOUS
10
1.7453383070866142
20
2.233117440944882
11
1.7449381102362205
21
2.2330779921259842
0
LINE
8
BLACK
6
CONTINUOUS
10
1.7449381102362205
20
2.2330779921259842
11
1.7415635433070866
21
2.2330779921259842
0
LINE
8
BLACK
6
CONTINUOUS
10
1.7415635433070866
20
2.2330779921259842
11
1.7411633070866142
21
2.233117440944882
0
LINE
8
BLACK
6
CONTINUOUS
10
1.7411633070866142
20
2.233117440944882
11
1.7410979133858266
21
2.2331149212598427
0
LINE
8
BLACK
6
CONTINUOUS
10
1.7410979133858266
20
2.2331149212598427
11
1.7410434251968503
21
2.2331292519685038
0
LINE
8
BLACK
6
CONTINUOUS
10
1.7410434251968503
20
2.2331292519685038
11
1.7409874803149605
21
2.2331347244094486
0
LINE
8
BLACK
6
CONTINUOUS
10
1.7409874803149605
20
2.2331347244094486
11
1.7409270866141733
21
2.2331597637795273
0
LINE
8
BLACK
6
CONTINUOUS
10
1.7409270866141733
20
2.2331597637795273
11
1.7405379921259843
21
2.2332618110236222
0
LINE
8
BLACK
6
CONTINUOUS
10
1.7405379921259843
20
2.2332618110236222
11
1.7354761417322835
21
2.2351365748031498
0
LINE
8
BLACK
6
CONTINUOUS
10
1.7354761417322835
20
2.2351365748031498
11
1.7349556692913386
21
2.2353898425196852
0
LINE
8
BLACK
6
CONTINUOUS
10
1.7349556692913386
20
2.2353898425196852
11
1.7348564566929134
21
2.2354817716535433
0
LINE
8
BLACK
6
CONTINUOUS
10
1.7348564566929134
20
2.2354817716535433
11
1.7347344488188976
21
2.2355399999999999
0
LINE
8
BLACK
6
CONTINUOUS
10
1.7347344488188976
20
2.2355399999999999
11
1.7343069291338582
21
2.2359302362204723
0
LINE
8
BLACK
6
CONTINUOUS
10
1.7343069291338582
20
2.2359302362204723
11
1.7309323228346456
21
2.2396798031496061
0
LINE
8
BLACK
6
CONTINUOUS
10
1.7309323228346456
20
2.2396798031496061
11
1.7307787401574803
21
2.2398884251968503
0
LINE
8
BLACK
6
CONTINUOUS
10
1.7307787401574803
20
2.2398884251968503
11
1.7307225590551181
21
2.2399412992125982
0
LINE
8
BLACK
6
CONTINUOUS
10
1.7307225590551181
20
2.2399412992125982
11
1.7306615748031495
21
2.2400475590551179
0
LINE
8
BLACK
6
CONTINUOUS
10
1.7306615748031495
20
2.2400475590551179
11
1.7305891338582677
21
2.2401459448818897
0
LINE
8
BLACK
6
CONTINUOUS
10
1.7305891338582677
20
2.2401459448818897
11
1.7305634251968502
21
2.2402185039370077
0
LINE
8
BLACK
6
CONTINUOUS
10
1.7305634251968502
20
2.2402185039370077
11
1.7304344094488189
21
2.2404433464566931
0
LINE
8
BLACK
6
CONTINUOUS
10
1.7304344094488189
20
2.2404433464566931
11
1.728747125984252
21
2.2441929133858269
0
LINE
8
BLACK
6
CONTINUOUS
10
1.728747125984252
20
2.2441929133858269
11
1.7287438188976378
21
2.2442026771653545
0
LINE
8
BLACK
6
CONTINUOUS
10
1.7287438188976378
20
2.2442026771653545
11
1.7287408661417323
21
2.2442068897637797
0
LINE
8
BLACK
6
CONTINUOUS
10
1.7287408661417323
20
2.2442068897637797
11
1.7286526771653543
21
2.2444734251968503
0
LINE
8
BLACK
6
CONTINUOUS
10
1.7286526771653543
20
2.2444734251968503
11
1.7285624409448819
21
2.2447414960629919
0
LINE
8
BLACK
6
CONTINUOUS
10
1.7285624409448819
20
2.2447414960629919
11
1.7285622834645669
21
2.2447467322834647
0
LINE
8
BLACK
6
CONTINUOUS
10
1.7285622834645669
20
2.2447467322834647
11
1.7285590551181103
21
2.2447564566929135
0
LINE
8
BLACK
6
CONTINUOUS
10
1.7285590551181103
20
2.2447564566929135
11
1.7268717716535433
21
2.2522555118110237
0
LINE
8
BLACK
6
CONTINUOUS
10
1.7268717716535433
20
2.2522555118110237
11
1.7268655511811024
21
2.2523057480314961
0
LINE
8
BLACK
6
CONTINUOUS
10
1.7268655511811024
20
2.2523057480314961
11
1.7268564960629922
21
2.2523275984251967
0
LINE
8
BLACK
6
CONTINUOUS
10
1.7268564960629922
20
2.2523275984251967
11
1.7268317322834645
21
2.2525788188976379
0
LINE
8
BLACK
6
CONTINUOUS
10
1.7268317322834645
20
2.2525788188976379
11
1.7268006692913385
21
2.2528299606299211
0
LINE
8
BLACK
6
CONTINUOUS
10
1.7268006692913385
20
2.2528299606299211
11
1.7268046850393701
21
2.2528533858267714
0
LINE
8
BLACK
6
CONTINUOUS
10
1.7268046850393701
20
2.2528533858267714
11
1.7267997637795276
21
2.2529036614173226
0
LINE
8
BLACK
6
CONTINUOUS
10
1.7267997637795276
20
2.2529036614173226
11
1.7267997637795276
21
2.2585279527559057
0
LINE
8
BLACK
6
CONTINUOUS
10
1.7267997637795276
20
2.2585279527559057
11
1.7268046850393701
21
2.2585782677165356
0
LINE
8
BLACK
6
CONTINUOUS
10
1.7268046850393701
20
2.2585782677165356
11
1.7268006692913385
21
2.2586016535433071
0
LINE
8
BLACK
6
CONTINUOUS
10
1.7268006692913385
20
2.2586016535433071
11
1.7268317322834645
21
2.2588528346456691
0
LINE
8
BLACK
6
CONTINUOUS
10
1.7268317322834645
20
2.2588528346456691
11
1.7268564960629922
21
2.2591040157480315
0
LINE
8
BLACK
6
CONTINUOUS
10
1.7268564960629922
20
2.2591040157480315
11
1.7268655511811024
21
2.2591259055118109
0
LINE
8
BLACK
6
CONTINUOUS
10
1.7268655511811024
20
2.2591259055118109
11
1.7268717716535433
21
2.2591761023622046
0
LINE
8
BLACK
6
CONTINUOUS
10
1.7268717716535433
20
2.2591761023622046
11
1.7285590551181103
21
2.2666751574803148
0
LINE
8
BLACK
6
CONTINUOUS
10
1.7285590551181103
20
2.2666751574803148
11
1.7285622834645669
21
2.2666849212598423
0
LINE
8
BLACK
6
CONTINUOUS
10
1.7285622834645669
20
2.2666849212598423
11
1.7285624409448819
21
2.2666901181102364
0
LINE
8
BLACK
6
CONTINUOUS
10
1.7285624409448819
20
2.2666901181102364
11
1.7286526771653543
21
2.2669582283464567
0
LINE
8
BLACK
6
CONTINUOUS
10
1.7286526771653543
20
2.2669582283464567
11
1.7287408661417323
21
2.2672247244094486
0
LINE
8
BLACK
6
CONTINUOUS
10
1.7287408661417323
20
2.2672247244094486
11
1.7287438188976378
21
2.2672289763779525
0
LINE
8
BLACK
6
CONTINUOUS
10
1.7287438188976378
20
2.2672289763779525
11
1.728747125984252
21
2.2672387007874013
0
LINE
8
BLACK
6
CONTINUOUS
10
1.728747125984252
20
2.2672387007874013
11
1.7304344094488189
21
2.2709882677165352
0
LINE
8
BLACK
6
CONTINUOUS
10
1.7304344094488189
20
2.2709882677165352
11
1.7305633858267717
21
2.2712130708661418
0
LINE
8
BLACK
6
CONTINUOUS
10
1.7305633858267717
20
2.2712130708661418
11
1.7305891338582677
21
2.2712857086614173
0
LINE
8
BLACK
6
CONTINUOUS
10
1.7305891338582677
20
2.2712857086614173
11
1.730661653543307
21
2.2713842519685037
0
LINE
8
BLACK
6
CONTINUOUS
10
1.730661653543307
20
2.2713842519685037
11
1.7307225590551181
21
2.27149031496063
0
LINE
8
BLACK
6
CONTINUOUS
10
1.7307225590551181
20
2.27149031496063
11
1.7307786220472441
21
2.2715431496062992
0
LINE
8
BLACK
6
CONTINUOUS
10
1.7307786220472441
20
2.2715431496062992
11
1.7309323228346456
21
2.2717518503937009
0
LINE
8
BLACK
6
CONTINUOUS
10
1.7309323228346456
20
2.2717518503937009
11
1.7343069291338582
21
2.2755013385826772
0
LINE
8
BLACK
6
CONTINUOUS
10
1.7343069291338582
20
2.2755013385826772
11
1.7347344488188976
21
2.2758915748031496
0
LINE
8
BLACK
6
CONTINUOUS
10
1.7347344488188976
20
2.2758915748031496
11
1.7348564566929134
21
2.2759498425196849
0
LINE
8
BLACK
6
CONTINUOUS
10
1.7348564566929134
20
2.2759498425196849
11
1.7349556692913386
21
2.2760417322834647
0
LINE
8
BLACK
6
CONTINUOUS
10
1.7349556692913386
20
2.2760417322834647
11
1.7354761417322835
21
2.2762949999999997
0
LINE
8
BLACK
6
CONTINUOUS
10
1.7354761417322835
20
2.2762949999999997
11
1.7405379921259843
21
2.2781697637795273
0
LINE
8
BLACK
6
CONTINUOUS
10
1.7405379921259843
20
2.2781697637795273
11
1.7409270866141733
21
2.2782718503937009
0
LINE
8
BLACK
6
CONTINUOUS
10
1.7409270866141733
20
2.2782718503937009
11
1.7409874803149605
21
2.2782968503937009
0
LINE
8
BLACK
6
CONTINUOUS
10
1.7409874803149605
20
2.2782968503937009
11
1.7410434251968503
21
2.2783023622047245
0
LINE
8
BLACK
6
CONTINUOUS
10
1.7410434251968503
20
2.2783023622047245
11
1.7410979133858266
21
2.2783166535433068
0
LINE
8
BLACK
6
CONTINUOUS
10
1.7410979133858266
20
2.2783166535433068
11
1.7411633070866142
21
2.2783141732283463
0
LINE
8
BLACK
6
CONTINUOUS
10
1.7411633070866142
20
2.2783141732283463
11
1.7415635433070866
21
2.2783535826771653
0
LINE
8
BLACK
6
CONTINUOUS
10
1.7415635433070866
20
2.2783535826771653
11
1.7466254330708662
21
2.2783535826771653
0
LINE
8
BLACK
6
CONTINUOUS
10
1.7466254330708662
20
2.2783535826771653
11
1.747201496062992
21
2.2782968503937009
0
LINE
8
BLACK
6
CONTINUOUS
10
1.8128298818897637
20
2.2783141732283463
11
1.8128953149606299
21
2.2783166535433068
0
LINE
8
BLACK
6
CONTINUOUS
10
1.8128953149606299
20
2.2783166535433068
11
1.8129497637795275
21
2.2783023622047245
0
LINE
8
BLACK
6
CONTINUOUS
10
1.8129497637795275
20
2.2783023622047245
11
1.8130057480314961
21
2.2782968503937009
0
LINE
8
BLACK
6
CONTINUOUS
10
1.8130057480314961
20
2.2782968503937009
11
1.8130661023622048
21
2.2782718503937009
0
LINE
8
BLACK
6
CONTINUOUS
10
1.8130661023622048
20
2.2782718503937009
11
1.8134552362204723
21
2.2781697637795273
0
LINE
8
BLACK
6
CONTINUOUS
10
1.8134552362204723
20
2.2781697637795273
11
1.8185170866141731
21
2.2762949999999997
0
LINE
8
BLACK
6
CONTINUOUS
10
1.8185170866141731
20
2.2762949999999997
11
1.819037559055118
21
2.2760417322834647
0
LINE
8
BLACK
6
CONTINUOUS
10
1.819037559055118
20
2.2760417322834647
11
1.8191367716535434
21
2.2759498031496062
0
LINE
8
BLACK
6
CONTINUOUS
10
1.8191367716535434
20
2.2759498031496062
11
1.8192587401574802
21
2.2758915748031496
0
LINE
8
BLACK
6
CONTINUOUS
10
1.8192587401574802
20
2.2758915748031496
11
1.8196862992125984
21
2.275501377952756
0
LINE
8
BLACK
6
CONTINUOUS
10
1.8196862992125984
20
2.275501377952756
11
1.823060905511811
21
2.2717518503937009
0
LINE
8
BLACK
6
CONTINUOUS
10
1.823060905511811
20
2.2717518503937009
11
1.8232145669291338
21
2.2715431102362205
0
LINE
8
BLACK
6
CONTINUOUS
10
1.8232145669291338
20
2.2715431102362205
11
1.8232707086614173
21
2.2714902755905513
0
LINE
8
BLACK
6
CONTINUOUS
10
1.8232707086614173
20
2.2714902755905513
11
1.8233315748031496
21
2.2713842125984249
0
LINE
8
BLACK
6
CONTINUOUS
10
1.8233315748031496
20
2.2713842125984249
11
1.8234040944881889
21
2.2712857086614173
0
LINE
8
BLACK
6
CONTINUOUS
10
1.8234040944881889
20
2.2712857086614173
11
1.8234298031496063
21
2.271213031496063
0
LINE
8
BLACK
6
CONTINUOUS
10
1.8234298031496063
20
2.271213031496063
11
1.8235588188976377
21
2.2709882283464569
0
LINE
8
BLACK
6
CONTINUOUS
10
1.8235588188976377
20
2.2709882283464569
11
1.8252461023622046
21
2.2672387007874013
0
LINE
8
BLACK
6
CONTINUOUS
10
1.8252461023622046
20
2.2672387007874013
11
1.8252493700787402
21
2.2672289763779525
0
LINE
8
BLACK
6
CONTINUOUS
10
1.8252493700787402
20
2.2672289763779525
11
1.8252523622047243
21
2.2672247244094486
0
LINE
8
BLACK
6
CONTINUOUS
10
1.8252523622047243
20
2.2672247244094486
11
1.8253409055118111
21
2.2669570472440945
0
LINE
8
BLACK
6
CONTINUOUS
10
1.8253409055118111
20
2.2669570472440945
11
1.8254307874015747
21
2.2666900787401576
0
LINE
8
BLACK
6
CONTINUOUS
10
1.8254307874015747
20
2.2666900787401576
11
1.825430905511811
21
2.2666849606299211
0
LINE
8
BLACK
6
CONTINUOUS
10
1.825430905511811
20
2.2666849606299211
11
1.8254341732283463
21
2.2666751574803148
0
LINE
8
BLACK
6
CONTINUOUS
10
1.8254341732283463
20
2.2666751574803148
11
1.8271214566929133
21
2.2591761023622046
0
LINE
8
BLACK
6
CONTINUOUS
10
1.8271214566929133
20
2.2591761023622046
11
1.8271276377952756
21
2.2591259055118109
0
LINE
8
BLACK
6
CONTINUOUS
10
1.8271276377952756
20
2.2591259055118109
11
1.8271367322834646
21
2.2591040157480315
0
LINE
8
BLACK
6
CONTINUOUS
10
1.8271367322834646
20
2.2591040157480315
11
1.8271614566929133
21
2.2588528346456691
0
LINE
8
BLACK
6
CONTINUOUS
10
1.8271614566929133
20
2.2588528346456691
11
1.8271925590551181
21
2.2586016535433071
0
LINE
8
BLACK
6
CONTINUOUS
10
1.8271925590551181
20
2.2586016535433071
11
1.8271885039370079
21
2.2585782677165356
0
LINE
8
BLACK
6
CONTINUOUS
10
1.8271885039370079
20
2.2585782677165356
11
1.827193464566929
21
2.2585279527559057
0
LINE
8
BLACK
6
CONTINUOUS
10
1.827193464566929
20
2.2585279527559057
11
1.827193464566929
21
2.2529036614173226
0
LINE
8
BLACK
6
CONTINUOUS
10
1.827193464566929
20
2.2529036614173226
11
1.8271885039370079
21
2.2528533858267714
0
LINE
8
BLACK
6
CONTINUOUS
10
1.8271885039370079
20
2.2528533858267714
11
1.8271925590551181
21
2.2528299606299211
0
LINE
8
BLACK
6
CONTINUOUS
10
1.8271925590551181
20
2.2528299606299211
11
1.8271614566929133
21
2.2525788188976379
0
LINE
8
BLACK
6
CONTINUOUS
10
1.8271614566929133
20
2.2525788188976379
11
1.8271367322834646
21
2.2523275984251967
0
LINE
8
BLACK
6
CONTINUOUS
10
1.8271367322834646
20
2.2523275984251967
11
1.8271276377952756
21
2.2523057480314961
0
LINE
8
BLACK
6
CONTINUOUS
10
1.8271276377952756
20
2.2523057480314961
11
1.8271214566929133
21
2.2522555118110237
0
LINE
8
BLACK
6
CONTINUOUS
10
1.8271214566929133
20
2.2522555118110237
11
1.8254341732283463
21
2.2447564566929135
0
LINE
8
BLACK
6
CONTINUOUS
10
1.8254341732283463
20
2.2447564566929135
11
1.825430905511811
21
2.2447466929133859
0
LINE
8
BLACK
6
CONTINUOUS
10
1.825430905511811
20
2.2447466929133859
11
1.8254307874015747
21
2.2447415354330706
0
LINE
8
BLACK
6
CONTINUOUS
10
1.8254307874015747
20
2.2447415354330706
11
1.8253409055118111
21
2.2444746062992125
0
LINE
8
BLACK
6
CONTINUOUS
10
1.8253409055118111
20
2.2444746062992125
11
1.8252523622047243
21
2.2442068897637797
0
LINE
8
BLACK
6
CONTINUOUS
10
1.8252523622047243
20
2.2442068897637797
11
1.8252493700787402
21
2.2442026771653545
0
LINE
8
BLACK
6
CONTINUOUS
10
1.8252493700787402
20
2.2442026771653545
11
1.8252461023622046
21
2.2441929133858269
0
LINE
8
BLACK
6
CONTINUOUS
10
1.8252461023622046
20
2.2441929133858269
11
1.8235588188976377
21
2.2404433858267714
0
LINE
8
BLACK
6
CONTINUOUS
10
1.8235588188976377
20
2.2404433858267714
11
1.8234297637795276
21
2.2402185433070865
0
LINE
8
BLACK
6
CONTINUOUS
10
1.8234297637795276
20
2.2402185433070865
11
1.8234040944881889
21
2.2401459448818897
0
LINE
8
BLACK
6
CONTINUOUS
10
1.8234040944881889
20
2.2401459448818897
11
1.8233316535433071
21
2.2400475984251966
0
LINE
8
BLACK
6
CONTINUOUS
10
1.8233316535433071
20
2.2400475984251966
11
1.8232707086614173
21
2.239941338582677
0
LINE
8
BLACK
6
CONTINUOUS
10
1.8232707086614173
20
2.239941338582677
11
1.8232144881889762
21
2.2398884251968503
0
LINE
8
BLACK
6
CONTINUOUS
10
1.8232144881889762
20
2.2398884251968503
11
1.823060905511811
21
2.2396798031496061
0
LINE
8
BLACK
6
CONTINUOUS
10
1.823060905511811
20
2.2396798031496061
11
1.8196862992125984
21
2.2359302362204723
0
LINE
8
BLACK
6
CONTINUOUS
10
1.8196862992125984
20
2.2359302362204723
11
1.819258779527559
21
2.2355399999999999
0
LINE
8
BLACK
6
CONTINUOUS
10
1.819258779527559
20
2.2355399999999999
11
1.8191367322834646
21
2.2354817716535433
0
LINE
8
BLACK
6
CONTINUOUS
10
1.8191367322834646
20
2.2354817716535433
11
1.819037559055118
21
2.2353898425196852
0
LINE
8
BLACK
6
CONTINUOUS
10
1.819037559055118
20
2.2353898425196852
11
1.8185170866141731
21
2.2351365748031498
0
LINE
8
BLACK
6
CONTINUOUS
10
1.8185170866141731
20
2.2351365748031498
11
1.8134552362204723
21
2.2332618110236222
0
LINE
8
BLACK
6
CONTINUOUS
10
1.8134552362204723
20
2.2332618110236222
11
1.8130661023622048
21
2.2331597637795273
0
LINE
8
BLACK
6
CONTINUOUS
10
1.8130661023622048
20
2.2331597637795273
11
1.8130057480314961
21
2.2331347244094486
0
LINE
8
BLACK
6
CONTINUOUS
10
1.8130057480314961
20
2.2331347244094486
11
1.8129497637795275
21
2.2331292519685038
0
LINE
8
BLACK
6
CONTINUOUS
10
1.8129497637795275
20
2.2331292519685038
11
1.8128953149606299
21
2.2331149212598427
0
LINE
8
BLACK
6
CONTINUOUS
10
1.8128953149606299
20
2.2331149212598427
11
1.8128298818897637
21
2.233117440944882
0
LINE
8
BLACK
6
CONTINUOUS
10
1.8128298818897637
20
2.233117440944882
11
1.81242968503937
21
2.2330779921259842
0
LINE
8
BLACK
6
CONTINUOUS
10
1.81242968503937
20
2.2330779921259842
11
1.8039932283464566
21
2.2330779921259842
0
LINE
8
BLACK
6
CONTINUOUS
10
1.8039932283464566
20
2.2330779921259842
11
1.8034171653543307
21
2.2331347244094486
0
LINE
8
BLACK
6
CONTINUOUS
10
1.8034171653543307
20
2.2331347244094486
11
1.8023527559055117
21
2.2335756299212597
0
LINE
8
BLACK
6
CONTINUOUS
10
1.8023527559055117
20
2.2335756299212597
11
1.8015381102362205
21
2.2343902755905511
0
LINE
8
BLACK
6
CONTINUOUS
10
1.8015381102362205
20
2.2343902755905511
11
1.8010972047244094
21
2.2354546850393699
0
LINE
8
BLACK
6
CONTINUOUS
10
1.8010972047244094
20
2.2354546850393699
11
1.8010404724409448
21
2.2360307480314958
0
LINE
8
BLACK
6
CONTINUOUS
10
1.8010404724409448
20
2.2360307480314958
11
1.8010404724409448
21
2.2754008267716537
0
LINE
8
BLACK
6
CONTINUOUS
10
1.8010404724409448
20
2.2754008267716537
11
1.8010972047244094
21
2.2759768897637795
0
LINE
8
BLACK
6
CONTINUOUS
10
1.8010972047244094
20
2.2759768897637795
11
1.8015381102362205
21
2.2770412992125983
0
LINE
8
BLACK
6
CONTINUOUS
10
1.8015381102362205
20
2.2770412992125983
11
1.8023527559055117
21
2.2778559448818898
0
LINE
8
BLACK
6
CONTINUOUS
10
1.8023527559055117
20
2.2778559448818898
11
1.8034171653543307
21
2.2782968503937009
0
LINE
8
BLACK
6
CONTINUOUS
10
1.8034171653543307
20
2.2782968503937009
11
1.8039932283464566
21
2.2783535826771653
0
LINE
8
BLACK
6
CONTINUOUS
10
1.8039932283464566
20
2.2783535826771653
11
1.81242968503937
21
2.2783535826771653
0
LINE
8
BLACK
6
CONTINUOUS
10
1.81242968503937
20
2.2783535826771653
11
1.8128298818897637
21
2.2783141732283463
0
LINE
8
BLACK
6
CONTINUOUS
10
1.8069459842519684
20
2.2389835039370078
11
1.8119004330708661
21
2.2389835039370078
0
LINE
8
BLACK
6
CONTINUOUS
10
1.8119004330708661
20
2.2389835039370078
11
1.8157835826771653
21
2.2404217322834645
0
LINE
8
BLACK
6
CONTINUOUS
10
1.8157835826771653
20
2.2404217322834645
11
1.8183627559055118
21
2.2432874803149607
0
LINE
8
BLACK
6
CONTINUOUS
10
1.8183627559055118
20
2.2432874803149607
11
1.819738188976378
21
2.2463440551181102
0
LINE
8
BLACK
6
CONTINUOUS
10
1.819738188976378
20
2.2463440551181102
11
1.8212879527559054
21
2.253231811023622
0
LINE
8
BLACK
6
CONTINUOUS
10
1.8212879527559054
20
2.253231811023622
11
1.8212879527559054
21
2.258199842519685
0
LINE
8
BLACK
6
CONTINUOUS
10
1.8212879527559054
20
2.258199842519685
11
1.819738188976378
21
2.2650875984251968
0
LINE
8
BLACK
6
CONTINUOUS
10
1.819738188976378
20
2.2650875984251968
11
1.8183627559055118
21
2.2681441732283463
0
LINE
8
BLACK
6
CONTINUOUS
10
1.8183627559055118
20
2.2681441732283463
11
1.8157835433070866
21
2.2710098818897637
0
LINE
8
BLACK
6
CONTINUOUS
10
1.8157835433070866
20
2.2710098818897637
11
1.8119004330708661
21
2.2724480708661416
0
LINE
8
BLACK
6
CONTINUOUS
10
1.8119004330708661
20
2.2724480708661416
11
1.8069459842519684
21
2.2724480708661416
0
LINE
8
BLACK
6
CONTINUOUS
10
1.8069459842519684
20
2.2724480708661416
11
1.8069459842519684
21
2.2389835039370078
0
LINE
8
BLACK
6
CONTINUOUS
10
1.4966032677165353
20
2.278009212598425
11
1.4974961023622047
21
2.2772810236220473
0
LINE
8
BLACK
6
CONTINUOUS
10
1.4974961023622047
20
2.2772810236220473
11
1.4980422834645668
21
2.2762666535433072
0
LINE
8
BLACK
6
CONTINUOUS
10
1.4980422834645668
20
2.2762666535433072
11
1.4981587401574803
21
2.2751204330708661
0
LINE
8
BLACK
6
CONTINUOUS
10
1.4981587401574803
20
2.2751204330708661
11
1.4980475590551181
21
2.2745523622047243
0
LINE
8
BLACK
6
CONTINUOUS
10
1.4980475590551181
20
2.2745523622047243
11
1.4862365354330709
21
2.2351822834645669
0
LINE
8
BLACK
6
CONTINUOUS
10
1.4862365354330709
20
2.2351822834645669
11
1.4862318503937006
21
2.2351709448818897
0
LINE
8
BLACK
6
CONTINUOUS
10
1.4862318503937006
20
2.2351709448818897
11
1.4862312598425196
21
2.2351649212598423
0
LINE
8
BLACK
6
CONTINUOUS
10
1.4862312598425196
20
2.2351649212598423
11
1.4862234251968505
21
2.2351504330708662
0
LINE
8
BLACK
6
CONTINUOUS
10
1.4862234251968505
20
2.2351504330708662
11
1.486016653543307
21
2.2346468110236222
0
LINE
8
BLACK
6
CONTINUOUS
10
1.486016653543307
20
2.2346468110236222
11
1.4858272047244094
21
2.2344145275590552
0
LINE
8
BLACK
6
CONTINUOUS
10
1.4858272047244094
20
2.2344145275590552
11
1.4856850787401574
21
2.2341505511811022
0
LINE
8
BLACK
6
CONTINUOUS
10
1.4856850787401574
20
2.2341505511811022
11
1.4854666141732282
21
2.2339724015748033
0
LINE
8
BLACK
6
CONTINUOUS
10
1.4854666141732282
20
2.2339724015748033
11
1.4852885039370078
21
2.2337539763779528
0
LINE
8
BLACK
6
CONTINUOUS
10
1.4852885039370078
20
2.2337539763779528
11
1.4850246062992125
21
2.2336119291338581
0
LINE
8
BLACK
6
CONTINUOUS
10
1.4850246062992125
20
2.2336119291338581
11
1.4847922440944881
21
2.2334223622047245
0
LINE
8
BLACK
6
CONTINUOUS
10
1.4847922440944881
20
2.2334223622047245
11
1.484522125984252
21
2.2333413385826772
0
LINE
8
BLACK
6
CONTINUOUS
10
1.484522125984252
20
2.2333413385826772
11
1.4842741338582677
21
2.2332077952755904
0
LINE
8
BLACK
6
CONTINUOUS
10
1.4842741338582677
20
2.2332077952755904
11
1.4839760629921259
21
2.2331775196850394
0
LINE
8
BLACK
6
CONTINUOUS
10
1.4839760629921259
20
2.2331775196850394
11
1.4836887007874016
21
2.2330912992125982
0
LINE
8
BLACK
6
CONTINUOUS
10
1.4836887007874016
20
2.2330912992125982
11
1.4834081102362204
21
2.233119842519685
0
LINE
8
BLACK
6
CONTINUOUS
10
1.4834081102362204
20
2.233119842519685
11
1.4831279133858268
21
2.2330913385826769
0
LINE
8
BLACK
6
CONTINUOUS
10
1.4831279133858268
20
2.2330913385826769
11
1.482840905511811
21
2.2331774409448819
0
LINE
8
BLACK
6
CONTINUOUS
10
1.482840905511811
20
2.2331774409448819
11
1.4825424803149605
21
2.2332077559055117
0
LINE
8
BLACK
6
CONTINUOUS
10
1.4825424803149605
20
2.2332077559055117
11
1.4822941732283463
21
2.2333414566929135
0
LINE
8
BLACK
6
CONTINUOUS
10
1.4822941732283463
20
2.2333414566929135
11
1.4820243700787401
21
2.2334224015748032
0
LINE
8
BLACK
6
CONTINUOUS
10
1.4820243700787401
20
2.2334224015748032
11
1.4817920866141732
21
2.2336118110236218
0
LINE
8
BLACK
6
CONTINUOUS
10
1.4817920866141732
20
2.2336118110236218
11
1.4815281102362203
21
2.2337539763779528
0
LINE
8
BLACK
6
CONTINUOUS
10
1.4815281102362203
20
2.2337539763779528
11
1.4813499606299212
21
2.233972440944882
0
LINE
8
BLACK
6
CONTINUOUS
10
1.4813499606299212
20
2.233972440944882
11
1.4811315354330707
21
2.2341505511811022
0
LINE
8
BLACK
6
CONTINUOUS
10
1.4811315354330707
20
2.2341505511811022
11
1.4809893700787402
21
2.2344145275590552
0
LINE
8
BLACK
6
CONTINUOUS
10
1.4809893700787402
20
2.2344145275590552
11
1.4807999606299211
21
2.2346468110236222
0
LINE
8
BLACK
6
CONTINUOUS
10
1.4807999606299211
20
2.2346468110236222
11
1.4805931496062992
21
2.2351504330708662
0
LINE
8
BLACK
6
CONTINUOUS
10
1.4805931496062992
20
2.2351504330708662
11
1.4805853543307086
21
2.2351649212598423
0
LINE
8
BLACK
6
CONTINUOUS
10
1.4805853543307086
20
2.2351649212598423
11
1.4805847244094488
21
2.2351709448818897
0
LINE
8
BLACK
6
CONTINUOUS
10
1.4805847244094488
20
2.2351709448818897
11
1.4805800787401575
21
2.2351822834645669
0
LINE
8
BLACK
6
CONTINUOUS
10
1.4805800787401575
20
2.2351822834645669
11
1.4687690551181103
21
2.2745523622047243
0
LINE
8
BLACK
6
CONTINUOUS
10
1.4687690551181103
20
2.2745523622047243
11
1.4686578740157481
21
2.2751204330708661
0
LINE
8
BLACK
6
CONTINUOUS
10
1.4686578740157481
20
2.2751204330708661
11
1.4687743307086614
21
2.2762666535433072
0
LINE
8
BLACK
6
CONTINUOUS
10
1.4687743307086614
20
2.2762666535433072
11
1.4693205118110235
21
2.2772810236220473
0
LINE
8
BLACK
6
CONTINUOUS
10
1.4693205118110235
20
2.2772810236220473
11
1.4702133464566929
21
2.2780091732283463
0
LINE
8
BLACK
6
CONTINUOUS
10
1.4702133464566929
20
2.2780091732283463
11
1.4713168897637794
21
2.2783402362204725
0
LINE
8
BLACK
6
CONTINUOUS
10
1.4713168897637794
20
2.2783402362204725
11
1.4724631102362205
21
2.2782237795275591
0
LINE
8
BLACK
6
CONTINUOUS
10
1.4724631102362205
20
2.2782237795275591
11
1.4734774803149606
21
2.2776775984251967
0
LINE
8
BLACK
6
CONTINUOUS
10
1.4734774803149606
20
2.2776775984251967
11
1.4742056299212598
21
2.2767847637795273
0
LINE
8
BLACK
6
CONTINUOUS
10
1.4742056299212598
20
2.2767847637795273
11
1.4744255118110237
21
2.2762492913385826
0
LINE
8
BLACK
6
CONTINUOUS
10
1.4744255118110237
20
2.2762492913385826
11
1.4834083070866142
21
2.2463066535433072
0
LINE
8
BLACK
6
CONTINUOUS
10
1.4834083070866142
20
2.2463066535433072
11
1.4923911023622047
21
2.2762492913385826
0
LINE
8
BLACK
6
CONTINUOUS
10
1.4923911023622047
20
2.2762492913385826
11
1.4926109842519684
21
2.2767847637795273
0
LINE
8
BLACK
6
CONTINUOUS
10
1.4926109842519684
20
2.2767847637795273
11
1.4933391338582678
21
2.2776775984251967
0
LINE
8
BLACK
6
CONTINUOUS
10
1.4933391338582678
20
2.2776775984251967
11
1.4943535039370079
21
2.2782238188976378
0
LINE
8
BLACK
6
CONTINUOUS
10
1.4943535039370079
20
2.2782238188976378
11
1.4954997244094488
21
2.2783402755905513
0
LINE
8
BLACK
6
CONTINUOUS
10
1.4954997244094488
20
2.2783402755905513
11
1.4966032677165353
21
2.278009212598425
0
LINE
8
BLACK
6
CONTINUOUS
10
1.6813888976377953
20
2.2782540944881888
11
1.6816869685039371
21
2.2782237795275591
0
LINE
8
BLACK
6
CONTINUOUS
10
1.6816869685039371
20
2.2782237795275591
11
1.6819349606299212
21
2.278090275590551
0
LINE
8
BLACK
6
CONTINUOUS
10
1.6819349606299212
20
2.278090275590551
11
1.6822050787401575
21
2.278009212598425
0
LINE
8
BLACK
6
CONTINUOUS
10
1.6822050787401575
20
2.278009212598425
11
1.6824374409448819
21
2.2778196850393702
0
LINE
8
BLACK
6
CONTINUOUS
10
1.6824374409448819
20
2.2778196850393702
11
1.6827013385826772
21
2.2776775984251967
0
LINE
8
BLACK
6
CONTINUOUS
10
1.6827013385826772
20
2.2776775984251967
11
1.6828794488188976
21
2.277459212598425
0
LINE
8
BLACK
6
CONTINUOUS
10
1.6828794488188976
20
2.277459212598425
11
1.6830979133858268
21
2.2772810236220473
0
LINE
8
BLACK
6
CONTINUOUS
10
1.6830979133858268
20
2.2772810236220473
11
1.6832400393700786
21
2.277017086614173
0
LINE
8
BLACK
6
CONTINUOUS
10
1.6832400393700786
20
2.277017086614173
11
1.6834294881889764
21
2.2767847637795273
0
LINE
8
BLACK
6
CONTINUOUS
10
1.6834294881889764
20
2.2767847637795273
11
1.6836362598425196
21
2.276281181102362
0
LINE
8
BLACK
6
CONTINUOUS
10
1.6836362598425196
20
2.276281181102362
11
1.683644094488189
21
2.2762666535433072
0
LINE
8
BLACK
6
CONTINUOUS
10
1.683644094488189
20
2.2762666535433072
11
1.68364468503937
21
2.2762606692913385
0
LINE
8
BLACK
6
CONTINUOUS
10
1.68364468503937
20
2.2762606692913385
11
1.68364937007874
21
2.2762492913385826
0
LINE
8
BLACK
6
CONTINUOUS
10
1.68364937007874
20
2.2762492913385826
11
1.6954603937007873
21
2.2368792125984251
0
LINE
8
BLACK
6
CONTINUOUS
10
1.6954603937007873
20
2.2368792125984251
11
1.6955715748031495
21
2.2363111417322834
0
LINE
8
BLACK
6
CONTINUOUS
10
1.6955715748031495
20
2.2363111417322834
11
1.6954551181102362
21
2.2351649212598423
0
LINE
8
BLACK
6
CONTINUOUS
10
1.6954551181102362
20
2.2351649212598423
11
1.694908937007874
21
2.2341505511811022
0
LINE
8
BLACK
6
CONTINUOUS
10
1.694908937007874
20
2.2341505511811022
11
1.6940161023622047
21
2.2334223622047245
0
LINE
8
BLACK
6
CONTINUOUS
10
1.6940161023622047
20
2.2334223622047245
11
1.6929125590551182
21
2.2330912992125982
0
LINE
8
BLACK
6
CONTINUOUS
10
1.6929125590551182
20
2.2330912992125982
11
1.6917663385826771
21
2.2332077559055117
0
LINE
8
BLACK
6
CONTINUOUS
10
1.6917663385826771
20
2.2332077559055117
11
1.6907519685039369
21
2.2337539763779528
0
LINE
8
BLACK
6
CONTINUOUS
10
1.6907519685039369
20
2.2337539763779528
11
1.6900238188976378
21
2.2346468110236222
0
LINE
8
BLACK
6
CONTINUOUS
10
1.6900238188976378
20
2.2346468110236222
11
1.6898039370078739
21
2.2351822834645669
0
LINE
8
BLACK
6
CONTINUOUS
10
1.6898039370078739
20
2.2351822834645669
11
1.6870606299212598
21
2.2443266141732283
0
LINE
8
BLACK
6
CONTINUOUS
10
1.6870606299212598
20
2.2443266141732283
11
1.6745816535433071
21
2.2443266141732283
0
LINE
8
BLACK
6
CONTINUOUS
10
1.6745816535433071
20
2.2443266141732283
11
1.6718383464566928
21
2.2351822834645669
0
LINE
8
BLACK
6
CONTINUOUS
10
1.6718383464566928
20
2.2351822834645669
11
1.6716184645669292
21
2.2346468110236222
0
LINE
8
BLACK
6
CONTINUOUS
10
1.6716184645669292
20
2.2346468110236222
11
1.6708903149606298
21
2.2337539763779528
0
LINE
8
BLACK
6
CONTINUOUS
10
1.6708903149606298
20
2.2337539763779528
11
1.6698759448818896
21
2.2332077952755904
0
LINE
8
BLACK
6
CONTINUOUS
10
1.6698759448818896
20
2.2332077952755904
11
1.6687297244094488
21
2.2330913385826769
0
LINE
8
BLACK
6
CONTINUOUS
10
1.6687297244094488
20
2.2330913385826769
11
1.6676261811023623
21
2.2334224015748032
0
LINE
8
BLACK
6
CONTINUOUS
10
1.6676261811023623
20
2.2334224015748032
11
1.6667333464566929
21
2.2341505511811022
0
LINE
8
BLACK
6
CONTINUOUS
10
1.6667333464566929
20
2.2341505511811022
11
1.6661871653543308
21
2.2351649212598423
0
LINE
8
BLACK
6
CONTINUOUS
10
1.6661871653543308
20
2.2351649212598423
11
1.6660707086614173
21
2.2363111417322834
0
LINE
8
BLACK
6
CONTINUOUS
10
1.6660707086614173
20
2.2363111417322834
11
1.6661818897637795
21
2.2368792125984251
0
LINE
8
BLACK
6
CONTINUOUS
10
1.6661818897637795
20
2.2368792125984251
11
1.6779929133858267
21
2.2762492913385826
0
LINE
8
BLACK
6
CONTINUOUS
10
1.6779929133858267
20
2.2762492913385826
11
1.6779975590551182
21
2.2762606692913385
0
LINE
8
BLACK
6
CONTINUOUS
10
1.6779975590551182
20
2.2762606692913385
11
1.677998188976378
21
2.2762666535433072
0
LINE
8
BLACK
6
CONTINUOUS
10
1.677998188976378
20
2.2762666535433072
11
1.6780059842519686
21
2.276281181102362
0
LINE
8
BLACK
6
CONTINUOUS
10
1.6780059842519686
20
2.276281181102362
11
1.6782127952755905
21
2.2767847637795273
0
LINE
8
BLACK
6
CONTINUOUS
10
1.6782127952755905
20
2.2767847637795273
11
1.6784022047244094
21
2.277017086614173
0
LINE
8
BLACK
6
CONTINUOUS
10
1.6784022047244094
20
2.277017086614173
11
1.6785443700787401
21
2.2772810236220473
0
LINE
8
BLACK
6
CONTINUOUS
10
1.6785443700787401
20
2.2772810236220473
11
1.6787627952755906
21
2.2774591732283462
0
LINE
8
BLACK
6
CONTINUOUS
10
1.6787627952755906
20
2.2774591732283462
11
1.6789409448818897
21
2.2776775984251967
0
LINE
8
BLACK
6
CONTINUOUS
10
1.6789409448818897
20
2.2776775984251967
11
1.6792049212598426
21
2.2778198031496064
0
LINE
8
BLACK
6
CONTINUOUS
10
1.6792049212598426
20
2.2778198031496064
11
1.6794372047244095
21
2.2780091732283463
0
LINE
8
BLACK
6
CONTINUOUS
10
1.6794372047244095
20
2.2780091732283463
11
1.6797070078740157
21
2.2780901574803147
0
LINE
8
BLACK
6
CONTINUOUS
10
1.6797070078740157
20
2.2780901574803147
11
1.6799553149606299
21
2.2782238188976378
0
LINE
8
BLACK
6
CONTINUOUS
10
1.6799553149606299
20
2.2782238188976378
11
1.6802537401574802
21
2.2782541732283463
0
LINE
8
BLACK
6
CONTINUOUS
10
1.6802537401574802
20
2.2782541732283463
11
1.680540748031496
21
2.2783402362204725
0
LINE
8
BLACK
6
CONTINUOUS
10
1.680540748031496
20
2.2783402362204725
11
1.6808209448818898
21
2.2783117716535433
0
LINE
8
BLACK
6
CONTINUOUS
10
1.6808209448818898
20
2.2783117716535433
11
1.6811015354330707
21
2.2783402755905513
0
LINE
8
BLACK
6
CONTINUOUS
10
1.6811015354330707
20
2.2783402755905513
11
1.6813888976377953
21
2.2782540944881888
0
LINE
8
BLACK
6
CONTINUOUS
10
1.6763533070866141
20
2.2502321259842519
11
1.6852889763779526
21
2.2502321259842519
0
LINE
8
BLACK
6
CONTINUOUS
10
1.6852889763779526
20
2.2502321259842519
11
1.6808211417322834
21
2.2651249606299211
0
LINE
8
BLACK
6
CONTINUOUS
10
1.6808211417322834
20
2.2651249606299211
11
1.6763533070866141
21
2.2502321259842519
0
LINE
8
BLACK
6
CONTINUOUS
10
1.2527028346456692
20
2.2782968503937009
11
1.2528257874015747
21
2.2782968503937009
0
LINE
8
BLACK
6
CONTINUOUS
10
1.2528257874015747
20
2.2782968503937009
11
1.2532477952755905
21
2.2781220472440946
0
LINE
8
BLACK
6
CONTINUOUS
10
1.2532477952755905
20
2.2781220472440946
11
1.2536827559055117
21
2.2779825196850392
0
LINE
8
BLACK
6
CONTINUOUS
10
1.2536827559055117
20
2.2779825196850392
11
1.2537765354330708
21
2.2779030314960629
0
LINE
8
BLACK
6
CONTINUOUS
10
1.2537765354330708
20
2.2779030314960629
11
1.2538901968503937
21
2.2778559448818898
0
LINE
8
BLACK
6
CONTINUOUS
10
1.2538901968503937
20
2.2778559448818898
11
1.2542132283464567
21
2.2775329133858269
0
LINE
8
BLACK
6
CONTINUOUS
10
1.2542132283464567
20
2.2775329133858269
11
1.2545616535433071
21
2.2772375984251969
0
LINE
8
BLACK
6
CONTINUOUS
10
1.2545616535433071
20
2.2772375984251969
11
1.2546583464566929
21
2.2770877952755906
0
LINE
8
BLACK
6
CONTINUOUS
10
1.2546583464566929
20
2.2770877952755906
11
1.2547048425196849
21
2.2770412992125983
0
LINE
8
BLACK
6
CONTINUOUS
10
1.2547048425196849
20
2.2770412992125983
11
1.2547343307086614
21
2.2769700787401574
0
LINE
8
BLACK
6
CONTINUOUS
10
1.2547343307086614
20
2.2769700787401574
11
1.254875590551181
21
2.2767512598425195
0
LINE
8
BLACK
6
CONTINUOUS
10
1.254875590551181
20
2.2767512598425195
11
1.2695444488188976
21
2.2482285039370078
0
LINE
8
BLACK
6
CONTINUOUS
10
1.2695444488188976
20
2.2482285039370078
11
1.2695444488188976
21
2.2754008267716537
0
LINE
8
BLACK
6
CONTINUOUS
10
1.2695444488188976
20
2.2754008267716537
11
1.2696011811023622
21
2.2759768897637795
0
LINE
8
BLACK
6
CONTINUOUS
10
1.2696011811023622
20
2.2759768897637795
11
1.2700420866141733
21
2.2770412992125983
0
LINE
8
BLACK
6
CONTINUOUS
10
1.2700420866141733
20
2.2770412992125983
11
1.2708567322834645
21
2.2778559448818898
0
LINE
8
BLACK
6
CONTINUOUS
10
1.2708567322834645
20
2.2778559448818898
11
1.2719211417322835
21
2.2782968503937009
0
LINE
8
BLACK
6
CONTINUOUS
10
1.2719211417322835
20
2.2782968503937009
11
1.2730732677165355
21
2.2782968503937009
0
LINE
8
BLACK
6
CONTINUOUS
10
1.2730732677165355
20
2.2782968503937009
11
1.2741376771653543
21
2.2778559448818898
0
LINE
8
BLACK
6
CONTINUOUS
10
1.2741376771653543
20
2.2778559448818898
11
1.2749523228346455
21
2.2770412992125983
0
LINE
8
BLACK
6
CONTINUOUS
10
1.2749523228346455
20
2.2770412992125983
11
1.2753932283464566
21
2.2759768897637795
0
LINE
8
BLACK
6
CONTINUOUS
10
1.2753932283464566
20
2.2759768897637795
11
1.2754499606299212
21
2.2754008267716537
0
LINE
8
BLACK
6
CONTINUOUS
10
1.2754499606299212
20
2.2754008267716537
11
1.2754499606299212
21
2.2360307480314958
0
LINE
8
BLACK
6
CONTINUOUS
10
1.2754499606299212
20
2.2360307480314958
11
1.275424409448819
21
2.2357716535433072
0
LINE
8
BLACK
6
CONTINUOUS
10
1.275424409448819
20
2.2357716535433072
11
1.2754307874015747
21
2.2356947637795277
0
LINE
8
BLACK
6
CONTINUOUS
10
1.2754307874015747
20
2.2356947637795277
11
1.2754106692913385
21
2.2356321653543305
0
LINE
8
BLACK
6
CONTINUOUS
10
1.2754106692913385
20
2.2356321653543305
11
1.2753932283464566
21
2.2354546850393699
0
LINE
8
BLACK
6
CONTINUOUS
10
1.2753932283464566
20
2.2354546850393699
11
1.2752183858267716
21
2.2350326377952756
0
LINE
8
BLACK
6
CONTINUOUS
10
1.2752183858267716
20
2.2350326377952756
11
1.2750788976377951
21
2.2345977165354332
0
LINE
8
BLACK
6
CONTINUOUS
10
1.2750788976377951
20
2.2345977165354332
11
1.2749993700787401
21
2.2345039370078741
0
LINE
8
BLACK
6
CONTINUOUS
10
1.2749993700787401
20
2.2345039370078741
11
1.2749523228346455
21
2.2343902755905511
0
LINE
8
BLACK
6
CONTINUOUS
10
1.2749523228346455
20
2.2343902755905511
11
1.2746292519685039
21
2.2340672440944882
0
LINE
8
BLACK
6
CONTINUOUS
10
1.2746292519685039
20
2.2340672440944882
11
1.2743339763779526
21
2.2337188188976378
0
LINE
8
BLACK
6
CONTINUOUS
10
1.2743339763779526
20
2.2337188188976378
11
1.2742246062992126
21
2.2336625984251968
0
LINE
8
BLACK
6
CONTINUOUS
10
1.2742246062992126
20
2.2336625984251968
11
1.2741376771653543
21
2.2335756299212597
0
LINE
8
BLACK
6
CONTINUOUS
10
1.2741376771653543
20
2.2335756299212597
11
1.2737156299212598
21
2.2334008267716534
0
LINE
8
BLACK
6
CONTINUOUS
10
1.2737156299212598
20
2.2334008267716534
11
1.2733094094488189
21
2.2331918897637797
0
LINE
8
BLACK
6
CONTINUOUS
10
1.2733094094488189
20
2.2331918897637797
11
1.2731868503937007
21
2.2331818110236221
0
LINE
8
BLACK
6
CONTINUOUS
10
1.2731868503937007
20
2.2331818110236221
11
1.2730732677165355
21
2.2331347244094486
0
LINE
8
BLACK
6
CONTINUOUS
10
1.2730732677165355
20
2.2331347244094486
11
1.2726161811023622
21
2.2331347244094486
0
LINE
8
BLACK
6
CONTINUOUS
10
1.2726161811023622
20
2.2331347244094486
11
1.2721611811023621
21
2.2330972047244093
0
LINE
8
BLACK
6
CONTINUOUS
10
1.2721611811023621
20
2.2330972047244093
11
1.2720442125984253
21
2.2331347244094486
0
LINE
8
BLACK
6
CONTINUOUS
10
1.2720442125984253
20
2.2331347244094486
11
1.2719211417322835
21
2.2331347244094486
0
LINE
8
BLACK
6
CONTINUOUS
10
1.2719211417322835
20
2.2331347244094486
11
1.271498937007874
21
2.2333096062992124
0
LINE
8
BLACK
6
CONTINUOUS
10
1.271498937007874
20
2.2333096062992124
11
1.2710641732283465
21
2.2334490551181103
0
LINE
8
BLACK
6
CONTINUOUS
10
1.2710641732283465
20
2.2334490551181103
11
1.2709703543307087
21
2.2335285826771654
0
LINE
8
BLACK
6
CONTINUOUS
10
1.2709703543307087
20
2.2335285826771654
11
1.2708567322834645
21
2.2335756299212597
0
LINE
8
BLACK
6
CONTINUOUS
10
1.2708567322834645
20
2.2335756299212597
11
1.2705336614173228
21
2.2338987007874014
0
LINE
8
BLACK
6
CONTINUOUS
10
1.2705336614173228
20
2.2338987007874014
11
1.2701852755905512
21
2.2341939763779526
0
LINE
8
BLACK
6
CONTINUOUS
10
1.2701852755905512
20
2.2341939763779526
11
1.2700885433070865
21
2.2343438188976377
0
LINE
8
BLACK
6
CONTINUOUS
10
1.2700885433070865
20
2.2343438188976377
11
1.2700420866141733
21
2.2343902755905511
0
LINE
8
BLACK
6
CONTINUOUS
10
1.2700420866141733
20
2.2343902755905511
11
1.2700125590551181
21
2.2344615354330708
0
LINE
8
BLACK
6
CONTINUOUS
10
1.2700125590551181
20
2.2344615354330708
11
1.2698713385826772
21
2.23468031496063
0
LINE
8
BLACK
6
CONTINUOUS
10
1.2698713385826772
20
2.23468031496063
11
1.2552024803149606
21
2.2632031102362204
0
LINE
8
BLACK
6
CONTINUOUS
10
1.2552024803149606
20
2.2632031102362204
11
1.2552024803149606
21
2.2360307480314958
0
LINE
8
BLACK
6
CONTINUOUS
10
1.2552024803149606
20
2.2360307480314958
11
1.255145748031496
21
2.2354546850393699
0
LINE
8
BLACK
6
CONTINUOUS
10
1.255145748031496
20
2.2354546850393699
11
1.2547048425196849
21
2.2343902755905511
0
LINE
8
BLACK
6
CONTINUOUS
10
1.2547048425196849
20
2.2343902755905511
11
1.2538901968503937
21
2.2335756299212597
0
LINE
8
BLACK
6
CONTINUOUS
10
1.2538901968503937
20
2.2335756299212597
11
1.2528257874015747
21
2.2331347244094486
0
LINE
8
BLACK
6
CONTINUOUS
10
1.2528257874015747
20
2.2331347244094486
11
1.2516736614173227
21
2.2331347244094486
0
LINE
8
BLACK
6
CONTINUOUS
10
1.2516736614173227
20
2.2331347244094486
11
1.2506092519685039
21
2.2335756299212597
0
LINE
8
BLACK
6
CONTINUOUS
10
1.2506092519685039
20
2.2335756299212597
11
1.2497946062992125
21
2.2343902755905511
0
LINE
8
BLACK
6
CONTINUOUS
10
1.2497946062992125
20
2.2343902755905511
11
1.2493537007874016
21
2.2354546850393699
0
LINE
8
BLACK
6
CONTINUOUS
10
1.2493537007874016
20
2.2354546850393699
11
1.249296968503937
21
2.2360307480314958
0
LINE
8
BLACK
6
CONTINUOUS
10
1.249296968503937
20
2.2360307480314958
11
1.249296968503937
21
2.2754008267716537
0
LINE
8
BLACK
6
CONTINUOUS
10
1.249296968503937
20
2.2754008267716537
11
1.2493224803149605
21
2.275659960629921
0
LINE
8
BLACK
6
CONTINUOUS
10
1.2493224803149605
20
2.275659960629921
11
1.2493161417322833
21
2.2757368503937005
0
LINE
8
BLACK
6
CONTINUOUS
10
1.2493161417322833
20
2.2757368503937005
11
1.249336220472441
21
2.2757994881889765
0
LINE
8
BLACK
6
CONTINUOUS
10
1.249336220472441
20
2.2757994881889765
11
1.2493537007874016
21
2.2759768897637795
0
LINE
8
BLACK
6
CONTINUOUS
10
1.2493537007874016
20
2.2759768897637795
11
1.2495285039370079
21
2.2763989370078739
0
LINE
8
BLACK
6
CONTINUOUS
10
1.2495285039370079
20
2.2763989370078739
11
1.2496680314960629
21
2.2768338582677163
0
LINE
8
BLACK
6
CONTINUOUS
10
1.2496680314960629
20
2.2768338582677163
11
1.2497475196850394
21
2.2769276771653542
0
LINE
8
BLACK
6
CONTINUOUS
10
1.2497475196850394
20
2.2769276771653542
11
1.2497946062992125
21
2.2770412992125983
0
LINE
8
BLACK
6
CONTINUOUS
10
1.2497946062992125
20
2.2770412992125983
11
1.2501176377952756
21
2.27736437007874
0
LINE
8
BLACK
6
CONTINUOUS
10
1.2501176377952756
20
2.27736437007874
11
1.2504129527559056
21
2.2777127559055117
0
LINE
8
BLACK
6
CONTINUOUS
10
1.2504129527559056
20
2.2777127559055117
11
1.2505222834645668
21
2.2777690157480315
0
LINE
8
BLACK
6
CONTINUOUS
10
1.2505222834645668
20
2.2777690157480315
11
1.2506092519685039
21
2.2778559448818898
0
LINE
8
BLACK
6
CONTINUOUS
10
1.2506092519685039
20
2.2778559448818898
11
1.2510312598425197
21
2.2780307874015748
0
LINE
8
BLACK
6
CONTINUOUS
10
1.2510312598425197
20
2.2780307874015748
11
1.2514375196850394
21
2.2782396850393702
0
LINE
8
BLACK
6
CONTINUOUS
10
1.2514375196850394
20
2.2782396850393702
11
1.2515600393700788
21
2.2782498031496061
0
LINE
8
BLACK
6
CONTINUOUS
10
1.2515600393700788
20
2.2782498031496061
11
1.2516736614173227
21
2.2782968503937009
0
LINE
8
BLACK
6
CONTINUOUS
10
1.2516736614173227
20
2.2782968503937009
11
1.2521304724409448
21
2.2782968503937009
0
LINE
8
BLACK
6
CONTINUOUS
10
1.2521304724409448
20
2.2782968503937009
11
1.2525857480314961
21
2.2783344094488189
0
LINE
8
BLACK
6
CONTINUOUS
10
1.2525857480314961
20
2.2783344094488189
11
1.2527028346456692
21
2.2782968503937009
0
LINE
8
BLACK
6
CONTINUOUS
10
1.7673259842519684
20
2.2782968503937009
11
1.7674489370078739
21
2.2782968503937009
0
LINE
8
BLACK
6
CONTINUOUS
10
1.7674489370078739
20
2.2782968503937009
11
1.7678709448818897
21
2.2781220472440946
0
LINE
8
BLACK
6
CONTINUOUS
10
1.7678709448818897
20
2.2781220472440946
11
1.7683059055118109
21
2.2779825196850392
0
LINE
8
BLACK
6
CONTINUOUS
10
1.7683059055118109
20
2.2779825196850392
11
1.76839968503937
21
2.2779030314960629
0
LINE
8
BLACK
6
CONTINUOUS
10
1.76839968503937
20
2.2779030314960629
11
1.7685133464566929
21
2.2778559448818898
0
LINE
8
BLACK
6
CONTINUOUS
10
1.7685133464566929
20
2.2778559448818898
11
1.7688363779527558
21
2.2775329133858269
0
LINE
8
BLACK
6
CONTINUOUS
10
1.7688363779527558
20
2.2775329133858269
11
1.7691848031496062
21
2.2772375984251969
0
LINE
8
BLACK
6
CONTINUOUS
10
1.7691848031496062
20
2.2772375984251969
11
1.7692814960629921
21
2.2770877952755906
0
LINE
8
BLACK
6
CONTINUOUS
10
1.7692814960629921
20
2.2770877952755906
11
1.7693279921259841
21
2.2770412992125983
0
LINE
8
BLACK
6
CONTINUOUS
10
1.7693279921259841
20
2.2770412992125983
11
1.7693574803149605
21
2.2769700787401574
0
LINE
8
BLACK
6
CONTINUOUS
10
1.7693574803149605
20
2.2769700787401574
11
1.7694987401574802
21
2.2767512598425195
0
LINE
8
BLACK
6
CONTINUOUS
10
1.7694987401574802
20
2.2767512598425195
11
1.7841675984251968
21
2.2482285039370078
0
LINE
8
BLACK
6
CONTINUOUS
10
1.7841675984251968
20
2.2482285039370078
11
1.7841675984251968
21
2.2754008267716537
0
LINE
8
BLACK
6
CONTINUOUS
10
1.7841675984251968
20
2.2754008267716537
11
1.7842243307086614
21
2.2759768897637795
0
LINE
8
BLACK
6
CONTINUOUS
10
1.7842243307086614
20
2.2759768897637795
11
1.7846652362204725
21
2.2770412992125983
0
LINE
8
BLACK
6
CONTINUOUS
10
1.7846652362204725
20
2.2770412992125983
11
1.7854798818897637
21
2.2778559448818898
0
LINE
8
BLACK
6
CONTINUOUS
10
1.7854798818897637
20
2.2778559448818898
11
1.7865442913385827
21
2.2782968503937009
0
LINE
8
BLACK
6
CONTINUOUS
10
1.7865442913385827
20
2.2782968503937009
11
1.7876964173228347
21
2.2782968503937009
0
LINE
8
BLACK
6
CONTINUOUS
10
1.7876964173228347
20
2.2782968503937009
11
1.7887608267716535
21
2.2778559448818898
0
LINE
8
BLACK
6
CONTINUOUS
10
1.7887608267716535
20
2.2778559448818898
11
1.7895754724409449
21
2.2770412992125983
0
LINE
8
BLACK
6
CONTINUOUS
10
1.7895754724409449
20
2.2770412992125983
11
1.7900163779527558
21
2.2759768897637795
0
LINE
8
BLACK
6
CONTINUOUS
10
1.7900163779527558
20
2.2759768897637795
11
1.7900731102362204
21
2.2754008267716537
0
LINE
8
BLACK
6
CONTINUOUS
10
1.7900731102362204
20
2.2754008267716537
11
1.7900731102362204
21
2.2360307480314958
0
LINE
8
BLACK
6
CONTINUOUS
10
1.7900731102362204
20
2.2360307480314958
11
1.7900475590551181
21
2.2357716535433072
0
LINE
8
BLACK
6
CONTINUOUS
10
1.7900475590551181
20
2.2357716535433072
11
1.7900539370078741
21
2.2356947637795277
0
LINE
8
BLACK
6
CONTINUOUS
10
1.7900539370078741
20
2.2356947637795277
11
1.7900338188976377
21
2.2356321653543305
0
LINE
8
BLACK
6
CONTINUOUS
10
1.7900338188976377
20
2.2356321653543305
11
1.7900163779527558
21
2.2354546850393699
0
LINE
8
BLACK
6
CONTINUOUS
10
1.7900163779527558
20
2.2354546850393699
11
1.7898415354330708
21
2.2350326377952756
0
LINE
8
BLACK
6
CONTINUOUS
10
1.7898415354330708
20
2.2350326377952756
11
1.7897020472440945
21
2.2345977165354332
0
LINE
8
BLACK
6
CONTINUOUS
10
1.7897020472440945
20
2.2345977165354332
11
1.7896225196850393
21
2.2345039370078741
0
LINE
8
BLACK
6
CONTINUOUS
10
1.7896225196850393
20
2.2345039370078741
11
1.7895754724409449
21
2.2343902755905511
0
LINE
8
BLACK
6
CONTINUOUS
10
1.7895754724409449
20
2.2343902755905511
11
1.789252401574803
21
2.2340672440944882
0
LINE
8
BLACK
6
CONTINUOUS
10
1.789252401574803
20
2.2340672440944882
11
1.7889571259842518
21
2.2337188188976378
0
LINE
8
BLACK
6
CONTINUOUS
10
1.7889571259842518
20
2.2337188188976378
11
1.7888477559055118
21
2.2336625984251968
0
LINE
8
BLACK
6
CONTINUOUS
10
1.7888477559055118
20
2.2336625984251968
11
1.7887608267716535
21
2.2335756299212597
0
LINE
8
BLACK
6
CONTINUOUS
10
1.7887608267716535
20
2.2335756299212597
11
1.7883387795275589
21
2.2334008267716534
0
LINE
8
BLACK
6
CONTINUOUS
10
1.7883387795275589
20
2.2334008267716534
11
1.7879325590551181
21
2.2331918897637797
0
LINE
8
BLACK
6
CONTINUOUS
10
1.7879325590551181
20
2.2331918897637797
11
1.7878099999999999
21
2.2331818110236221
0
LINE
8
BLACK
6
CONTINUOUS
10
1.7878099999999999
20
2.2331818110236221
11
1.7876964173228347
21
2.2331347244094486
0
LINE
8
BLACK
6
CONTINUOUS
10
1.7876964173228347
20
2.2331347244094486
11
1.7872393307086614
21
2.2331347244094486
0
LINE
8
BLACK
6
CONTINUOUS
10
1.7872393307086614
20
2.2331347244094486
11
1.7867843307086613
21
2.2330972047244093
0
LINE
8
BLACK
6
CONTINUOUS
10
1.7867843307086613
20
2.2330972047244093
11
1.7866673622047244
21
2.2331347244094486
0
LINE
8
BLACK
6
CONTINUOUS
10
1.7866673622047244
20
2.2331347244094486
11
1.7865442913385827
21
2.2331347244094486
0
LINE
8
BLACK
6
CONTINUOUS
10
1.7865442913385827
20
2.2331347244094486
11
1.7861220866141732
21
2.2333096062992124
0
LINE
8
BLACK
6
CONTINUOUS
10
1.7861220866141732
20
2.2333096062992124
11
1.7856873228346457
21
2.2334490551181103
0
LINE
8
BLACK
6
CONTINUOUS
10
1.7856873228346457
20
2.2334490551181103
11
1.7855935039370079
21
2.2335285826771654
0
LINE
8
BLACK
6
CONTINUOUS
10
1.7855935039370079
20
2.2335285826771654
11
1.7854798818897637
21
2.2335756299212597
0
LINE
8
BLACK
6
CONTINUOUS
10
1.7854798818897637
20
2.2335756299212597
11
1.785156811023622
21
2.2338987007874014
0
LINE
8
BLACK
6
CONTINUOUS
10
1.785156811023622
20
2.2338987007874014
11
1.7848084251968503
21
2.2341939763779526
0
LINE
8
BLACK
6
CONTINUOUS
10
1.7848084251968503
20
2.2341939763779526
11
1.7847116929133857
21
2.2343438188976377
0
LINE
8
BLACK
6
CONTINUOUS
10
1.7847116929133857
20
2.2343438188976377
11
1.7846652362204725
21
2.2343902755905511
0
LINE
8
BLACK
6
CONTINUOUS
10
1.7846652362204725
20
2.2343902755905511
11
1.7846357086614173
21
2.2344615354330708
0
LINE
8
BLACK
6
CONTINUOUS
10
1.7846357086614173
20
2.2344615354330708
11
1.7844944881889764
21
2.23468031496063
0
LINE
8
BLACK
6
CONTINUOUS
10
1.7844944881889764
20
2.23468031496063
11
1.7698256299212598
21
2.2632031102362204
0
LINE
8
BLACK
6
CONTINUOUS
10
1.7698256299212598
20
2.2632031102362204
11
1.7698256299212598
21
2.2360307480314958
0
LINE
8
BLACK
6
CONTINUOUS
10
1.7698256299212598
20
2.2360307480314958
11
1.7697688976377952
21
2.2354546850393699
0
LINE
8
BLACK
6
CONTINUOUS
10
1.7697688976377952
20
2.2354546850393699
11
1.7693279921259841
21
2.2343902755905511
0
LINE
8
BLACK
6
CONTINUOUS
10
1.7693279921259841
20
2.2343902755905511
11
1.7685133464566929
21
2.2335756299212597
0
LINE
8
BLACK
6
CONTINUOUS
10
1.7685133464566929
20
2.2335756299212597
11
1.7674489370078739
21
2.2331347244094486
0
LINE
8
BLACK
6
CONTINUOUS
10
1.7674489370078739
20
2.2331347244094486
11
1.7662968110236219
21
2.2331347244094486
0
LINE
8
BLACK
6
CONTINUOUS
10
1.7662968110236219
20
2.2331347244094486
11
1.7652324015748031
21
2.2335756299212597
0
LINE
8
BLACK
6
CONTINUOUS
10
1.7652324015748031
20
2.2335756299212597
11
1.7644177559055119
21
2.2343902755905511
0
LINE
8
BLACK
6
CONTINUOUS
10
1.7644177559055119
20
2.2343902755905511
11
1.7639768503937008
21
2.2354546850393699
0
LINE
8
BLACK
6
CONTINUOUS
10
1.7639768503937008
20
2.2354546850393699
11
1.7639201181102362
21
2.2360307480314958
0
LINE
8
BLACK
6
CONTINUOUS
10
1.7639201181102362
20
2.2360307480314958
11
1.7639201181102362
21
2.2754008267716537
0
LINE
8
BLACK
6
CONTINUOUS
10
1.7639201181102362
20
2.2754008267716537
11
1.7639456299212597
21
2.275659960629921
0
LINE
8
BLACK
6
CONTINUOUS
10
1.7639456299212597
20
2.275659960629921
11
1.7639392913385827
21
2.2757368503937005
0
LINE
8
BLACK
6
CONTINUOUS
10
1.7639392913385827
20
2.2757368503937005
11
1.7639593700787402
21
2.2757994881889765
0
LINE
8
BLACK
6
CONTINUOUS
10
1.7639593700787402
20
2.2757994881889765
11
1.7639768503937008
21
2.2759768897637795
0
LINE
8
BLACK
6
CONTINUOUS
10
1.7639768503937008
20
2.2759768897637795
11
1.7641516535433071
21
2.2763989370078739
0
LINE
8
BLACK
6
CONTINUOUS
10
1.7641516535433071
20
2.2763989370078739
11
1.7642911811023623
21
2.2768338582677163
0
LINE
8
BLACK
6
CONTINUOUS
10
1.7642911811023623
20
2.2768338582677163
11
1.7643706692913386
21
2.2769276771653542
0
LINE
8
BLACK
6
CONTINUOUS
10
1.7643706692913386
20
2.2769276771653542
11
1.7644177559055119
21
2.2770412992125983
0
LINE
8
BLACK
6
CONTINUOUS
10
1.7644177559055119
20
2.2770412992125983
11
1.7647407874015748
21
2.27736437007874
0
LINE
8
BLACK
6
CONTINUOUS
10
1.7647407874015748
20
2.27736437007874
11
1.7650361023622048
21
2.2777127559055117
0
LINE
8
BLACK
6
CONTINUOUS
10
1.7650361023622048
20
2.2777127559055117
11
1.765145433070866
21
2.2777690157480315
0
LINE
8
BLACK
6
CONTINUOUS
10
1.765145433070866
20
2.2777690157480315
11
1.7652324015748031
21
2.2778559448818898
0
LINE
8
BLACK
6
CONTINUOUS
10
1.7652324015748031
20
2.2778559448818898
11
1.7656544094488189
21
2.2780307874015748
0
LINE
8
BLACK
6
CONTINUOUS
10
1.7656544094488189
20
2.2780307874015748
11
1.7660606692913385
21
2.2782396850393702
0
LINE
8
BLACK
6
CONTINUOUS
10
1.7660606692913385
20
2.2782396850393702
11
1.7661831889763779
21
2.2782498031496061
0
LINE
8
BLACK
6
CONTINUOUS
10
1.7661831889763779
20
2.2782498031496061
11
1.7662968110236219
21
2.2782968503937009
0
LINE
8
BLACK
6
CONTINUOUS
10
1.7662968110236219
20
2.2782968503937009
11
1.766753622047244
21
2.2782968503937009
0
LINE
8
BLACK
6
CONTINUOUS
10
1.766753622047244
20
2.2782968503937009
11
1.7672088976377953
21
2.2783344094488189
0
LINE
8
BLACK
6
CONTINUOUS
10
1.7672088976377953
20
2.2783344094488189
11
1.7673259842519684
21
2.2782968503937009
0
LINE
8
BLACK
6
CONTINUOUS
10
1.0472726377952755
20
2.2648583070866142
11
1.048151062992126
21
2.2641128346456694
0
LINE
8
BLACK
6
CONTINUOUS
10
1.048151062992126
20
2.2641128346456694
11
1.0486773228346455
21
2.2630879527559054
0
LINE
8
BLACK
6
CONTINUOUS
10
1.0486773228346455
20
2.2630879527559054
11
1.0487713779527559
21
2.26193968503937
0
LINE
8
BLACK
6
CONTINUOUS
10
1.0487713779527559
20
2.26193968503937
11
1.048649094488189
21
2.2613738976377951
0
LINE
8
BLACK
6
CONTINUOUS
10
1.048649094488189
20
2.2613738976377951
11
1.0402126771653544
21
2.2351271653543305
0
LINE
8
BLACK
6
CONTINUOUS
10
1.0402126771653544
20
2.2351271653543305
11
1.0399824015748032
21
2.2345961023622047
0
LINE
8
BLACK
6
CONTINUOUS
10
1.0399824015748032
20
2.2345961023622047
11
1.0398253937007873
21
2.2344111417322834
0
LINE
8
BLACK
6
CONTINUOUS
10
1.0398253937007873
20
2.2344111417322834
11
1.0397146456692914
21
2.2341953937007872
0
LINE
8
BLACK
6
CONTINUOUS
10
1.0397146456692914
20
2.2341953937007872
11
1.0394562204724409
21
2.2339761023622047
0
LINE
8
BLACK
6
CONTINUOUS
10
1.0394562204724409
20
2.2339761023622047
11
1.0392369291338583
21
2.2337176771653544
0
LINE
8
BLACK
6
CONTINUOUS
10
1.0392369291338583
20
2.2337176771653544
11
1.0390211811023622
21
2.2336069291338583
0
LINE
8
BLACK
6
CONTINUOUS
10
1.0390211811023622
20
2.2336069291338583
11
1.0388362204724408
21
2.2334499212598424
0
LINE
8
BLACK
6
CONTINUOUS
10
1.0388362204724408
20
2.2334499212598424
11
1.0385133858267717
21
2.233346181102362
0
LINE
8
BLACK
6
CONTINUOUS
10
1.0385133858267717
20
2.233346181102362
11
1.0382120472440945
21
2.2331914173228347
0
LINE
8
BLACK
6
CONTINUOUS
10
1.0382120472440945
20
2.2331914173228347
11
1.0379703937007874
21
2.233171653543307
0
LINE
8
BLACK
6
CONTINUOUS
10
1.0379703937007874
20
2.233171653543307
11
1.0377393700787401
21
2.2330973622047243
0
LINE
8
BLACK
6
CONTINUOUS
10
1.0377393700787401
20
2.2330973622047243
11
1.037401496062992
21
2.2331250393700786
0
LINE
8
BLACK
6
CONTINUOUS
10
1.037401496062992
20
2.2331250393700786
11
1.037063779527559
21
2.2330973622047243
0
LINE
8
BLACK
6
CONTINUOUS
10
1.037063779527559
20
2.2330973622047243
11
1.0368328346456692
21
2.2331716141732283
0
LINE
8
BLACK
6
CONTINUOUS
10
1.0368328346456692
20
2.2331716141732283
11
1.0365911023622048
21
2.2331913779527559
0
LINE
8
BLACK
6
CONTINUOUS
10
1.0365911023622048
20
2.2331913779527559
11
1.0362895669291339
21
2.2333462204724408
0
LINE
8
BLACK
6
CONTINUOUS
10
1.0362895669291339
20
2.2333462204724408
11
1.0359669291338582
21
2.2334499212598424
0
LINE
8
BLACK
6
CONTINUOUS
10
1.0359669291338582
20
2.2334499212598424
11
1.0357819685039369
21
2.2336068897637795
0
LINE
8
BLACK
6
CONTINUOUS
10
1.0357819685039369
20
2.2336068897637795
11
1.035566220472441
21
2.2337176771653544
0
LINE
8
BLACK
6
CONTINUOUS
10
1.035566220472441
20
2.2337176771653544
11
1.0353468897637794
21
2.2339761023622047
0
LINE
8
BLACK
6
CONTINUOUS
10
1.0353468897637794
20
2.2339761023622047
11
1.0350885039370079
21
2.2341953937007872
0
LINE
8
BLACK
6
CONTINUOUS
10
1.0350885039370079
20
2.2341953937007872
11
1.034977716535433
21
2.2344111417322834
0
LINE
8
BLACK
6
CONTINUOUS
10
1.034977716535433
20
2.2344111417322834
11
1.0348207480314959
21
2.2345961023622047
0
LINE
8
BLACK
6
CONTINUOUS
10
1.0348207480314959
20
2.2345961023622047
11
1.0345904724409449
21
2.2351271653543305
0
LINE
8
BLACK
6
CONTINUOUS
10
1.0345904724409449
20
2.2351271653543305
11
1.0261540157480316
21
2.2613738976377951
0
LINE
8
BLACK
6
CONTINUOUS
10
1.0261540157480316
20
2.2613738976377951
11
1.0260317322834644
21
2.26193968503937
0
LINE
8
BLACK
6
CONTINUOUS
10
1.0260317322834644
20
2.26193968503937
11
1.0261257874015748
21
2.2630879527559054
0
LINE
8
BLACK
6
CONTINUOUS
10
1.0261257874015748
20
2.2630879527559054
11
1.0266520472440945
21
2.2641128346456694
0
LINE
8
BLACK
6
CONTINUOUS
10
1.0266520472440945
20
2.2641128346456694
11
1.0275304724409449
21
2.2648583070866142
0
LINE
8
BLACK
6
CONTINUOUS
10
1.0275304724409449
20
2.2648583070866142
11
1.0286273228346456
21
2.2652108661417323
0
LINE
8
BLACK
6
CONTINUOUS
10
1.0286273228346456
20
2.2652108661417323
11
1.0297755905511812
21
2.2651168110236219
0
LINE
8
BLACK
6
CONTINUOUS
10
1.0297755905511812
20
2.2651168110236219
11
1.0308004724409447
21
2.2645905511811022
0
LINE
8
BLACK
6
CONTINUOUS
10
1.0308004724409447
20
2.2645905511811022
11
1.0315459448818898
21
2.2637121259842519
0
LINE
8
BLACK
6
CONTINUOUS
10
1.0315459448818898
20
2.2637121259842519
11
1.031776220472441
21
2.2631810629921261
0
LINE
8
BLACK
6
CONTINUOUS
10
1.031776220472441
20
2.2631810629921261
11
1.0374015354330708
21
2.2456800000000001
0
LINE
8
BLACK
6
CONTINUOUS
10
1.0374015354330708
20
2.2456800000000001
11
1.0430268897637796
21
2.2631810236220473
0
LINE
8
BLACK
6
CONTINUOUS
10
1.0430268897637796
20
2.2631810236220473
11
1.0432571653543308
21
2.2637121259842519
0
LINE
8
BLACK
6
CONTINUOUS
10
1.0432571653543308
20
2.2637121259842519
11
1.0440026377952756
21
2.2645905511811022
0
LINE
8
BLACK
6
CONTINUOUS
10
1.0440026377952756
20
2.2645905511811022
11
1.0450274803149606
21
2.2651168110236219
0
LINE
8
BLACK
6
CONTINUOUS
10
1.0450274803149606
20
2.2651168110236219
11
1.0461757874015747
21
2.2652108661417323
0
LINE
8
BLACK
6
CONTINUOUS
10
1.0461757874015747
20
2.2652108661417323
11
1.0472726377952755
21
2.2648583070866142
0
LINE
8
BLACK
6
CONTINUOUS
10
1.1518845669291338
20
2.2648583070866142
11
1.1527629921259843
21
2.2641128346456694
0
LINE
8
BLACK
6
CONTINUOUS
10
1.1527629921259843
20
2.2641128346456694
11
1.1532892519685038
21
2.2630879527559054
0
LINE
8
BLACK
6
CONTINUOUS
10
1.1532892519685038
20
2.2630879527559054
11
1.1533833070866142
21
2.26193968503937
0
LINE
8
BLACK
6
CONTINUOUS
10
1.1533833070866142
20
2.26193968503937
11
1.1532610236220473
21
2.2613738976377951
0
LINE
8
BLACK
6
CONTINUOUS
10
1.1532610236220473
20
2.2613738976377951
11
1.1448246062992127
21
2.2351271653543305
0
LINE
8
BLACK
6
CONTINUOUS
10
1.1448246062992127
20
2.2351271653543305
11
1.1445943307086615
21
2.2345961023622047
0
LINE
8
BLACK
6
CONTINUOUS
10
1.1445943307086615
20
2.2345961023622047
11
1.1444373228346456
21
2.2344111417322834
0
LINE
8
BLACK
6
CONTINUOUS
10
1.1444373228346456
20
2.2344111417322834
11
1.1443265748031495
21
2.2341953937007872
0
LINE
8
BLACK
6
CONTINUOUS
10
1.1443265748031495
20
2.2341953937007872
11
1.1440681496062992
21
2.2339761023622047
0
LINE
8
BLACK
6
CONTINUOUS
10
1.1440681496062992
20
2.2339761023622047
11
1.1438488582677164
21
2.2337176771653544
0
LINE
8
BLACK
6
CONTINUOUS
10
1.1438488582677164
20
2.2337176771653544
11
1.1436331102362205
21
2.2336069291338583
0
LINE
8
BLACK
6
CONTINUOUS
10
1.1436331102362205
20
2.2336069291338583
11
1.1434481496062991
21
2.2334499212598424
0
LINE
8
BLACK
6
CONTINUOUS
10
1.1434481496062991
20
2.2334499212598424
11
1.14312531496063
21
2.233346181102362
0
LINE
8
BLACK
6
CONTINUOUS
10
1.14312531496063
20
2.233346181102362
11
1.1428239763779526
21
2.2331914173228347
0
LINE
8
BLACK
6
CONTINUOUS
10
1.1428239763779526
20
2.2331914173228347
11
1.1425823228346457
21
2.233171653543307
0
LINE
8
BLACK
6
CONTINUOUS
10
1.1425823228346457
20
2.233171653543307
11
1.1423512992125984
21
2.2330973622047243
0
LINE
8
BLACK
6
CONTINUOUS
10
1.1423512992125984
20
2.2330973622047243
11
1.1420134251968503
21
2.2331250393700786
0
LINE
8
BLACK
6
CONTINUOUS
10
1.1420134251968503
20
2.2331250393700786
11
1.1416757086614173
21
2.2330973622047243
0
LINE
8
BLACK
6
CONTINUOUS
10
1.1416757086614173
20
2.2330973622047243
11
1.1414447637795275
21
2.2331716141732283
0
LINE
8
BLACK
6
CONTINUOUS
10
1.1414447637795275
20
2.2331716141732283
11
1.1412030314960631
21
2.2331913779527559
0
LINE
8
BLACK
6
CONTINUOUS
10
1.1412030314960631
20
2.2331913779527559
11
1.1409014960629922
21
2.2333462204724408
0
LINE
8
BLACK
6
CONTINUOUS
10
1.1409014960629922
20
2.2333462204724408
11
1.1405788582677165
21
2.2334499212598424
0
LINE
8
BLACK
6
CONTINUOUS
10
1.1405788582677165
20
2.2334499212598424
11
1.1403938976377952
21
2.2336068897637795
0
LINE
8
BLACK
6
CONTINUOUS
10
1.1403938976377952
20
2.2336068897637795
11
1.1401781496062993
21
2.2337176771653544
0
LINE
8
BLACK
6
CONTINUOUS
10
1.1401781496062993
20
2.2337176771653544
11
1.1399588188976377
21
2.2339761023622047
0
LINE
8
BLACK
6
CONTINUOUS
10
1.1399588188976377
20
2.2339761023622047
11
1.1397004330708662
21
2.2341953937007872
0
LINE
8
BLACK
6
CONTINUOUS
10
1.1397004330708662
20
2.2341953937007872
11
1.1395896456692913
21
2.2344111417322834
0
LINE
8
BLACK
6
CONTINUOUS
10
1.1395896456692913
20
2.2344111417322834
11
1.1394326771653542
21
2.2345961023622047
0
LINE
8
BLACK
6
CONTINUOUS
10
1.1394326771653542
20
2.2345961023622047
11
1.139202401574803
21
2.2351271653543305
0
LINE
8
BLACK
6
CONTINUOUS
10
1.139202401574803
20
2.2351271653543305
11
1.1307659448818896
21
2.2613738976377951
0
LINE
8
BLACK
6
CONTINUOUS
10
1.1307659448818896
20
2.2613738976377951
11
1.1306436614173228
21
2.26193968503937
0
LINE
8
BLACK
6
CONTINUOUS
10
1.1306436614173228
20
2.26193968503937
11
1.1307377165354331
21
2.2630879527559054
0
LINE
8
BLACK
6
CONTINUOUS
10
1.1307377165354331
20
2.2630879527559054
11
1.1312639763779528
21
2.2641128346456694
0
LINE
8
BLACK
6
CONTINUOUS
10
1.1312639763779528
20
2.2641128346456694
11
1.1321424015748032
21
2.2648583070866142
0
LINE
8
BLACK
6
CONTINUOUS
10
1.1321424015748032
20
2.2648583070866142
11
1.1332392519685039
21
2.2652108661417323
0
LINE
8
BLACK
6
CONTINUOUS
10
1.1332392519685039
20
2.2652108661417323
11
1.1343875196850393
21
2.2651168110236219
0
LINE
8
BLACK
6
CONTINUOUS
10
1.1343875196850393
20
2.2651168110236219
11
1.1354124015748031
21
2.2645905511811022
0
LINE
8
BLACK
6
CONTINUOUS
10
1.1354124015748031
20
2.2645905511811022
11
1.1361578740157481
21
2.2637121259842519
0
LINE
8
BLACK
6
CONTINUOUS
10
1.1361578740157481
20
2.2637121259842519
11
1.1363881496062991
21
2.2631810629921261
0
LINE
8
BLACK
6
CONTINUOUS
10
1.1363881496062991
20
2.2631810629921261
11
1.1420134645669291
21
2.2456800000000001
0
LINE
8
BLACK
6
CONTINUOUS
10
1.1420134645669291
20
2.2456800000000001
11
1.1476388188976379
21
2.2631810236220473
0
LINE
8
BLACK
6
CONTINUOUS
10
1.1476388188976379
20
2.2631810236220473
11
1.1478690944881889
21
2.2637121259842519
0
LINE
8
BLACK
6
CONTINUOUS
10
1.1478690944881889
20
2.2637121259842519
11
1.1486145669291339
21
2.2645905511811022
0
LINE
8
BLACK
6
CONTINUOUS
10
1.1486145669291339
20
2.2645905511811022
11
1.1496394094488189
21
2.2651168110236219
0
LINE
8
BLACK
6
CONTINUOUS
10
1.1496394094488189
20
2.2651168110236219
11
1.150787716535433
21
2.2652108661417323
0
LINE
8
BLACK
6
CONTINUOUS
10
1.150787716535433
20
2.2652108661417323
11
1.1518845669291338
21
2.2648583070866142
0
LINE
8
BLACK
6
CONTINUOUS
10
0.6946142913385827
20
2.2842023622047245
11
0.6946172047244095
21
2.2842011811023624
0
LINE
8
BLACK
6
CONTINUOUS
10
0.6946172047244095
20
2.2842011811023624
11
0.6946203543307087
21
2.2842011417322836
0
LINE
8
BLACK
6
CONTINUOUS
10
0.6946203543307087
20
2.2842011417322836
11
0.6951738976377952
21
2.2840319685039367
0
LINE
8
BLACK
6
CONTINUOUS
10
0.6951738976377952
20
2.2840319685039367
11
0.6996733070866141
21
2.2821572047244092
0
LINE
8
BLACK
6
CONTINUOUS
10
0.6996733070866141
20
2.2821572047244092
11
0.7001832677165354
21
2.2818832677165353
0
LINE
8
BLACK
6
CONTINUOUS
10
0.7001832677165354
20
2.2818832677165353
11
0.7009962204724409
21
2.2810668897637796
0
LINE
8
BLACK
6
CONTINUOUS
10
0.7009962204724409
20
2.2810668897637796
11
0.701434842519685
21
2.2800015748031495
0
LINE
8
BLACK
6
CONTINUOUS
10
0.701434842519685
20
2.2800015748031495
11
0.7014324409448819
21
2.2788494488188977
0
LINE
8
BLACK
6
CONTINUOUS
10
0.7014324409448819
20
2.2788494488188977
11
0.7009893307086614
21
2.2777859448818898
0
LINE
8
BLACK
6
CONTINUOUS
10
0.7009893307086614
20
2.2777859448818898
11
0.7001729527559055
21
2.2769729921259843
0
LINE
8
BLACK
6
CONTINUOUS
10
0.7001729527559055
20
2.2769729921259843
11
0.6991076377952756
21
2.2765343700787399
0
LINE
8
BLACK
6
CONTINUOUS
10
0.6991076377952756
20
2.2765343700787399
11
0.6979555511811023
21
2.2765367716535434
0
LINE
8
BLACK
6
CONTINUOUS
10
0.6979555511811023
20
2.2765367716535434
11
0.697401968503937
21
2.2767059448818898
0
LINE
8
BLACK
6
CONTINUOUS
10
0.697401968503937
20
2.2767059448818898
11
0.6934476771653543
21
2.2783535826771653
0
LINE
8
BLACK
6
CONTINUOUS
10
0.6934476771653543
20
2.2783535826771653
11
0.6873859842519685
21
2.2783535826771653
0
LINE
8
BLACK
6
CONTINUOUS
10
0.6873859842519685
20
2.2783535826771653
11
0.6855309842519685
21
2.2771942125984252
0
LINE
8
BLACK
6
CONTINUOUS
10
0.6855309842519685
20
2.2771942125984252
11
0.6846188188976378
21
2.2760540157480316
0
LINE
8
BLACK
6
CONTINUOUS
10
0.6846188188976378
20
2.2760540157480316
11
0.6834926377952756
21
2.2732385826771653
0
LINE
8
BLACK
6
CONTINUOUS
10
0.6834926377952756
20
2.2732385826771653
11
0.6834926377952756
21
2.2706264960629921
0
LINE
8
BLACK
6
CONTINUOUS
10
0.6834926377952756
20
2.2706264960629921
11
0.6846188188976378
21
2.2678110629921258
0
LINE
8
BLACK
6
CONTINUOUS
10
0.6846188188976378
20
2.2678110629921258
11
0.6855309842519685
21
2.2666708661417321
0
LINE
8
BLACK
6
CONTINUOUS
10
0.6855309842519685
20
2.2666708661417321
11
0.6877821653543307
21
2.2652638582677165
0
LINE
8
BLACK
6
CONTINUOUS
10
0.6877821653543307
20
2.2652638582677165
11
0.6934190944881889
21
2.2635022834645668
0
LINE
8
BLACK
6
CONTINUOUS
10
0.6934190944881889
20
2.2635022834645668
11
0.6935338976377953
21
2.2634536220472441
0
LINE
8
BLACK
6
CONTINUOUS
10
0.6935338976377953
20
2.2634536220472441
11
0.6935847637795275
21
2.2634450787401574
0
LINE
8
BLACK
6
CONTINUOUS
10
0.6935847637795275
20
2.2634450787401574
11
0.6937660236220472
21
2.2633551968503935
0
LINE
8
BLACK
6
CONTINUOUS
10
0.6937660236220472
20
2.2633551968503935
11
0.6939520472440944
21
2.2632762992125985
0
LINE
8
BLACK
6
CONTINUOUS
10
0.6939520472440944
20
2.2632762992125985
11
0.6939915354330709
21
2.2632433464566928
0
LINE
8
BLACK
6
CONTINUOUS
10
0.6939915354330709
20
2.2632433464566928
11
0.6941033464566929
21
2.2631878740157481
0
LINE
8
BLACK
6
CONTINUOUS
10
0.6941033464566929
20
2.2631878740157481
11
0.6971029921259843
21
2.2613131102362205
0
LINE
8
BLACK
6
CONTINUOUS
10
0.6971029921259843
20
2.2613131102362205
11
0.6973737007874016
21
2.2611044094488189
0
LINE
8
BLACK
6
CONTINUOUS
10
0.6973737007874016
20
2.2611044094488189
11
0.6974396062992125
21
2.2610681102362205
0
LINE
8
BLACK
6
CONTINUOUS
10
0.6974396062992125
20
2.2610681102362205
11
0.697496653543307
21
2.2610096062992127
0
LINE
8
BLACK
6
CONTINUOUS
10
0.697496653543307
20
2.2610096062992127
11
0.6975614173228346
21
2.2609596850393698
0
LINE
8
BLACK
6
CONTINUOUS
10
0.6975614173228346
20
2.2609596850393698
11
0.6976050787401574
21
2.2608984251968502
0
LINE
8
BLACK
6
CONTINUOUS
10
0.6976050787401574
20
2.2608984251968502
11
0.6978437401574803
21
2.2606537401574802
0
LINE
8
BLACK
6
CONTINUOUS
10
0.6978437401574803
20
2.2606537401574802
11
0.6993435433070866
21
2.2587789763779527
0
LINE
8
BLACK
6
CONTINUOUS
10
0.6993435433070866
20
2.2587789763779527
11
0.6994619291338583
21
2.2585969291338581
0
LINE
8
BLACK
6
CONTINUOUS
10
0.6994619291338583
20
2.2585969291338581
11
0.6995127952755905
21
2.258544803149606
0
LINE
8
BLACK
6
CONTINUOUS
10
0.6995127952755905
20
2.258544803149606
11
0.6995797637795276
21
2.2584157480314961
0
LINE
8
BLACK
6
CONTINUOUS
10
0.6995797637795276
20
2.2584157480314961
11
0.6996591338582677
21
2.2582937007874015
0
LINE
8
BLACK
6
CONTINUOUS
10
0.6996591338582677
20
2.2582937007874015
11
0.6996793700787401
21
2.2582237401574803
0
LINE
8
BLACK
6
CONTINUOUS
10
0.6996793700787401
20
2.2582237401574803
11
0.6997794094488189
21
2.2580310236220473
0
LINE
8
BLACK
6
CONTINUOUS
10
0.6997794094488189
20
2.2580310236220473
11
0.7012792125984252
21
2.254281535433071
0
LINE
8
BLACK
6
CONTINUOUS
10
0.7012792125984252
20
2.254281535433071
11
0.7014221653543307
21
2.2537887007874016
0
LINE
8
BLACK
6
CONTINUOUS
10
0.7014221653543307
20
2.2537887007874016
11
0.7014336614173228
21
2.2537609448818898
0
LINE
8
BLACK
6
CONTINUOUS
10
0.7014336614173228
20
2.2537609448818898
11
0.7014353937007873
21
2.2537429921259844
0
LINE
8
BLACK
6
CONTINUOUS
10
0.7014353937007873
20
2.2537429921259844
11
0.7014404724409449
21
2.253725590551181
0
LINE
8
BLACK
6
CONTINUOUS
10
0.7014404724409449
20
2.253725590551181
11
0.7014400787401575
21
2.2536955118110238
0
LINE
8
BLACK
6
CONTINUOUS
10
0.7014400787401575
20
2.2536955118110238
11
0.7014903937007874
21
2.2531848818897635
0
LINE
8
BLACK
6
CONTINUOUS
10
0.7014903937007874
20
2.2531848818897635
11
0.7014903937007874
21
2.2494353543307084
0
LINE
8
BLACK
6
CONTINUOUS
10
0.7014903937007874
20
2.2494353543307084
11
0.7014400787401575
21
2.2489247637795273
0
LINE
8
BLACK
6
CONTINUOUS
10
0.7014400787401575
20
2.2489247637795273
11
0.7014404724409449
21
2.2488946456692913
0
LINE
8
BLACK
6
CONTINUOUS
10
0.7014404724409449
20
2.2488946456692913
11
0.7014353937007873
21
2.2488772834645667
0
LINE
8
BLACK
6
CONTINUOUS
10
0.7014353937007873
20
2.2488772834645667
11
0.7014336614173228
21
2.2488592913385825
0
LINE
8
BLACK
6
CONTINUOUS
10
0.7014336614173228
20
2.2488592913385825
11
0.7014221653543307
21
2.2488315748031495
0
LINE
8
BLACK
6
CONTINUOUS
10
0.7014221653543307
20
2.2488315748031495
11
0.7012792125984252
21
2.2483387007874014
0
LINE
8
BLACK
6
CONTINUOUS
10
0.7012792125984252
20
2.2483387007874014
11
0.6997794094488189
21
2.244589212598425
0
LINE
8
BLACK
6
CONTINUOUS
10
0.6997794094488189
20
2.244589212598425
11
0.6996793700787401
21
2.2443964566929133
0
LINE
8
BLACK
6
CONTINUOUS
10
0.6996793700787401
20
2.2443964566929133
11
0.6996591338582677
21
2.2443265748031496
0
LINE
8
BLACK
6
CONTINUOUS
10
0.6996591338582677
20
2.2443265748031496
11
0.6995798031496063
21
2.2442046456692912
0
LINE
8
BLACK
6
CONTINUOUS
10
0.6995798031496063
20
2.2442046456692912
11
0.6995127952755905
21
2.2440754330708659
0
LINE
8
BLACK
6
CONTINUOUS
10
0.6995127952755905
20
2.2440754330708659
11
0.6994619291338583
21
2.244023346456693
0
LINE
8
BLACK
6
CONTINUOUS
10
0.6994619291338583
20
2.244023346456693
11
0.6993435826771653
21
2.2438412992125985
0
LINE
8
BLACK
6
CONTINUOUS
10
0.6993435826771653
20
2.2438412992125985
11
0.697843779527559
21
2.2419664960629921
0
LINE
8
BLACK
6
CONTINUOUS
10
0.697843779527559
20
2.2419664960629921
11
0.6976050787401574
21
2.2417218110236221
0
LINE
8
BLACK
6
CONTINUOUS
10
0.6976050787401574
20
2.2417218110236221
11
0.6975614173228346
21
2.2416605118110238
0
LINE
8
BLACK
6
CONTINUOUS
10
0.6975614173228346
20
2.2416605118110238
11
0.697496653543307
21
2.2416106299212597
0
LINE
8
BLACK
6
CONTINUOUS
10
0.697496653543307
20
2.2416106299212597
11
0.6974396062992125
21
2.2415520866141732
0
LINE
8
BLACK
6
CONTINUOUS
10
0.6974396062992125
20
2.2415520866141732
11
0.6973737007874016
21
2.2415158267716535
0
LINE
8
BLACK
6
CONTINUOUS
10
0.6973737007874016
20
2.2415158267716535
11
0.6971029921259843
21
2.2413070866141731
0
LINE
8
BLACK
6
CONTINUOUS
10
0.6971029921259843
20
2.2413070866141731
11
0.6941033464566929
21
2.2394323228346456
0
LINE
8
BLACK
6
CONTINUOUS
10
0.6941033464566929
20
2.2394323228346456
11
0.6935847637795275
21
2.2391751181102362
0
LINE
8
BLACK
6
CONTINUOUS
10
0.6935847637795275
20
2.2391751181102362
11
0.6933418897637795
21
2.2391344881889763
0
LINE
8
BLACK
6
CONTINUOUS
10
0.6933418897637795
20
2.2391344881889763
11
0.6931144488188976
21
2.2390402362204722
0
LINE
8
BLACK
6
CONTINUOUS
10
0.6931144488188976
20
2.2390402362204722
11
0.6925383858267716
21
2.2389835039370078
0
LINE
8
BLACK
6
CONTINUOUS
10
0.6925383858267716
20
2.2389835039370078
11
0.6850393307086614
21
2.2389835039370078
0
LINE
8
BLACK
6
CONTINUOUS
10
0.6850393307086614
20
2.2389835039370078
11
0.6844632677165354
21
2.2390402362204722
0
LINE
8
BLACK
6
CONTINUOUS
10
0.6844632677165354
20
2.2390402362204722
11
0.6844603149606299
21
2.2390414566929135
0
LINE
8
BLACK
6
CONTINUOUS
10
0.6844603149606299
20
2.2390414566929135
11
0.6844572440944882
21
2.2390414566929135
0
LINE
8
BLACK
6
CONTINUOUS
10
0.6844572440944882
20
2.2390414566929135
11
0.6839036614173228
21
2.23921062992126
0
LINE
8
BLACK
6
CONTINUOUS
10
0.6839036614173228
20
2.23921062992126
11
0.6794042125984252
21
2.2410853937007875
0
LINE
8
BLACK
6
CONTINUOUS
10
0.6794042125984252
20
2.2410853937007875
11
0.6788942913385827
21
2.2413593307086614
0
LINE
8
BLACK
6
CONTINUOUS
10
0.6788942913385827
20
2.2413593307086614
11
0.6780813385826772
21
2.2421757086614171
0
LINE
8
BLACK
6
CONTINUOUS
10
0.6780813385826772
20
2.2421757086614171
11
0.6776426771653543
21
2.2432410236220472
0
LINE
8
BLACK
6
CONTINUOUS
10
0.6776426771653543
20
2.2432410236220472
11
0.6776450787401574
21
2.2443931102362202
0
LINE
8
BLACK
6
CONTINUOUS
10
0.6776450787401574
20
2.2443931102362202
11
0.6780881889763779
21
2.2454566141732282
0
LINE
8
BLACK
6
CONTINUOUS
10
0.6780881889763779
20
2.2454566141732282
11
0.6789045669291338
21
2.2462695669291337
0
LINE
8
BLACK
6
CONTINUOUS
10
0.6789045669291338
20
2.2462695669291337
11
0.6799698818897638
21
2.2467082283464568
0
LINE
8
BLACK
6
CONTINUOUS
10
0.6799698818897638
20
2.2467082283464568
11
0.681121968503937
21
2.2467058267716533
0
LINE
8
BLACK
6
CONTINUOUS
10
0.681121968503937
20
2.2467058267716533
11
0.6816755511811023
21
2.2465366535433069
0
LINE
8
BLACK
6
CONTINUOUS
10
0.6816755511811023
20
2.2465366535433069
11
0.6856298818897638
21
2.2448890157480315
0
LINE
8
BLACK
6
CONTINUOUS
10
0.6856298818897638
20
2.2448890157480315
11
0.6916915354330708
21
2.2448890157480315
0
LINE
8
BLACK
6
CONTINUOUS
10
0.6916915354330708
20
2.2448890157480315
11
0.6935464960629921
21
2.2460483858267715
0
LINE
8
BLACK
6
CONTINUOUS
10
0.6935464960629921
20
2.2460483858267715
11
0.6944587795275591
21
2.2471887795275589
0
LINE
8
BLACK
6
CONTINUOUS
10
0.6944587795275591
20
2.2471887795275589
11
0.6955848818897638
21
2.2500040157480314
0
LINE
8
BLACK
6
CONTINUOUS
10
0.6955848818897638
20
2.2500040157480314
11
0.6955848818897638
21
2.2526162598425197
0
LINE
8
BLACK
6
CONTINUOUS
10
0.6955848818897638
20
2.2526162598425197
11
0.6944587401574803
21
2.2554315748031497
0
LINE
8
BLACK
6
CONTINUOUS
10
0.6944587401574803
20
2.2554315748031497
11
0.6935465354330709
21
2.2565718110236221
0
LINE
8
BLACK
6
CONTINUOUS
10
0.6935465354330709
20
2.2565718110236221
11
0.6912953149606299
21
2.2579788188976377
0
LINE
8
BLACK
6
CONTINUOUS
10
0.6912953149606299
20
2.2579788188976377
11
0.6856583858267716
21
2.2597403543307086
0
LINE
8
BLACK
6
CONTINUOUS
10
0.6856583858267716
20
2.2597403543307086
11
0.6855435039370078
21
2.2597890944881889
0
LINE
8
BLACK
6
CONTINUOUS
10
0.6855435039370078
20
2.2597890944881889
11
0.6854927559055118
21
2.259797559055118
0
LINE
8
BLACK
6
CONTINUOUS
10
0.6854927559055118
20
2.259797559055118
11
0.6853115354330709
21
2.2598874409448819
0
LINE
8
BLACK
6
CONTINUOUS
10
0.6853115354330709
20
2.2598874409448819
11
0.6851254724409449
21
2.2599663385826769
0
LINE
8
BLACK
6
CONTINUOUS
10
0.6851254724409449
20
2.2599663385826769
11
0.6850859448818898
21
2.2599993307086614
0
LINE
8
BLACK
6
CONTINUOUS
10
0.6850859448818898
20
2.2599993307086614
11
0.6849741732283464
21
2.2600547637795274
0
LINE
8
BLACK
6
CONTINUOUS
10
0.6849741732283464
20
2.2600547637795274
11
0.6819745669291338
21
2.261929527559055
0
LINE
8
BLACK
6
CONTINUOUS
10
0.6819745669291338
20
2.261929527559055
11
0.6817039763779528
21
2.2621381496062991
0
LINE
8
BLACK
6
CONTINUOUS
10
0.6817039763779528
20
2.2621381496062991
11
0.6816379527559056
21
2.2621744881889763
0
LINE
8
BLACK
6
CONTINUOUS
10
0.6816379527559056
20
2.2621744881889763
11
0.681580748031496
21
2.2622331496062991
0
LINE
8
BLACK
6
CONTINUOUS
10
0.681580748031496
20
2.2622331496062991
11
0.6815161417322835
21
2.2622829527559056
0
LINE
8
BLACK
6
CONTINUOUS
10
0.6815161417322835
20
2.2622829527559056
11
0.6814724803149607
21
2.2623441732283465
0
LINE
8
BLACK
6
CONTINUOUS
10
0.6814724803149607
20
2.2623441732283465
11
0.6812338188976378
21
2.2625888976377952
0
LINE
8
BLACK
6
CONTINUOUS
10
0.6812338188976378
20
2.2625888976377952
11
0.6797340157480315
21
2.2644636614173228
0
LINE
8
BLACK
6
CONTINUOUS
10
0.6797340157480315
20
2.2644636614173228
11
0.679615590551181
21
2.2646457480314961
0
LINE
8
BLACK
6
CONTINUOUS
10
0.679615590551181
20
2.2646457480314961
11
0.6795648031496063
21
2.2646977952755907
0
LINE
8
BLACK
6
CONTINUOUS
10
0.6795648031496063
20
2.2646977952755907
11
0.679497874015748
21
2.2648267716535431
0
LINE
8
BLACK
6
CONTINUOUS
10
0.679497874015748
20
2.2648267716535431
11
0.6794184251968504
21
2.2649489370078739
0
LINE
8
BLACK
6
CONTINUOUS
10
0.6794184251968504
20
2.2649489370078739
11
0.6793981102362204
21
2.2650190157480314
0
LINE
8
BLACK
6
CONTINUOUS
10
0.6793981102362204
20
2.2650190157480314
11
0.6792981889763779
21
2.2652115748031494
0
LINE
8
BLACK
6
CONTINUOUS
10
0.6792981889763779
20
2.2652115748031494
11
0.6777983070866141
21
2.2689611023622045
0
LINE
8
BLACK
6
CONTINUOUS
10
0.6777983070866141
20
2.2689611023622045
11
0.6776553149606299
21
2.2694539763779527
0
LINE
8
BLACK
6
CONTINUOUS
10
0.6776553149606299
20
2.2694539763779527
11
0.6776438582677166
21
2.2694816929133856
0
LINE
8
BLACK
6
CONTINUOUS
10
0.6776438582677166
20
2.2694816929133856
11
0.6776420866141732
21
2.2694996850393698
0
LINE
8
BLACK
6
CONTINUOUS
10
0.6776420866141732
20
2.2694996850393698
11
0.6776370472440945
21
2.2695170472440944
0
LINE
8
BLACK
6
CONTINUOUS
10
0.6776370472440945
20
2.2695170472440944
11
0.6776374015748031
21
2.2695471653543309
0
LINE
8
BLACK
6
CONTINUOUS
10
0.6776374015748031
20
2.2695471653543309
11
0.677587125984252
21
2.270057755905512
0
LINE
8
BLACK
6
CONTINUOUS
10
0.677587125984252
20
2.270057755905512
11
0.677587125984252
21
2.2738072834645671
0
LINE
8
BLACK
6
CONTINUOUS
10
0.677587125984252
20
2.2738072834645671
11
0.6776374015748031
21
2.2743179133858269
0
LINE
8
BLACK
6
CONTINUOUS
10
0.6776374015748031
20
2.2743179133858269
11
0.6776370472440945
21
2.2743479921259842
0
LINE
8
BLACK
6
CONTINUOUS
10
0.6776370472440945
20
2.2743479921259842
11
0.6776420866141732
21
2.2743653937007875
0
LINE
8
BLACK
6
CONTINUOUS
10
0.6776420866141732
20
2.2743653937007875
11
0.6776438582677166
21
2.2743833464566929
0
LINE
8
BLACK
6
CONTINUOUS
10
0.6776438582677166
20
2.2743833464566929
11
0.6776553149606299
21
2.2744111023622047
0
LINE
8
BLACK
6
CONTINUOUS
10
0.6776553149606299
20
2.2744111023622047
11
0.6777983070866141
21
2.2749039370078741
0
LINE
8
BLACK
6
CONTINUOUS
10
0.6777983070866141
20
2.2749039370078741
11
0.6792981889763779
21
2.2786534645669292
0
LINE
8
BLACK
6
CONTINUOUS
10
0.6792981889763779
20
2.2786534645669292
11
0.6793981102362204
21
2.2788460629921259
0
LINE
8
BLACK
6
CONTINUOUS
10
0.6793981102362204
20
2.2788460629921259
11
0.6794184251968504
21
2.2789161023622047
0
LINE
8
BLACK
6
CONTINUOUS
10
0.6794184251968504
20
2.2789161023622047
11
0.679497874015748
21
2.2790383070866143
0
LINE
8
BLACK
6
CONTINUOUS
10
0.679497874015748
20
2.2790383070866143
11
0.6795648031496063
21
2.2791672440944883
0
LINE
8
BLACK
6
CONTINUOUS
10
0.6795648031496063
20
2.2791672440944883
11
0.679615590551181
21
2.2792193307086612
0
LINE
8
BLACK
6
CONTINUOUS
10
0.679615590551181
20
2.2792193307086612
11
0.6797340157480315
21
2.2794013779527558
0
LINE
8
BLACK
6
CONTINUOUS
10
0.6797340157480315
20
2.2794013779527558
11
0.6812338188976378
21
2.2812761417322833
0
LINE
8
BLACK
6
CONTINUOUS
10
0.6812338188976378
20
2.2812761417322833
11
0.6814724803149607
21
2.2815209055118109
0
LINE
8
BLACK
6
CONTINUOUS
10
0.6814724803149607
20
2.2815209055118109
11
0.6815161417322835
21
2.2815820866141734
0
LINE
8
BLACK
6
CONTINUOUS
10
0.6815161417322835
20
2.2815820866141734
11
0.681580748031496
21
2.2816319291338583
0
LINE
8
BLACK
6
CONTINUOUS
10
0.681580748031496
20
2.2816319291338583
11
0.6816379527559056
21
2.2816905511811023
0
LINE
8
BLACK
6
CONTINUOUS
10
0.6816379527559056
20
2.2816905511811023
11
0.6817039763779528
21
2.2817269291338582
0
LINE
8
BLACK
6
CONTINUOUS
10
0.6817039763779528
20
2.2817269291338582
11
0.6819745669291338
21
2.2819355118110236
0
LINE
8
BLACK
6
CONTINUOUS
10
0.6819745669291338
20
2.2819355118110236
11
0.6849741732283464
21
2.2838102755905512
0
LINE
8
BLACK
6
CONTINUOUS
10
0.6849741732283464
20
2.2838102755905512
11
0.6854927559055118
21
2.2840674803149605
0
LINE
8
BLACK
6
CONTINUOUS
10
0.6854927559055118
20
2.2840674803149605
11
0.6857355905511811
21
2.2841081496062992
0
LINE
8
BLACK
6
CONTINUOUS
10
0.6857355905511811
20
2.2841081496062992
11
0.6859630708661417
21
2.2842023622047245
0
LINE
8
BLACK
6
CONTINUOUS
10
0.6859630708661417
20
2.2842023622047245
11
0.6865391338582677
21
2.2842590944881889
0
LINE
8
BLACK
6
CONTINUOUS
10
0.6865391338582677
20
2.2842590944881889
11
0.6940382283464567
21
2.2842590944881889
0
LINE
8
BLACK
6
CONTINUOUS
10
0.6940382283464567
20
2.2842590944881889
11
0.6946142913385827
21
2.2842023622047245
0
LINE
8
BLACK
6
CONTINUOUS
10
0.6631182283464567
20
2.2842023622047245
11
0.6633456692913385
21
2.2841081496062992
0
LINE
8
BLACK
6
CONTINUOUS
10
0.6633456692913385
20
2.2841081496062992
11
0.6635885433070866
21
2.2840674803149605
0
LINE
8
BLACK
6
CONTINUOUS
10
0.6635885433070866
20
2.2840674803149605
11
0.6641071259842519
21
2.2838102755905512
0
LINE
8
BLACK
6
CONTINUOUS
10
0.6641071259842519
20
2.2838102755905512
11
0.6671067322834645
21
2.2819355118110236
0
LINE
8
BLACK
6
CONTINUOUS
10
0.6671067322834645
20
2.2819355118110236
11
0.6673774409448818
21
2.281726811023622
0
LINE
8
BLACK
6
CONTINUOUS
10
0.6673774409448818
20
2.281726811023622
11
0.6674433464566929
21
2.2816905118110236
0
LINE
8
BLACK
6
CONTINUOUS
10
0.6674433464566929
20
2.2816905118110236
11
0.6675003937007874
21
2.2816320078740158
0
LINE
8
BLACK
6
CONTINUOUS
10
0.6675003937007874
20
2.2816320078740158
11
0.667565157480315
21
2.2815820866141734
0
LINE
8
BLACK
6
CONTINUOUS
10
0.667565157480315
20
2.2815820866141734
11
0.6676088188976378
21
2.2815208267716534
0
LINE
8
BLACK
6
CONTINUOUS
10
0.6676088188976378
20
2.2815208267716534
11
0.6678474803149607
21
2.2812761417322833
0
LINE
8
BLACK
6
CONTINUOUS
10
0.6678474803149607
20
2.2812761417322833
11
0.669347283464567
21
2.2794013779527558
0
LINE
8
BLACK
6
CONTINUOUS
10
0.669347283464567
20
2.2794013779527558
11
0.6694656692913385
21
2.2792193307086612
0
LINE
8
BLACK
6
CONTINUOUS
10
0.6694656692913385
20
2.2792193307086612
11
0.6695164960629921
21
2.2791672440944883
0
LINE
8
BLACK
6
CONTINUOUS
10
0.6695164960629921
20
2.2791672440944883
11
0.6695834645669291
21
2.2790382283464568
0
LINE
8
BLACK
6
CONTINUOUS
10
0.6695834645669291
20
2.2790382283464568
11
0.669662874015748
21
2.2789161023622047
0
LINE
8
BLACK
6
CONTINUOUS
10
0.669662874015748
20
2.2789161023622047
11
0.6696831102362204
21
2.2788461811023621
0
LINE
8
BLACK
6
CONTINUOUS
10
0.6696831102362204
20
2.2788461811023621
11
0.6697831496062991
21
2.2786534645669292
0
LINE
8
BLACK
6
CONTINUOUS
10
0.6697831496062991
20
2.2786534645669292
11
0.6712829921259842
21
2.2749039370078741
0
LINE
8
BLACK
6
CONTINUOUS
10
0.6712829921259842
20
2.2749039370078741
11
0.6714259448818898
21
2.2744111023622047
0
LINE
8
BLACK
6
CONTINUOUS
10
0.6714259448818898
20
2.2744111023622047
11
0.6714374409448819
21
2.2743833464566929
0
LINE
8
BLACK
6
CONTINUOUS
10
0.6714374409448819
20
2.2743833464566929
11
0.6714391732283465
21
2.2743653937007875
0
LINE
8
BLACK
6
CONTINUOUS
10
0.6714391732283465
20
2.2743653937007875
11
0.6714442519685039
21
2.2743479921259842
0
LINE
8
BLACK
6
CONTINUOUS
10
0.6714442519685039
20
2.2743479921259842
11
0.6714438582677166
21
2.2743179133858269
0
LINE
8
BLACK
6
CONTINUOUS
10
0.6714438582677166
20
2.2743179133858269
11
0.6714941732283465
21
2.2738072834645671
0
LINE
8
BLACK
6
CONTINUOUS
10
0.6714941732283465
20
2.2738072834645671
11
0.6714941732283465
21
2.2681829921259844
0
LINE
8
BLACK
6
CONTINUOUS
10
0.6714941732283465
20
2.2681829921259844
11
0.6714438582677166
21
2.2676724015748029
0
LINE
8
BLACK
6
CONTINUOUS
10
0.6714438582677166
20
2.2676724015748029
11
0.6714442519685039
21
2.2676422834645669
0
LINE
8
BLACK
6
CONTINUOUS
10
0.6714442519685039
20
2.2676422834645669
11
0.6714391732283465
21
2.2676249212598423
0
LINE
8
BLACK
6
CONTINUOUS
10
0.6714391732283465
20
2.2676249212598423
11
0.6714374409448819
21
2.2676069291338581
0
LINE
8
BLACK
6
CONTINUOUS
10
0.6714374409448819
20
2.2676069291338581
11
0.6714259448818898
21
2.2675792125984251
0
LINE
8
BLACK
6
CONTINUOUS
10
0.6714259448818898
20
2.2675792125984251
11
0.6712829921259842
21
2.2670863385826769
0
LINE
8
BLACK
6
CONTINUOUS
10
0.6712829921259842
20
2.2670863385826769
11
0.6697831496062991
21
2.2633368110236218
0
LINE
8
BLACK
6
CONTINUOUS
10
0.6697831496062991
20
2.2633368110236218
11
0.6696831102362204
21
2.2631441338582676
0
LINE
8
BLACK
6
CONTINUOUS
10
0.6696831102362204
20
2.2631441338582676
11
0.669662874015748
21
2.2630741732283464
0
LINE
8
BLACK
6
CONTINUOUS
10
0.669662874015748
20
2.2630741732283464
11
0.6695834645669291
21
2.262952086614173
0
LINE
8
BLACK
6
CONTINUOUS
10
0.6695834645669291
20
2.262952086614173
11
0.6695164960629921
21
2.2628230314960631
0
LINE
8
BLACK
6
CONTINUOUS
10
0.6695164960629921
20
2.2628230314960631
11
0.6694656692913385
21
2.2627709842519685
0
LINE
8
BLACK
6
CONTINUOUS
10
0.6694656692913385
20
2.2627709842519685
11
0.669347283464567
21
2.2625888976377952
0
LINE
8
BLACK
6
CONTINUOUS
10
0.669347283464567
20
2.2625888976377952
11
0.6678474803149607
21
2.2607141338582677
0
LINE
8
BLACK
6
CONTINUOUS
10
0.6678474803149607
20
2.2607141338582677
11
0.6676088188976378
21
2.2604694881889764
0
LINE
8
BLACK
6
CONTINUOUS
10
0.6676088188976378
20
2.2604694881889764
11
0.667565157480315
21
2.2604081889763781
0
LINE
8
BLACK
6
CONTINUOUS
10
0.667565157480315
20
2.2604081889763781
11
0.6675003937007874
21
2.260358307086614
0
LINE
8
BLACK
6
CONTINUOUS
10
0.6675003937007874
20
2.260358307086614
11
0.6674433464566929
21
2.2602997637795275
0
LINE
8
BLACK
6
CONTINUOUS
10
0.6674433464566929
20
2.2602997637795275
11
0.6673774409448818
21
2.2602635039370078
0
LINE
8
BLACK
6
CONTINUOUS
10
0.6673774409448818
20
2.2602635039370078
11
0.6671067322834645
21
2.2600547637795274
0
LINE
8
BLACK
6
CONTINUOUS
10
0.6671067322834645
20
2.2600547637795274
11
0.6641071259842519
21
2.2581799999999999
0
LINE
8
BLACK
6
CONTINUOUS
10
0.6641071259842519
20
2.2581799999999999
11
0.6635885433070866
21
2.2579227952755905
0
LINE
8
BLACK
6
CONTINUOUS
10
0.6635885433070866
20
2.2579227952755905
11
0.6633456692913385
21
2.2578821653543306
0
LINE
8
BLACK
6
CONTINUOUS
10
0.6633456692913385
20
2.2578821653543306
11
0.6631182283464567
21
2.2577879133858265
0
LINE
8
BLACK
6
CONTINUOUS
10
0.6631182283464567
20
2.2577879133858265
11
0.6630523228346457
21
2.2577814566929133
0
LINE
8
BLACK
6
CONTINUOUS
10
0.6630523228346457
20
2.2577814566929133
11
0.6711177165354331
21
2.2433789763779526
0
LINE
8
BLACK
6
CONTINUOUS
10
0.6711177165354331
20
2.2433789763779526
11
0.6713496850393701
21
2.2428486614173226
0
LINE
8
BLACK
6
CONTINUOUS
10
0.6713496850393701
20
2.2428486614173226
11
0.6714850787401575
21
2.241704527559055
0
LINE
8
BLACK
6
CONTINUOUS
10
0.6714850787401575
20
2.241704527559055
11
0.6711723228346457
21
2.2405957086614174
0
LINE
8
BLACK
6
CONTINUOUS
10
0.6711723228346457
20
2.2405957086614174
11
0.6704590551181102
21
2.2396909055118108
0
LINE
8
BLACK
6
CONTINUOUS
10
0.6704590551181102
20
2.2396909055118108
11
0.6694538188976378
21
2.2391279921259843
0
LINE
8
BLACK
6
CONTINUOUS
10
0.6694538188976378
20
2.2391279921259843
11
0.66830968503937
21
2.2389925984251966
0
LINE
8
BLACK
6
CONTINUOUS
10
0.66830968503937
20
2.2389925984251966
11
0.6672008661417322
21
2.2393053543307087
0
LINE
8
BLACK
6
CONTINUOUS
10
0.6672008661417322
20
2.2393053543307087
11
0.6662961023622047
21
2.240018622047244
0
LINE
8
BLACK
6
CONTINUOUS
10
0.6662961023622047
20
2.240018622047244
11
0.6659651181102362
21
2.2404935433070867
0
LINE
8
BLACK
6
CONTINUOUS
10
0.6659651181102362
20
2.2404935433070867
11
0.6563120472440944
21
2.2577311811023622
0
LINE
8
BLACK
6
CONTINUOUS
10
0.6563120472440944
20
2.2577311811023622
11
0.6534964173228346
21
2.2577311811023622
0
LINE
8
BLACK
6
CONTINUOUS
10
0.6534964173228346
20
2.2577311811023622
11
0.6534964173228346
21
2.2419362598425194
0
LINE
8
BLACK
6
CONTINUOUS
10
0.6534964173228346
20
2.2419362598425194
11
0.6534396850393701
21
2.2413601968503936
0
LINE
8
BLACK
6
CONTINUOUS
10
0.6534396850393701
20
2.2413601968503936
11
0.652998779527559
21
2.2402957874015748
0
LINE
8
BLACK
6
CONTINUOUS
10
0.652998779527559
20
2.2402957874015748
11
0.6521841338582677
21
2.2394811417322833
0
LINE
8
BLACK
6
CONTINUOUS
10
0.6521841338582677
20
2.2394811417322833
11
0.6511197244094488
21
2.2390402362204722
0
LINE
8
BLACK
6
CONTINUOUS
10
0.6511197244094488
20
2.2390402362204722
11
0.6499675984251968
21
2.2390402362204722
0
LINE
8
BLACK
6
CONTINUOUS
10
0.6499675984251968
20
2.2390402362204722
11
0.6489031889763779
21
2.2394811417322833
0
LINE
8
BLACK
6
CONTINUOUS
10
0.6489031889763779
20
2.2394811417322833
11
0.6480885433070867
21
2.2402957874015748
0
LINE
8
BLACK
6
CONTINUOUS
10
0.6480885433070867
20
2.2402957874015748
11
0.6476476377952756
21
2.2413601968503936
0
LINE
8
BLACK
6
CONTINUOUS
10
0.6476476377952756
20
2.2413601968503936
11
0.647590905511811
21
2.2419362598425194
0
LINE
8
BLACK
6
CONTINUOUS
10
0.647590905511811
20
2.2419362598425194
11
0.647590905511811
21
2.2813063385826773
0
LINE
8
BLACK
6
CONTINUOUS
10
0.647590905511811
20
2.2813063385826773
11
0.6476476377952756
21
2.2818824015748032
0
LINE
8
BLACK
6
CONTINUOUS
10
0.6476476377952756
20
2.2818824015748032
11
0.6480885433070867
21
2.282946811023622
0
LINE
8
BLACK
6
CONTINUOUS
10
0.6480885433070867
20
2.282946811023622
11
0.6489031889763779
21
2.2837614566929134
0
LINE
8
BLACK
6
CONTINUOUS
10
0.6489031889763779
20
2.2837614566929134
11
0.6499675984251968
21
2.2842023622047245
0
LINE
8
BLACK
6
CONTINUOUS
10
0.6499675984251968
20
2.2842023622047245
11
0.6505436614173228
21
2.2842590944881889
0
LINE
8
BLACK
6
CONTINUOUS
10
0.6505436614173228
20
2.2842590944881889
11
0.6625421653543307
21
2.2842590944881889
0
LINE
8
BLACK
6
CONTINUOUS
10
0.6625421653543307
20
2.2842590944881889
11
0.6631182283464567
21
2.2842023622047245
0
LINE
8
BLACK
6
CONTINUOUS
10
0.6534964173228346
20
2.2636366929133858
11
0.6616953149606299
21
2.2636366929133858
0
LINE
8
BLACK
6
CONTINUOUS
10
0.6616953149606299
20
2.2636366929133858
11
0.6635502755905511
21
2.2647961023622045
0
LINE
8
BLACK
6
CONTINUOUS
10
0.6635502755905511
20
2.2647961023622045
11
0.6644624409448818
21
2.2659362992125982
0
LINE
8
BLACK
6
CONTINUOUS
10
0.6644624409448818
20
2.2659362992125982
11
0.6655886614173229
21
2.268751653543307
0
LINE
8
BLACK
6
CONTINUOUS
10
0.6655886614173229
20
2.268751653543307
11
0.6655886614173229
21
2.2732386614173228
0
LINE
8
BLACK
6
CONTINUOUS
10
0.6655886614173229
20
2.2732386614173228
11
0.6644624409448818
21
2.2760540157480316
0
LINE
8
BLACK
6
CONTINUOUS
10
0.6644624409448818
20
2.2760540157480316
11
0.6635502755905511
21
2.2771942125984252
0
LINE
8
BLACK
6
CONTINUOUS
10
0.6635502755905511
20
2.2771942125984252
11
0.6616953149606299
21
2.2783535826771653
0
LINE
8
BLACK
6
CONTINUOUS
10
0.6616953149606299
20
2.2783535826771653
11
0.6534964173228346
21
2.2783535826771653
0
LINE
8
BLACK
6
CONTINUOUS
10
0.6534964173228346
20
2.2783535826771653
11
0.6534964173228346
21
2.2636366929133858
0
LINE
8
BLACK
6
CONTINUOUS
10
0.5385796456692913
20
2.2842023622047245
11
0.5386337795275591
21
2.2842023622047245
0
LINE
8
BLACK
6
CONTINUOUS
10
0.5386337795275591
20
2.2842023622047245
11
0.5391174803149607
21
2.2840020078740157
0
LINE
8
BLACK
6
CONTINUOUS
10
0.5391174803149607
20
2.2840020078740157
11
0.5396085433070866
21
2.2838190551181103
0
LINE
8
BLACK
6
CONTINUOUS
10
0.5396085433070866
20
2.2838190551181103
11
0.5396481889763779
21
2.2837821653543307
0
LINE
8
BLACK
6
CONTINUOUS
10
0.5396481889763779
20
2.2837821653543307
11
0.5396981889763779
21
2.2837614566929134
0
LINE
8
BLACK
6
CONTINUOUS
10
0.5396981889763779
20
2.2837614566929134
11
0.5400684251968504
21
2.2833912204724407
0
LINE
8
BLACK
6
CONTINUOUS
10
0.5400684251968504
20
2.2833912204724407
11
0.5404520866141732
21
2.2830342913385828
0
LINE
8
BLACK
6
CONTINUOUS
10
0.5404520866141732
20
2.2830342913385828
11
0.5404892519685039
21
2.2829703937007872
0
LINE
8
BLACK
6
CONTINUOUS
10
0.5404892519685039
20
2.2829703937007872
11
0.5405128346456692
21
2.282946811023622
0
LINE
8
BLACK
6
CONTINUOUS
10
0.5405128346456692
20
2.282946811023622
11
0.5405371653543307
21
2.2828880708661416
0
LINE
8
BLACK
6
CONTINUOUS
10
0.5405371653543307
20
2.2828880708661416
11
0.540743188976378
21
2.2825339763779526
0
LINE
8
BLACK
6
CONTINUOUS
10
0.540743188976378
20
2.2825339763779526
11
0.5531027165354331
21
2.2554975196850395
0
LINE
8
BLACK
6
CONTINUOUS
10
0.5531027165354331
20
2.2554975196850395
11
0.5531027165354331
21
2.2813063385826773
0
LINE
8
BLACK
6
CONTINUOUS
10
0.5531027165354331
20
2.2813063385826773
11
0.5531594488188977
21
2.2818824015748032
0
LINE
8
BLACK
6
CONTINUOUS
10
0.5531594488188977
20
2.2818824015748032
11
0.5536003543307086
21
2.282946811023622
0
LINE
8
BLACK
6
CONTINUOUS
10
0.5536003543307086
20
2.282946811023622
11
0.554415
21
2.2837614566929134
0
LINE
8
BLACK
6
CONTINUOUS
10
0.554415
20
2.2837614566929134
11
0.5554794094488189
21
2.2842023622047245
0
LINE
8
BLACK
6
CONTINUOUS
10
0.5554794094488189
20
2.2842023622047245
11
0.5566315354330709
21
2.2842023622047245
0
LINE
8
BLACK
6
CONTINUOUS
10
0.5566315354330709
20
2.2842023622047245
11
0.5576959448818898
21
2.2837614566929134
0
LINE
8
BLACK
6
CONTINUOUS
10
0.5576959448818898
20
2.2837614566929134
11
0.5585105905511811
21
2.282946811023622
0
LINE
8
BLACK
6
CONTINUOUS
10
0.5585105905511811
20
2.282946811023622
11
0.5589514960629921
21
2.2818824015748032
0
LINE
8
BLACK
6
CONTINUOUS
10
0.5589514960629921
20
2.2818824015748032
11
0.5590082283464567
21
2.2813063385826773
0
LINE
8
BLACK
6
CONTINUOUS
10
0.5590082283464567
20
2.2813063385826773
11
0.5590082283464567
21
2.2419362598425194
0
LINE
8
BLACK
6
CONTINUOUS
10
0.5590082283464567
20
2.2419362598425194
11
0.5589680708661418
21
2.2415287401574804
0
LINE
8
BLACK
6
CONTINUOUS
10
0.5589680708661418
20
2.2415287401574804
11
0.5589703937007874
21
2.2414650393700786
0
LINE
8
BLACK
6
CONTINUOUS
10
0.5589703937007874
20
2.2414650393700786
11
0.5589587401574803
21
2.2414337795275592
0
LINE
8
BLACK
6
CONTINUOUS
10
0.5589587401574803
20
2.2414337795275592
11
0.5589514960629921
21
2.2413601968503936
0
LINE
8
BLACK
6
CONTINUOUS
10
0.5589514960629921
20
2.2413601968503936
11
0.5587511023622047
21
2.2408764960629921
0
LINE
8
BLACK
6
CONTINUOUS
10
0.5587511023622047
20
2.2408764960629921
11
0.5585681889763779
21
2.2403854330708661
0
LINE
8
BLACK
6
CONTINUOUS
10
0.5585681889763779
20
2.2403854330708661
11
0.5585312598425197
21
2.2403457874015746
0
LINE
8
BLACK
6
CONTINUOUS
10
0.5585312598425197
20
2.2403457874015746
11
0.5585105905511811
21
2.2402957874015748
0
LINE
8
BLACK
6
CONTINUOUS
10
0.5585105905511811
20
2.2402957874015748
11
0.5581403149606299
21
2.2399255511811025
0
LINE
8
BLACK
6
CONTINUOUS
10
0.5581403149606299
20
2.2399255511811025
11
0.5577834251968504
21
2.2395418897637795
0
LINE
8
BLACK
6
CONTINUOUS
10
0.5577834251968504
20
2.2395418897637795
11
0.5577341732283464
21
2.2395194094488189
0
LINE
8
BLACK
6
CONTINUOUS
10
0.5577341732283464
20
2.2395194094488189
11
0.5576959448818898
21
2.2394811417322833
0
LINE
8
BLACK
6
CONTINUOUS
10
0.5576959448818898
20
2.2394811417322833
11
0.5572118503937008
21
2.23928062992126
0
LINE
8
BLACK
6
CONTINUOUS
10
0.5572118503937008
20
2.23928062992126
11
0.556735590551181
21
2.2390629133858266
0
LINE
8
BLACK
6
CONTINUOUS
10
0.556735590551181
20
2.2390629133858266
11
0.5566815354330709
21
2.2390609842519686
0
LINE
8
BLACK
6
CONTINUOUS
10
0.5566815354330709
20
2.2390609842519686
11
0.5566315354330709
21
2.2390402362204722
0
LINE
8
BLACK
6
CONTINUOUS
10
0.5566315354330709
20
2.2390402362204722
11
0.5561075984251969
21
2.2390402362204722
0
LINE
8
BLACK
6
CONTINUOUS
10
0.5561075984251969
20
2.2390402362204722
11
0.5555842519685039
21
2.2390213385826772
0
LINE
8
BLACK
6
CONTINUOUS
10
0.5555842519685039
20
2.2390213385826772
11
0.5555335433070866
21
2.2390402362204722
0
LINE
8
BLACK
6
CONTINUOUS
10
0.5555335433070866
20
2.2390402362204722
11
0.5554794094488189
21
2.2390402362204722
0
LINE
8
BLACK
6
CONTINUOUS
10
0.5554794094488189
20
2.2390402362204722
11
0.5549956692913386
21
2.2392406299212597
0
LINE
8
BLACK
6
CONTINUOUS
10
0.5549956692913386
20
2.2392406299212597
11
0.5545046456692914
21
2.2394235433070864
0
LINE
8
BLACK
6
CONTINUOUS
10
0.5545046456692914
20
2.2394235433070864
11
0.5544649606299212
21
2.2394604724409448
0
LINE
8
BLACK
6
CONTINUOUS
10
0.5544649606299212
20
2.2394604724409448
11
0.554415
21
2.2394811417322833
0
LINE
8
BLACK
6
CONTINUOUS
10
0.554415
20
2.2394811417322833
11
0.5540447244094489
21
2.2398514173228348
0
LINE
8
BLACK
6
CONTINUOUS
10
0.5540447244094489
20
2.2398514173228348
11
0.5536611023622047
21
2.2402083070866143
0
LINE
8
BLACK
6
CONTINUOUS
10
0.5536611023622047
20
2.2402083070866143
11
0.5536238976377953
21
2.2402722440944882
0
LINE
8
BLACK
6
CONTINUOUS
10
0.5536238976377953
20
2.2402722440944882
11
0.5536003543307086
21
2.2402957874015748
0
LINE
8
BLACK
6
CONTINUOUS
10
0.5536003543307086
20
2.2402957874015748
11
0.5535759842519685
21
2.2403545669291338
0
LINE
8
BLACK
6
CONTINUOUS
10
0.5535759842519685
20
2.2403545669291338
11
0.55337
21
2.2407086220472441
0
LINE
8
BLACK
6
CONTINUOUS
10
0.55337
20
2.2407086220472441
11
0.5410104724409449
21
2.2677451181102364
0
LINE
8
BLACK
6
CONTINUOUS
10
0.5410104724409449
20
2.2677451181102364
11
0.5410104724409449
21
2.2419362598425194
0
LINE
8
BLACK
6
CONTINUOUS
10
0.5410104724409449
20
2.2419362598425194
11
0.5409537401574803
21
2.2413601968503936
0
LINE
8
BLACK
6
CONTINUOUS
10
0.5409537401574803
20
2.2413601968503936
11
0.5405128346456692
21
2.2402957874015748
0
LINE
8
BLACK
6
CONTINUOUS
10
0.5405128346456692
20
2.2402957874015748
11
0.5396981889763779
21
2.2394811417322833
0
LINE
8
BLACK
6
CONTINUOUS
10
0.5396981889763779
20
2.2394811417322833
11
0.5386337795275591
21
2.2390402362204722
0
LINE
8
BLACK
6
CONTINUOUS
10
0.5386337795275591
20
2.2390402362204722
11
0.5374816535433071
21
2.2390402362204722
0
LINE
8
BLACK
6
CONTINUOUS
10
0.5374816535433071
20
2.2390402362204722
11
0.5364172440944882
21
2.2394811417322833
0
LINE
8
BLACK
6
CONTINUOUS
10
0.5364172440944882
20
2.2394811417322833
11
0.5356025984251969
21
2.2402957874015748
0
LINE
8
BLACK
6
CONTINUOUS
10
0.5356025984251969
20
2.2402957874015748
11
0.5351616929133858
21
2.2413601968503936
0
LINE
8
BLACK
6
CONTINUOUS
10
0.5351616929133858
20
2.2413601968503936
11
0.5351049606299213
21
2.2419362598425194
0
LINE
8
BLACK
6
CONTINUOUS
10
0.5351049606299213
20
2.2419362598425194
11
0.5351049606299213
21
2.2813063385826773
0
LINE
8
BLACK
6
CONTINUOUS
10
0.5351049606299213
20
2.2813063385826773
11
0.5351450787401575
21
2.2817138976377951
0
LINE
8
BLACK
6
CONTINUOUS
10
0.5351450787401575
20
2.2817138976377951
11
0.5351427952755905
21
2.2817775590551181
0
LINE
8
BLACK
6
CONTINUOUS
10
0.5351427952755905
20
2.2817775590551181
11
0.5351544094488189
21
2.2818088582677163
0
LINE
8
BLACK
6
CONTINUOUS
10
0.5351544094488189
20
2.2818088582677163
11
0.5351616929133858
21
2.2818824015748032
0
LINE
8
BLACK
6
CONTINUOUS
10
0.5351616929133858
20
2.2818824015748032
11
0.5353620472440945
21
2.2823661417322834
0
LINE
8
BLACK
6
CONTINUOUS
10
0.5353620472440945
20
2.2823661417322834
11
0.5355449999999999
21
2.2828571653543306
0
LINE
8
BLACK
6
CONTINUOUS
10
0.5355449999999999
20
2.2828571653543306
11
0.5355818897637795
21
2.2828968503937008
0
LINE
8
BLACK
6
CONTINUOUS
10
0.5355818897637795
20
2.2828968503937008
11
0.5356025984251969
21
2.282946811023622
0
LINE
8
BLACK
6
CONTINUOUS
10
0.5356025984251969
20
2.282946811023622
11
0.5359728346456692
21
2.283317086614173
0
LINE
8
BLACK
6
CONTINUOUS
10
0.5359728346456692
20
2.283317086614173
11
0.5363297637795276
21
2.2837007086614172
0
LINE
8
BLACK
6
CONTINUOUS
10
0.5363297637795276
20
2.2837007086614172
11
0.5363789763779527
21
2.2837232283464566
0
LINE
8
BLACK
6
CONTINUOUS
10
0.5363789763779527
20
2.2837232283464566
11
0.5364172440944882
21
2.2837614566929134
0
LINE
8
BLACK
6
CONTINUOUS
10
0.5364172440944882
20
2.2837614566929134
11
0.5369012992125984
21
2.2839620078740155
0
LINE
8
BLACK
6
CONTINUOUS
10
0.5369012992125984
20
2.2839620078740155
11
0.5373775984251968
21
2.2841796850393701
0
LINE
8
BLACK
6
CONTINUOUS
10
0.5373775984251968
20
2.2841796850393701
11
0.5374316141732284
21
2.2841816535433068
0
LINE
8
BLACK
6
CONTINUOUS
10
0.5374316141732284
20
2.2841816535433068
11
0.5374816535433071
21
2.2842023622047245
0
LINE
8
BLACK
6
CONTINUOUS
10
0.5374816535433071
20
2.2842023622047245
11
0.5380055905511811
21
2.2842023622047245
0
LINE
8
BLACK
6
CONTINUOUS
10
0.5380055905511811
20
2.2842023622047245
11
0.538528937007874
21
2.2842212598425196
0
LINE
8
BLACK
6
CONTINUOUS
10
0.538528937007874
20
2.2842212598425196
11
0.5385796456692913
21
2.2842023622047245
0
LINE
8
BLACK
6
CONTINUOUS
10
0.5247000787401574
20
2.2837614566929134
11
0.5255147244094488
21
2.282946811023622
0
LINE
8
BLACK
6
CONTINUOUS
10
0.5255147244094488
20
2.282946811023622
11
0.5259556299212599
21
2.2818824015748032
0
LINE
8
BLACK
6
CONTINUOUS
10
0.5259556299212599
20
2.2818824015748032
11
0.5260123622047244
21
2.2813063385826773
0
LINE
8
BLACK
6
CONTINUOUS
10
0.5260123622047244
20
2.2813063385826773
11
0.5260123622047244
21
2.2419362598425194
0
LINE
8
BLACK
6
CONTINUOUS
10
0.5260123622047244
20
2.2419362598425194
11
0.5259556299212599
21
2.2413601968503936
0
LINE
8
BLACK
6
CONTINUOUS
10
0.5259556299212599
20
2.2413601968503936
11
0.5255147244094488
21
2.2402957874015748
0
LINE
8
BLACK
6
CONTINUOUS
10
0.5255147244094488
20
2.2402957874015748
11
0.5247000787401574
21
2.2394811417322833
0
LINE
8
BLACK
6
CONTINUOUS
10
0.5247000787401574
20
2.2394811417322833
11
0.5236356692913385
21
2.2390402362204722
0
LINE
8
BLACK
6
CONTINUOUS
10
0.5236356692913385
20
2.2390402362204722
11
0.5224835433070866
21
2.2390402362204722
0
LINE
8
BLACK
6
CONTINUOUS
10
0.5224835433070866
20
2.2390402362204722
11
0.5214191338582677
21
2.2394811417322833
0
LINE
8
BLACK
6
CONTINUOUS
10
0.5214191338582677
20
2.2394811417322833
11
0.5206044881889763
21
2.2402957874015748
0
LINE
8
BLACK
6
CONTINUOUS
10
0.5206044881889763
20
2.2402957874015748
11
0.5201635826771653
21
2.2413601968503936
0
LINE
8
BLACK
6
CONTINUOUS
10
0.5201635826771653
20
2.2413601968503936
11
0.5201068503937007
21
2.2419362598425194
0
LINE
8
BLACK
6
CONTINUOUS
10
0.5201068503937007
20
2.2419362598425194
11
0.5201068503937007
21
2.2813063385826773
0
LINE
8
BLACK
6
CONTINUOUS
10
0.5201068503937007
20
2.2813063385826773
11
0.5201635826771653
21
2.2818824015748032
0
LINE
8
BLACK
6
CONTINUOUS
10
0.5201635826771653
20
2.2818824015748032
11
0.5206044881889763
21
2.282946811023622
0
LINE
8
BLACK
6
CONTINUOUS
10
0.5206044881889763
20
2.282946811023622
11
0.5214191338582677
21
2.2837614566929134
0
LINE
8
BLACK
6
CONTINUOUS
10
0.5214191338582677
20
2.2837614566929134
11
0.5224835433070866
21
2.2842023622047245
0
LINE
8
BLACK
6
CONTINUOUS
10
0.5224835433070866
20
2.2842023622047245
11
0.5236356692913385
21
2.2842023622047245
0
LINE
8
BLACK
6
CONTINUOUS
10
0.5236356692913385
20
2.2842023622047245
11
0.5247000787401574
21
2.2837614566929134
0
LINE
8
BLACK
6
CONTINUOUS
10
0.5851279527559055
20
2.2842023622047245
11
0.5861923622047244
21
2.2837614566929134
0
LINE
8
BLACK
6
CONTINUOUS
10
0.5861923622047244
20
2.2837614566929134
11
0.5870070078740157
21
2.282946811023622
0
LINE
8
BLACK
6
CONTINUOUS
10
0.5870070078740157
20
2.282946811023622
11
0.5874479133858268
21
2.2818824015748032
0
LINE
8
BLACK
6
CONTINUOUS
10
0.5874479133858268
20
2.2818824015748032
11
0.5874479133858268
21
2.280730275590551
0
LINE
8
BLACK
6
CONTINUOUS
10
0.5874479133858268
20
2.280730275590551
11
0.5870070078740157
21
2.2796658661417322
0
LINE
8
BLACK
6
CONTINUOUS
10
0.5870070078740157
20
2.2796658661417322
11
0.5861923622047244
21
2.2788512204724407
0
LINE
8
BLACK
6
CONTINUOUS
10
0.5861923622047244
20
2.2788512204724407
11
0.5851279527559055
21
2.2784103149606301
0
LINE
8
BLACK
6
CONTINUOUS
10
0.5851279527559055
20
2.2784103149606301
11
0.5845518897637795
21
2.2783535826771653
0
LINE
8
BLACK
6
CONTINUOUS
10
0.5845518897637795
20
2.2783535826771653
11
0.578505748031496
21
2.2783535826771653
0
LINE
8
BLACK
6
CONTINUOUS
10
0.578505748031496
20
2.2783535826771653
11
0.578505748031496
21
2.2419362598425194
0
LINE
8
BLACK
6
CONTINUOUS
10
0.578505748031496
20
2.2419362598425194
11
0.5784490157480315
21
2.2413601968503936
0
LINE
8
BLACK
6
CONTINUOUS
10
0.5784490157480315
20
2.2413601968503936
11
0.5780081102362205
21
2.2402957874015748
0
LINE
8
BLACK
6
CONTINUOUS
10
0.5780081102362205
20
2.2402957874015748
11
0.5771934645669291
21
2.2394811417322833
0
LINE
8
BLACK
6
CONTINUOUS
10
0.5771934645669291
20
2.2394811417322833
11
0.5761290551181102
21
2.2390402362204722
0
LINE
8
BLACK
6
CONTINUOUS
10
0.5761290551181102
20
2.2390402362204722
11
0.5749769291338582
21
2.2390402362204722
0
LINE
8
BLACK
6
CONTINUOUS
10
0.5749769291338582
20
2.2390402362204722
11
0.5739125196850393
21
2.2394811417322833
0
LINE
8
BLACK
6
CONTINUOUS
10
0.5739125196850393
20
2.2394811417322833
11
0.573097874015748
21
2.2402957874015748
0
LINE
8
BLACK
6
CONTINUOUS
10
0.573097874015748
20
2.2402957874015748
11
0.572656968503937
21
2.2413601968503936
0
LINE
8
BLACK
6
CONTINUOUS
10
0.572656968503937
20
2.2413601968503936
11
0.5726002362204724
21
2.2419362598425194
0
LINE
8
BLACK
6
CONTINUOUS
10
0.5726002362204724
20
2.2419362598425194
11
0.5726002362204724
21
2.2783535826771653
0
LINE
8
BLACK
6
CONTINUOUS
10
0.5726002362204724
20
2.2783535826771653
11
0.5665541338582677
21
2.2783535826771653
0
LINE
8
BLACK
6
CONTINUOUS
10
0.5665541338582677
20
2.2783535826771653
11
0.5659780708661417
21
2.2784103149606301
0
LINE
8
BLACK
6
CONTINUOUS
10
0.5659780708661417
20
2.2784103149606301
11
0.5649136614173228
21
2.2788512204724407
0
LINE
8
BLACK
6
CONTINUOUS
10
0.5649136614173228
20
2.2788512204724407
11
0.5640990157480315
21
2.2796658661417322
0
LINE
8
BLACK
6
CONTINUOUS
10
0.5640990157480315
20
2.2796658661417322
11
0.5636581102362205
21
2.280730275590551
0
LINE
8
BLACK
6
CONTINUOUS
10
0.5636581102362205
20
2.280730275590551
11
0.5636581102362205
21
2.2818824015748032
0
LINE
8
BLACK
6
CONTINUOUS
10
0.5636581102362205
20
2.2818824015748032
11
0.5640990157480315
21
2.282946811023622
0
LINE
8
BLACK
6
CONTINUOUS
10
0.5640990157480315
20
2.282946811023622
11
0.5649136614173228
21
2.2837614566929134
0
LINE
8
BLACK
6
CONTINUOUS
10
0.5649136614173228
20
2.2837614566929134
11
0.5659780708661417
21
2.2842023622047245
0
LINE
8
BLACK
6
CONTINUOUS
10
0.5659780708661417
20
2.2842023622047245
11
0.5665541338582677
21
2.2842590944881889
0
LINE
8
BLACK
6
CONTINUOUS
10
0.5665541338582677
20
2.2842590944881889
11
0.5845518897637795
21
2.2842590944881889
0
LINE
8
BLACK
6
CONTINUOUS
10
0.5845518897637795
20
2.2842590944881889
11
0.5851279527559055
21
2.2842023622047245
0
LINE
8
BLACK
6
CONTINUOUS
10
0.7261103543307087
20
2.2842023622047245
11
0.7271747637795275
21
2.2837614566929134
0
LINE
8
BLACK
6
CONTINUOUS
10
0.7271747637795275
20
2.2837614566929134
11
0.7279894094488188
21
2.282946811023622
0
LINE
8
BLACK
6
CONTINUOUS
10
0.7279894094488188
20
2.282946811023622
11
0.7284303149606299
21
2.2818824015748032
0
LINE
8
BLACK
6
CONTINUOUS
10
0.7284303149606299
20
2.2818824015748032
11
0.7284303149606299
21
2.280730275590551
0
LINE
8
BLACK
6
CONTINUOUS
10
0.7284303149606299
20
2.280730275590551
11
0.7279894094488188
21
2.2796658661417322
0
LINE
8
BLACK
6
CONTINUOUS
10
0.7279894094488188
20
2.2796658661417322
11
0.7271747637795275
21
2.2788512204724407
0
LINE
8
BLACK
6
CONTINUOUS
10
0.7271747637795275
20
2.2788512204724407
11
0.7261103543307087
21
2.2784103149606301
0
LINE
8
BLACK
6
CONTINUOUS
10
0.7261103543307087
20
2.2784103149606301
11
0.7255342913385827
21
2.2783535826771653
0
LINE
8
BLACK
6
CONTINUOUS
10
0.7255342913385827
20
2.2783535826771653
11
0.7194881496062991
21
2.2783535826771653
0
LINE
8
BLACK
6
CONTINUOUS
10
0.7194881496062991
20
2.2783535826771653
11
0.7194881496062991
21
2.2419362598425194
0
LINE
8
BLACK
6
CONTINUOUS
10
0.7194881496062991
20
2.2419362598425194
11
0.7194314173228347
21
2.2413601968503936
0
LINE
8
BLACK
6
CONTINUOUS
10
0.7194314173228347
20
2.2413601968503936
11
0.7189905118110236
21
2.2402957874015748
0
LINE
8
BLACK
6
CONTINUOUS
10
0.7189905118110236
20
2.2402957874015748
11
0.7181758661417322
21
2.2394811417322833
0
LINE
8
BLACK
6
CONTINUOUS
10
0.7181758661417322
20
2.2394811417322833
11
0.7171114566929133
21
2.2390402362204722
0
LINE
8
BLACK
6
CONTINUOUS
10
0.7171114566929133
20
2.2390402362204722
11
0.7159593307086614
21
2.2390402362204722
0
LINE
8
BLACK
6
CONTINUOUS
10
0.7159593307086614
20
2.2390402362204722
11
0.7148949212598426
21
2.2394811417322833
0
LINE
8
BLACK
6
CONTINUOUS
10
0.7148949212598426
20
2.2394811417322833
11
0.7140802755905512
21
2.2402957874015748
0
LINE
8
BLACK
6
CONTINUOUS
10
0.7140802755905512
20
2.2402957874015748
11
0.7136393700787401
21
2.2413601968503936
0
LINE
8
BLACK
6
CONTINUOUS
10
0.7136393700787401
20
2.2413601968503936
11
0.7135826377952755
21
2.2419362598425194
0
LINE
8
BLACK
6
CONTINUOUS
10
0.7135826377952755
20
2.2419362598425194
11
0.7135826377952755
21
2.2783535826771653
0
LINE
8
BLACK
6
CONTINUOUS
10
0.7135826377952755
20
2.2783535826771653
11
0.7075365354330708
21
2.2783535826771653
0
LINE
8
BLACK
6
CONTINUOUS
10
0.7075365354330708
20
2.2783535826771653
11
0.7069604724409448
21
2.2784103149606301
0
LINE
8
BLACK
6
CONTINUOUS
10
0.7069604724409448
20
2.2784103149606301
11
0.7058960629921259
21
2.2788512204724407
0
LINE
8
BLACK
6
CONTINUOUS
10
0.7058960629921259
20
2.2788512204724407
11
0.7050814173228346
21
2.2796658661417322
0
LINE
8
BLACK
6
CONTINUOUS
10
0.7050814173228346
20
2.2796658661417322
11
0.7046405118110236
21
2.280730275590551
0
LINE
8
BLACK
6
CONTINUOUS
10
0.7046405118110236
20
2.280730275590551
11
0.7046405118110236
21
2.2818824015748032
0
LINE
8
BLACK
6
CONTINUOUS
10
0.7046405118110236
20
2.2818824015748032
11
0.7050814173228346
21
2.282946811023622
0
LINE
8
BLACK
6
CONTINUOUS
10
0.7050814173228346
20
2.282946811023622
11
0.7058960629921259
21
2.2837614566929134
0
LINE
8
BLACK
6
CONTINUOUS
10
0.7058960629921259
20
2.2837614566929134
11
0.7069604724409448
21
2.2842023622047245
0
LINE
8
BLACK
6
CONTINUOUS
10
0.7069604724409448
20
2.2842023622047245
11
0.7075365354330708
21
2.2842590944881889
0
LINE
8
BLACK
6
CONTINUOUS
10
0.7075365354330708
20
2.2842590944881889
11
0.7255342913385827
21
2.2842590944881889
0
LINE
8
BLACK
6
CONTINUOUS
10
0.7255342913385827
20
2.2842590944881889
11
0.7261103543307087
21
2.2842023622047245
0
LINE
8
BLACK
6
CONTINUOUS
10
0.7729074015748031
20
2.2654614173228347
11
0.7739117322834645
21
2.2648968503937006
0
LINE
8
BLACK
6
CONTINUOUS
10
0.7739117322834645
20
2.2648968503937006
11
0.7746235039370079
21
2.2639909448818898
0
LINE
8
BLACK
6
CONTINUOUS
10
0.7746235039370079
20
2.2639909448818898
11
0.7749344488188976
21
2.2628815748031497
0
LINE
8
BLACK
6
CONTINUOUS
10
0.7749344488188976
20
2.2628815748031497
11
0.7747971653543307
21
2.2617376771653541
0
LINE
8
BLACK
6
CONTINUOUS
10
0.7747971653543307
20
2.2617376771653541
11
0.7742325984251969
21
2.2607333858267715
0
LINE
8
BLACK
6
CONTINUOUS
10
0.7742325984251969
20
2.2607333858267715
11
0.77381468503937
21
2.2603328740157478
0
LINE
8
BLACK
6
CONTINUOUS
10
0.77381468503937
20
2.2603328740157478
11
0.7649587007874016
21
2.2533746062992126
0
LINE
8
BLACK
6
CONTINUOUS
10
0.7649587007874016
20
2.2533746062992126
11
0.77381468503937
21
2.246416338582677
0
LINE
8
BLACK
6
CONTINUOUS
10
0.77381468503937
20
2.246416338582677
11
0.7742325984251969
21
2.2460158267716537
0
LINE
8
BLACK
6
CONTINUOUS
10
0.7742325984251969
20
2.2460158267716537
11
0.7747971653543307
21
2.2450115354330706
0
LINE
8
BLACK
6
CONTINUOUS
10
0.7747971653543307
20
2.2450115354330706
11
0.7749344488188976
21
2.2438676377952755
0
LINE
8
BLACK
6
CONTINUOUS
10
0.7749344488188976
20
2.2438676377952755
11
0.7746235039370079
21
2.2427582677165354
0
LINE
8
BLACK
6
CONTINUOUS
10
0.7746235039370079
20
2.2427582677165354
11
0.7739117322834645
21
2.2418523622047242
0
LINE
8
BLACK
6
CONTINUOUS
10
0.7739117322834645
20
2.2418523622047242
11
0.7729074015748031
21
2.2412877952755905
0
LINE
8
BLACK
6
CONTINUOUS
10
0.7729074015748031
20
2.2412877952755905
11
0.7717635433070866
21
2.2411505118110235
0
LINE
8
BLACK
6
CONTINUOUS
10
0.7717635433070866
20
2.2411505118110235
11
0.7706541732283464
21
2.2414614173228347
0
LINE
8
BLACK
6
CONTINUOUS
10
0.7706541732283464
20
2.2414614173228347
11
0.7701661417322835
21
2.2417727165354329
0
LINE
8
BLACK
6
CONTINUOUS
10
0.7701661417322835
20
2.2417727165354329
11
0.7601793700787401
21
2.2496194488188976
0
LINE
8
BLACK
6
CONTINUOUS
10
0.7601793700787401
20
2.2496194488188976
11
0.7501926771653543
21
2.2417727165354329
0
LINE
8
BLACK
6
CONTINUOUS
10
0.7501926771653543
20
2.2417727165354329
11
0.7497046456692913
21
2.2414614173228347
0
LINE
8
BLACK
6
CONTINUOUS
10
0.7497046456692913
20
2.2414614173228347
11
0.7485952755905512
21
2.2411505118110235
0
LINE
8
BLACK
6
CONTINUOUS
10
0.7485952755905512
20
2.2411505118110235
11
0.7474514173228346
21
2.2412877559055118
0
LINE
8
BLACK
6
CONTINUOUS
10
0.7474514173228346
20
2.2412877559055118
11
0.7464470866141732
21
2.2418523228346454
0
LINE
8
BLACK
6
CONTINUOUS
10
0.7464470866141732
20
2.2418523228346454
11
0.7457352755905512
21
2.2427582677165354
0
LINE
8
BLACK
6
CONTINUOUS
10
0.7457352755905512
20
2.2427582677165354
11
0.7454243700787402
21
2.2438676377952755
0
LINE
8
BLACK
6
CONTINUOUS
10
0.7454243700787402
20
2.2438676377952755
11
0.7455616141732283
21
2.2450114960629919
0
LINE
8
BLACK
6
CONTINUOUS
10
0.7455616141732283
20
2.2450114960629919
11
0.7461261811023622
21
2.2460158267716537
0
LINE
8
BLACK
6
CONTINUOUS
10
0.7461261811023622
20
2.2460158267716537
11
0.7465440944881889
21
2.246416338582677
0
LINE
8
BLACK
6
CONTINUOUS
10
0.7465440944881889
20
2.246416338582677
11
0.7554000787401575
21
2.2533746062992126
0
LINE
8
BLACK
6
CONTINUOUS
10
0.7554000787401575
20
2.2533746062992126
11
0.7465440944881889
21
2.2603328740157478
0
LINE
8
BLACK
6
CONTINUOUS
10
0.7465440944881889
20
2.2603328740157478
11
0.7461261811023622
21
2.2607333858267715
0
LINE
8
BLACK
6
CONTINUOUS
10
0.7461261811023622
20
2.2607333858267715
11
0.7455616141732283
21
2.2617377165354329
0
LINE
8
BLACK
6
CONTINUOUS
10
0.7455616141732283
20
2.2617377165354329
11
0.7454243700787402
21
2.2628815748031497
0
LINE
8
BLACK
6
CONTINUOUS
10
0.7454243700787402
20
2.2628815748031497
11
0.7457352755905512
21
2.2639909448818898
0
LINE
8
BLACK
6
CONTINUOUS
10
0.7457352755905512
20
2.2639909448818898
11
0.7464470866141732
21
2.2648968897637793
0
LINE
8
BLACK
6
CONTINUOUS
10
0.7464470866141732
20
2.2648968897637793
11
0.7474514173228346
21
2.2654614566929134
0
LINE
8
BLACK
6
CONTINUOUS
10
0.7474514173228346
20
2.2654614566929134
11
0.7485952755905512
21
2.2655987007874017
0
LINE
8
BLACK
6
CONTINUOUS
10
0.7485952755905512
20
2.2655987007874017
11
0.7497046456692913
21
2.2652877952755905
0
LINE
8
BLACK
6
CONTINUOUS
10
0.7497046456692913
20
2.2652877952755905
11
0.7501926771653543
21
2.2649764960629919
0
LINE
8
BLACK
6
CONTINUOUS
10
0.7501926771653543
20
2.2649764960629919
11
0.7601793700787401
21
2.2571298031496063
0
LINE
8
BLACK
6
CONTINUOUS
10
0.7601793700787401
20
2.2571298031496063
11
0.7701661417322835
21
2.2649764960629919
0
LINE
8
BLACK
6
CONTINUOUS
10
0.7701661417322835
20
2.2649764960629919
11
0.7706541732283464
21
2.2652877952755905
0
LINE
8
BLACK
6
CONTINUOUS
10
0.7706541732283464
20
2.2652877952755905
11
0.7717635433070866
21
2.2655987007874017
0
LINE
8
BLACK
6
CONTINUOUS
10
0.7717635433070866
20
2.2655987007874017
11
0.7729074015748031
21
2.2654614173228347
0
LINE
8
BLACK
6
CONTINUOUS
10
1.0869090157480314
20
2.2539249212598427
11
1.0879734251968505
21
2.2534840157480316
0
LINE
8
BLACK
6
CONTINUOUS
10
1.0879734251968505
20
2.2534840157480316
11
1.0887880708661417
21
2.2526693700787401
0
LINE
8
BLACK
6
CONTINUOUS
10
1.0887880708661417
20
2.2526693700787401
11
1.0892289763779528
21
2.2516049606299213
0
LINE
8
BLACK
6
CONTINUOUS
10
1.0892289763779528
20
2.2516049606299213
11
1.0892289763779528
21
2.2504528346456691
0
LINE
8
BLACK
6
CONTINUOUS
10
1.0892289763779528
20
2.2504528346456691
11
1.0887880708661417
21
2.2493884251968503
0
LINE
8
BLACK
6
CONTINUOUS
10
1.0887880708661417
20
2.2493884251968503
11
1.0879734251968505
21
2.2485737795275589
0
LINE
8
BLACK
6
CONTINUOUS
10
1.0879734251968505
20
2.2485737795275589
11
1.0869090157480314
21
2.2481328740157478
0
LINE
8
BLACK
6
CONTINUOUS
10
1.0869090157480314
20
2.2481328740157478
11
1.0863329527559056
21
2.2480761417322834
0
LINE
8
BLACK
6
CONTINUOUS
10
1.0863329527559056
20
2.2480761417322834
11
1.0593362992125983
21
2.2480761417322834
0
LINE
8
BLACK
6
CONTINUOUS
10
1.0593362992125983
20
2.2480761417322834
11
1.0587602362204724
21
2.2481328740157478
0
LINE
8
BLACK
6
CONTINUOUS
10
1.0587602362204724
20
2.2481328740157478
11
1.0576958267716534
21
2.2485737795275589
0
LINE
8
BLACK
6
CONTINUOUS
10
1.0576958267716534
20
2.2485737795275589
11
1.0568811811023622
21
2.2493884251968503
0
LINE
8
BLACK
6
CONTINUOUS
10
1.0568811811023622
20
2.2493884251968503
11
1.0564402755905511
21
2.2504528346456691
0
LINE
8
BLACK
6
CONTINUOUS
10
1.0564402755905511
20
2.2504528346456691
11
1.0564402755905511
21
2.2516049606299213
0
LINE
8
BLACK
6
CONTINUOUS
10
1.0564402755905511
20
2.2516049606299213
11
1.0568811811023622
21
2.2526693700787401
0
LINE
8
BLACK
6
CONTINUOUS
10
1.0568811811023622
20
2.2526693700787401
11
1.0576958267716534
21
2.2534840157480316
0
LINE
8
BLACK
6
CONTINUOUS
10
1.0576958267716534
20
2.2534840157480316
11
1.0587602362204724
21
2.2539249212598427
0
LINE
8
BLACK
6
CONTINUOUS
10
1.0587602362204724
20
2.2539249212598427
11
1.0593362992125983
21
2.253981653543307
0
LINE
8
BLACK
6
CONTINUOUS
10
1.0593362992125983
20
2.253981653543307
11
1.0863329527559056
21
2.253981653543307
0
LINE
8
BLACK
6
CONTINUOUS
10
1.0863329527559056
20
2.253981653543307
11
1.0869090157480314
21
2.2539249212598427
0
LINE
8
BLACK
6
CONTINUOUS
10
0.7658173228346457
20
2.2976092125984251
11
0.7659153149606299
21
2.297568622047244
0
LINE
8
BLACK
6
CONTINUOUS
10
0.7659153149606299
20
2.297568622047244
11
0.7660211417322834
21
2.2975611023622045
0
LINE
8
BLACK
6
CONTINUOUS
10
0.7660211417322834
20
2.2975611023622045
11
0.7665617716535433
21
2.297354212598425
0
LINE
8
BLACK
6
CONTINUOUS
10
0.7665617716535433
20
2.297354212598425
11
0.7699363385826772
21
2.2956669291338581
0
LINE
8
BLACK
6
CONTINUOUS
10
0.7699363385826772
20
2.2956669291338581
11
0.7701843307086614
21
2.2955108661417323
0
LINE
8
BLACK
6
CONTINUOUS
10
0.7701843307086614
20
2.2955108661417323
11
0.7702562992125984
21
2.2954810236220471
0
LINE
8
BLACK
6
CONTINUOUS
10
0.7702562992125984
20
2.2954810236220471
11
0.7703372440944881
21
2.2954145669291339
0
LINE
8
BLACK
6
CONTINUOUS
10
0.7703372440944881
20
2.2954145669291339
11
0.7704262204724409
21
2.2953585826771654
0
LINE
8
BLACK
6
CONTINUOUS
10
0.7704262204724409
20
2.2953585826771654
11
0.7704773622047244
21
2.2952996062992126
0
LINE
8
BLACK
6
CONTINUOUS
10
0.7704773622047244
20
2.2952996062992126
11
0.7707037401574803
21
2.2951138188976379
0
LINE
8
BLACK
6
CONTINUOUS
10
0.7707037401574803
20
2.2951138188976379
11
0.772391062992126
21
2.2934264960629922
0
LINE
8
BLACK
6
CONTINUOUS
10
0.772391062992126
20
2.2934264960629922
11
0.7725768110236221
21
2.2932001574803147
0
LINE
8
BLACK
6
CONTINUOUS
10
0.7725768110236221
20
2.2932001574803147
11
0.7726358267716535
21
2.2931489763779527
0
LINE
8
BLACK
6
CONTINUOUS
10
0.7726358267716535
20
2.2931489763779527
11
0.7726917716535433
21
2.2930600393700789
0
LINE
8
BLACK
6
CONTINUOUS
10
0.7726917716535433
20
2.2930600393700789
11
0.7727582677165354
21
2.2929790551181104
0
LINE
8
BLACK
6
CONTINUOUS
10
0.7727582677165354
20
2.2929790551181104
11
0.7727880708661418
21
2.2929071259842519
0
LINE
8
BLACK
6
CONTINUOUS
10
0.7727880708661418
20
2.2929071259842519
11
0.7729441732283464
21
2.2926590944881888
0
LINE
8
BLACK
6
CONTINUOUS
10
0.7729441732283464
20
2.2926590944881888
11
0.7746314566929133
21
2.289284527559055
0
LINE
8
BLACK
6
CONTINUOUS
10
0.7746314566929133
20
2.289284527559055
11
0.7748383464566929
21
2.2887438976377954
0
LINE
8
BLACK
6
CONTINUOUS
10
0.7748383464566929
20
2.2887438976377954
11
0.7748458267716535
21
2.2886381102362203
0
LINE
8
BLACK
6
CONTINUOUS
10
0.7748458267716535
20
2.2886381102362203
11
0.7748864566929133
21
2.2885400787401573
0
LINE
8
BLACK
6
CONTINUOUS
10
0.7748864566929133
20
2.2885400787401573
11
0.7749431889763779
21
2.2879640157480314
0
LINE
8
BLACK
6
CONTINUOUS
10
0.7749431889763779
20
2.2879640157480314
11
0.7749431889763779
21
2.2778402755905511
0
LINE
8
BLACK
6
CONTINUOUS
10
0.7749431889763779
20
2.2778402755905511
11
0.7748864566929133
21
2.2772642125984253
0
LINE
8
BLACK
6
CONTINUOUS
10
0.7748864566929133
20
2.2772642125984253
11
0.7748458267716535
21
2.277166220472441
0
LINE
8
BLACK
6
CONTINUOUS
10
0.7748458267716535
20
2.277166220472441
11
0.7748383464566929
21
2.2770603937007872
0
LINE
8
BLACK
6
CONTINUOUS
10
0.7748383464566929
20
2.2770603937007872
11
0.7746314566929133
21
2.2765197637795276
0
LINE
8
BLACK
6
CONTINUOUS
10
0.7746314566929133
20
2.2765197637795276
11
0.7729441732283464
21
2.2731451968503937
0
LINE
8
BLACK
6
CONTINUOUS
10
0.7729441732283464
20
2.2731451968503937
11
0.7727880708661418
21
2.2728972047244094
0
LINE
8
BLACK
6
CONTINUOUS
10
0.7727880708661418
20
2.2728972047244094
11
0.7727582677165354
21
2.2728252362204726
0
LINE
8
BLACK
6
CONTINUOUS
10
0.7727582677165354
20
2.2728252362204726
11
0.7726917716535433
21
2.2727442913385825
0
LINE
8
BLACK
6
CONTINUOUS
10
0.7726917716535433
20
2.2727442913385825
11
0.7726358267716535
21
2.2726553149606299
0
LINE
8
BLACK
6
CONTINUOUS
10
0.7726358267716535
20
2.2726553149606299
11
0.7725768110236221
21
2.2726041732283466
0
LINE
8
BLACK
6
CONTINUOUS
10
0.7725768110236221
20
2.2726041732283466
11
0.772391062992126
21
2.2723777952755904
0
LINE
8
BLACK
6
CONTINUOUS
10
0.772391062992126
20
2.2723777952755904
11
0.7707037007874016
21
2.2706904724409447
0
LINE
8
BLACK
6
CONTINUOUS
10
0.7707037007874016
20
2.2706904724409447
11
0.7702562598425197
21
2.2703232677165355
0
LINE
8
BLACK
6
CONTINUOUS
10
0.7702562598425197
20
2.2703232677165355
11
0.7691918503937007
21
2.2698824015748031
0
LINE
8
BLACK
6
CONTINUOUS
10
0.7691918503937007
20
2.2698824015748031
11
0.7680397637795275
21
2.2698824015748031
0
LINE
8
BLACK
6
CONTINUOUS
10
0.7680397637795275
20
2.2698824015748031
11
0.7669753543307086
21
2.2703233070866142
0
LINE
8
BLACK
6
CONTINUOUS
10
0.7669753543307086
20
2.2703233070866142
11
0.7661606692913385
21
2.271137992125984
0
LINE
8
BLACK
6
CONTINUOUS
10
0.7661606692913385
20
2.271137992125984
11
0.7657198031496063
21
2.2722024015748032
0
LINE
8
BLACK
6
CONTINUOUS
10
0.7657198031496063
20
2.2722024015748032
11
0.7657198031496063
21
2.2733544881889762
0
LINE
8
BLACK
6
CONTINUOUS
10
0.7657198031496063
20
2.2733544881889762
11
0.7661607086614173
21
2.274418897637795
0
LINE
8
BLACK
6
CONTINUOUS
10
0.7661607086614173
20
2.274418897637795
11
0.7665279527559055
21
2.274866377952756
0
LINE
8
BLACK
6
CONTINUOUS
10
0.7665279527559055
20
2.274866377952756
11
0.7678764173228346
21
2.2762148425196851
0
LINE
8
BLACK
6
CONTINUOUS
10
0.7678764173228346
20
2.2762148425196851
11
0.7690376771653543
21
2.2785373228346457
0
LINE
8
BLACK
6
CONTINUOUS
10
0.7690376771653543
20
2.2785373228346457
11
0.7690376771653543
21
2.2872669685039368
0
LINE
8
BLACK
6
CONTINUOUS
10
0.7690376771653543
20
2.2872669685039368
11
0.7678764173228346
21
2.2895894881889762
0
LINE
8
BLACK
6
CONTINUOUS
10
0.7678764173228346
20
2.2895894881889762
11
0.7668667322834646
21
2.2905991732283466
0
LINE
8
BLACK
6
CONTINUOUS
10
0.7668667322834646
20
2.2905991732283466
11
0.7645442125984252
21
2.2917604330708663
0
LINE
8
BLACK
6
CONTINUOUS
10
0.7645442125984252
20
2.2917604330708663
11
0.7575018503937008
21
2.2917604330708663
0
LINE
8
BLACK
6
CONTINUOUS
10
0.7575018503937008
20
2.2917604330708663
11
0.7551793307086614
21
2.2905992125984254
0
LINE
8
BLACK
6
CONTINUOUS
10
0.7551793307086614
20
2.2905992125984254
11
0.7541696850393701
21
2.289589527559055
0
LINE
8
BLACK
6
CONTINUOUS
10
0.7541696850393701
20
2.289589527559055
11
0.7530084251968504
21
2.2872669685039368
0
LINE
8
BLACK
6
CONTINUOUS
10
0.7530084251968504
20
2.2872669685039368
11
0.7530084251968504
21
2.2829021653543307
0
LINE
8
BLACK
6
CONTINUOUS
10
0.7530084251968504
20
2.2829021653543307
11
0.7529784251968504
21
2.2825977559055119
0
LINE
8
BLACK
6
CONTINUOUS
10
0.7529784251968504
20
2.2825977559055119
11
0.7529836220472441
21
2.2825200393700786
0
LINE
8
BLACK
6
CONTINUOUS
10
0.7529836220472441
20
2.2825200393700786
11
0.7529655118110236
21
2.2824665354330707
0
LINE
8
BLACK
6
CONTINUOUS
10
0.7529655118110236
20
2.2824665354330707
11
0.7529516929133858
21
2.2823261023622048
0
LINE
8
BLACK
6
CONTINUOUS
10
0.7529516929133858
20
2.2823261023622048
11
0.7527682283464566
21
2.2818832283464565
0
LINE
8
BLACK
6
CONTINUOUS
10
0.7527682283464566
20
2.2818832283464565
11
0.7526144881889764
21
2.2814286220472439
0
LINE
8
BLACK
6
CONTINUOUS
10
0.7526144881889764
20
2.2814286220472439
11
0.7525488582677166
21
2.2813536614173229
0
LINE
8
BLACK
6
CONTINUOUS
10
0.7525488582677166
20
2.2813536614173229
11
0.7525107874015747
21
2.281261692913386
0
LINE
8
BLACK
6
CONTINUOUS
10
0.7525107874015747
20
2.281261692913386
11
0.7521718897637795
21
2.2809228346456694
0
LINE
8
BLACK
6
CONTINUOUS
10
0.7521718897637795
20
2.2809228346456694
11
0.7518558267716535
21
2.2805615748031496
0
LINE
8
BLACK
6
CONTINUOUS
10
0.7518558267716535
20
2.2805615748031496
11
0.7517664566929134
21
2.2805174015748033
0
LINE
8
BLACK
6
CONTINUOUS
10
0.7517664566929134
20
2.2805174015748033
11
0.7516961417322835
21
2.2804470472440945
0
LINE
8
BLACK
6
CONTINUOUS
10
0.7516961417322835
20
2.2804470472440945
11
0.7512531889763779
21
2.2802635826771653
0
LINE
8
BLACK
6
CONTINUOUS
10
0.7512531889763779
20
2.2802635826771653
11
0.7508230708661418
21
2.2800508661417322
0
LINE
8
BLACK
6
CONTINUOUS
10
0.7508230708661418
20
2.2800508661417322
11
0.7507237007874016
21
2.280044251968504
0
LINE
8
BLACK
6
CONTINUOUS
10
0.7507237007874016
20
2.280044251968504
11
0.7506317322834646
21
2.2800061417322834
0
LINE
8
BLACK
6
CONTINUOUS
10
0.7506317322834646
20
2.2800061417322834
11
0.7501523622047244
21
2.2800061417322834
0
LINE
8
BLACK
6
CONTINUOUS
10
0.7501523622047244
20
2.2800061417322834
11
0.7496735433070866
21
2.2799742125984253
0
LINE
8
BLACK
6
CONTINUOUS
10
0.7496735433070866
20
2.2799742125984253
11
0.7495791338582677
21
2.2800061417322834
0
LINE
8
BLACK
6
CONTINUOUS
10
0.7495791338582677
20
2.2800061417322834
11
0.7494796062992126
21
2.2800061417322834
0
LINE
8
BLACK
6
CONTINUOUS
10
0.7494796062992126
20
2.2800061417322834
11
0.7490366141732283
21
2.2801896456692914
0
LINE
8
BLACK
6
CONTINUOUS
10
0.7490366141732283
20
2.2801896456692914
11
0.7485821653543306
21
2.2803433464566929
0
LINE
8
BLACK
6
CONTINUOUS
10
0.7485821653543306
20
2.2803433464566929
11
0.7484672440944882
21
2.2804255118110235
0
LINE
8
BLACK
6
CONTINUOUS
10
0.7484672440944882
20
2.2804255118110235
11
0.7484151968503937
21
2.2804470472440945
0
LINE
8
BLACK
6
CONTINUOUS
10
0.7484151968503937
20
2.2804470472440945
11
0.7483602755905512
21
2.2805019685039372
0
LINE
8
BLACK
6
CONTINUOUS
10
0.7483602755905512
20
2.2805019685039372
11
0.7481112598425197
21
2.2806799606299211
0
LINE
8
BLACK
6
CONTINUOUS
10
0.7481112598425197
20
2.2806799606299211
11
0.7395101181102363
21
2.2882060236220472
0
LINE
8
BLACK
6
CONTINUOUS
10
0.7395101181102363
20
2.2882060236220472
11
0.7395101181102363
21
2.2727784251968504
0
LINE
8
BLACK
6
CONTINUOUS
10
0.7395101181102363
20
2.2727784251968504
11
0.7394533858267717
21
2.2722023622047245
0
LINE
8
BLACK
6
CONTINUOUS
10
0.7394533858267717
20
2.2722023622047245
11
0.7390124803149606
21
2.2711379527559052
0
LINE
8
BLACK
6
CONTINUOUS
10
0.7390124803149606
20
2.2711379527559052
11
0.7381978346456692
21
2.2703233070866142
0
LINE
8
BLACK
6
CONTINUOUS
10
0.7381978346456692
20
2.2703233070866142
11
0.7371334251968503
21
2.2698824015748031
0
LINE
8
BLACK
6
CONTINUOUS
10
0.7371334251968503
20
2.2698824015748031
11
0.7359812992125984
21
2.2698824015748031
0
LINE
8
BLACK
6
CONTINUOUS
10
0.7359812992125984
20
2.2698824015748031
11
0.7349168897637796
21
2.2703233070866142
0
LINE
8
BLACK
6
CONTINUOUS
10
0.7349168897637796
20
2.2703233070866142
11
0.7341022440944882
21
2.2711379527559052
0
LINE
8
BLACK
6
CONTINUOUS
10
0.7341022440944882
20
2.2711379527559052
11
0.7336613385826771
21
2.2722023622047245
0
LINE
8
BLACK
6
CONTINUOUS
10
0.7336613385826771
20
2.2722023622047245
11
0.7336046062992125
21
2.2727784251968504
0
LINE
8
BLACK
6
CONTINUOUS
10
0.7336046062992125
20
2.2727784251968504
11
0.7336046062992125
21
2.2947131889763779
0
LINE
8
BLACK
6
CONTINUOUS
10
0.7336046062992125
20
2.2947131889763779
11
0.7336346062992126
21
2.2950178740157479
0
LINE
8
BLACK
6
CONTINUOUS
10
0.7336346062992126
20
2.2950178740157479
11
0.7336294488188976
21
2.2950953149606299
0
LINE
8
BLACK
6
CONTINUOUS
10
0.7336294488188976
20
2.2950953149606299
11
0.7336474803149606
21
2.2951487007874016
0
LINE
8
BLACK
6
CONTINUOUS
10
0.7336474803149606
20
2.2951487007874016
11
0.7336613385826771
21
2.2952892519685038
0
LINE
8
BLACK
6
CONTINUOUS
10
0.7336613385826771
20
2.2952892519685038
11
0.7338449212598425
21
2.2957324803149608
0
LINE
8
BLACK
6
CONTINUOUS
10
0.7338449212598425
20
2.2957324803149608
11
0.7339985433070866
21
2.2961866929133858
0
LINE
8
BLACK
6
CONTINUOUS
10
0.7339985433070866
20
2.2961866929133858
11
0.734064094488189
21
2.2962616929133857
0
LINE
8
BLACK
6
CONTINUOUS
10
0.734064094488189
20
2.2962616929133857
11
0.7341022440944882
21
2.296353661417323
0
LINE
8
BLACK
6
CONTINUOUS
10
0.7341022440944882
20
2.296353661417323
11
0.734441220472441
21
2.2966926771653542
0
LINE
8
BLACK
6
CONTINUOUS
10
0.734441220472441
20
2.2966926771653542
11
0.7347572047244094
21
2.297053779527559
0
LINE
8
BLACK
6
CONTINUOUS
10
0.7347572047244094
20
2.297053779527559
11
0.7348465354330709
21
2.297097992125984
0
LINE
8
BLACK
6
CONTINUOUS
10
0.7348465354330709
20
2.297097992125984
11
0.7349168897637796
21
2.297168307086614
0
LINE
8
BLACK
6
CONTINUOUS
10
0.7349168897637796
20
2.297168307086614
11
0.7353598031496063
21
2.297351811023622
0
LINE
8
BLACK
6
CONTINUOUS
10
0.7353598031496063
20
2.297351811023622
11
0.7357899606299212
21
2.2975644881889763
0
LINE
8
BLACK
6
CONTINUOUS
10
0.7357899606299212
20
2.2975644881889763
11
0.7358892913385826
21
2.2975711417322833
0
LINE
8
BLACK
6
CONTINUOUS
10
0.7358892913385826
20
2.2975711417322833
11
0.7359812992125984
21
2.2976092125984251
0
LINE
8
BLACK
6
CONTINUOUS
10
0.7359812992125984
20
2.2976092125984251
11
0.7364610236220472
21
2.2976092125984251
0
LINE
8
BLACK
6
CONTINUOUS
10
0.7364610236220472
20
2.2976092125984251
11
0.7369394881889764
21
2.2976411023622045
0
LINE
8
BLACK
6
CONTINUOUS
10
0.7369394881889764
20
2.2976411023622045
11
0.737033779527559
21
2.2976092125984251
0
LINE
8
BLACK
6
CONTINUOUS
10
0.737033779527559
20
2.2976092125984251
11
0.7371334251968503
21
2.2976092125984251
0
LINE
8
BLACK
6
CONTINUOUS
10
0.7371334251968503
20
2.2976092125984251
11
0.7375766141732283
21
2.2974256299212596
0
LINE
8
BLACK
6
CONTINUOUS
10
0.7375766141732283
20
2.2974256299212596
11
0.7380308661417323
21
2.2972720078740156
0
LINE
8
BLACK
6
CONTINUOUS
10
0.7380308661417323
20
2.2972720078740156
11
0.7381457086614173
21
2.2971899212598426
0
LINE
8
BLACK
6
CONTINUOUS
10
0.7381457086614173
20
2.2971899212598426
11
0.7381978346456692
21
2.297168307086614
0
LINE
8
BLACK
6
CONTINUOUS
10
0.7381978346456692
20
2.297168307086614
11
0.7382527559055118
21
2.2971133858267714
0
LINE
8
BLACK
6
CONTINUOUS
10
0.7382527559055118
20
2.2971133858267714
11
0.7385017716535432
21
2.2969353543307087
0
LINE
8
BLACK
6
CONTINUOUS
10
0.7385017716535432
20
2.2969353543307087
11
0.7473722047244095
21
2.2891737007874013
0
LINE
8
BLACK
6
CONTINUOUS
10
0.7473722047244095
20
2.2891737007874013
11
0.7474146456692913
21
2.289284527559055
0
LINE
8
BLACK
6
CONTINUOUS
10
0.7474146456692913
20
2.289284527559055
11
0.7491019291338582
21
2.2926590944881888
0
LINE
8
BLACK
6
CONTINUOUS
10
0.7491019291338582
20
2.2926590944881888
11
0.7492579527559055
21
2.2929070078740157
0
LINE
8
BLACK
6
CONTINUOUS
10
0.7492579527559055
20
2.2929070078740157
11
0.7492877952755905
21
2.2929790157480316
0
LINE
8
BLACK
6
CONTINUOUS
10
0.7492877952755905
20
2.2929790157480316
11
0.7493542913385827
21
2.2930600787401576
0
LINE
8
BLACK
6
CONTINUOUS
10
0.7493542913385827
20
2.2930600787401576
11
0.7494102755905512
21
2.2931489763779527
0
LINE
8
BLACK
6
CONTINUOUS
10
0.7494102755905512
20
2.2931489763779527
11
0.7494692519685039
21
2.2932001574803147
0
LINE
8
BLACK
6
CONTINUOUS
10
0.7494692519685039
20
2.2932001574803147
11
0.749655
21
2.2934264566929135
0
LINE
8
BLACK
6
CONTINUOUS
10
0.749655
20
2.2934264566929135
11
0.7513423228346456
21
2.2951138188976379
0
LINE
8
BLACK
6
CONTINUOUS
10
0.7513423228346456
20
2.2951138188976379
11
0.7515686614173228
21
2.2952996062992126
0
LINE
8
BLACK
6
CONTINUOUS
10
0.7515686614173228
20
2.2952996062992126
11
0.7516198425196851
21
2.2953585826771654
0
LINE
8
BLACK
6
CONTINUOUS
10
0.7516198425196851
20
2.2953585826771654
11
0.751708779527559
21
2.2954145669291339
0
LINE
8
BLACK
6
CONTINUOUS
10
0.751708779527559
20
2.2954145669291339
11
0.7517897637795276
21
2.2954810236220471
0
LINE
8
BLACK
6
CONTINUOUS
10
0.7517897637795276
20
2.2954810236220471
11
0.7518616929133858
21
2.2955108661417323
0
LINE
8
BLACK
6
CONTINUOUS
10
0.7518616929133858
20
2.2955108661417323
11
0.7521097244094488
21
2.2956669291338581
0
LINE
8
BLACK
6
CONTINUOUS
10
0.7521097244094488
20
2.2956669291338581
11
0.7554842913385826
21
2.297354212598425
0
LINE
8
BLACK
6
CONTINUOUS
10
0.7554842913385826
20
2.297354212598425
11
0.7560249212598426
21
2.2975611023622045
0
LINE
8
BLACK
6
CONTINUOUS
10
0.7560249212598426
20
2.2975611023622045
11
0.7561307086614173
21
2.297568622047244
0
LINE
8
BLACK
6
CONTINUOUS
10
0.7561307086614173
20
2.297568622047244
11
0.7562287401574803
21
2.2976092125984251
0
LINE
8
BLACK
6
CONTINUOUS
10
0.7562287401574803
20
2.2976092125984251
11
0.7568048031496063
21
2.2976659448818899
0
LINE
8
BLACK
6
CONTINUOUS
10
0.7568048031496063
20
2.2976659448818899
11
0.7652412598425197
21
2.2976659448818899
0
LINE
8
BLACK
6
CONTINUOUS
10
0.7652412598425197
20
2.2976659448818899
11
0.7658173228346457
21
2.2976092125984251
0
LINE
8
BLACK
6
CONTINUOUS
10
0.4812847244094488
20
2.5005338188976376
11
0.4823491338582677
21
2.5000929133858265
0
LINE
8
BLACK
6
CONTINUOUS
10
0.4823491338582677
20
2.5000929133858265
11
0.4831637795275591
21
2.4992782677165355
0
LINE
8
BLACK
6
CONTINUOUS
10
0.4831637795275591
20
2.4992782677165355
11
0.48360468503937
21
2.4982138582677167
0
LINE
8
BLACK
6
CONTINUOUS
10
0.48360468503937
20
2.4982138582677167
11
0.4836614173228346
21
2.4976377952755904
0
LINE
8
BLACK
6
CONTINUOUS
10
0.4836614173228346
20
2.4976377952755904
11
0.4836614173228346
21
2.2976377952755906
0
LINE
8
BLACK
6
CONTINUOUS
10
0.4836614173228346
20
2.2976377952755906
11
0.48360468503937
21
2.2970617322834643
0
LINE
8
BLACK
6
CONTINUOUS
10
0.48360468503937
20
2.2970617322834643
11
0.4831637795275591
21
2.2959973228346455
0
LINE
8
BLACK
6
CONTINUOUS
10
0.4831637795275591
20
2.2959973228346455
11
0.4823491338582677
21
2.2951826771653541
0
LINE
8
BLACK
6
CONTINUOUS
10
0.4823491338582677
20
2.2951826771653541
11
0.4812847244094488
21
2.2947417716535434
0
LINE
8
BLACK
6
CONTINUOUS
10
0.4812847244094488
20
2.2947417716535434
11
0.4807086614173228
21
2.2946850393700786
0
LINE
8
BLACK
6
CONTINUOUS
10
0.4807086614173228
20
2.2946850393700786
11
0.1807086614173228
21
2.2946850393700786
0
LINE
8
BLACK
6
CONTINUOUS
10
0.1807086614173228
20
2.2946850393700786
11
0.1801325984251969
21
2.2947417716535434
0
LINE
8
BLACK
6
CONTINUOUS
10
0.1801325984251969
20
2.2947417716535434
11
0.1790681889763779
21
2.2951826771653541
0
LINE
8
BLACK
6
CONTINUOUS
10
0.1790681889763779
20
2.2951826771653541
11
0.1782535433070866
21
2.2959973228346455
0
LINE
8
BLACK
6
CONTINUOUS
10
0.1782535433070866
20
2.2959973228346455
11
0.1778126377952756
21
2.2970617322834643
0
LINE
8
BLACK
6
CONTINUOUS
10
0.1778126377952756
20
2.2970617322834643
11
0.177755905511811
21
2.2976377952755906
0
LINE
8
BLACK
6
CONTINUOUS
10
0.177755905511811
20
2.2976377952755906
11
0.177755905511811
21
2.4976377952755904
0
LINE
8
BLACK
6
CONTINUOUS
10
0.177755905511811
20
2.4976377952755904
11
0.1778126377952756
21
2.4982138582677167
0
LINE
8
BLACK
6
CONTINUOUS
10
0.1778126377952756
20
2.4982138582677167
11
0.1782535433070866
21
2.4992782677165355
0
LINE
8
BLACK
6
CONTINUOUS
10
0.1782535433070866
20
2.4992782677165355
11
0.1790681889763779
21
2.5000929133858265
0
LINE
8
BLACK
6
CONTINUOUS
10
0.1790681889763779
20
2.5000929133858265
11
0.1801325984251969
21
2.5005338188976376
0
LINE
8
BLACK
6
CONTINUOUS
10
0.1801325984251969
20
2.5005338188976376
11
0.1807086614173228
21
2.5005905511811024
0
LINE
8
BLACK
6
CONTINUOUS
10
0.1807086614173228
20
2.5005905511811024
11
0.4807086614173228
21
2.5005905511811024
0
LINE
8
BLACK
6
CONTINUOUS
10
0.4807086614173228
20
2.5005905511811024
11
0.4812847244094488
21
2.5005338188976376
0
LINE
8
BLACK
6
CONTINUOUS
10
0.1836614173228346
20
2.4946850393700788
11
0.1836614173228346
21
2.3005905511811022
0
LINE
8
BLACK
6
CONTINUOUS
10
0.1836614173228346
20
2.3005905511811022
11
0.477755905511811
21
2.3005905511811022
0
LINE
8
BLACK
6
CONTINUOUS
10
0.477755905511811
20
2.3005905511811022
11
0.477755905511811
21
2.4946850393700788
0
LINE
8
BLACK
6
CONTINUOUS
10
0.477755905511811
20
2.4946850393700788
11
0.1836614173228346
21
2.4946850393700788
0
LINE
8
BLACK
6
CONTINUOUS
10
0.6000787401574803
20
2.3176377952755907
11
0.5400787401574803
21
2.3176377952755907
0
LINE
8
BLACK
6
CONTINUOUS
10
0.5400787401574803
20
2.3176377952755907
11
0.5400787401574803
21
2.3776377952755907
0
LINE
8
BLACK
6
CONTINUOUS
10
0.5400787401574803
20
2.3776377952755907
11
0.6000787401574803
21
2.3776377952755907
0
LINE
8
BLACK
6
CONTINUOUS
10
0.6000787401574803
20
2.3776377952755907
11
0.6000787401574803
21
2.3176377952755907
0
LINE
8
BLACK
6
CONTINUOUS
10
0.7000787401574803
20
2.3176377952755907
11
0.6400787401574803
21
2.3176377952755907
0
LINE
8
BLACK
6
CONTINUOUS
10
0.6400787401574803
20
2.3176377952755907
11
0.6400787401574803
21
2.3776377952755907
0
LINE
8
BLACK
6
CONTINUOUS
10
0.6400787401574803
20
2.3776377952755907
11
0.7000787401574803
21
2.3776377952755907
0
LINE
8
BLACK
6
CONTINUOUS
10
0.7000787401574803
20
2.3776377952755907
11
0.7000787401574803
21
2.3176377952755907
0
LINE
8
BLACK
6
CONTINUOUS
10
0.6000787401574803
20
2.4176377952755903
11
0.5400787401574803
21
2.4176377952755903
0
LINE
8
BLACK
6
CONTINUOUS
10
0.5400787401574803
20
2.4176377952755903
11
0.5400787401574803
21
2.4776377952755904
0
LINE
8
BLACK
6
CONTINUOUS
10
0.5400787401574803
20
2.4776377952755904
11
0.6000787401574803
21
2.4776377952755904
0
LINE
8
BLACK
6
CONTINUOUS
10
0.6000787401574803
20
2.4776377952755904
11
0.6000787401574803
21
2.4176377952755903
0
LINE
8
BLACK
6
CONTINUOUS
10
0.7000787401574803
20
2.4176377952755903
11
0.6400787401574803
21
2.4176377952755903
0
LINE
8
BLACK
6
CONTINUOUS
10
0.6400787401574803
20
2.4176377952755903
11
0.6400787401574803
21
2.4776377952755904
0
LINE
8
BLACK
6
CONTINUOUS
10
0.6400787401574803
20
2.4776377952755904
11
0.7000787401574803
21
2.4776377952755904
0
LINE
8
BLACK
6
CONTINUOUS
10
0.7000787401574803
20
2.4776377952755904
11
0.7000787401574803
21
2.4176377952755903
0
LINE
8
BLACK
6
CONTINUOUS
10
0.7206548031496063
20
2.5005338188976376
11
0.7217192125984252
21
2.5000929133858265
0
LINE
8
BLACK
6
CONTINUOUS
10
0.7217192125984252
20
2.5000929133858265
11
0.7225338582677165
21
2.4992782677165355
0
LINE
8
BLACK
6
CONTINUOUS
10
0.7225338582677165
20
2.4992782677165355
11
0.7229747637795275
21
2.4982138582677167
0
LINE
8
BLACK
6
CONTINUOUS
10
0.7229747637795275
20
2.4982138582677167
11
0.7230314960629921
21
2.4976377952755904
0
LINE
8
BLACK
6
CONTINUOUS
10
0.7230314960629921
20
2.4976377952755904
11
0.7230314960629921
21
2.2976377952755906
0
LINE
8
BLACK
6
CONTINUOUS
10
0.7230314960629921
20
2.2976377952755906
11
0.7229747637795275
21
2.2970617322834643
0
LINE
8
BLACK
6
CONTINUOUS
10
0.7229747637795275
20
2.2970617322834643
11
0.7225338582677165
21
2.2959973228346455
0
LINE
8
BLACK
6
CONTINUOUS
10
0.7225338582677165
20
2.2959973228346455
11
0.7217192125984252
21
2.2951826771653541
0
LINE
8
BLACK
6
CONTINUOUS
10
0.7217192125984252
20
2.2951826771653541
11
0.7206548031496063
21
2.2947417716535434
0
LINE
8
BLACK
6
CONTINUOUS
10
0.7206548031496063
20
2.2947417716535434
11
0.7200787401574803
21
2.2946850393700786
0
LINE
8
BLACK
6
CONTINUOUS
10
0.7200787401574803
20
2.2946850393700786
11
0.5200787401574803
21
2.2946850393700786
0
LINE
8
BLACK
6
CONTINUOUS
10
0.5200787401574803
20
2.2946850393700786
11
0.5195026771653544
21
2.2947417716535434
0
LINE
8
BLACK
6
CONTINUOUS
10
0.5195026771653544
20
2.2947417716535434
11
0.5184382677165355
21
2.2951826771653541
0
LINE
8
BLACK
6
CONTINUOUS
10
0.5184382677165355
20
2.2951826771653541
11
0.5176236220472441
21
2.2959973228346455
0
LINE
8
BLACK
6
CONTINUOUS
10
0.5176236220472441
20
2.2959973228346455
11
0.517182716535433
21
2.2970617322834643
0
LINE
8
BLACK
6
CONTINUOUS
10
0.517182716535433
20
2.2970617322834643
11
0.5171259842519685
21
2.2976377952755906
0
LINE
8
BLACK
6
CONTINUOUS
10
0.5171259842519685
20
2.2976377952755906
11
0.5171259842519685
21
2.4976377952755904
0
LINE
8
BLACK
6
CONTINUOUS
10
0.5171259842519685
20
2.4976377952755904
11
0.517182716535433
21
2.4982138582677167
0
LINE
8
BLACK
6
CONTINUOUS
10
0.517182716535433
20
2.4982138582677167
11
0.5176236220472441
21
2.4992782677165355
0
LINE
8
BLACK
6
CONTINUOUS
10
0.5176236220472441
20
2.4992782677165355
11
0.5184382677165355
21
2.5000929133858265
0
LINE
8
BLACK
6
CONTINUOUS
10
0.5184382677165355
20
2.5000929133858265
11
0.5195026771653544
21
2.5005338188976376
0
LINE
8
BLACK
6
CONTINUOUS
10
0.5195026771653544
20
2.5005338188976376
11
0.5200787401574803
21
2.5005905511811024
0
LINE
8
BLACK
6
CONTINUOUS
10
0.5200787401574803
20
2.5005905511811024
11
0.7200787401574803
21
2.5005905511811024
0
LINE
8
BLACK
6
CONTINUOUS
10
0.7200787401574803
20
2.5005905511811024
11
0.7206548031496063
21
2.5005338188976376
0
LINE
8
BLACK
6
CONTINUOUS
10
0.5230314960629922
20
2.4946850393700788
11
0.5230314960629922
21
2.3005905511811022
0
LINE
8
BLACK
6
CONTINUOUS
10
0.5230314960629922
20
2.3005905511811022
11
0.7171259842519685
21
2.3005905511811022
0
LINE
8
BLACK
6
CONTINUOUS
10
0.7171259842519685
20
2.3005905511811022
11
0.7171259842519685
21
2.4946850393700788
0
LINE
8
BLACK
6
CONTINUOUS
10
0.7171259842519685
20
2.4946850393700788
11
0.5230314960629922
21
2.4946850393700788
0
LINE
8
BLACK
6
CONTINUOUS
10
1.2214422047244093
20
2.5005338188976376
11
1.2225066141732284
21
2.5000929133858265
0
LINE
8
BLACK
6
CONTINUOUS
10
1.2225066141732284
20
2.5000929133858265
11
1.2233212598425196
21
2.4992782677165355
0
LINE
8
BLACK
6
CONTINUOUS
10
1.2233212598425196
20
2.4992782677165355
11
1.2237621653543307
21
2.4982138582677167
0
LINE
8
BLACK
6
CONTINUOUS
10
1.2237621653543307
20
2.4982138582677167
11
1.2238188976377953
21
2.4976377952755904
0
LINE
8
BLACK
6
CONTINUOUS
10
1.2238188976377953
20
2.4976377952755904
11
1.2238188976377953
21
2.2976377952755906
0
LINE
8
BLACK
6
CONTINUOUS
10
1.2238188976377953
20
2.2976377952755906
11
1.2237621653543307
21
2.2970617322834643
0
LINE
8
BLACK
6
CONTINUOUS
10
1.2237621653543307
20
2.2970617322834643
11
1.2233212598425196
21
2.2959973228346455
0
LINE
8
BLACK
6
CONTINUOUS
10
1.2233212598425196
20
2.2959973228346455
11
1.2225066141732284
21
2.2951826771653541
0
LINE
8
BLACK
6
CONTINUOUS
10
1.2225066141732284
20
2.2951826771653541
11
1.2214422047244093
21
2.2947417716535434
0
LINE
8
BLACK
6
CONTINUOUS
10
1.2214422047244093
20
2.2947417716535434
11
1.2208661417322835
21
2.2946850393700786
0
LINE
8
BLACK
6
CONTINUOUS
10
1.2208661417322835
20
2.2946850393700786
11
0.9208661417322834
21
2.2946850393700786
0
LINE
8
BLACK
6
CONTINUOUS
10
0.9208661417322834
20
2.2946850393700786
11
0.9202900787401574
21
2.2947417716535434
0
LINE
8
BLACK
6
CONTINUOUS
10
0.9202900787401574
20
2.2947417716535434
11
0.9192256692913385
21
2.2951826771653541
0
LINE
8
BLACK
6
CONTINUOUS
10
0.9192256692913385
20
2.2951826771653541
11
0.9184110236220472
21
2.2959973228346455
0
LINE
8
BLACK
6
CONTINUOUS
10
0.9184110236220472
20
2.2959973228346455
11
0.9179701181102362
21
2.2970617322834643
0
LINE
8
BLACK
6
CONTINUOUS
10
0.9179701181102362
20
2.2970617322834643
11
0.9179133858267716
21
2.2976377952755906
0
LINE
8
BLACK
6
CONTINUOUS
10
0.9179133858267716
20
2.2976377952755906
11
0.9179133858267716
21
2.4976377952755904
0
LINE
8
BLACK
6
CONTINUOUS
10
0.9179133858267716
20
2.4976377952755904
11
0.9179701181102362
21
2.4982138582677167
0
LINE
8
BLACK
6
CONTINUOUS
10
0.9179701181102362
20
2.4982138582677167
11
0.9184110236220472
21
2.4992782677165355
0
LINE
8
BLACK
6
CONTINUOUS
10
0.9184110236220472
20
2.4992782677165355
11
0.9192256692913385
21
2.5000929133858265
0
LINE
8
BLACK
6
CONTINUOUS
10
0.9192256692913385
20
2.5000929133858265
11
0.9202900787401574
21
2.5005338188976376
0
LINE
8
BLACK
6
CONTINUOUS
10
0.9202900787401574
20
2.5005338188976376
11
0.9208661417322834
21
2.5005905511811024
0
LINE
8
BLACK
6
CONTINUOUS
10
0.9208661417322834
20
2.5005905511811024
11
1.2208661417322835
21
2.5005905511811024
0
LINE
8
BLACK
6
CONTINUOUS
10
1.2208661417322835
20
2.5005905511811024
11
1.2214422047244093
21
2.5005338188976376
0
LINE
8
BLACK
6
CONTINUOUS
10
0.9238188976377952
20
2.4946850393700788
11
0.9238188976377952
21
2.3005905511811022
0
LINE
8
BLACK
6
CONTINUOUS
10
0.9238188976377952
20
2.3005905511811022
11
1.2179133858267717
21
2.3005905511811022
0
LINE
8
BLACK
6
CONTINUOUS
10
1.2179133858267717
20
2.3005905511811022
11
1.2179133858267717
21
2.4946850393700788
0
LINE
8
BLACK
6
CONTINUOUS
10
1.2179133858267717
20
2.4946850393700788
11
0.9238188976377952
21
2.4946850393700788
0
LINE
8
BLACK
6
CONTINUOUS
10
1.3496850393700788
20
2.3176377952755907
11
1.2896850393700787
21
2.3176377952755907
0
LINE
8
BLACK
6
CONTINUOUS
10
1.2896850393700787
20
2.3176377952755907
11
1.2896850393700787
21
2.3776377952755907
0
LINE
8
BLACK
6
CONTINUOUS
10
1.2896850393700787
20
2.3776377952755907
11
1.3496850393700788
21
2.3776377952755907
0
LINE
8
BLACK
6
CONTINUOUS
10
1.3496850393700788
20
2.3776377952755907
11
1.3496850393700788
21
2.3176377952755907
0
LINE
8
BLACK
6
CONTINUOUS
10
1.4496850393700786
20
2.3176377952755907
11
1.3896850393700788
21
2.3176377952755907
0
LINE
8
BLACK
6
CONTINUOUS
10
1.3896850393700788
20
2.3176377952755907
11
1.3896850393700788
21
2.3776377952755907
0
LINE
8
BLACK
6
CONTINUOUS
10
1.3896850393700788
20
2.3776377952755907
11
1.4496850393700786
21
2.3776377952755907
0
LINE
8
BLACK
6
CONTINUOUS
10
1.4496850393700786
20
2.3776377952755907
11
1.4496850393700786
21
2.3176377952755907
0
LINE
8
BLACK
6
CONTINUOUS
10
1.5496850393700787
20
2.3176377952755907
11
1.4896850393700787
21
2.3176377952755907
0
LINE
8
BLACK
6
CONTINUOUS
10
1.4896850393700787
20
2.3176377952755907
11
1.4896850393700787
21
2.3776377952755907
0
LINE
8
BLACK
6
CONTINUOUS
10
1.4896850393700787
20
2.3776377952755907
11
1.5496850393700787
21
2.3776377952755907
0
LINE
8
BLACK
6
CONTINUOUS
10
1.5496850393700787
20
2.3776377952755907
11
1.5496850393700787
21
2.3176377952755907
0
LINE
8
BLACK
6
CONTINUOUS
10
1.6496850393700786
20
2.3176377952755907
11
1.5896850393700788
21
2.3176377952755907
0
LINE
8
BLACK
6
CONTINUOUS
10
1.5896850393700788
20
2.3176377952755907
11
1.5896850393700788
21
2.3776377952755907
0
LINE
8
BLACK
6
CONTINUOUS
10
1.5896850393700788
20
2.3776377952755907
11
1.6496850393700786
21
2.3776377952755907
0
LINE
8
BLACK
6
CONTINUOUS
10
1.6496850393700786
20
2.3776377952755907
11
1.6496850393700786
21
2.3176377952755907
0
LINE
8
BLACK
6
CONTINUOUS
10
1.7496850393700787
20
2.3176377952755907
11
1.6896850393700786
21
2.3176377952755907
0
LINE
8
BLACK
6
CONTINUOUS
10
1.6896850393700786
20
2.3176377952755907
11
1.6896850393700786
21
2.3776377952755907
0
LINE
8
BLACK
6
CONTINUOUS
10
1.6896850393700786
20
2.3776377952755907
11
1.7496850393700787
21
2.3776377952755907
0
LINE
8
BLACK
6
CONTINUOUS
10
1.7496850393700787
20
2.3776377952755907
11
1.7496850393700787
21
2.3176377952755907
0
LINE
8
BLACK
6
CONTINUOUS
10
1.3496850393700788
20
2.4176377952755903
11
1.2896850393700787
21
2.4176377952755903
0
LINE
8
BLACK
6
CONTINUOUS
10
1.2896850393700787
20
2.4176377952755903
11
1.2896850393700787
21
2.4776377952755904
0
LINE
8
BLACK
6
CONTINUOUS
10
1.2896850393700787
20
2.4776377952755904
11
1.3496850393700788
21
2.4776377952755904
0
LINE
8
BLACK
6
CONTINUOUS
10
1.3496850393700788
20
2.4776377952755904
11
1.3496850393700788
21
2.4176377952755903
0
LINE
8
BLACK
6
CONTINUOUS
10
1.4496850393700786
20
2.4176377952755903
11
1.3896850393700788
21
2.4176377952755903
0
LINE
8
BLACK
6
CONTINUOUS
10
1.3896850393700788
20
2.4176377952755903
11
1.3896850393700788
21
2.4776377952755904
0
LINE
8
BLACK
6
CONTINUOUS
10
1.3896850393700788
20
2.4776377952755904
11
1.4496850393700786
21
2.4776377952755904
0
LINE
8
BLACK
6
CONTINUOUS
10
1.4496850393700786
20
2.4776377952755904
11
1.4496850393700786
21
2.4176377952755903
0
LINE
8
BLACK
6
CONTINUOUS
10
1.5496850393700787
20
2.4176377952755903
11
1.4896850393700787
21
2.4176377952755903
0
LINE
8
BLACK
6
CONTINUOUS
10
1.4896850393700787
20
2.4176377952755903
11
1.4896850393700787
21
2.4776377952755904
0
LINE
8
BLACK
6
CONTINUOUS
10
1.4896850393700787
20
2.4776377952755904
11
1.5496850393700787
21
2.4776377952755904
0
LINE
8
BLACK
6
CONTINUOUS
10
1.5496850393700787
20
2.4776377952755904
11
1.5496850393700787
21
2.4176377952755903
0
LINE
8
BLACK
6
CONTINUOUS
10
1.6496850393700786
20
2.4176377952755903
11
1.5896850393700788
21
2.4176377952755903
0
LINE
8
BLACK
6
CONTINUOUS
10
1.5896850393700788
20
2.4176377952755903
11
1.5896850393700788
21
2.4776377952755904
0
LINE
8
BLACK
6
CONTINUOUS
10
1.5896850393700788
20
2.4776377952755904
11
1.6496850393700786
21
2.4776377952755904
0
LINE
8
BLACK
6
CONTINUOUS
10
1.6496850393700786
20
2.4776377952755904
11
1.6496850393700786
21
2.4176377952755903
0
LINE
8
BLACK
6
CONTINUOUS
10
1.7496850393700787
20
2.4176377952755903
11
1.6896850393700786
21
2.4176377952755903
0
LINE
8
BLACK
6
CONTINUOUS
10
1.6896850393700786
20
2.4176377952755903
11
1.6896850393700786
21
2.4776377952755904
0
LINE
8
BLACK
6
CONTINUOUS
10
1.6896850393700786
20
2.4776377952755904
11
1.7496850393700787
21
2.4776377952755904
0
LINE
8
BLACK
6
CONTINUOUS
10
1.7496850393700787
20
2.4776377952755904
11
1.7496850393700787
21
2.4176377952755903
0
LINE
8
BLACK
6
CONTINUOUS
10
1.7702611023622046
20
2.5005338188976376
11
1.7713255118110236
21
2.5000929133858265
0
LINE
8
BLACK
6
CONTINUOUS
10
1.7713255118110236
20
2.5000929133858265
11
1.7721401574803148
21
2.4992782677165355
0
LINE
8
BLACK
6
CONTINUOUS
10
1.7721401574803148
20
2.4992782677165355
11
1.7725810629921259
21
2.4982138582677167
0
LINE
8
BLACK
6
CONTINUOUS
10
1.7725810629921259
20
2.4982138582677167
11
1.7726377952755905
21
2.4976377952755904
0
LINE
8
BLACK
6
CONTINUOUS
10
1.7726377952755905
20
2.4976377952755904
11
1.7726377952755905
21
2.2976377952755906
0
LINE
8
BLACK
6
CONTINUOUS
10
1.7726377952755905
20
2.2976377952755906
11
1.7725810629921259
21
2.2970617322834643
0
LINE
8
BLACK
6
CONTINUOUS
10
1.7725810629921259
20
2.2970617322834643
11
1.7721401574803148
21
2.2959973228346455
0
LINE
8
BLACK
6
CONTINUOUS
10
1.7721401574803148
20
2.2959973228346455
11
1.7713255118110236
21
2.2951826771653541
0
LINE
8
BLACK
6
CONTINUOUS
10
1.7713255118110236
20
2.2951826771653541
11
1.7702611023622046
21
2.2947417716535434
0
LINE
8
BLACK
6
CONTINUOUS
10
1.7702611023622046
20
2.2947417716535434
11
1.7696850393700787
21
2.2946850393700786
0
LINE
8
BLACK
6
CONTINUOUS
10
1.7696850393700787
20
2.2946850393700786
11
1.2696850393700787
21
2.2946850393700786
0
LINE
8
BLACK
6
CONTINUOUS
10
1.2696850393700787
20
2.2946850393700786
11
1.2691089763779528
21
2.2947417716535434
0
LINE
8
BLACK
6
CONTINUOUS
10
1.2691089763779528
20
2.2947417716535434
11
1.2680445669291338
21
2.2951826771653541
0
LINE
8
BLACK
6
CONTINUOUS
10
1.2680445669291338
20
2.2951826771653541
11
1.2672299212598426
21
2.2959973228346455
0
LINE
8
BLACK
6
CONTINUOUS
10
1.2672299212598426
20
2.2959973228346455
11
1.2667890157480315
21
2.2970617322834643
0
LINE
8
BLACK
6
CONTINUOUS
10
1.2667890157480315
20
2.2970617322834643
11
1.2667322834645669
21
2.2976377952755906
0
LINE
8
BLACK
6
CONTINUOUS
10
1.2667322834645669
20
2.2976377952755906
11
1.2667322834645669
21
2.4976377952755904
0
LINE
8
BLACK
6
CONTINUOUS
10
1.2667322834645669
20
2.4976377952755904
11
1.2667890157480315
21
2.4982138582677167
0
LINE
8
BLACK
6
CONTINUOUS
10
1.2667890157480315
20
2.4982138582677167
11
1.2672299212598426
21
2.4992782677165355
0
LINE
8
BLACK
6
CONTINUOUS
10
1.2672299212598426
20
2.4992782677165355
11
1.2680445669291338
21
2.5000929133858265
0
LINE
8
BLACK
6
CONTINUOUS
10
1.2680445669291338
20
2.5000929133858265
11
1.2691089763779528
21
2.5005338188976376
0
LINE
8
BLACK
6
CONTINUOUS
10
1.2691089763779528
20
2.5005338188976376
11
1.2696850393700787
21
2.5005905511811024
0
LINE
8
BLACK
6
CONTINUOUS
10
1.2696850393700787
20
2.5005905511811024
11
1.7696850393700787
21
2.5005905511811024
0
LINE
8
BLACK
6
CONTINUOUS
10
1.7696850393700787
20
2.5005905511811024
11
1.7702611023622046
21
2.5005338188976376
0
LINE
8
BLACK
6
CONTINUOUS
10
1.2726377952755905
20
2.4946850393700788
11
1.2726377952755905
21
2.3005905511811022
0
LINE
8
BLACK
6
CONTINUOUS
10
1.2726377952755905
20
2.3005905511811022
11
1.7667322834645669
21
2.3005905511811022
0
LINE
8
BLACK
6
CONTINUOUS
10
1.7667322834645669
20
2.3005905511811022
11
1.7667322834645669
21
2.4946850393700788
0
LINE
8
BLACK
6
CONTINUOUS
10
1.7667322834645669
20
2.4946850393700788
11
1.2726377952755905
21
2.4946850393700788
0
LINE
8
BLACK
6
CONTINUOUS
10
0.7569053149606298
20
2.3330891338582678
11
0.7569483070866142
21
2.3330955118110235
0
LINE
8
BLACK
6
CONTINUOUS
10
0.7569483070866142
20
2.3330955118110235
11
0.7571637401574803
21
2.3330637007874016
0
LINE
8
BLACK
6
CONTINUOUS
10
0.7571637401574803
20
2.3330637007874016
11
0.7573808661417323
21
2.3330422834645668
0
LINE
8
BLACK
6
CONTINUOUS
10
0.7573808661417323
20
2.3330422834645668
11
0.757421062992126
21
2.3330256299212597
0
LINE
8
BLACK
6
CONTINUOUS
10
0.757421062992126
20
2.3330256299212597
11
0.7575209448818897
21
2.3330108661417324
0
LINE
8
BLACK
6
CONTINUOUS
10
0.7575209448818897
20
2.3330108661417324
11
0.7642701181102362
21
2.3313235826771654
0
LINE
8
BLACK
6
CONTINUOUS
10
0.7642701181102362
20
2.3313235826771654
11
0.7643125984251968
21
2.3313084251968506
0
LINE
8
BLACK
6
CONTINUOUS
10
0.7643125984251968
20
2.3313084251968506
11
0.7643338582677165
21
2.3313068897637796
0
LINE
8
BLACK
6
CONTINUOUS
10
0.7643338582677165
20
2.3313068897637796
11
0.7645732677165354
21
2.3312152755905511
0
LINE
8
BLACK
6
CONTINUOUS
10
0.7645732677165354
20
2.3312152755905511
11
0.7648152362204724
21
2.3311288188976378
0
LINE
8
BLACK
6
CONTINUOUS
10
0.7648152362204724
20
2.3311288188976378
11
0.7648323622047244
21
2.3311161417322834
0
LINE
8
BLACK
6
CONTINUOUS
10
0.7648323622047244
20
2.3311161417322834
11
0.7648744881889764
21
2.3310999999999997
0
LINE
8
BLACK
6
CONTINUOUS
10
0.7648744881889764
20
2.3310999999999997
11
0.7682490551181103
21
2.3294127165354328
0
LINE
8
BLACK
6
CONTINUOUS
10
0.7682490551181103
20
2.3294127165354328
11
0.7684970472440945
21
2.329256653543307
0
LINE
8
BLACK
6
CONTINUOUS
10
0.7684970472440945
20
2.329256653543307
11
0.7685690157480315
21
2.3292268110236218
0
LINE
8
BLACK
6
CONTINUOUS
10
0.7685690157480315
20
2.3292268110236218
11
0.7686499606299212
21
2.3291603543307087
0
LINE
8
BLACK
6
CONTINUOUS
10
0.7686499606299212
20
2.3291603543307087
11
0.768738937007874
21
2.3291043700787402
0
LINE
8
BLACK
6
CONTINUOUS
10
0.768738937007874
20
2.3291043700787402
11
0.7687900787401575
21
2.3290453937007873
0
LINE
8
BLACK
6
CONTINUOUS
10
0.7687900787401575
20
2.3290453937007873
11
0.7690164566929134
21
2.3288596062992126
0
LINE
8
BLACK
6
CONTINUOUS
10
0.7690164566929134
20
2.3288596062992126
11
0.772391062992126
21
2.325485
0
LINE
8
BLACK
6
CONTINUOUS
10
0.772391062992126
20
2.325485
11
0.7727582677165354
21
2.3250375590551182
0
LINE
8
BLACK
6
CONTINUOUS
10
0.7727582677165354
20
2.3250375590551182
11
0.7727988188976378
21
2.3249396062992127
0
LINE
8
BLACK
6
CONTINUOUS
10
0.7727988188976378
20
2.3249396062992127
11
0.7728683858267716
21
2.3248594094488189
0
LINE
8
BLACK
6
CONTINUOUS
10
0.7728683858267716
20
2.3248594094488189
11
0.7731043700787401
21
2.3243308267716536
0
LINE
8
BLACK
6
CONTINUOUS
10
0.7731043700787401
20
2.3243308267716536
11
0.774791653543307
21
2.3192689763779528
0
LINE
8
BLACK
6
CONTINUOUS
10
0.774791653543307
20
2.3192689763779528
11
0.7748565748031496
21
2.3189834251968504
0
LINE
8
BLACK
6
CONTINUOUS
10
0.7748565748031496
20
2.3189834251968504
11
0.7748864566929133
21
2.3189112992125982
0
LINE
8
BLACK
6
CONTINUOUS
10
0.7748864566929133
20
2.3189112992125982
11
0.7748967322834646
21
2.318806811023622
0
LINE
8
BLACK
6
CONTINUOUS
10
0.7748967322834646
20
2.318806811023622
11
0.7749199999999999
21
2.318704527559055
0
LINE
8
BLACK
6
CONTINUOUS
10
0.7749199999999999
20
2.318704527559055
11
0.7749144488188976
21
2.3186268110236221
0
LINE
8
BLACK
6
CONTINUOUS
10
0.7749144488188976
20
2.3186268110236221
11
0.7749431889763779
21
2.3183352362204723
0
LINE
8
BLACK
6
CONTINUOUS
10
0.7749431889763779
20
2.3183352362204723
11
0.7749431889763779
21
2.309898779527559
0
LINE
8
BLACK
6
CONTINUOUS
10
0.7749431889763779
20
2.309898779527559
11
0.7748864566929133
21
2.3093227165354331
0
LINE
8
BLACK
6
CONTINUOUS
10
0.7748864566929133
20
2.3093227165354331
11
0.7744455511811024
21
2.3082583070866143
0
LINE
8
BLACK
6
CONTINUOUS
10
0.7744455511811024
20
2.3082583070866143
11
0.773630905511811
21
2.3074436614173228
0
LINE
8
BLACK
6
CONTINUOUS
10
0.773630905511811
20
2.3074436614173228
11
0.7725664960629921
21
2.3070027559055117
0
LINE
8
BLACK
6
CONTINUOUS
10
0.7725664960629921
20
2.3070027559055117
11
0.7719904330708661
21
2.3069460236220474
0
LINE
8
BLACK
6
CONTINUOUS
10
0.7719904330708661
20
2.3069460236220474
11
0.7365573622047243
21
2.3069460236220474
0
LINE
8
BLACK
6
CONTINUOUS
10
0.7365573622047243
20
2.3069460236220474
11
0.7359812992125984
21
2.3070027559055117
0
LINE
8
BLACK
6
CONTINUOUS
10
0.7359812992125984
20
2.3070027559055117
11
0.7349168897637796
21
2.3074436614173228
0
LINE
8
BLACK
6
CONTINUOUS
10
0.7349168897637796
20
2.3074436614173228
11
0.7341022440944882
21
2.3082583070866143
0
LINE
8
BLACK
6
CONTINUOUS
10
0.7341022440944882
20
2.3082583070866143
11
0.7336613385826771
21
2.3093227165354331
0
LINE
8
BLACK
6
CONTINUOUS
10
0.7336613385826771
20
2.3093227165354331
11
0.7336046062992125
21
2.309898779527559
0
LINE
8
BLACK
6
CONTINUOUS
10
0.7336046062992125
20
2.309898779527559
11
0.7336046062992125
21
2.3183352362204723
0
LINE
8
BLACK
6
CONTINUOUS
10
0.7336046062992125
20
2.3183352362204723
11
0.7336333070866141
21
2.3186268110236221
0
LINE
8
BLACK
6
CONTINUOUS
10
0.7336333070866141
20
2.3186268110236221
11
0.7336277952755905
21
2.318704527559055
0
LINE
8
BLACK
6
CONTINUOUS
10
0.7336277952755905
20
2.318704527559055
11
0.7336510236220473
21
2.318806811023622
0
LINE
8
BLACK
6
CONTINUOUS
10
0.7336510236220473
20
2.318806811023622
11
0.7336613385826771
21
2.3189112992125982
0
LINE
8
BLACK
6
CONTINUOUS
10
0.7336613385826771
20
2.3189112992125982
11
0.7336911811023622
21
2.3189834251968504
0
LINE
8
BLACK
6
CONTINUOUS
10
0.7336911811023622
20
2.3189834251968504
11
0.7337561417322834
21
2.3192689763779528
0
LINE
8
BLACK
6
CONTINUOUS
10
0.7337561417322834
20
2.3192689763779528
11
0.7354434251968504
21
2.3243308267716536
0
LINE
8
BLACK
6
CONTINUOUS
10
0.7354434251968504
20
2.3243308267716536
11
0.7356794094488189
21
2.3248594094488189
0
LINE
8
BLACK
6
CONTINUOUS
10
0.7356794094488189
20
2.3248594094488189
11
0.7357488976377953
21
2.3249395669291339
0
LINE
8
BLACK
6
CONTINUOUS
10
0.7357488976377953
20
2.3249395669291339
11
0.7357894881889764
21
2.3250375196850395
0
LINE
8
BLACK
6
CONTINUOUS
10
0.7357894881889764
20
2.3250375196850395
11
0.7361567322834646
21
2.325485
0
LINE
8
BLACK
6
CONTINUOUS
10
0.7361567322834646
20
2.325485
11
0.7395312992125984
21
2.3288596062992126
0
LINE
8
BLACK
6
CONTINUOUS
10
0.7395312992125984
20
2.3288596062992126
11
0.7397576377952756
21
2.3290453937007873
0
LINE
8
BLACK
6
CONTINUOUS
10
0.7397576377952756
20
2.3290453937007873
11
0.7398088188976378
21
2.3291043700787402
0
LINE
8
BLACK
6
CONTINUOUS
10
0.7398088188976378
20
2.3291043700787402
11
0.7398977559055118
21
2.3291603543307087
0
LINE
8
BLACK
6
CONTINUOUS
10
0.7398977559055118
20
2.3291603543307087
11
0.7399787401574803
21
2.3292268110236218
0
LINE
8
BLACK
6
CONTINUOUS
10
0.7399787401574803
20
2.3292268110236218
11
0.7400506692913386
21
2.329256653543307
0
LINE
8
BLACK
6
CONTINUOUS
10
0.7400506692913386
20
2.329256653543307
11
0.7402987007874016
21
2.3294127165354328
0
LINE
8
BLACK
6
CONTINUOUS
10
0.7402987007874016
20
2.3294127165354328
11
0.7436732677165354
21
2.3310999999999997
0
LINE
8
BLACK
6
CONTINUOUS
10
0.7436732677165354
20
2.3310999999999997
11
0.7437153543307087
21
2.3311161417322834
0
LINE
8
BLACK
6
CONTINUOUS
10
0.7437153543307087
20
2.3311161417322834
11
0.7437325196850394
21
2.3311288188976378
0
LINE
8
BLACK
6
CONTINUOUS
10
0.7437325196850394
20
2.3311288188976378
11
0.7439744488188976
21
2.3312152755905511
0
LINE
8
BLACK
6
CONTINUOUS
10
0.7439744488188976
20
2.3312152755905511
11
0.7442138976377952
21
2.3313068897637796
0
LINE
8
BLACK
6
CONTINUOUS
10
0.7442138976377952
20
2.3313068897637796
11
0.7442351181102362
21
2.3313084251968506
0
LINE
8
BLACK
6
CONTINUOUS
10
0.7442351181102362
20
2.3313084251968506
11
0.7442776377952756
21
2.3313235826771654
0
LINE
8
BLACK
6
CONTINUOUS
10
0.7442776377952756
20
2.3313235826771654
11
0.751026811023622
21
2.3330108661417324
0
LINE
8
BLACK
6
CONTINUOUS
10
0.751026811023622
20
2.3330108661417324
11
0.7511266929133859
21
2.3330256692913385
0
LINE
8
BLACK
6
CONTINUOUS
10
0.7511266929133859
20
2.3330256692913385
11
0.7511668897637795
21
2.3330422834645668
0
LINE
8
BLACK
6
CONTINUOUS
10
0.7511668897637795
20
2.3330422834645668
11
0.7513835039370078
21
2.333063622047244
0
LINE
8
BLACK
6
CONTINUOUS
10
0.7513835039370078
20
2.333063622047244
11
0.7515994488188976
21
2.3330955511811022
0
LINE
8
BLACK
6
CONTINUOUS
10
0.7515994488188976
20
2.3330955511811022
11
0.7516425590551181
21
2.3330891338582678
0
LINE
8
BLACK
6
CONTINUOUS
10
0.7516425590551181
20
2.3330891338582678
11
0.7517429527559055
21
2.3330990157480316
0
LINE
8
BLACK
6
CONTINUOUS
10
0.7517429527559055
20
2.3330990157480316
11
0.7568048031496063
21
2.3330990157480316
0
LINE
8
BLACK
6
CONTINUOUS
10
0.7568048031496063
20
2.3330990157480316
11
0.7569053149606298
21
2.3330891338582678
0
LINE
8
BLACK
6
CONTINUOUS
10
0.7460242913385826
20
2.325672992125984
11
0.7433683070866142
21
2.3243450000000001
0
LINE
8
BLACK
6
CONTINUOUS
10
0.7433683070866142
20
2.3243450000000001
11
0.7408254330708661
21
2.3218020866141731
0
LINE
8
BLACK
6
CONTINUOUS
10
0.7408254330708661
20
2.3218020866141731
11
0.7395101181102363
21
2.3178561023622049
0
LINE
8
BLACK
6
CONTINUOUS
10
0.7395101181102363
20
2.3178561023622049
11
0.7395101181102363
21
2.312851535433071
0
LINE
8
BLACK
6
CONTINUOUS
10
0.7395101181102363
20
2.312851535433071
11
0.7690376771653543
21
2.312851535433071
0
LINE
8
BLACK
6
CONTINUOUS
10
0.7690376771653543
20
2.312851535433071
11
0.7690376771653543
21
2.3178561023622049
0
LINE
8
BLACK
6
CONTINUOUS
10
0.7690376771653543
20
2.3178561023622049
11
0.7677223622047243
21
2.3218020472440943
0
LINE
8
BLACK
6
CONTINUOUS
10
0.7677223622047243
20
2.3218020472440943
11
0.7651794488188977
21
2.3243449606299214
0
LINE
8
BLACK
6
CONTINUOUS
10
0.7651794488188977
20
2.3243449606299214
11
0.7625234251968503
21
2.325672992125984
0
LINE
8
BLACK
6
CONTINUOUS
10
0.7625234251968503
20
2.325672992125984
11
0.7564412598425196
21
2.327193503937008
0
LINE
8
BLACK
6
CONTINUOUS
10
0.7564412598425196
20
2.327193503937008
11
0.7521064960629921
21
2.327193503937008
0
LINE
8
BLACK
6
CONTINUOUS
10
0.7521064960629921
20
2.327193503937008
11
0.7460242913385826
21
2.325672992125984
0
LINE
8
BLACK
6
CONTINUOUS
10
0.7585926377952755
20
2.3938315354330708
11
0.7586356692913385
21
2.3938379133858265
0
LINE
8
BLACK
6
CONTINUOUS
10
0.7586356692913385
20
2.3938379133858265
11
0.7588511417322834
21
2.3938060629921258
0
LINE
8
BLACK
6
CONTINUOUS
10
0.7588511417322834
20
2.3938060629921258
11
0.759068188976378
21
2.3937846850393698
0
LINE
8
BLACK
6
CONTINUOUS
10
0.759068188976378
20
2.3937846850393698
11
0.7591083858267716
21
2.3937680708661415
0
LINE
8
BLACK
6
CONTINUOUS
10
0.7591083858267716
20
2.3937680708661415
11
0.7592082677165354
21
2.3937532677165354
0
LINE
8
BLACK
6
CONTINUOUS
10
0.7592082677165354
20
2.3937532677165354
11
0.7659574015748032
21
2.3920659842519685
0
LINE
8
BLACK
6
CONTINUOUS
10
0.7659574015748032
20
2.3920659842519685
11
0.7659998818897638
21
2.3920508267716536
0
LINE
8
BLACK
6
CONTINUOUS
10
0.7659998818897638
20
2.3920508267716536
11
0.7660211811023622
21
2.3920492913385827
0
LINE
8
BLACK
6
CONTINUOUS
10
0.7660211811023622
20
2.3920492913385827
11
0.7662611417322834
21
2.3919574803149604
0
LINE
8
BLACK
6
CONTINUOUS
10
0.7662611417322834
20
2.3919574803149604
11
0.7665025196850394
21
2.3918712204724408
0
LINE
8
BLACK
6
CONTINUOUS
10
0.7665025196850394
20
2.3918712204724408
11
0.7665196062992126
21
2.3918585826771652
0
LINE
8
BLACK
6
CONTINUOUS
10
0.7665196062992126
20
2.3918585826771652
11
0.766561811023622
21
2.3918424015748032
0
LINE
8
BLACK
6
CONTINUOUS
10
0.766561811023622
20
2.3918424015748032
11
0.7699363779527559
21
2.3901550787401575
0
LINE
8
BLACK
6
CONTINUOUS
10
0.7699363779527559
20
2.3901550787401575
11
0.7701842519685039
21
2.3899990551181101
0
LINE
8
BLACK
6
CONTINUOUS
10
0.7701842519685039
20
2.3899990551181101
11
0.7702562598425197
21
2.3899692125984253
0
LINE
8
BLACK
6
CONTINUOUS
10
0.7702562598425197
20
2.3899692125984253
11
0.7703373228346456
21
2.3899026771653542
0
LINE
8
BLACK
6
CONTINUOUS
10
0.7703373228346456
20
2.3899026771653542
11
0.7704262598425197
21
2.3898466929133857
0
LINE
8
BLACK
6
CONTINUOUS
10
0.7704262598425197
20
2.3898466929133857
11
0.7704773622047244
21
2.3897877559055116
0
LINE
8
BLACK
6
CONTINUOUS
10
0.7704773622047244
20
2.3897877559055116
11
0.7707037007874016
21
2.3896020078740157
0
LINE
8
BLACK
6
CONTINUOUS
10
0.7707037007874016
20
2.3896020078740157
11
0.772391062992126
21
2.38791468503937
0
LINE
8
BLACK
6
CONTINUOUS
10
0.772391062992126
20
2.38791468503937
11
0.7725768110236221
21
2.3876883464566929
0
LINE
8
BLACK
6
CONTINUOUS
10
0.7725768110236221
20
2.3876883464566929
11
0.7726358267716535
21
2.3876371653543305
0
LINE
8
BLACK
6
CONTINUOUS
10
0.7726358267716535
20
2.3876371653543305
11
0.7726917716535433
21
2.3875482283464566
0
LINE
8
BLACK
6
CONTINUOUS
10
0.7726917716535433
20
2.3875482283464566
11
0.7727582677165354
21
2.3874672440944882
0
LINE
8
BLACK
6
CONTINUOUS
10
0.7727582677165354
20
2.3874672440944882
11
0.7727880708661418
21
2.3873953149606297
0
LINE
8
BLACK
6
CONTINUOUS
10
0.7727880708661418
20
2.3873953149606297
11
0.7729441732283464
21
2.3871472834645671
0
LINE
8
BLACK
6
CONTINUOUS
10
0.7729441732283464
20
2.3871472834645671
11
0.7746314566929133
21
2.3837727165354332
0
LINE
8
BLACK
6
CONTINUOUS
10
0.7746314566929133
20
2.3837727165354332
11
0.7748383464566929
21
2.3832320866141732
0
LINE
8
BLACK
6
CONTINUOUS
10
0.7748383464566929
20
2.3832320866141732
11
0.7748458267716535
21
2.3831262992125986
0
LINE
8
BLACK
6
CONTINUOUS
10
0.7748458267716535
20
2.3831262992125986
11
0.7748864566929133
21
2.3830282677165355
0
LINE
8
BLACK
6
CONTINUOUS
10
0.7748864566929133
20
2.3830282677165355
11
0.7749431889763779
21
2.3824522047244092
0
LINE
8
BLACK
6
CONTINUOUS
10
0.7749431889763779
20
2.3824522047244092
11
0.7749431889763779
21
2.3790776377952754
0
LINE
8
BLACK
6
CONTINUOUS
10
0.7749431889763779
20
2.3790776377952754
11
0.7748864566929133
21
2.3785015748031495
0
LINE
8
BLACK
6
CONTINUOUS
10
0.7748864566929133
20
2.3785015748031495
11
0.7748458267716535
21
2.3784035826771652
0
LINE
8
BLACK
6
CONTINUOUS
10
0.7748458267716535
20
2.3784035826771652
11
0.7748383464566929
21
2.3782977559055118
0
LINE
8
BLACK
6
CONTINUOUS
10
0.7748383464566929
20
2.3782977559055118
11
0.7746314566929133
21
2.3777571259842518
0
LINE
8
BLACK
6
CONTINUOUS
10
0.7746314566929133
20
2.3777571259842518
11
0.7729441732283464
21
2.3743825196850392
0
LINE
8
BLACK
6
CONTINUOUS
10
0.7729441732283464
20
2.3743825196850392
11
0.7727880708661418
21
2.3741345275590549
0
LINE
8
BLACK
6
CONTINUOUS
10
0.7727880708661418
20
2.3741345275590549
11
0.7727582677165354
21
2.3740625590551181
0
LINE
8
BLACK
6
CONTINUOUS
10
0.7727582677165354
20
2.3740625590551181
11
0.7726917716535433
21
2.3739816141732284
0
LINE
8
BLACK
6
CONTINUOUS
10
0.7726917716535433
20
2.3739816141732284
11
0.7726358267716535
21
2.3738926377952754
0
LINE
8
BLACK
6
CONTINUOUS
10
0.7726358267716535
20
2.3738926377952754
11
0.7725768110236221
21
2.3738414960629921
0
LINE
8
BLACK
6
CONTINUOUS
10
0.7725768110236221
20
2.3738414960629921
11
0.772391062992126
21
2.3736151181102363
0
LINE
8
BLACK
6
CONTINUOUS
10
0.772391062992126
20
2.3736151181102363
11
0.7707037007874016
21
2.3719277952755906
0
LINE
8
BLACK
6
CONTINUOUS
10
0.7707037007874016
20
2.3719277952755906
11
0.7704773622047244
21
2.371742086614173
0
LINE
8
BLACK
6
CONTINUOUS
10
0.7704773622047244
20
2.371742086614173
11
0.7704262204724409
21
2.3716830708661418
0
LINE
8
BLACK
6
CONTINUOUS
10
0.7704262204724409
20
2.3716830708661418
11
0.7703372834645669
21
2.3716271259842521
0
LINE
8
BLACK
6
CONTINUOUS
10
0.7703372834645669
20
2.3716271259842521
11
0.7702562598425197
21
2.371560590551181
0
LINE
8
BLACK
6
CONTINUOUS
10
0.7702562598425197
20
2.371560590551181
11
0.7701842125984252
21
2.371530787401575
0
LINE
8
BLACK
6
CONTINUOUS
10
0.7701842125984252
20
2.371530787401575
11
0.7699363385826772
21
2.3713747244094487
0
LINE
8
BLACK
6
CONTINUOUS
10
0.7699363385826772
20
2.3713747244094487
11
0.7665617716535433
21
2.3696874409448818
0
LINE
8
BLACK
6
CONTINUOUS
10
0.7665617716535433
20
2.3696874409448818
11
0.7665196456692913
21
2.3696713385826773
0
LINE
8
BLACK
6
CONTINUOUS
10
0.7665196456692913
20
2.3696713385826773
11
0.7665025196850394
21
2.3696586220472442
0
LINE
8
BLACK
6
CONTINUOUS
10
0.7665025196850394
20
2.3696586220472442
11
0.7662605511811024
21
2.3695722047244092
0
LINE
8
BLACK
6
CONTINUOUS
10
0.7662605511811024
20
2.3695722047244092
11
0.7660211417322834
21
2.3694805511811023
0
LINE
8
BLACK
6
CONTINUOUS
10
0.7660211417322834
20
2.3694805511811023
11
0.7659998818897638
21
2.3694790551181102
0
LINE
8
BLACK
6
CONTINUOUS
10
0.7659998818897638
20
2.3694790551181102
11
0.7659574015748032
21
2.3694638582677165
0
LINE
8
BLACK
6
CONTINUOUS
10
0.7659574015748032
20
2.3694638582677165
11
0.7592082677165354
21
2.3677765748031496
0
LINE
8
BLACK
6
CONTINUOUS
10
0.7592082677165354
20
2.3677765748031496
11
0.7591083858267716
21
2.3677618110236218
0
LINE
8
BLACK
6
CONTINUOUS
10
0.7591083858267716
20
2.3677618110236218
11
0.759068188976378
21
2.3677451574803148
0
LINE
8
BLACK
6
CONTINUOUS
10
0.759068188976378
20
2.3677451574803148
11
0.7588511417322834
21
2.3677238188976379
0
LINE
8
BLACK
6
CONTINUOUS
10
0.7588511417322834
20
2.3677238188976379
11
0.7586356692913385
21
2.3676919291338581
0
LINE
8
BLACK
6
CONTINUOUS
10
0.7586356692913385
20
2.3676919291338581
11
0.7585926377952755
21
2.367698346456693
0
LINE
8
BLACK
6
CONTINUOUS
10
0.7585926377952755
20
2.367698346456693
11
0.758492125984252
21
2.3676884251968504
0
LINE
8
BLACK
6
CONTINUOUS
10
0.758492125984252
20
2.3676884251968504
11
0.7500556692913386
21
2.3676884251968504
0
LINE
8
BLACK
6
CONTINUOUS
10
0.7500556692913386
20
2.3676884251968504
11
0.7499552755905512
21
2.367698346456693
0
LINE
8
BLACK
6
CONTINUOUS
10
0.7499552755905512
20
2.367698346456693
11
0.7499121653543307
21
2.3676918897637793
0
LINE
8
BLACK
6
CONTINUOUS
10
0.7499121653543307
20
2.3676918897637793
11
0.7496962204724409
21
2.3677238582677167
0
LINE
8
BLACK
6
CONTINUOUS
10
0.7496962204724409
20
2.3677238582677167
11
0.7494796062992126
21
2.3677451574803148
0
LINE
8
BLACK
6
CONTINUOUS
10
0.7494796062992126
20
2.3677451574803148
11
0.7494394094488189
21
2.3677618110236218
0
LINE
8
BLACK
6
CONTINUOUS
10
0.7494394094488189
20
2.3677618110236218
11
0.7493395275590551
21
2.3677765748031496
0
LINE
8
BLACK
6
CONTINUOUS
10
0.7493395275590551
20
2.3677765748031496
11
0.7425903543307086
21
2.3694638582677165
0
LINE
8
BLACK
6
CONTINUOUS
10
0.7425903543307086
20
2.3694638582677165
11
0.7425478346456693
21
2.3694790551181102
0
LINE
8
BLACK
6
CONTINUOUS
10
0.7425478346456693
20
2.3694790551181102
11
0.7425266141732283
21
2.3694805511811023
0
LINE
8
BLACK
6
CONTINUOUS
10
0.7425266141732283
20
2.3694805511811023
11
0.7422871653543307
21
2.3695722047244092
0
LINE
8
BLACK
6
CONTINUOUS
10
0.7422871653543307
20
2.3695722047244092
11
0.7420452362204725
21
2.3696586220472442
0
LINE
8
BLACK
6
CONTINUOUS
10
0.7420452362204725
20
2.3696586220472442
11
0.7420280708661418
21
2.3696713385826773
0
LINE
8
BLACK
6
CONTINUOUS
10
0.7420280708661418
20
2.3696713385826773
11
0.7419859842519685
21
2.3696874409448818
0
LINE
8
BLACK
6
CONTINUOUS
10
0.7419859842519685
20
2.3696874409448818
11
0.7386114173228346
21
2.3713747244094487
0
LINE
8
BLACK
6
CONTINUOUS
10
0.7386114173228346
20
2.3713747244094487
11
0.7383633858267716
21
2.3715308267716533
0
LINE
8
BLACK
6
CONTINUOUS
10
0.7383633858267716
20
2.3715308267716533
11
0.7382914566929134
21
2.3715606299212597
0
LINE
8
BLACK
6
CONTINUOUS
10
0.7382914566929134
20
2.3715606299212597
11
0.7382104724409448
21
2.3716271259842521
0
LINE
8
BLACK
6
CONTINUOUS
10
0.7382104724409448
20
2.3716271259842521
11
0.7381215354330708
21
2.3716830708661418
0
LINE
8
BLACK
6
CONTINUOUS
10
0.7381215354330708
20
2.3716830708661418
11
0.7380703543307087
21
2.371742086614173
0
LINE
8
BLACK
6
CONTINUOUS
10
0.7380703543307087
20
2.371742086614173
11
0.7378440157480315
21
2.3719278346456694
0
LINE
8
BLACK
6
CONTINUOUS
10
0.7378440157480315
20
2.3719278346456694
11
0.7361567322834646
21
2.3736151181102363
0
LINE
8
BLACK
6
CONTINUOUS
10
0.7361567322834646
20
2.3736151181102363
11
0.7359709448818897
21
2.3738414960629921
0
LINE
8
BLACK
6
CONTINUOUS
10
0.7359709448818897
20
2.3738414960629921
11
0.735911968503937
21
2.3738926377952754
0
LINE
8
BLACK
6
CONTINUOUS
10
0.735911968503937
20
2.3738926377952754
11
0.7358559842519685
21
2.3739816141732284
0
LINE
8
BLACK
6
CONTINUOUS
10
0.7358559842519685
20
2.3739816141732284
11
0.7357895275590551
21
2.3740625590551181
0
LINE
8
BLACK
6
CONTINUOUS
10
0.7357895275590551
20
2.3740625590551181
11
0.7357596850393701
21
2.3741345275590549
0
LINE
8
BLACK
6
CONTINUOUS
10
0.7357596850393701
20
2.3741345275590549
11
0.7356036220472441
21
2.3743825196850392
0
LINE
8
BLACK
6
CONTINUOUS
10
0.7356036220472441
20
2.3743825196850392
11
0.7339163385826771
21
2.3777571259842518
0
LINE
8
BLACK
6
CONTINUOUS
10
0.7339163385826771
20
2.3777571259842518
11
0.7337094488188977
21
2.3782977559055118
0
LINE
8
BLACK
6
CONTINUOUS
10
0.7337094488188977
20
2.3782977559055118
11
0.7337019291338582
21
2.3784035826771652
0
LINE
8
BLACK
6
CONTINUOUS
10
0.7337019291338582
20
2.3784035826771652
11
0.7336613385826771
21
2.3785015748031495
0
LINE
8
BLACK
6
CONTINUOUS
10
0.7336613385826771
20
2.3785015748031495
11
0.7336046062992125
21
2.3790776377952754
0
LINE
8
BLACK
6
CONTINUOUS
10
0.7336046062992125
20
2.3790776377952754
11
0.7336046062992125
21
2.3824522047244092
0
LINE
8
BLACK
6
CONTINUOUS
10
0.7336046062992125
20
2.3824522047244092
11
0.7336613385826771
21
2.3830282677165355
0
LINE
8
BLACK
6
CONTINUOUS
10
0.7336613385826771
20
2.3830282677165355
11
0.7337019291338582
21
2.3831262992125986
0
LINE
8
BLACK
6
CONTINUOUS
10
0.7337019291338582
20
2.3831262992125986
11
0.7337094488188977
21
2.3832320866141732
0
LINE
8
BLACK
6
CONTINUOUS
10
0.7337094488188977
20
2.3832320866141732
11
0.7339163385826771
21
2.3837727165354332
0
LINE
8
BLACK
6
CONTINUOUS
10
0.7339163385826771
20
2.3837727165354332
11
0.7356036220472441
21
2.3871472834645671
0
LINE
8
BLACK
6
CONTINUOUS
10
0.7356036220472441
20
2.3871472834645671
11
0.7357596850393701
21
2.3873953149606297
0
LINE
8
BLACK
6
CONTINUOUS
10
0.7357596850393701
20
2.3873953149606297
11
0.7357895275590551
21
2.3874672440944882
0
LINE
8
BLACK
6
CONTINUOUS
10
0.7357895275590551
20
2.3874672440944882
11
0.7358559842519685
21
2.3875482283464566
0
LINE
8
BLACK
6
CONTINUOUS
10
0.7358559842519685
20
2.3875482283464566
11
0.735911968503937
21
2.3876371653543305
0
LINE
8
BLACK
6
CONTINUOUS
10
0.735911968503937
20
2.3876371653543305
11
0.7359709448818897
21
2.3876883464566929
0
LINE
8
BLACK
6
CONTINUOUS
10
0.7359709448818897
20
2.3876883464566929
11
0.7361567322834646
21
2.38791468503937
0
LINE
8
BLACK
6
CONTINUOUS
10
0.7361567322834646
20
2.38791468503937
11
0.7378440157480315
21
2.3896019685039369
0
LINE
8
BLACK
6
CONTINUOUS
10
0.7378440157480315
20
2.3896019685039369
11
0.7380704724409448
21
2.3897878346456691
0
LINE
8
BLACK
6
CONTINUOUS
10
0.7380704724409448
20
2.3897878346456691
11
0.7381215354330708
21
2.3898466929133857
0
LINE
8
BLACK
6
CONTINUOUS
10
0.7381215354330708
20
2.3898466929133857
11
0.7382103149606299
21
2.3899025984251967
0
LINE
8
BLACK
6
CONTINUOUS
10
0.7382103149606299
20
2.3899025984251967
11
0.7382914566929134
21
2.3899691732283466
0
LINE
8
BLACK
6
CONTINUOUS
10
0.7382914566929134
20
2.3899691732283466
11
0.7383634251968504
21
2.3899990157480313
0
LINE
8
BLACK
6
CONTINUOUS
10
0.7383634251968504
20
2.3899990157480313
11
0.7386113779527559
21
2.3901550787401575
0
LINE
8
BLACK
6
CONTINUOUS
10
0.7386113779527559
20
2.3901550787401575
11
0.7419859842519685
21
2.3918424015748032
0
LINE
8
BLACK
6
CONTINUOUS
10
0.7419859842519685
20
2.3918424015748032
11
0.7420280708661418
21
2.3918585433070865
0
LINE
8
BLACK
6
CONTINUOUS
10
0.7420280708661418
20
2.3918585433070865
11
0.7420452362204725
21
2.3918712204724408
0
LINE
8
BLACK
6
CONTINUOUS
10
0.7420452362204725
20
2.3918712204724408
11
0.742286811023622
21
2.3919575590551179
0
LINE
8
BLACK
6
CONTINUOUS
10
0.742286811023622
20
2.3919575590551179
11
0.7425265748031495
21
2.3920492913385827
0
LINE
8
BLACK
6
CONTINUOUS
10
0.7425265748031495
20
2.3920492913385827
11
0.7425478346456693
21
2.3920508267716536
0
LINE
8
BLACK
6
CONTINUOUS
10
0.7425478346456693
20
2.3920508267716536
11
0.7425903543307086
21
2.3920659842519685
0
LINE
8
BLACK
6
CONTINUOUS
10
0.7425903543307086
20
2.3920659842519685
11
0.7493395275590551
21
2.3937532677165354
0
LINE
8
BLACK
6
CONTINUOUS
10
0.7493395275590551
20
2.3937532677165354
11
0.7494394094488189
21
2.3937680708661415
0
LINE
8
BLACK
6
CONTINUOUS
10
0.7494394094488189
20
2.3937680708661415
11
0.7494796062992126
21
2.3937846850393698
0
LINE
8
BLACK
6
CONTINUOUS
10
0.7494796062992126
20
2.3937846850393698
11
0.7496962204724409
21
2.3938060236220471
0
LINE
8
BLACK
6
CONTINUOUS
10
0.7496962204724409
20
2.3938060236220471
11
0.7499121653543307
21
2.3938379527559053
0
LINE
8
BLACK
6
CONTINUOUS
10
0.7499121653543307
20
2.3938379527559053
11
0.7499552755905512
21
2.3938315354330708
0
LINE
8
BLACK
6
CONTINUOUS
10
0.7499552755905512
20
2.3938315354330708
11
0.7500556692913386
21
2.3938414173228346
0
LINE
8
BLACK
6
CONTINUOUS
10
0.7500556692913386
20
2.3938414173228346
11
0.758492125984252
21
2.3938414173228346
0
LINE
8
BLACK
6
CONTINUOUS
10
0.758492125984252
20
2.3938414173228346
11
0.7585926377952755
21
2.3938315354330708
0
LINE
8
BLACK
6
CONTINUOUS
10
0.7443371259842519
20
2.3864154330708662
11
0.7416809842519685
21
2.3850873228346456
0
LINE
8
BLACK
6
CONTINUOUS
10
0.7416809842519685
20
2.3850873228346456
11
0.7406713779527558
21
2.3840776771653545
0
LINE
8
BLACK
6
CONTINUOUS
10
0.7406713779527558
20
2.3840776771653545
11
0.7395101181102363
21
2.3817551574803151
0
LINE
8
BLACK
6
CONTINUOUS
10
0.7395101181102363
20
2.3817551574803151
11
0.7395101181102363
21
2.37977468503937
0
LINE
8
BLACK
6
CONTINUOUS
10
0.7395101181102363
20
2.37977468503937
11
0.7406713779527558
21
2.3774521259842518
0
LINE
8
BLACK
6
CONTINUOUS
10
0.7406713779527558
20
2.3774521259842518
11
0.7416810236220472
21
2.3764424803149606
0
LINE
8
BLACK
6
CONTINUOUS
10
0.7416810236220472
20
2.3764424803149606
11
0.7443370078740157
21
2.3751144881889763
0
LINE
8
BLACK
6
CONTINUOUS
10
0.7443370078740157
20
2.3751144881889763
11
0.7504192125984251
21
2.373593937007874
0
LINE
8
BLACK
6
CONTINUOUS
10
0.7504192125984251
20
2.373593937007874
11
0.7581285826771653
21
2.373593937007874
0
LINE
8
BLACK
6
CONTINUOUS
10
0.7581285826771653
20
2.373593937007874
11
0.7642107086614173
21
2.3751144881889763
0
LINE
8
BLACK
6
CONTINUOUS
10
0.7642107086614173
20
2.3751144881889763
11
0.7668667322834646
21
2.3764425196850394
0
LINE
8
BLACK
6
CONTINUOUS
10
0.7668667322834646
20
2.3764425196850394
11
0.7678764173228346
21
2.3774521653543306
0
LINE
8
BLACK
6
CONTINUOUS
10
0.7678764173228346
20
2.3774521653543306
11
0.7690376771653543
21
2.37977468503937
0
LINE
8
BLACK
6
CONTINUOUS
10
0.7690376771653543
20
2.37977468503937
11
0.7690376771653543
21
2.3817551574803151
0
LINE
8
BLACK
6
CONTINUOUS
10
0.7690376771653543
20
2.3817551574803151
11
0.7678764173228346
21
2.3840776771653545
0
LINE
8
BLACK
6
CONTINUOUS
10
0.7678764173228346
20
2.3840776771653545
11
0.7668667322834646
21
2.3850873228346456
0
LINE
8
BLACK
6
CONTINUOUS
10
0.7668667322834646
20
2.3850873228346456
11
0.7642105905511811
21
2.3864154330708662
0
LINE
8
BLACK
6
CONTINUOUS
10
0.7642105905511811
20
2.3864154330708662
11
0.7581285826771653
21
2.387935905511811
0
LINE
8
BLACK
6
CONTINUOUS
10
0.7581285826771653
20
2.387935905511811
11
0.7504192125984251
21
2.387935905511811
0
LINE
8
BLACK
6
CONTINUOUS
10
0.7504192125984251
20
2.387935905511811
11
0.7443371259842519
21
2.3864154330708662
0
LINE
8
BLACK
6
CONTINUOUS
10
0.7729074015748031
20
2.4240665748031494
11
0.7739117322834645
21
2.4235020078740157
0
LINE
8
BLACK
6
CONTINUOUS
10
0.7739117322834645
20
2.4235020078740157
11
0.7746235039370079
21
2.4225961023622045
0
LINE
8
BLACK
6
CONTINUOUS
10
0.7746235039370079
20
2.4225961023622045
11
0.7749344488188976
21
2.4214867322834643
0
LINE
8
BLACK
6
CONTINUOUS
10
0.7749344488188976
20
2.4214867322834643
11
0.7747971653543307
21
2.4203428346456692
0
LINE
8
BLACK
6
CONTINUOUS
10
0.7747971653543307
20
2.4203428346456692
11
0.7742325984251969
21
2.4193385433070866
0
LINE
8
BLACK
6
CONTINUOUS
10
0.7742325984251969
20
2.4193385433070866
11
0.77381468503937
21
2.4189380314960629
0
LINE
8
BLACK
6
CONTINUOUS
10
0.77381468503937
20
2.4189380314960629
11
0.7649587007874016
21
2.4119797637795277
0
LINE
8
BLACK
6
CONTINUOUS
10
0.7649587007874016
20
2.4119797637795277
11
0.77381468503937
21
2.4050214960629921
0
LINE
8
BLACK
6
CONTINUOUS
10
0.77381468503937
20
2.4050214960629921
11
0.7742325984251969
21
2.4046209842519684
0
LINE
8
BLACK
6
CONTINUOUS
10
0.7742325984251969
20
2.4046209842519684
11
0.7747971653543307
21
2.4036166929133858
0
LINE
8
BLACK
6
CONTINUOUS
10
0.7747971653543307
20
2.4036166929133858
11
0.7749344488188976
21
2.4024727952755907
0
LINE
8
BLACK
6
CONTINUOUS
10
0.7749344488188976
20
2.4024727952755907
11
0.7746235039370079
21
2.4013634251968505
0
LINE
8
BLACK
6
CONTINUOUS
10
0.7746235039370079
20
2.4013634251968505
11
0.7739117322834645
21
2.4004575196850393
0
LINE
8
BLACK
6
CONTINUOUS
10
0.7739117322834645
20
2.4004575196850393
11
0.7729074015748031
21
2.3998929527559056
0
LINE
8
BLACK
6
CONTINUOUS
10
0.7729074015748031
20
2.3998929527559056
11
0.7717635433070866
21
2.3997556692913387
0
LINE
8
BLACK
6
CONTINUOUS
10
0.7717635433070866
20
2.3997556692913387
11
0.7706541732283464
21
2.4000665748031493
0
LINE
8
BLACK
6
CONTINUOUS
10
0.7706541732283464
20
2.4000665748031493
11
0.7701661417322835
21
2.400377874015748
0
LINE
8
BLACK
6
CONTINUOUS
10
0.7701661417322835
20
2.400377874015748
11
0.7601793700787401
21
2.4082246062992128
0
LINE
8
BLACK
6
CONTINUOUS
10
0.7601793700787401
20
2.4082246062992128
11
0.7501926771653543
21
2.400377874015748
0
LINE
8
BLACK
6
CONTINUOUS
10
0.7501926771653543
20
2.400377874015748
11
0.7497046456692913
21
2.4000665748031493
0
LINE
8
BLACK
6
CONTINUOUS
10
0.7497046456692913
20
2.4000665748031493
11
0.7485952755905512
21
2.3997556692913387
0
LINE
8
BLACK
6
CONTINUOUS
10
0.7485952755905512
20
2.3997556692913387
11
0.7474514173228346
21
2.3998929133858269
0
LINE
8
BLACK
6
CONTINUOUS
10
0.7474514173228346
20
2.3998929133858269
11
0.7464470866141732
21
2.4004574803149605
0
LINE
8
BLACK
6
CONTINUOUS
10
0.7464470866141732
20
2.4004574803149605
11
0.7457352755905512
21
2.4013634251968505
0
LINE
8
BLACK
6
CONTINUOUS
10
0.7457352755905512
20
2.4013634251968505
11
0.7454243700787402
21
2.4024727952755907
0
LINE
8
BLACK
6
CONTINUOUS
10
0.7454243700787402
20
2.4024727952755907
11
0.7455616141732283
21
2.403616653543307
0
LINE
8
BLACK
6
CONTINUOUS
10
0.7455616141732283
20
2.403616653543307
11
0.7461261811023622
21
2.4046209842519684
0
LINE
8
BLACK
6
CONTINUOUS
10
0.7461261811023622
20
2.4046209842519684
11
0.7465440944881889
21
2.4050214960629921
0
LINE
8
BLACK
6
CONTINUOUS
10
0.7465440944881889
20
2.4050214960629921
11
0.7554000787401575
21
2.4119797637795277
0
LINE
8
BLACK
6
CONTINUOUS
10
0.7554000787401575
20
2.4119797637795277
11
0.7465440944881889
21
2.4189380314960629
0
LINE
8
BLACK
6
CONTINUOUS
10
0.7465440944881889
20
2.4189380314960629
11
0.7461261811023622
21
2.4193385433070866
0
LINE
8
BLACK
6
CONTINUOUS
10
0.7461261811023622
20
2.4193385433070866
11
0.7455616141732283
21
2.420342874015748
0
LINE
8
BLACK
6
CONTINUOUS
10
0.7455616141732283
20
2.420342874015748
11
0.7454243700787402
21
2.4214867322834643
0
LINE
8
BLACK
6
CONTINUOUS
10
0.7454243700787402
20
2.4214867322834643
11
0.7457352755905512
21
2.4225961023622045
0
LINE
8
BLACK
6
CONTINUOUS
10
0.7457352755905512
20
2.4225961023622045
11
0.7464470866141732
21
2.4235020472440945
0
LINE
8
BLACK
6
CONTINUOUS
10
0.7464470866141732
20
2.4235020472440945
11
0.7474514173228346
21
2.4240666141732281
0
LINE
8
BLACK
6
CONTINUOUS
10
0.7474514173228346
20
2.4240666141732281
11
0.7485952755905512
21
2.4242038582677163
0
LINE
8
BLACK
6
CONTINUOUS
10
0.7485952755905512
20
2.4242038582677163
11
0.7497046456692913
21
2.4238929527559057
0
LINE
8
BLACK
6
CONTINUOUS
10
0.7497046456692913
20
2.4238929527559057
11
0.7501926771653543
21
2.423581653543307
0
LINE
8
BLACK
6
CONTINUOUS
10
0.7501926771653543
20
2.423581653543307
11
0.7601793700787401
21
2.415734960629921
0
LINE
8
BLACK
6
CONTINUOUS
10
0.7601793700787401
20
2.415734960629921
11
0.7701661417322835
21
2.423581653543307
0
LINE
8
BLACK
6
CONTINUOUS
10
0.7701661417322835
20
2.423581653543307
11
0.7706541732283464
21
2.4238929527559057
0
LINE
8
BLACK
6
CONTINUOUS
10
0.7706541732283464
20
2.4238929527559057
11
0.7717635433070866
21
2.4242038582677163
0
LINE
8
BLACK
6
CONTINUOUS
10
0.7717635433070866
20
2.4242038582677163
11
0.7729074015748031
21
2.4240665748031494
0
LINE
8
BLACK
6
CONTINUOUS
10
0.7658173228346457
20
2.4562143700787402
11
0.7659153149606299
21
2.4561737795275591
0
LINE
8
BLACK
6
CONTINUOUS
10
0.7659153149606299
20
2.4561737795275591
11
0.7660211417322834
21
2.4561662598425196
0
LINE
8
BLACK
6
CONTINUOUS
10
0.7660211417322834
20
2.4561662598425196
11
0.7665617716535433
21
2.4559593700787401
0
LINE
8
BLACK
6
CONTINUOUS
10
0.7665617716535433
20
2.4559593700787401
11
0.7699363385826772
21
2.4542720866141732
0
LINE
8
BLACK
6
CONTINUOUS
10
0.7699363385826772
20
2.4542720866141732
11
0.7701843307086614
21
2.4541160236220474
0
LINE
8
BLACK
6
CONTINUOUS
10
0.7701843307086614
20
2.4541160236220474
11
0.7702562992125984
21
2.4540861811023622
0
LINE
8
BLACK
6
CONTINUOUS
10
0.7702562992125984
20
2.4540861811023622
11
0.7703372440944881
21
2.4540197244094486
0
LINE
8
BLACK
6
CONTINUOUS
10
0.7703372440944881
20
2.4540197244094486
11
0.7704262204724409
21
2.4539637401574801
0
LINE
8
BLACK
6
CONTINUOUS
10
0.7704262204724409
20
2.4539637401574801
11
0.7704773622047244
21
2.4539047637795277
0
LINE
8
BLACK
6
CONTINUOUS
10
0.7704773622047244
20
2.4539047637795277
11
0.7707037401574803
21
2.4537189763779526
0
LINE
8
BLACK
6
CONTINUOUS
10
0.7707037401574803
20
2.4537189763779526
11
0.772391062992126
21
2.4520316535433069
0
LINE
8
BLACK
6
CONTINUOUS
10
0.772391062992126
20
2.4520316535433069
11
0.7725768110236221
21
2.4518053149606298
0
LINE
8
BLACK
6
CONTINUOUS
10
0.7725768110236221
20
2.4518053149606298
11
0.7726358267716535
21
2.4517541338582678
0
LINE
8
BLACK
6
CONTINUOUS
10
0.7726358267716535
20
2.4517541338582678
11
0.7726917716535433
21
2.4516651968503935
0
LINE
8
BLACK
6
CONTINUOUS
10
0.7726917716535433
20
2.4516651968503935
11
0.7727582677165354
21
2.4515842125984251
0
LINE
8
BLACK
6
CONTINUOUS
10
0.7727582677165354
20
2.4515842125984251
11
0.7727880708661418
21
2.4515122834645671
0
LINE
8
BLACK
6
CONTINUOUS
10
0.7727880708661418
20
2.4515122834645671
11
0.7729441732283464
21
2.4512642519685039
0
LINE
8
BLACK
6
CONTINUOUS
10
0.7729441732283464
20
2.4512642519685039
11
0.7746314566929133
21
2.4478896850393701
0
LINE
8
BLACK
6
CONTINUOUS
10
0.7746314566929133
20
2.4478896850393701
11
0.7748383464566929
21
2.4473490551181101
0
LINE
8
BLACK
6
CONTINUOUS
10
0.7748383464566929
20
2.4473490551181101
11
0.7748458267716535
21
2.4472432677165354
0
LINE
8
BLACK
6
CONTINUOUS
10
0.7748458267716535
20
2.4472432677165354
11
0.7748864566929133
21
2.4471452362204724
0
LINE
8
BLACK
6
CONTINUOUS
10
0.7748864566929133
20
2.4471452362204724
11
0.7749431889763779
21
2.4465691732283465
0
LINE
8
BLACK
6
CONTINUOUS
10
0.7749431889763779
20
2.4465691732283465
11
0.7749431889763779
21
2.4364454330708663
0
LINE
8
BLACK
6
CONTINUOUS
10
0.7749431889763779
20
2.4364454330708663
11
0.7748864566929133
21
2.4358693700787399
0
LINE
8
BLACK
6
CONTINUOUS
10
0.7748864566929133
20
2.4358693700787399
11
0.7748458267716535
21
2.4357713779527557
0
LINE
8
BLACK
6
CONTINUOUS
10
0.7748458267716535
20
2.4357713779527557
11
0.7748383464566929
21
2.4356655511811023
0
LINE
8
BLACK
6
CONTINUOUS
10
0.7748383464566929
20
2.4356655511811023
11
0.7746314566929133
21
2.4351249212598423
0
LINE
8
BLACK
6
CONTINUOUS
10
0.7746314566929133
20
2.4351249212598423
11
0.7729441732283464
21
2.4317503543307084
0
LINE
8
BLACK
6
CONTINUOUS
10
0.7729441732283464
20
2.4317503543307084
11
0.7727880708661418
21
2.4315023622047245
0
LINE
8
BLACK
6
CONTINUOUS
10
0.7727880708661418
20
2.4315023622047245
11
0.7727582677165354
21
2.4314303937007873
0
LINE
8
BLACK
6
CONTINUOUS
10
0.7727582677165354
20
2.4314303937007873
11
0.7726917716535433
21
2.4313494488188976
0
LINE
8
BLACK
6
CONTINUOUS
10
0.7726917716535433
20
2.4313494488188976
11
0.7726358267716535
21
2.431260472440945
0
LINE
8
BLACK
6
CONTINUOUS
10
0.7726358267716535
20
2.431260472440945
11
0.7725768110236221
21
2.4312093307086613
0
LINE
8
BLACK
6
CONTINUOUS
10
0.7725768110236221
20
2.4312093307086613
11
0.772391062992126
21
2.4309829527559055
0
LINE
8
BLACK
6
CONTINUOUS
10
0.772391062992126
20
2.4309829527559055
11
0.7707037007874016
21
2.4292956299212598
0
LINE
8
BLACK
6
CONTINUOUS
10
0.7707037007874016
20
2.4292956299212598
11
0.7702562598425197
21
2.4289284251968501
0
LINE
8
BLACK
6
CONTINUOUS
10
0.7702562598425197
20
2.4289284251968501
11
0.7691918503937007
21
2.4284875590551183
0
LINE
8
BLACK
6
CONTINUOUS
10
0.7691918503937007
20
2.4284875590551183
11
0.7680397637795275
21
2.4284875590551183
0
LINE
8
BLACK
6
CONTINUOUS
10
0.7680397637795275
20
2.4284875590551183
11
0.7669753543307086
21
2.4289284645669289
0
LINE
8
BLACK
6
CONTINUOUS
10
0.7669753543307086
20
2.4289284645669289
11
0.7661606692913385
21
2.4297431496062991
0
LINE
8
BLACK
6
CONTINUOUS
10
0.7661606692913385
20
2.4297431496062991
11
0.7657198031496063
21
2.4308075590551179
0
LINE
8
BLACK
6
CONTINUOUS
10
0.7657198031496063
20
2.4308075590551179
11
0.7657198031496063
21
2.4319596456692913
0
LINE
8
BLACK
6
CONTINUOUS
10
0.7657198031496063
20
2.4319596456692913
11
0.7661607086614173
21
2.4330240551181102
0
LINE
8
BLACK
6
CONTINUOUS
10
0.7661607086614173
20
2.4330240551181102
11
0.7665279527559055
21
2.4334715354330707
0
LINE
8
BLACK
6
CONTINUOUS
10
0.7665279527559055
20
2.4334715354330707
11
0.7678764173228346
21
2.4348199999999998
0
LINE
8
BLACK
6
CONTINUOUS
10
0.7678764173228346
20
2.4348199999999998
11
0.7690376771653543
21
2.4371424803149604
0
LINE
8
BLACK
6
CONTINUOUS
10
0.7690376771653543
20
2.4371424803149604
11
0.7690376771653543
21
2.445872125984252
0
LINE
8
BLACK
6
CONTINUOUS
10
0.7690376771653543
20
2.445872125984252
11
0.7678764173228346
21
2.4481946456692913
0
LINE
8
BLACK
6
CONTINUOUS
10
0.7678764173228346
20
2.4481946456692913
11
0.7668667322834646
21
2.4492043307086613
0
LINE
8
BLACK
6
CONTINUOUS
10
0.7668667322834646
20
2.4492043307086613
11
0.7645442125984252
21
2.450365590551181
0
LINE
8
BLACK
6
CONTINUOUS
10
0.7645442125984252
20
2.450365590551181
11
0.7575018503937008
21
2.450365590551181
0
LINE
8
BLACK
6
CONTINUOUS
10
0.7575018503937008
20
2.450365590551181
11
0.7551793307086614
21
2.44920437007874
0
LINE
8
BLACK
6
CONTINUOUS
10
0.7551793307086614
20
2.44920437007874
11
0.7541696850393701
21
2.4481946850393701
0
LINE
8
BLACK
6
CONTINUOUS
10
0.7541696850393701
20
2.4481946850393701
11
0.7530084251968504
21
2.445872125984252
0
LINE
8
BLACK
6
CONTINUOUS
10
0.7530084251968504
20
2.445872125984252
11
0.7530084251968504
21
2.4415073228346458
0
LINE
8
BLACK
6
CONTINUOUS
10
0.7530084251968504
20
2.4415073228346458
11
0.7529784251968504
21
2.4412029133858266
0
LINE
8
BLACK
6
CONTINUOUS
10
0.7529784251968504
20
2.4412029133858266
11
0.7529836220472441
21
2.4411251968503938
0
LINE
8
BLACK
6
CONTINUOUS
10
0.7529836220472441
20
2.4411251968503938
11
0.7529655118110236
21
2.4410716929133858
0
LINE
8
BLACK
6
CONTINUOUS
10
0.7529655118110236
20
2.4410716929133858
11
0.7529516929133858
21
2.4409312598425195
0
LINE
8
BLACK
6
CONTINUOUS
10
0.7529516929133858
20
2.4409312598425195
11
0.7527682283464566
21
2.4404883858267716
0
LINE
8
BLACK
6
CONTINUOUS
10
0.7527682283464566
20
2.4404883858267716
11
0.7526144881889764
21
2.4400337795275591
0
LINE
8
BLACK
6
CONTINUOUS
10
0.7526144881889764
20
2.4400337795275591
11
0.7525488582677166
21
2.4399588188976375
0
LINE
8
BLACK
6
CONTINUOUS
10
0.7525488582677166
20
2.4399588188976375
11
0.7525107874015747
21
2.4398668503937007
0
LINE
8
BLACK
6
CONTINUOUS
10
0.7525107874015747
20
2.4398668503937007
11
0.7521718897637795
21
2.439527992125984
0
LINE
8
BLACK
6
CONTINUOUS
10
0.7521718897637795
20
2.439527992125984
11
0.7518558267716535
21
2.4391667322834647
0
LINE
8
BLACK
6
CONTINUOUS
10
0.7518558267716535
20
2.4391667322834647
11
0.7517664566929134
21
2.439122559055118
0
LINE
8
BLACK
6
CONTINUOUS
10
0.7517664566929134
20
2.439122559055118
11
0.7516961417322835
21
2.4390522047244092
0
LINE
8
BLACK
6
CONTINUOUS
10
0.7516961417322835
20
2.4390522047244092
11
0.7512531889763779
21
2.4388687401574805
0
LINE
8
BLACK
6
CONTINUOUS
10
0.7512531889763779
20
2.4388687401574805
11
0.7508230708661418
21
2.4386560236220474
0
LINE
8
BLACK
6
CONTINUOUS
10
0.7508230708661418
20
2.4386560236220474
11
0.7507237007874016
21
2.4386494094488187
0
LINE
8
BLACK
6
CONTINUOUS
10
0.7507237007874016
20
2.4386494094488187
11
0.7506317322834646
21
2.4386112992125986
0
LINE
8
BLACK
6
CONTINUOUS
10
0.7506317322834646
20
2.4386112992125986
11
0.7501523622047244
21
2.4386112992125986
0
LINE
8
BLACK
6
CONTINUOUS
10
0.7501523622047244
20
2.4386112992125986
11
0.7496735433070866
21
2.4385793700787399
0
LINE
8
BLACK
6
CONTINUOUS
10
0.7496735433070866
20
2.4385793700787399
11
0.7495791338582677
21
2.4386112992125986
0
LINE
8
BLACK
6
CONTINUOUS
10
0.7495791338582677
20
2.4386112992125986
11
0.7494796062992126
21
2.4386112992125986
0
LINE
8
BLACK
6
CONTINUOUS
10
0.7494796062992126
20
2.4386112992125986
11
0.7490366141732283
21
2.4387948031496061
0
LINE
8
BLACK
6
CONTINUOUS
10
0.7490366141732283
20
2.4387948031496061
11
0.7485821653543306
21
2.438948503937008
0
LINE
8
BLACK
6
CONTINUOUS
10
0.7485821653543306
20
2.438948503937008
11
0.7484672440944882
21
2.4390306692913386
0
LINE
8
BLACK
6
CONTINUOUS
10
0.7484672440944882
20
2.4390306692913386
11
0.7484151968503937
21
2.4390522047244092
0
LINE
8
BLACK
6
CONTINUOUS
10
0.7484151968503937
20
2.4390522047244092
11
0.7483602755905512
21
2.4391071259842518
0
LINE
8
BLACK
6
CONTINUOUS
10
0.7483602755905512
20
2.4391071259842518
11
0.7481112598425197
21
2.4392851181102362
0
LINE
8
BLACK
6
CONTINUOUS
10
0.7481112598425197
20
2.4392851181102362
11
0.7395101181102363
21
2.4468111811023623
0
LINE
8
BLACK
6
CONTINUOUS
10
0.7395101181102363
20
2.4468111811023623
11
0.7395101181102363
21
2.4313835826771655
0
LINE
8
BLACK
6
CONTINUOUS
10
0.7395101181102363
20
2.4313835826771655
11
0.7394533858267717
21
2.4308075196850392
0
LINE
8
BLACK
6
CONTINUOUS
10
0.7394533858267717
20
2.4308075196850392
11
0.7390124803149606
21
2.4297431102362204
0
LINE
8
BLACK
6
CONTINUOUS
10
0.7390124803149606
20
2.4297431102362204
11
0.7381978346456692
21
2.4289284645669289
0
LINE
8
BLACK
6
CONTINUOUS
10
0.7381978346456692
20
2.4289284645669289
11
0.7371334251968503
21
2.4284875590551183
0
LINE
8
BLACK
6
CONTINUOUS
10
0.7371334251968503
20
2.4284875590551183
11
0.7359812992125984
21
2.4284875590551183
0
LINE
8
BLACK
6
CONTINUOUS
10
0.7359812992125984
20
2.4284875590551183
11
0.7349168897637796
21
2.4289284645669289
0
LINE
8
BLACK
6
CONTINUOUS
10
0.7349168897637796
20
2.4289284645669289
11
0.7341022440944882
21
2.4297431102362204
0
LINE
8
BLACK
6
CONTINUOUS
10
0.7341022440944882
20
2.4297431102362204
11
0.7336613385826771
21
2.4308075196850392
0
LINE
8
BLACK
6
CONTINUOUS
10
0.7336613385826771
20
2.4308075196850392
11
0.7336046062992125
21
2.4313835826771655
0
LINE
8
BLACK
6
CONTINUOUS
10
0.7336046062992125
20
2.4313835826771655
11
0.7336046062992125
21
2.453318346456693
0
LINE
8
BLACK
6
CONTINUOUS
10
0.7336046062992125
20
2.453318346456693
11
0.7336346062992126
21
2.453623031496063
0
LINE
8
BLACK
6
CONTINUOUS
10
0.7336346062992126
20
2.453623031496063
11
0.7336294488188976
21
2.453700472440945
0
LINE
8
BLACK
6
CONTINUOUS
10
0.7336294488188976
20
2.453700472440945
11
0.7336474803149606
21
2.4537538582677163
0
LINE
8
BLACK
6
CONTINUOUS
10
0.7336474803149606
20
2.4537538582677163
11
0.7336613385826771
21
2.4538944094488189
0
LINE
8
BLACK
6
CONTINUOUS
10
0.7336613385826771
20
2.4538944094488189
11
0.7338449212598425
21
2.4543376377952755
0
LINE
8
BLACK
6
CONTINUOUS
10
0.7338449212598425
20
2.4543376377952755
11
0.7339985433070866
21
2.4547918503937005
0
LINE
8
BLACK
6
CONTINUOUS
10
0.7339985433070866
20
2.4547918503937005
11
0.734064094488189
21
2.4548668503937008
0
LINE
8
BLACK
6
CONTINUOUS
10
0.734064094488189
20
2.4548668503937008
11
0.7341022440944882
21
2.4549588188976377
0
LINE
8
BLACK
6
CONTINUOUS
10
0.7341022440944882
20
2.4549588188976377
11
0.734441220472441
21
2.4552978346456693
0
LINE
8
BLACK
6
CONTINUOUS
10
0.734441220472441
20
2.4552978346456693
11
0.7347572047244094
21
2.4556589370078741
0
LINE
8
BLACK
6
CONTINUOUS
10
0.7347572047244094
20
2.4556589370078741
11
0.7348465354330709
21
2.4557031496062991
0
LINE
8
BLACK
6
CONTINUOUS
10
0.7348465354330709
20
2.4557031496062991
11
0.7349168897637796
21
2.4557734645669291
0
LINE
8
BLACK
6
CONTINUOUS
10
0.7349168897637796
20
2.4557734645669291
11
0.7353598031496063
21
2.4559569685039371
0
LINE
8
BLACK
6
CONTINUOUS
10
0.7353598031496063
20
2.4559569685039371
11
0.7357899606299212
21
2.4561696456692914
0
LINE
8
BLACK
6
CONTINUOUS
10
0.7357899606299212
20
2.4561696456692914
11
0.7358892913385826
21
2.4561762992125984
0
LINE
8
BLACK
6
CONTINUOUS
10
0.7358892913385826
20
2.4561762992125984
11
0.7359812992125984
21
2.4562143700787402
0
LINE
8
BLACK
6
CONTINUOUS
10
0.7359812992125984
20
2.4562143700787402
11
0.7364610236220472
21
2.4562143700787402
0
LINE
8
BLACK
6
CONTINUOUS
10
0.7364610236220472
20
2.4562143700787402
11
0.7369394881889764
21
2.4562462598425197
0
LINE
8
BLACK
6
CONTINUOUS
10
0.7369394881889764
20
2.4562462598425197
11
0.737033779527559
21
2.4562143700787402
0
LINE
8
BLACK
6
CONTINUOUS
10
0.737033779527559
20
2.4562143700787402
11
0.7371334251968503
21
2.4562143700787402
0
LINE
8
BLACK
6
CONTINUOUS
10
0.7371334251968503
20
2.4562143700787402
11
0.7375766141732283
21
2.4560307874015748
0
LINE
8
BLACK
6
CONTINUOUS
10
0.7375766141732283
20
2.4560307874015748
11
0.7380308661417323
21
2.4558771653543308
0
LINE
8
BLACK
6
CONTINUOUS
10
0.7380308661417323
20
2.4558771653543308
11
0.7381457086614173
21
2.4557950787401572
0
LINE
8
BLACK
6
CONTINUOUS
10
0.7381457086614173
20
2.4557950787401572
11
0.7381978346456692
21
2.4557734645669291
0
LINE
8
BLACK
6
CONTINUOUS
10
0.7381978346456692
20
2.4557734645669291
11
0.7382527559055118
21
2.4557185433070865
0
LINE
8
BLACK
6
CONTINUOUS
10
0.7382527559055118
20
2.4557185433070865
11
0.7385017716535432
21
2.4555405118110234
0
LINE
8
BLACK
6
CONTINUOUS
10
0.7385017716535432
20
2.4555405118110234
11
0.7473722047244095
21
2.4477788582677165
0
LINE
8
BLACK
6
CONTINUOUS
10
0.7473722047244095
20
2.4477788582677165
11
0.7474146456692913
21
2.4478896850393701
0
LINE
8
BLACK
6
CONTINUOUS
10
0.7474146456692913
20
2.4478896850393701
11
0.7491019291338582
21
2.4512642519685039
0
LINE
8
BLACK
6
CONTINUOUS
10
0.7491019291338582
20
2.4512642519685039
11
0.7492579527559055
21
2.4515121653543308
0
LINE
8
BLACK
6
CONTINUOUS
10
0.7492579527559055
20
2.4515121653543308
11
0.7492877952755905
21
2.4515841732283463
0
LINE
8
BLACK
6
CONTINUOUS
10
0.7492877952755905
20
2.4515841732283463
11
0.7493542913385827
21
2.4516652362204723
0
LINE
8
BLACK
6
CONTINUOUS
10
0.7493542913385827
20
2.4516652362204723
11
0.7494102755905512
21
2.4517541338582678
0
LINE
8
BLACK
6
CONTINUOUS
10
0.7494102755905512
20
2.4517541338582678
11
0.7494692519685039
21
2.4518053149606298
0
LINE
8
BLACK
6
CONTINUOUS
10
0.7494692519685039
20
2.4518053149606298
11
0.749655
21
2.4520316141732281
0
LINE
8
BLACK
6
CONTINUOUS
10
0.749655
20
2.4520316141732281
11
0.7513423228346456
21
2.4537189763779526
0
LINE
8
BLACK
6
CONTINUOUS
10
0.7513423228346456
20
2.4537189763779526
11
0.7515686614173228
21
2.4539047637795277
0
LINE
8
BLACK
6
CONTINUOUS
10
0.7515686614173228
20
2.4539047637795277
11
0.7516198425196851
21
2.4539637401574801
0
LINE
8
BLACK
6
CONTINUOUS
10
0.7516198425196851
20
2.4539637401574801
11
0.751708779527559
21
2.4540197244094486
0
LINE
8
BLACK
6
CONTINUOUS
10
0.751708779527559
20
2.4540197244094486
11
0.7517897637795276
21
2.4540861811023622
0
LINE
8
BLACK
6
CONTINUOUS
10
0.7517897637795276
20
2.4540861811023622
11
0.7518616929133858
21
2.4541160236220474
0
LINE
8
BLACK
6
CONTINUOUS
10
0.7518616929133858
20
2.4541160236220474
11
0.7521097244094488
21
2.4542720866141732
0
LINE
8
BLACK
6
CONTINUOUS
10
0.7521097244094488
20
2.4542720866141732
11
0.7554842913385826
21
2.4559593700787401
0
LINE
8
BLACK
6
CONTINUOUS
10
0.7554842913385826
20
2.4559593700787401
11
0.7560249212598426
21
2.4561662598425196
0
LINE
8
BLACK
6
CONTINUOUS
10
0.7560249212598426
20
2.4561662598425196
11
0.7561307086614173
21
2.4561737795275591
0
LINE
8
BLACK
6
CONTINUOUS
10
0.7561307086614173
20
2.4561737795275591
11
0.7562287401574803
21
2.4562143700787402
0
LINE
8
BLACK
6
CONTINUOUS
10
0.7562287401574803
20
2.4562143700787402
11
0.7568048031496063
21
2.4562711023622046
0
LINE
8
BLACK
6
CONTINUOUS
10
0.7568048031496063
20
2.4562711023622046
11
0.7652412598425197
21
2.4562711023622046
0
LINE
8
BLACK
6
CONTINUOUS
10
0.7652412598425197
20
2.4562711023622046
11
0.7658173228346457
21
2.4562143700787402
0
LINE
8
BLACK
6
CONTINUOUS
10
0.7415724015748031
20
2.4912065354330708
11
0.7423870472440944
21
2.4903918897637793
0
LINE
8
BLACK
6
CONTINUOUS
10
0.7423870472440944
20
2.4903918897637793
11
0.7428279527559055
21
2.4893274409448818
0
LINE
8
BLACK
6
CONTINUOUS
10
0.7428279527559055
20
2.4893274409448818
11
0.7428279527559055
21
2.4881753937007876
0
LINE
8
BLACK
6
CONTINUOUS
10
0.7428279527559055
20
2.4881753937007876
11
0.7423870472440944
21
2.4871109448818896
0
LINE
8
BLACK
6
CONTINUOUS
10
0.7423870472440944
20
2.4871109448818896
11
0.742019842519685
21
2.4866635039370077
0
LINE
8
BLACK
6
CONTINUOUS
10
0.742019842519685
20
2.4866635039370077
11
0.7408254330708661
21
2.4854691338582677
0
LINE
8
BLACK
6
CONTINUOUS
10
0.7408254330708661
20
2.4854691338582677
11
0.7395101181102363
21
2.4815231496062991
0
LINE
8
BLACK
6
CONTINUOUS
10
0.7395101181102363
20
2.4815231496062991
11
0.7395101181102363
21
2.4791068110236218
0
LINE
8
BLACK
6
CONTINUOUS
10
0.7395101181102363
20
2.4791068110236218
11
0.7408254330708661
21
2.4751608661417324
0
LINE
8
BLACK
6
CONTINUOUS
10
0.7408254330708661
20
2.4751608661417324
11
0.7433683070866142
21
2.4726179527559053
0
LINE
8
BLACK
6
CONTINUOUS
10
0.7433683070866142
20
2.4726179527559053
11
0.7460242913385826
21
2.471289960629921
0
LINE
8
BLACK
6
CONTINUOUS
10
0.7460242913385826
20
2.471289960629921
11
0.7521064960629921
21
2.4697694094488187
0
LINE
8
BLACK
6
CONTINUOUS
10
0.7521064960629921
20
2.4697694094488187
11
0.7564412598425196
21
2.4697694094488187
0
LINE
8
BLACK
6
CONTINUOUS
10
0.7564412598425196
20
2.4697694094488187
11
0.7625234251968503
21
2.471289960629921
0
LINE
8
BLACK
6
CONTINUOUS
10
0.7625234251968503
20
2.471289960629921
11
0.7651794488188977
21
2.4726179527559053
0
LINE
8
BLACK
6
CONTINUOUS
10
0.7651794488188977
20
2.4726179527559053
11
0.7677223622047243
21
2.4751608661417324
0
LINE
8
BLACK
6
CONTINUOUS
10
0.7677223622047243
20
2.4751608661417324
11
0.7690376771653543
21
2.4791068110236218
0
LINE
8
BLACK
6
CONTINUOUS
10
0.7690376771653543
20
2.4791068110236218
11
0.7690376771653543
21
2.4815231496062991
0
LINE
8
BLACK
6
CONTINUOUS
10
0.7690376771653543
20
2.4815231496062991
11
0.7677223622047243
21
2.485469094488189
0
LINE
8
BLACK
6
CONTINUOUS
10
0.7677223622047243
20
2.485469094488189
11
0.7665279527559055
21
2.486663464566929
0
LINE
8
BLACK
6
CONTINUOUS
10
0.7665279527559055
20
2.486663464566929
11
0.7661607086614173
21
2.4871109448818896
0
LINE
8
BLACK
6
CONTINUOUS
10
0.7661607086614173
20
2.4871109448818896
11
0.7657198031496063
21
2.4881753543307088
0
LINE
8
BLACK
6
CONTINUOUS
10
0.7657198031496063
20
2.4881753543307088
11
0.7657198031496063
21
2.4893274409448818
0
LINE
8
BLACK
6
CONTINUOUS
10
0.7657198031496063
20
2.4893274409448818
11
0.7661606692913385
21
2.4903918503937006
0
LINE
8
BLACK
6
CONTINUOUS
10
0.7661606692913385
20
2.4903918503937006
11
0.7669753543307086
21
2.4912065354330708
0
LINE
8
BLACK
6
CONTINUOUS
10
0.7669753543307086
20
2.4912065354330708
11
0.7680397637795275
21
2.4916474409448819
0
LINE
8
BLACK
6
CONTINUOUS
10
0.7680397637795275
20
2.4916474409448819
11
0.7691918503937007
21
2.4916474409448819
0
LINE
8
BLACK
6
CONTINUOUS
10
0.7691918503937007
20
2.4916474409448819
11
0.7702562598425197
21
2.4912065748031496
0
LINE
8
BLACK
6
CONTINUOUS
10
0.7702562598425197
20
2.4912065748031496
11
0.7707037007874016
21
2.4908393700787399
0
LINE
8
BLACK
6
CONTINUOUS
10
0.7707037007874016
20
2.4908393700787399
11
0.772391062992126
21
2.4891520472440942
0
LINE
8
BLACK
6
CONTINUOUS
10
0.772391062992126
20
2.4891520472440942
11
0.7727582677165354
21
2.4887046062992124
0
LINE
8
BLACK
6
CONTINUOUS
10
0.7727582677165354
20
2.4887046062992124
11
0.7727988582677165
21
2.4886065748031494
0
LINE
8
BLACK
6
CONTINUOUS
10
0.7727988582677165
20
2.4886065748031494
11
0.7728683858267716
21
2.4885264173228347
0
LINE
8
BLACK
6
CONTINUOUS
10
0.7728683858267716
20
2.4885264173228347
11
0.7731043700787401
21
2.4879978740157478
0
LINE
8
BLACK
6
CONTINUOUS
10
0.7731043700787401
20
2.4879978740157478
11
0.774791653543307
21
2.4829359842519683
0
LINE
8
BLACK
6
CONTINUOUS
10
0.774791653543307
20
2.4829359842519683
11
0.7748565748031496
21
2.4826504330708663
0
LINE
8
BLACK
6
CONTINUOUS
10
0.7748565748031496
20
2.4826504330708663
11
0.7748864566929133
21
2.4825783070866141
0
LINE
8
BLACK
6
CONTINUOUS
10
0.7748864566929133
20
2.4825783070866141
11
0.7748967322834646
21
2.4824738188976379
0
LINE
8
BLACK
6
CONTINUOUS
10
0.7748967322834646
20
2.4824738188976379
11
0.7749199999999999
21
2.4823715354330709
0
LINE
8
BLACK
6
CONTINUOUS
10
0.7749199999999999
20
2.4823715354330709
11
0.7749144488188976
21
2.4822938188976376
0
LINE
8
BLACK
6
CONTINUOUS
10
0.7749144488188976
20
2.4822938188976376
11
0.7749431889763779
21
2.4820022440944882
0
LINE
8
BLACK
6
CONTINUOUS
10
0.7749431889763779
20
2.4820022440944882
11
0.7749431889763779
21
2.4786276771653544
0
LINE
8
BLACK
6
CONTINUOUS
10
0.7749431889763779
20
2.4786276771653544
11
0.7749144488188976
21
2.4783361417322833
0
LINE
8
BLACK
6
CONTINUOUS
10
0.7749144488188976
20
2.4783361417322833
11
0.7749199999999999
21
2.4782583858267717
0
LINE
8
BLACK
6
CONTINUOUS
10
0.7749199999999999
20
2.4782583858267717
11
0.7748967322834646
21
2.4781561417322835
0
LINE
8
BLACK
6
CONTINUOUS
10
0.7748967322834646
20
2.4781561417322835
11
0.7748864566929133
21
2.4780516141732285
0
LINE
8
BLACK
6
CONTINUOUS
10
0.7748864566929133
20
2.4780516141732285
11
0.7748565748031496
21
2.477979527559055
0
LINE
8
BLACK
6
CONTINUOUS
10
0.7748565748031496
20
2.477979527559055
11
0.774791653543307
21
2.4776939370078739
0
LINE
8
BLACK
6
CONTINUOUS
10
0.774791653543307
20
2.4776939370078739
11
0.7731043700787401
21
2.4726320866141731
0
LINE
8
BLACK
6
CONTINUOUS
10
0.7731043700787401
20
2.4726320866141731
11
0.7728683858267716
21
2.4721035039370078
0
LINE
8
BLACK
6
CONTINUOUS
10
0.7728683858267716
20
2.4721035039370078
11
0.7727988188976378
21
2.4720233464566927
0
LINE
8
BLACK
6
CONTINUOUS
10
0.7727988188976378
20
2.4720233464566927
11
0.7727582677165354
21
2.4719253543307085
0
LINE
8
BLACK
6
CONTINUOUS
10
0.7727582677165354
20
2.4719253543307085
11
0.772391062992126
21
2.4714779133858267
0
LINE
8
BLACK
6
CONTINUOUS
10
0.772391062992126
20
2.4714779133858267
11
0.7690164566929134
21
2.4681033070866141
0
LINE
8
BLACK
6
CONTINUOUS
10
0.7690164566929134
20
2.4681033070866141
11
0.7687900787401575
21
2.4679175590551181
0
LINE
8
BLACK
6
CONTINUOUS
10
0.7687900787401575
20
2.4679175590551181
11
0.768738937007874
21
2.4678585433070865
0
LINE
8
BLACK
6
CONTINUOUS
10
0.768738937007874
20
2.4678585433070865
11
0.7686499606299212
21
2.4678025984251968
0
LINE
8
BLACK
6
CONTINUOUS
10
0.7686499606299212
20
2.4678025984251968
11
0.7685690157480315
21
2.4677361023622049
0
LINE
8
BLACK
6
CONTINUOUS
10
0.7685690157480315
20
2.4677361023622049
11
0.7684970472440945
21
2.4677062992125984
0
LINE
8
BLACK
6
CONTINUOUS
10
0.7684970472440945
20
2.4677062992125984
11
0.7682490551181103
21
2.4675501968503935
0
LINE
8
BLACK
6
CONTINUOUS
10
0.7682490551181103
20
2.4675501968503935
11
0.7648744881889764
21
2.4658629133858265
0
LINE
8
BLACK
6
CONTINUOUS
10
0.7648744881889764
20
2.4658629133858265
11
0.7648323622047244
21
2.465846811023622
0
LINE
8
BLACK
6
CONTINUOUS
10
0.7648323622047244
20
2.465846811023622
11
0.7648152362204724
21
2.4658340944881889
0
LINE
8
BLACK
6
CONTINUOUS
10
0.7648152362204724
20
2.4658340944881889
11
0.7645732677165354
21
2.4657476771653544
0
LINE
8
BLACK
6
CONTINUOUS
10
0.7645732677165354
20
2.4657476771653544
11
0.7643338582677165
21
2.4656560236220471
0
LINE
8
BLACK
6
CONTINUOUS
10
0.7643338582677165
20
2.4656560236220471
11
0.7643125984251968
21
2.4656545275590549
0
LINE
8
BLACK
6
CONTINUOUS
10
0.7643125984251968
20
2.4656545275590549
11
0.7642701181102362
21
2.4656393307086613
0
LINE
8
BLACK
6
CONTINUOUS
10
0.7642701181102362
20
2.4656393307086613
11
0.7575209448818897
21
2.4639520472440943
0
LINE
8
BLACK
6
CONTINUOUS
10
0.7575209448818897
20
2.4639520472440943
11
0.757421062992126
21
2.4639373228346457
0
LINE
8
BLACK
6
CONTINUOUS
10
0.757421062992126
20
2.4639373228346457
11
0.7573808661417323
21
2.4639206299212599
0
LINE
8
BLACK
6
CONTINUOUS
10
0.7573808661417323
20
2.4639206299212599
11
0.7571637401574803
21
2.4638992519685039
0
LINE
8
BLACK
6
CONTINUOUS
10
0.7571637401574803
20
2.4638992519685039
11
0.7569483070866142
21
2.4638674015748032
0
LINE
8
BLACK
6
CONTINUOUS
10
0.7569483070866142
20
2.4638674015748032
11
0.7569053149606298
21
2.4638738188976377
0
LINE
8
BLACK
6
CONTINUOUS
10
0.7569053149606298
20
2.4638738188976377
11
0.7568048031496063
21
2.4638638976377951
0
LINE
8
BLACK
6
CONTINUOUS
10
0.7568048031496063
20
2.4638638976377951
11
0.7517429527559055
21
2.4638638976377951
0
LINE
8
BLACK
6
CONTINUOUS
10
0.7517429527559055
20
2.4638638976377951
11
0.7516425590551181
21
2.4638738188976377
0
LINE
8
BLACK
6
CONTINUOUS
10
0.7516425590551181
20
2.4638738188976377
11
0.7515994488188976
21
2.4638673622047245
0
LINE
8
BLACK
6
CONTINUOUS
10
0.7515994488188976
20
2.4638673622047245
11
0.7513835039370078
21
2.4638993307086614
0
LINE
8
BLACK
6
CONTINUOUS
10
0.7513835039370078
20
2.4638993307086614
11
0.7511668897637795
21
2.4639206299212599
0
LINE
8
BLACK
6
CONTINUOUS
10
0.7511668897637795
20
2.4639206299212599
11
0.7511266929133859
21
2.463937283464567
0
LINE
8
BLACK
6
CONTINUOUS
10
0.7511266929133859
20
2.463937283464567
11
0.751026811023622
21
2.4639520472440943
0
LINE
8
BLACK
6
CONTINUOUS
10
0.751026811023622
20
2.4639520472440943
11
0.7442776377952756
21
2.4656393307086613
0
LINE
8
BLACK
6
CONTINUOUS
10
0.7442776377952756
20
2.4656393307086613
11
0.7442351181102362
21
2.4656545275590549
0
LINE
8
BLACK
6
CONTINUOUS
10
0.7442351181102362
20
2.4656545275590549
11
0.7442138976377952
21
2.4656560236220471
0
LINE
8
BLACK
6
CONTINUOUS
10
0.7442138976377952
20
2.4656560236220471
11
0.7439744488188976
21
2.4657476771653544
0
LINE
8
BLACK
6
CONTINUOUS
10
0.7439744488188976
20
2.4657476771653544
11
0.7437325196850394
21
2.4658340944881889
0
LINE
8
BLACK
6
CONTINUOUS
10
0.7437325196850394
20
2.4658340944881889
11
0.7437153543307087
21
2.465846811023622
0
LINE
8
BLACK
6
CONTINUOUS
10
0.7437153543307087
20
2.465846811023622
11
0.7436732677165354
21
2.4658629133858265
0
LINE
8
BLACK
6
CONTINUOUS
10
0.7436732677165354
20
2.4658629133858265
11
0.7402987007874016
21
2.4675501968503935
0
LINE
8
BLACK
6
CONTINUOUS
10
0.7402987007874016
20
2.4675501968503935
11
0.7400506692913386
21
2.4677062992125984
0
LINE
8
BLACK
6
CONTINUOUS
10
0.7400506692913386
20
2.4677062992125984
11
0.7399787401574803
21
2.4677361023622049
0
LINE
8
BLACK
6
CONTINUOUS
10
0.7399787401574803
20
2.4677361023622049
11
0.7398977559055118
21
2.4678025984251968
0
LINE
8
BLACK
6
CONTINUOUS
10
0.7398977559055118
20
2.4678025984251968
11
0.7398088188976378
21
2.4678585433070865
0
LINE
8
BLACK
6
CONTINUOUS
10
0.7398088188976378
20
2.4678585433070865
11
0.7397576377952756
21
2.4679175590551181
0
LINE
8
BLACK
6
CONTINUOUS
10
0.7397576377952756
20
2.4679175590551181
11
0.7395312992125984
21
2.4681033070866141
0
LINE
8
BLACK
6
CONTINUOUS
10
0.7395312992125984
20
2.4681033070866141
11
0.7361567322834646
21
2.4714779133858267
0
LINE
8
BLACK
6
CONTINUOUS
10
0.7361567322834646
20
2.4714779133858267
11
0.7357894881889764
21
2.4719253937007872
0
LINE
8
BLACK
6
CONTINUOUS
10
0.7357894881889764
20
2.4719253937007872
11
0.7357488976377953
21
2.4720233858267715
0
LINE
8
BLACK
6
CONTINUOUS
10
0.7357488976377953
20
2.4720233858267715
11
0.7356794094488189
21
2.4721035039370078
0
LINE
8
BLACK
6
CONTINUOUS
10
0.7356794094488189
20
2.4721035039370078
11
0.7354434251968504
21
2.4726320866141731
0
LINE
8
BLACK
6
CONTINUOUS
10
0.7354434251968504
20
2.4726320866141731
11
0.7337561417322834
21
2.4776939370078739
0
LINE
8
BLACK
6
CONTINUOUS
10
0.7337561417322834
20
2.4776939370078739
11
0.7336911811023622
21
2.477979527559055
0
LINE
8
BLACK
6
CONTINUOUS
10
0.7336911811023622
20
2.477979527559055
11
0.7336613385826771
21
2.4780516141732285
0
LINE
8
BLACK
6
CONTINUOUS
10
0.7336613385826771
20
2.4780516141732285
11
0.7336510236220473
21
2.4781561417322835
0
LINE
8
BLACK
6
CONTINUOUS
10
0.7336510236220473
20
2.4781561417322835
11
0.7336277952755905
21
2.4782583858267717
0
LINE
8
BLACK
6
CONTINUOUS
10
0.7336277952755905
20
2.4782583858267717
11
0.7336333070866141
21
2.4783361417322833
0
LINE
8
BLACK
6
CONTINUOUS
10
0.7336333070866141
20
2.4783361417322833
11
0.7336046062992125
21
2.4786276771653544
0
LINE
8
BLACK
6
CONTINUOUS
10
0.7336046062992125
20
2.4786276771653544
11
0.7336046062992125
21
2.4820022440944882
0
LINE
8
BLACK
6
CONTINUOUS
10
0.7336046062992125
20
2.4820022440944882
11
0.7336333070866141
21
2.4822938188976376
0
LINE
8
BLACK
6
CONTINUOUS
10
0.7336333070866141
20
2.4822938188976376
11
0.7336277952755905
21
2.4823715354330709
0
LINE
8
BLACK
6
CONTINUOUS
10
0.7336277952755905
20
2.4823715354330709
11
0.7336510236220473
21
2.4824738188976379
0
LINE
8
BLACK
6
CONTINUOUS
10
0.7336510236220473
20
2.4824738188976379
11
0.7336613385826771
21
2.4825783070866141
0
LINE
8
BLACK
6
CONTINUOUS
10
0.7336613385826771
20
2.4825783070866141
11
0.7336911811023622
21
2.4826504330708663
0
LINE
8
BLACK
6
CONTINUOUS
10
0.7336911811023622
20
2.4826504330708663
11
0.7337561417322834
21
2.4829359842519683
0
LINE
8
BLACK
6
CONTINUOUS
10
0.7337561417322834
20
2.4829359842519683
11
0.7354434251968504
21
2.4879978740157478
0
LINE
8
BLACK
6
CONTINUOUS
10
0.7354434251968504
20
2.4879978740157478
11
0.7356794094488189
21
2.4885264566929135
0
LINE
8
BLACK
6
CONTINUOUS
10
0.7356794094488189
20
2.4885264566929135
11
0.735748937007874
21
2.4886066535433069
0
LINE
8
BLACK
6
CONTINUOUS
10
0.735748937007874
20
2.4886066535433069
11
0.7357895275590551
21
2.4887046062992124
0
LINE
8
BLACK
6
CONTINUOUS
10
0.7357895275590551
20
2.4887046062992124
11
0.7361567322834646
21
2.4891520472440942
0
LINE
8
BLACK
6
CONTINUOUS
10
0.7361567322834646
20
2.4891520472440942
11
0.7378440157480315
21
2.4908393307086611
0
LINE
8
BLACK
6
CONTINUOUS
10
0.7378440157480315
20
2.4908393307086611
11
0.7382914566929134
21
2.4912065354330708
0
LINE
8
BLACK
6
CONTINUOUS
10
0.7382914566929134
20
2.4912065354330708
11
0.739355905511811
21
2.4916474409448819
0
LINE
8
BLACK
6
CONTINUOUS
10
0.739355905511811
20
2.4916474409448819
11
0.7405079527559055
21
2.4916474409448819
0
LINE
8
BLACK
6
CONTINUOUS
10
0.7405079527559055
20
2.4916474409448819
11
0.7415724015748031
21
2.4912065354330708
0
LINE
8
BLACK
6
CONTINUOUS
10
0.5079451181102362
20
2.4922214566929135
11
0.5080200393700788
21
2.4918448031496063
0
LINE
8
BLACK
6
CONTINUOUS
10
0.5080200393700788
20
2.4918448031496063
11
0.5080200393700788
21
2.480596220472441
0
LINE
8
BLACK
6
CONTINUOUS
10
0.5080200393700788
20
2.480596220472441
11
0.5079451181102362
21
2.4802195669291338
0
LINE
8
BLACK
6
CONTINUOUS
10
0.5079451181102362
20
2.4802195669291338
11
0.5074124409448819
21
2.4796868897637796
0
LINE
8
BLACK
6
CONTINUOUS
10
0.5074124409448819
20
2.4796868897637796
11
0.5066591338582677
21
2.4796868897637796
0
LINE
8
BLACK
6
CONTINUOUS
10
0.5066591338582677
20
2.4796868897637796
11
0.5061264566929133
21
2.4802195669291338
0
LINE
8
BLACK
6
CONTINUOUS
10
0.5061264566929133
20
2.4802195669291338
11
0.5060515354330709
21
2.480596220472441
0
LINE
8
BLACK
6
CONTINUOUS
10
0.5060515354330709
20
2.480596220472441
11
0.5060515354330709
21
2.4852362598425195
0
LINE
8
BLACK
6
CONTINUOUS
10
0.5060515354330709
20
2.4852362598425195
11
0.4906015354330708
21
2.4852362598425195
0
LINE
8
BLACK
6
CONTINUOUS
10
0.4906015354330708
20
2.4852362598425195
11
0.4907088976377952
21
2.4851646850393698
0
LINE
8
BLACK
6
CONTINUOUS
10
0.4907088976377952
20
2.4851646850393698
11
0.4907777952755906
21
2.4850959055118111
0
LINE
8
BLACK
6
CONTINUOUS
10
0.4907777952755906
20
2.4850959055118111
11
0.4908588976377953
21
2.4850417322834644
0
LINE
8
BLACK
6
CONTINUOUS
10
0.4908588976377953
20
2.4850417322834644
11
0.4927336220472441
21
2.4831669685039368
0
LINE
8
BLACK
6
CONTINUOUS
10
0.4927336220472441
20
2.4831669685039368
11
0.4928212204724409
21
2.4830358661417322
0
LINE
8
BLACK
6
CONTINUOUS
10
0.4928212204724409
20
2.4830358661417322
11
0.492918031496063
21
2.4829111417322833
0
LINE
8
BLACK
6
CONTINUOUS
10
0.492918031496063
20
2.4829111417322833
11
0.4938553937007874
21
2.4810364173228345
0
LINE
8
BLACK
6
CONTINUOUS
10
0.4938553937007874
20
2.4810364173228345
11
0.493956811023622
21
2.4806659842519685
0
LINE
8
BLACK
6
CONTINUOUS
10
0.493956811023622
20
2.4806659842519685
11
0.4937185826771653
21
2.4799513385826772
0
LINE
8
BLACK
6
CONTINUOUS
10
0.4937185826771653
20
2.4799513385826772
11
0.4930448031496063
21
2.4796144488188974
0
LINE
8
BLACK
6
CONTINUOUS
10
0.4930448031496063
20
2.4796144488188974
11
0.4923301574803149
21
2.4798526771653542
0
LINE
8
BLACK
6
CONTINUOUS
10
0.4923301574803149
20
2.4798526771653542
11
0.4920946850393701
21
2.4801560629921258
0
LINE
8
BLACK
6
CONTINUOUS
10
0.4920946850393701
20
2.4801560629921258
11
0.4912287007874016
21
2.481887992125984
0
LINE
8
BLACK
6
CONTINUOUS
10
0.4912287007874016
20
2.481887992125984
11
0.4895357086614173
21
2.4835809842519683
0
LINE
8
BLACK
6
CONTINUOUS
10
0.4895357086614173
20
2.4835809842519683
11
0.4868048031496063
21
2.4854015748031495
0
LINE
8
BLACK
6
CONTINUOUS
10
0.4868048031496063
20
2.4854015748031495
11
0.4865329527559055
21
2.4856728346456691
0
LINE
8
BLACK
6
CONTINUOUS
10
0.4865329527559055
20
2.4856728346456691
11
0.4865130708661417
21
2.4857722047244093
0
LINE
8
BLACK
6
CONTINUOUS
10
0.4865130708661417
20
2.4857722047244093
11
0.4864414173228346
21
2.4858438582677165
0
LINE
8
BLACK
6
CONTINUOUS
10
0.4864414173228346
20
2.4858438582677165
11
0.4864414173228346
21
2.4861304724409448
0
LINE
8
BLACK
6
CONTINUOUS
10
0.4864414173228346
20
2.4861304724409448
11
0.4863851968503937
21
2.4864115354330707
0
LINE
8
BLACK
6
CONTINUOUS
10
0.4863851968503937
20
2.4864115354330707
11
0.4864414173228346
21
2.4864958661417322
0
LINE
8
BLACK
6
CONTINUOUS
10
0.4864414173228346
20
2.4864958661417322
11
0.4864414173228346
21
2.4865971653543308
0
LINE
8
BLACK
6
CONTINUOUS
10
0.4864414173228346
20
2.4865971653543308
11
0.4866440551181102
21
2.4867998425196851
0
LINE
8
BLACK
6
CONTINUOUS
10
0.4866440551181102
20
2.4867998425196851
11
0.4868030708661417
21
2.487038307086614
0
LINE
8
BLACK
6
CONTINUOUS
10
0.4868030708661417
20
2.487038307086614
11
0.4869024015748031
21
2.4870581889763779
0
LINE
8
BLACK
6
CONTINUOUS
10
0.4869024015748031
20
2.4870581889763779
11
0.486974094488189
21
2.4871298425196851
0
LINE
8
BLACK
6
CONTINUOUS
10
0.486974094488189
20
2.4871298425196851
11
0.487350748031496
21
2.4872047637795274
0
LINE
8
BLACK
6
CONTINUOUS
10
0.487350748031496
20
2.4872047637795274
11
0.5060515354330709
21
2.4872047637795274
0
LINE
8
BLACK
6
CONTINUOUS
10
0.5060515354330709
20
2.4872047637795274
11
0.5060515354330709
21
2.4918448031496063
0
LINE
8
BLACK
6
CONTINUOUS
10
0.5060515354330709
20
2.4918448031496063
11
0.5061264566929133
21
2.4922214566929135
0
LINE
8
BLACK
6
CONTINUOUS
10
0.5061264566929133
20
2.4922214566929135
11
0.5066591338582677
21
2.4927541338582677
0
LINE
8
BLACK
6
CONTINUOUS
10
0.5066591338582677
20
2.4927541338582677
11
0.5074124409448819
21
2.4927541338582677
0
LINE
8
BLACK
6
CONTINUOUS
10
0.5074124409448819
20
2.4927541338582677
11
0.5079451181102362
21
2.4922214566929135
0
LINE
8
BLACK
6
CONTINUOUS
10
0.6799923622047244
20
2.5186387795275591
11
0.6800672834645669
21
2.5182621259842519
0
LINE
8
BLACK
6
CONTINUOUS
10
0.6800672834645669
20
2.5182621259842519
11
0.6800672834645669
21
2.5070135433070866
0
LINE
8
BLACK
6
CONTINUOUS
10
0.6800672834645669
20
2.5070135433070866
11
0.6799923622047244
21
2.5066368897637794
0
LINE
8
BLACK
6
CONTINUOUS
10
0.6799923622047244
20
2.5066368897637794
11
0.67945968503937
21
2.5061042125984252
0
LINE
8
BLACK
6
CONTINUOUS
10
0.67945968503937
20
2.5061042125984252
11
0.6787063779527559
21
2.5061042125984252
0
LINE
8
BLACK
6
CONTINUOUS
10
0.6787063779527559
20
2.5061042125984252
11
0.6781737007874016
21
2.5066368897637794
0
LINE
8
BLACK
6
CONTINUOUS
10
0.6781737007874016
20
2.5066368897637794
11
0.678098779527559
21
2.5070135433070866
0
LINE
8
BLACK
6
CONTINUOUS
10
0.678098779527559
20
2.5070135433070866
11
0.678098779527559
21
2.5116535826771651
0
LINE
8
BLACK
6
CONTINUOUS
10
0.678098779527559
20
2.5116535826771651
11
0.6626487795275591
21
2.5116535826771651
0
LINE
8
BLACK
6
CONTINUOUS
10
0.6626487795275591
20
2.5116535826771651
11
0.6627561417322835
21
2.5115820078740159
0
LINE
8
BLACK
6
CONTINUOUS
10
0.6627561417322835
20
2.5115820078740159
11
0.6628250393700788
21
2.5115132283464567
0
LINE
8
BLACK
6
CONTINUOUS
10
0.6628250393700788
20
2.5115132283464567
11
0.6629061417322835
21
2.51145905511811
0
LINE
8
BLACK
6
CONTINUOUS
10
0.6629061417322835
20
2.51145905511811
11
0.6647808661417323
21
2.5095842913385824
0
LINE
8
BLACK
6
CONTINUOUS
10
0.6647808661417323
20
2.5095842913385824
11
0.6648684645669292
21
2.5094531889763778
0
LINE
8
BLACK
6
CONTINUOUS
10
0.6648684645669292
20
2.5094531889763778
11
0.6649652755905512
21
2.5093284645669289
0
LINE
8
BLACK
6
CONTINUOUS
10
0.6649652755905512
20
2.5093284645669289
11
0.6659026377952756
21
2.5074537401574801
0
LINE
8
BLACK
6
CONTINUOUS
10
0.6659026377952756
20
2.5074537401574801
11
0.6660040551181102
21
2.5070833070866141
0
LINE
8
BLACK
6
CONTINUOUS
10
0.6660040551181102
20
2.5070833070866141
11
0.6657658267716535
21
2.5063686614173228
0
LINE
8
BLACK
6
CONTINUOUS
10
0.6657658267716535
20
2.5063686614173228
11
0.6650920472440944
21
2.5060317716535434
0
LINE
8
BLACK
6
CONTINUOUS
10
0.6650920472440944
20
2.5060317716535434
11
0.6643774015748032
21
2.5062699999999998
0
LINE
8
BLACK
6
CONTINUOUS
10
0.6643774015748032
20
2.5062699999999998
11
0.6641419291338583
21
2.5065733858267718
0
LINE
8
BLACK
6
CONTINUOUS
10
0.6641419291338583
20
2.5065733858267718
11
0.6632759448818898
21
2.50830531496063
0
LINE
8
BLACK
6
CONTINUOUS
10
0.6632759448818898
20
2.50830531496063
11
0.6615829527559055
21
2.5099983070866143
0
LINE
8
BLACK
6
CONTINUOUS
10
0.6615829527559055
20
2.5099983070866143
11
0.6588520472440945
21
2.5118188976377951
0
LINE
8
BLACK
6
CONTINUOUS
10
0.6588520472440945
20
2.5118188976377951
11
0.6585801968503937
21
2.5120901574803147
0
LINE
8
BLACK
6
CONTINUOUS
10
0.6585801968503937
20
2.5120901574803147
11
0.6585603149606299
21
2.5121895275590549
0
LINE
8
BLACK
6
CONTINUOUS
10
0.6585603149606299
20
2.5121895275590549
11
0.6584886614173229
21
2.5122611811023621
0
LINE
8
BLACK
6
CONTINUOUS
10
0.6584886614173229
20
2.5122611811023621
11
0.6584886614173229
21
2.5125477952755904
0
LINE
8
BLACK
6
CONTINUOUS
10
0.6584886614173229
20
2.5125477952755904
11
0.6584324409448818
21
2.5128288582677163
0
LINE
8
BLACK
6
CONTINUOUS
10
0.6584324409448818
20
2.5128288582677163
11
0.6584886614173229
21
2.5129131889763778
0
LINE
8
BLACK
6
CONTINUOUS
10
0.6584886614173229
20
2.5129131889763778
11
0.6584886614173229
21
2.5130144881889764
0
LINE
8
BLACK
6
CONTINUOUS
10
0.6584886614173229
20
2.5130144881889764
11
0.6586912992125984
21
2.5132171653543307
0
LINE
8
BLACK
6
CONTINUOUS
10
0.6586912992125984
20
2.5132171653543307
11
0.65885031496063
21
2.5134556299212596
0
LINE
8
BLACK
6
CONTINUOUS
10
0.65885031496063
20
2.5134556299212596
11
0.6589496456692914
21
2.5134755118110235
0
LINE
8
BLACK
6
CONTINUOUS
10
0.6589496456692914
20
2.5134755118110235
11
0.6590213385826772
21
2.5135471653543306
0
LINE
8
BLACK
6
CONTINUOUS
10
0.6590213385826772
20
2.5135471653543306
11
0.6593979921259843
21
2.513622086614173
0
LINE
8
BLACK
6
CONTINUOUS
10
0.6593979921259843
20
2.513622086614173
11
0.678098779527559
21
2.513622086614173
0
LINE
8
BLACK
6
CONTINUOUS
10
0.678098779527559
20
2.513622086614173
11
0.678098779527559
21
2.5182621259842519
0
LINE
8
BLACK
6
CONTINUOUS
10
0.678098779527559
20
2.5182621259842519
11
0.6781737007874016
21
2.5186387795275591
0
LINE
8
BLACK
6
CONTINUOUS
10
0.6781737007874016
20
2.5186387795275591
11
0.6787063779527559
21
2.5191714566929133
0
LINE
8
BLACK
6
CONTINUOUS
10
0.6787063779527559
20
2.5191714566929133
11
0.67945968503937
21
2.5191714566929133
0
LINE
8
BLACK
6
CONTINUOUS
10
0.67945968503937
20
2.5191714566929133
11
0.6799923622047244
21
2.5186387795275591
0
LINE
8
BLACK
6
CONTINUOUS
10
0.1550566929133858
20
2.5519188976377953
11
0.1552841338582677
21
2.55182468503937
0
LINE
8
BLACK
6
CONTINUOUS
10
0.1552841338582677
20
2.55182468503937
11
0.1555270078740157
21
2.5517840157480314
0
LINE
8
BLACK
6
CONTINUOUS
10
0.1555270078740157
20
2.5517840157480314
11
0.1560455905511811
21
2.551526811023622
0
LINE
8
BLACK
6
CONTINUOUS
10
0.1560455905511811
20
2.551526811023622
11
0.1590452362204724
21
2.5496520472440944
0
LINE
8
BLACK
6
CONTINUOUS
10
0.1590452362204724
20
2.5496520472440944
11
0.1593159448818898
21
2.5494433464566928
0
LINE
8
BLACK
6
CONTINUOUS
10
0.1593159448818898
20
2.5494433464566928
11
0.1593818503937008
21
2.5494070472440944
0
LINE
8
BLACK
6
CONTINUOUS
10
0.1593818503937008
20
2.5494070472440944
11
0.1594388976377953
21
2.5493485433070866
0
LINE
8
BLACK
6
CONTINUOUS
10
0.1594388976377953
20
2.5493485433070866
11
0.1595036614173228
21
2.5492986220472442
0
LINE
8
BLACK
6
CONTINUOUS
10
0.1595036614173228
20
2.5492986220472442
11
0.1595473228346457
21
2.5492373622047242
0
LINE
8
BLACK
6
CONTINUOUS
10
0.1595473228346457
20
2.5492373622047242
11
0.1597859842519685
21
2.5489926771653542
0
LINE
8
BLACK
6
CONTINUOUS
10
0.1597859842519685
20
2.5489926771653542
11
0.1612857874015748
21
2.5471179133858266
0
LINE
8
BLACK
6
CONTINUOUS
10
0.1612857874015748
20
2.5471179133858266
11
0.1614041732283465
21
2.5469358661417321
0
LINE
8
BLACK
6
CONTINUOUS
10
0.1614041732283465
20
2.5469358661417321
11
0.1614550393700787
21
2.5468837401574804
0
LINE
8
BLACK
6
CONTINUOUS
10
0.1614550393700787
20
2.5468837401574804
11
0.1615220078740157
21
2.5467546850393701
0
LINE
8
BLACK
6
CONTINUOUS
10
0.1615220078740157
20
2.5467546850393701
11
0.1616013779527559
21
2.5466326377952755
0
LINE
8
BLACK
6
CONTINUOUS
10
0.1616013779527559
20
2.5466326377952755
11
0.1616216141732283
21
2.5465626771653542
0
LINE
8
BLACK
6
CONTINUOUS
10
0.1616216141732283
20
2.5465626771653542
11
0.1617216535433071
21
2.5463699606299213
0
LINE
8
BLACK
6
CONTINUOUS
10
0.1617216535433071
20
2.5463699606299213
11
0.1632214566929134
21
2.5426204724409449
0
LINE
8
BLACK
6
CONTINUOUS
10
0.1632214566929134
20
2.5426204724409449
11
0.1633644094488189
21
2.5421276377952755
0
LINE
8
BLACK
6
CONTINUOUS
10
0.1633644094488189
20
2.5421276377952755
11
0.163375905511811
21
2.5420998818897638
0
LINE
8
BLACK
6
CONTINUOUS
10
0.163375905511811
20
2.5420998818897638
11
0.1633776377952756
21
2.5420819291338583
0
LINE
8
BLACK
6
CONTINUOUS
10
0.1633776377952756
20
2.5420819291338583
11
0.1633827165354331
21
2.542064527559055
0
LINE
8
BLACK
6
CONTINUOUS
10
0.1633827165354331
20
2.542064527559055
11
0.1633823228346457
21
2.5420344488188977
0
LINE
8
BLACK
6
CONTINUOUS
10
0.1633823228346457
20
2.5420344488188977
11
0.1634326377952756
21
2.5415238188976379
0
LINE
8
BLACK
6
CONTINUOUS
10
0.1634326377952756
20
2.5415238188976379
11
0.1634326377952756
21
2.5377742913385828
0
LINE
8
BLACK
6
CONTINUOUS
10
0.1634326377952756
20
2.5377742913385828
11
0.1633823228346457
21
2.5372637007874017
0
LINE
8
BLACK
6
CONTINUOUS
10
0.1633823228346457
20
2.5372637007874017
11
0.1633827165354331
21
2.5372335826771653
0
LINE
8
BLACK
6
CONTINUOUS
10
0.1633827165354331
20
2.5372335826771653
11
0.1633776377952756
21
2.5372162204724411
0
LINE
8
BLACK
6
CONTINUOUS
10
0.1633776377952756
20
2.5372162204724411
11
0.163375905511811
21
2.5371982283464565
0
LINE
8
BLACK
6
CONTINUOUS
10
0.163375905511811
20
2.5371982283464565
11
0.1633644094488189
21
2.5371705118110235
0
LINE
8
BLACK
6
CONTINUOUS
10
0.1633644094488189
20
2.5371705118110235
11
0.1632214566929134
21
2.5366776377952753
0
LINE
8
BLACK
6
CONTINUOUS
10
0.1632214566929134
20
2.5366776377952753
11
0.1617216535433071
21
2.532928149606299
0
LINE
8
BLACK
6
CONTINUOUS
10
0.1617216535433071
20
2.532928149606299
11
0.1616216141732283
21
2.5327354724409448
0
LINE
8
BLACK
6
CONTINUOUS
10
0.1616216141732283
20
2.5327354724409448
11
0.1616013779527559
21
2.5326654724409448
0
LINE
8
BLACK
6
CONTINUOUS
10
0.1616013779527559
20
2.5326654724409448
11
0.1615220078740157
21
2.5325434645669289
0
LINE
8
BLACK
6
CONTINUOUS
10
0.1615220078740157
20
2.5325434645669289
11
0.1614550393700787
21
2.5324143700787403
0
LINE
8
BLACK
6
CONTINUOUS
10
0.1614550393700787
20
2.5324143700787403
11
0.1614041732283465
21
2.5323622834645669
0
LINE
8
BLACK
6
CONTINUOUS
10
0.1614041732283465
20
2.5323622834645669
11
0.1612857874015748
21
2.5321801968503936
0
LINE
8
BLACK
6
CONTINUOUS
10
0.1612857874015748
20
2.5321801968503936
11
0.1603442913385827
21
2.5310033464566928
0
LINE
8
BLACK
6
CONTINUOUS
10
0.1603442913385827
20
2.5310033464566928
11
0.1606257086614173
21
2.5308521653543306
0
LINE
8
BLACK
6
CONTINUOUS
10
0.1606257086614173
20
2.5308521653543306
11
0.1607399212598425
21
2.5307374409448817
0
LINE
8
BLACK
6
CONTINUOUS
10
0.1607399212598425
20
2.5307374409448817
11
0.1608816535433071
21
2.5306594094488188
0
LINE
8
BLACK
6
CONTINUOUS
10
0.1608816535433071
20
2.5306594094488188
11
0.1612857874015748
21
2.5302450393700786
0
LINE
8
BLACK
6
CONTINUOUS
10
0.1612857874015748
20
2.5302450393700786
11
0.1627855905511811
21
2.5283702755905511
0
LINE
8
BLACK
6
CONTINUOUS
10
0.1627855905511811
20
2.5283702755905511
11
0.1629039763779528
21
2.5281882283464565
0
LINE
8
BLACK
6
CONTINUOUS
10
0.1629039763779528
20
2.5281882283464565
11
0.1629548031496063
21
2.5281361417322836
0
LINE
8
BLACK
6
CONTINUOUS
10
0.1629548031496063
20
2.5281361417322836
11
0.1630217716535433
21
2.528007125984252
0
LINE
8
BLACK
6
CONTINUOUS
10
0.1630217716535433
20
2.528007125984252
11
0.1631011811023622
21
2.5278849999999999
0
LINE
8
BLACK
6
CONTINUOUS
10
0.1631011811023622
20
2.5278849999999999
11
0.1631214173228346
21
2.5278150787401574
0
LINE
8
BLACK
6
CONTINUOUS
10
0.1631214173228346
20
2.5278150787401574
11
0.1632214566929134
21
2.5276223622047245
0
LINE
8
BLACK
6
CONTINUOUS
10
0.1632214566929134
20
2.5276223622047245
11
0.1647212992125984
21
2.5238728346456694
0
LINE
8
BLACK
6
CONTINUOUS
10
0.1647212992125984
20
2.5238728346456694
11
0.1648642519685039
21
2.52338
0
LINE
8
BLACK
6
CONTINUOUS
10
0.1648642519685039
20
2.52338
11
0.1648757480314961
21
2.5233522440944882
0
LINE
8
BLACK
6
CONTINUOUS
10
0.1648757480314961
20
2.5233522440944882
11
0.1648774803149606
21
2.5233342913385828
0
LINE
8
BLACK
6
CONTINUOUS
10
0.1648774803149606
20
2.5233342913385828
11
0.1648825590551181
21
2.5233168897637794
0
LINE
8
BLACK
6
CONTINUOUS
10
0.1648825590551181
20
2.5233168897637794
11
0.1648821653543307
21
2.5232868110236222
0
LINE
8
BLACK
6
CONTINUOUS
10
0.1648821653543307
20
2.5232868110236222
11
0.1649324803149606
21
2.5227761811023623
0
LINE
8
BLACK
6
CONTINUOUS
10
0.1649324803149606
20
2.5227761811023623
11
0.1649324803149606
21
2.5171518897637797
0
LINE
8
BLACK
6
CONTINUOUS
10
0.1649324803149606
20
2.5171518897637797
11
0.1648821653543307
21
2.5166412992125982
0
LINE
8
BLACK
6
CONTINUOUS
10
0.1648821653543307
20
2.5166412992125982
11
0.1648825590551181
21
2.5166111811023621
0
LINE
8
BLACK
6
CONTINUOUS
10
0.1648825590551181
20
2.5166111811023621
11
0.1648774803149606
21
2.5165938188976376
0
LINE
8
BLACK
6
CONTINUOUS
10
0.1648774803149606
20
2.5165938188976376
11
0.1648757480314961
21
2.5165758267716534
0
LINE
8
BLACK
6
CONTINUOUS
10
0.1648757480314961
20
2.5165758267716534
11
0.1648642519685039
21
2.5165481102362204
0
LINE
8
BLACK
6
CONTINUOUS
10
0.1648642519685039
20
2.5165481102362204
11
0.1647212992125984
21
2.5160552362204722
0
LINE
8
BLACK
6
CONTINUOUS
10
0.1647212992125984
20
2.5160552362204722
11
0.1632214566929134
21
2.5123057086614171
0
LINE
8
BLACK
6
CONTINUOUS
10
0.1632214566929134
20
2.5123057086614171
11
0.1631214173228346
21
2.5121129921259842
0
LINE
8
BLACK
6
CONTINUOUS
10
0.1631214173228346
20
2.5121129921259842
11
0.1631011811023622
21
2.5120431102362204
0
LINE
8
BLACK
6
CONTINUOUS
10
0.1631011811023622
20
2.5120431102362204
11
0.163021811023622
21
2.5119211023622046
0
LINE
8
BLACK
6
CONTINUOUS
10
0.163021811023622
20
2.5119211023622046
11
0.1629548031496063
21
2.5117919291338584
0
LINE
8
BLACK
6
CONTINUOUS
10
0.1629548031496063
20
2.5117919291338584
11
0.1629039763779528
21
2.5117398818897638
0
LINE
8
BLACK
6
CONTINUOUS
10
0.1629039763779528
20
2.5117398818897638
11
0.1627856299212598
21
2.5115578346456693
0
LINE
8
BLACK
6
CONTINUOUS
10
0.1627856299212598
20
2.5115578346456693
11
0.1612858267716535
21
2.509683031496063
0
LINE
8
BLACK
6
CONTINUOUS
10
0.1612858267716535
20
2.509683031496063
11
0.161047125984252
21
2.5094383464566929
0
LINE
8
BLACK
6
CONTINUOUS
10
0.161047125984252
20
2.5094383464566929
11
0.1610034645669291
21
2.5093770472440946
0
LINE
8
BLACK
6
CONTINUOUS
10
0.1610034645669291
20
2.5093770472440946
11
0.1609387007874016
21
2.5093271653543305
0
LINE
8
BLACK
6
CONTINUOUS
10
0.1609387007874016
20
2.5093271653543305
11
0.1608816535433071
21
2.509268622047244
0
LINE
8
BLACK
6
CONTINUOUS
10
0.1608816535433071
20
2.509268622047244
11
0.1608157480314961
21
2.5092323622047243
0
LINE
8
BLACK
6
CONTINUOUS
10
0.1608157480314961
20
2.5092323622047243
11
0.1605450393700787
21
2.5090236220472439
0
LINE
8
BLACK
6
CONTINUOUS
10
0.1605450393700787
20
2.5090236220472439
11
0.1575454330708661
21
2.5071488582677164
0
LINE
8
BLACK
6
CONTINUOUS
10
0.1575454330708661
20
2.5071488582677164
11
0.1570268503937008
21
2.506891653543307
0
LINE
8
BLACK
6
CONTINUOUS
10
0.1570268503937008
20
2.506891653543307
11
0.1567839763779527
21
2.5068510236220471
0
LINE
8
BLACK
6
CONTINUOUS
10
0.1567839763779527
20
2.5068510236220471
11
0.1565565354330709
21
2.506756771653543
0
LINE
8
BLACK
6
CONTINUOUS
10
0.1565565354330709
20
2.506756771653543
11
0.1559804724409449
21
2.5067000393700787
0
LINE
8
BLACK
6
CONTINUOUS
10
0.1559804724409449
20
2.5067000393700787
11
0.143981968503937
21
2.5067000393700787
0
LINE
8
BLACK
6
CONTINUOUS
10
0.143981968503937
20
2.5067000393700787
11
0.143405905511811
21
2.506756771653543
0
LINE
8
BLACK
6
CONTINUOUS
10
0.143405905511811
20
2.506756771653543
11
0.1423414960629921
21
2.5071976771653541
0
LINE
8
BLACK
6
CONTINUOUS
10
0.1423414960629921
20
2.5071976771653541
11
0.1415268503937008
21
2.5080123228346456
0
LINE
8
BLACK
6
CONTINUOUS
10
0.1415268503937008
20
2.5080123228346456
11
0.1410859448818898
21
2.5090767322834644
0
LINE
8
BLACK
6
CONTINUOUS
10
0.1410859448818898
20
2.5090767322834644
11
0.1410292125984252
21
2.5096527952755907
0
LINE
8
BLACK
6
CONTINUOUS
10
0.1410292125984252
20
2.5096527952755907
11
0.1410292125984252
21
2.5490228740157481
0
LINE
8
BLACK
6
CONTINUOUS
10
0.1410292125984252
20
2.5490228740157481
11
0.1410859448818898
21
2.549598937007874
0
LINE
8
BLACK
6
CONTINUOUS
10
0.1410859448818898
20
2.549598937007874
11
0.1415268503937008
21
2.5506633464566928
0
LINE
8
BLACK
6
CONTINUOUS
10
0.1415268503937008
20
2.5506633464566928
11
0.1423414960629921
21
2.5514779921259843
0
LINE
8
BLACK
6
CONTINUOUS
10
0.1423414960629921
20
2.5514779921259843
11
0.143405905511811
21
2.5519188976377953
0
LINE
8
BLACK
6
CONTINUOUS
10
0.143405905511811
20
2.5519188976377953
11
0.143981968503937
21
2.5519756299212597
0
LINE
8
BLACK
6
CONTINUOUS
10
0.143981968503937
20
2.5519756299212597
11
0.1544806299212598
21
2.5519756299212597
0
LINE
8
BLACK
6
CONTINUOUS
10
0.1544806299212598
20
2.5519756299212597
11
0.1550566929133858
21
2.5519188976377953
0
LINE
8
BLACK
6
CONTINUOUS
10
0.1469347244094488
20
2.5126055511811023
11
0.1551336220472441
21
2.5126055511811023
0
LINE
8
BLACK
6
CONTINUOUS
10
0.1551336220472441
20
2.5126055511811023
11
0.1569885433070866
21
2.5137649212598423
0
LINE
8
BLACK
6
CONTINUOUS
10
0.1569885433070866
20
2.5137649212598423
11
0.1579007874015748
21
2.514905275590551
0
LINE
8
BLACK
6
CONTINUOUS
10
0.1579007874015748
20
2.514905275590551
11
0.159026968503937
21
2.5177205511811023
0
LINE
8
BLACK
6
CONTINUOUS
10
0.159026968503937
20
2.5177205511811023
11
0.159026968503937
21
2.5222075590551181
0
LINE
8
BLACK
6
CONTINUOUS
10
0.159026968503937
20
2.5222075590551181
11
0.1579007480314961
21
2.5250229133858269
0
LINE
8
BLACK
6
CONTINUOUS
10
0.1579007480314961
20
2.5250229133858269
11
0.1571466141732283
21
2.5259655905511811
0
LINE
8
BLACK
6
CONTINUOUS
10
0.1571466141732283
20
2.5259655905511811
11
0.1538900787401575
21
2.5273224803149605
0
LINE
8
BLACK
6
CONTINUOUS
10
0.1538900787401575
20
2.5273224803149605
11
0.1469347244094488
21
2.5273224803149605
0
LINE
8
BLACK
6
CONTINUOUS
10
0.1469347244094488
20
2.5273224803149605
11
0.1469347244094488
21
2.5126055511811023
0
LINE
8
BLACK
6
CONTINUOUS
10
0.1469347244094488
20
2.5332279921259842
11
0.1536337795275591
21
2.5332279921259842
0
LINE
8
BLACK
6
CONTINUOUS
10
0.1536337795275591
20
2.5332279921259842
11
0.155488779527559
21
2.5343874015748029
0
LINE
8
BLACK
6
CONTINUOUS
10
0.155488779527559
20
2.5343874015748029
11
0.1564009842519685
21
2.5355276377952753
0
LINE
8
BLACK
6
CONTINUOUS
10
0.1564009842519685
20
2.5355276377952753
11
0.157527125984252
21
2.5383429527559054
0
LINE
8
BLACK
6
CONTINUOUS
10
0.157527125984252
20
2.5383429527559054
11
0.157527125984252
21
2.5409551968503936
0
LINE
8
BLACK
6
CONTINUOUS
10
0.157527125984252
20
2.5409551968503936
11
0.1564009842519685
21
2.5437705118110236
0
LINE
8
BLACK
6
CONTINUOUS
10
0.1564009842519685
20
2.5437705118110236
11
0.155488779527559
21
2.5449107480314961
0
LINE
8
BLACK
6
CONTINUOUS
10
0.155488779527559
20
2.5449107480314961
11
0.1536337795275591
21
2.5460701181102361
0
LINE
8
BLACK
6
CONTINUOUS
10
0.1536337795275591
20
2.5460701181102361
11
0.1469347244094488
21
2.5460701181102361
0
LINE
8
BLACK
6
CONTINUOUS
10
0.1469347244094488
20
2.5460701181102361
11
0.1469347244094488
21
2.5332279921259842
0
LINE
8
BLACK
6
CONTINUOUS
10
0.1771185039370079
20
2.5383546456692914
11
0.1779331496062992
21
2.5375399999999999
0
LINE
8
BLACK
6
CONTINUOUS
10
0.1779331496062992
20
2.5375399999999999
11
0.1783740551181102
21
2.5364755905511811
0
LINE
8
BLACK
6
CONTINUOUS
10
0.1783740551181102
20
2.5364755905511811
11
0.1784307874015748
21
2.5358995275590552
0
LINE
8
BLACK
6
CONTINUOUS
10
0.1784307874015748
20
2.5358995275590552
11
0.1784307874015748
21
2.5158457874015747
0
LINE
8
BLACK
6
CONTINUOUS
10
0.1784307874015748
20
2.5158457874015747
11
0.1793610236220472
21
2.513520118110236
0
LINE
8
BLACK
6
CONTINUOUS
10
0.1793610236220472
20
2.513520118110236
11
0.1808242913385827
21
2.5126055511811023
0
LINE
8
BLACK
6
CONTINUOUS
10
0.1808242913385827
20
2.5126055511811023
11
0.1836300393700787
21
2.5126055511811023
0
LINE
8
BLACK
6
CONTINUOUS
10
0.1836300393700787
20
2.5126055511811023
11
0.185485
21
2.5137649212598423
0
LINE
8
BLACK
6
CONTINUOUS
10
0.185485
20
2.5137649212598423
11
0.1860235826771653
21
2.5144381496062991
0
LINE
8
BLACK
6
CONTINUOUS
10
0.1860235826771653
20
2.5144381496062991
11
0.1860235826771653
21
2.5358995275590552
0
LINE
8
BLACK
6
CONTINUOUS
10
0.1860235826771653
20
2.5358995275590552
11
0.1860803149606299
21
2.5364755905511811
0
LINE
8
BLACK
6
CONTINUOUS
10
0.1860803149606299
20
2.5364755905511811
11
0.1865212204724409
21
2.5375399999999999
0
LINE
8
BLACK
6
CONTINUOUS
10
0.1865212204724409
20
2.5375399999999999
11
0.1873358661417323
21
2.5383546456692914
0
LINE
8
BLACK
6
CONTINUOUS
10
0.1873358661417323
20
2.5383546456692914
11
0.1884002755905512
21
2.5387955511811025
0
LINE
8
BLACK
6
CONTINUOUS
10
0.1884002755905512
20
2.5387955511811025
11
0.1895524015748032
21
2.5387955511811025
0
LINE
8
BLACK
6
CONTINUOUS
10
0.1895524015748032
20
2.5387955511811025
11
0.190616811023622
21
2.5383546456692914
0
LINE
8
BLACK
6
CONTINUOUS
10
0.190616811023622
20
2.5383546456692914
11
0.1914314566929134
21
2.5375399999999999
0
LINE
8
BLACK
6
CONTINUOUS
10
0.1914314566929134
20
2.5375399999999999
11
0.1918723622047244
21
2.5364755905511811
0
LINE
8
BLACK
6
CONTINUOUS
10
0.1918723622047244
20
2.5364755905511811
11
0.191929094488189
21
2.5358995275590552
0
LINE
8
BLACK
6
CONTINUOUS
10
0.191929094488189
20
2.5358995275590552
11
0.191929094488189
21
2.5096527952755907
0
LINE
8
BLACK
6
CONTINUOUS
10
0.191929094488189
20
2.5096527952755907
11
0.1918723622047244
21
2.5090767322834644
0
LINE
8
BLACK
6
CONTINUOUS
10
0.1918723622047244
20
2.5090767322834644
11
0.1914314566929134
21
2.5080123228346456
0
LINE
8
BLACK
6
CONTINUOUS
10
0.1914314566929134
20
2.5080123228346456
11
0.190616811023622
21
2.5071976771653541
0
LINE
8
BLACK
6
CONTINUOUS
10
0.190616811023622
20
2.5071976771653541
11
0.1895524015748032
21
2.506756771653543
0
LINE
8
BLACK
6
CONTINUOUS
10
0.1895524015748032
20
2.506756771653543
11
0.1884002755905512
21
2.506756771653543
0
LINE
8
BLACK
6
CONTINUOUS
10
0.1884002755905512
20
2.506756771653543
11
0.1873358661417323
21
2.5071976771653541
0
LINE
8
BLACK
6
CONTINUOUS
10
0.1873358661417323
20
2.5071976771653541
11
0.1868681889763779
21
2.5076653543307086
0
LINE
8
BLACK
6
CONTINUOUS
10
0.1868681889763779
20
2.5076653543307086
11
0.1860418503937008
21
2.5071488582677164
0
LINE
8
BLACK
6
CONTINUOUS
10
0.1860418503937008
20
2.5071488582677164
11
0.1855232677165354
21
2.506891653543307
0
LINE
8
BLACK
6
CONTINUOUS
10
0.1855232677165354
20
2.506891653543307
11
0.1852803937007874
21
2.5068510236220471
0
LINE
8
BLACK
6
CONTINUOUS
10
0.1852803937007874
20
2.5068510236220471
11
0.1850529527559055
21
2.506756771653543
0
LINE
8
BLACK
6
CONTINUOUS
10
0.1850529527559055
20
2.506756771653543
11
0.1844768897637795
21
2.5067000393700787
0
LINE
8
BLACK
6
CONTINUOUS
10
0.1844768897637795
20
2.5067000393700787
11
0.1799774409448819
21
2.5067000393700787
0
LINE
8
BLACK
6
CONTINUOUS
10
0.1799774409448819
20
2.5067000393700787
11
0.1794013779527559
21
2.506756771653543
0
LINE
8
BLACK
6
CONTINUOUS
10
0.1794013779527559
20
2.506756771653543
11
0.1791738976377953
21
2.5068510236220471
0
LINE
8
BLACK
6
CONTINUOUS
10
0.1791738976377953
20
2.5068510236220471
11
0.178931062992126
21
2.506891653543307
0
LINE
8
BLACK
6
CONTINUOUS
10
0.178931062992126
20
2.506891653543307
11
0.1784124803149606
21
2.5071488582677164
0
LINE
8
BLACK
6
CONTINUOUS
10
0.1784124803149606
20
2.5071488582677164
11
0.175412874015748
21
2.5090236220472439
0
LINE
8
BLACK
6
CONTINUOUS
10
0.175412874015748
20
2.5090236220472439
11
0.1753431102362205
21
2.5090774015748032
0
LINE
8
BLACK
6
CONTINUOUS
10
0.1753431102362205
20
2.5090774015748032
11
0.1753075590551181
21
2.5090926377952756
0
LINE
8
BLACK
6
CONTINUOUS
10
0.1753075590551181
20
2.5090926377952756
11
0.1752595275590551
21
2.5091418503937009
0
LINE
8
BLACK
6
CONTINUOUS
10
0.1752595275590551
20
2.5091418503937009
11
0.1749544488188976
21
2.5093770472440946
0
LINE
8
BLACK
6
CONTINUOUS
10
0.1749544488188976
20
2.5093770472440946
11
0.1747494488188976
21
2.509664527559055
0
LINE
8
BLACK
6
CONTINUOUS
10
0.1747494488188976
20
2.509664527559055
11
0.174502874015748
21
2.5099171653543308
0
LINE
8
BLACK
6
CONTINUOUS
10
0.174502874015748
20
2.5099171653543308
11
0.1743254330708661
21
2.5102590944881888
0
LINE
8
BLACK
6
CONTINUOUS
10
0.1743254330708661
20
2.5102590944881888
11
0.1742855118110236
21
2.5103150787401574
0
LINE
8
BLACK
6
CONTINUOUS
10
0.1742855118110236
20
2.5103150787401574
11
0.1742767716535433
21
2.5103528346456692
0
LINE
8
BLACK
6
CONTINUOUS
10
0.1742767716535433
20
2.5103528346456692
11
0.1742362598425197
21
2.5104309448818896
0
LINE
8
BLACK
6
CONTINUOUS
10
0.1742362598425197
20
2.5104309448818896
11
0.1727364566929134
21
2.5141805118110234
0
LINE
8
BLACK
6
CONTINUOUS
10
0.1727364566929134
20
2.5141805118110234
11
0.1725935039370079
21
2.5146732677165353
0
LINE
8
BLACK
6
CONTINUOUS
10
0.1725935039370079
20
2.5146732677165353
11
0.1725820078740157
21
2.5147010629921258
0
LINE
8
BLACK
6
CONTINUOUS
10
0.1725820078740157
20
2.5147010629921258
11
0.1725801968503937
21
2.5147191338582675
0
LINE
8
BLACK
6
CONTINUOUS
10
0.1725801968503937
20
2.5147191338582675
11
0.1725751968503937
21
2.5147364566929133
0
LINE
8
BLACK
6
CONTINUOUS
10
0.1725751968503937
20
2.5147364566929133
11
0.1725755511811023
21
2.5147665354330706
0
LINE
8
BLACK
6
CONTINUOUS
10
0.1725755511811023
20
2.5147665354330706
11
0.1725252755905512
21
2.5152771259842521
0
LINE
8
BLACK
6
CONTINUOUS
10
0.1725252755905512
20
2.5152771259842521
11
0.1725252755905512
21
2.5358995275590552
0
LINE
8
BLACK
6
CONTINUOUS
10
0.1725252755905512
20
2.5358995275590552
11
0.1725820078740157
21
2.5364755905511811
0
LINE
8
BLACK
6
CONTINUOUS
10
0.1725820078740157
20
2.5364755905511811
11
0.1730229133858268
21
2.5375399999999999
0
LINE
8
BLACK
6
CONTINUOUS
10
0.1730229133858268
20
2.5375399999999999
11
0.1738375590551181
21
2.5383546456692914
0
LINE
8
BLACK
6
CONTINUOUS
10
0.1738375590551181
20
2.5383546456692914
11
0.174901968503937
21
2.5387955511811025
0
LINE
8
BLACK
6
CONTINUOUS
10
0.174901968503937
20
2.5387955511811025
11
0.176054094488189
21
2.5387955511811025
0
LINE
8
BLACK
6
CONTINUOUS
10
0.176054094488189
20
2.5387955511811025
11
0.1771185039370079
21
2.5383546456692914
0
LINE
8
BLACK
6
CONTINUOUS
10
0.2180488582677165
20
2.5387955511811025
11
0.218279842519685
21
2.5386998818897637
0
LINE
8
BLACK
6
CONTINUOUS
10
0.218279842519685
20
2.5386998818897637
11
0.2185262598425197
21
2.5386579527559054
0
LINE
8
BLACK
6
CONTINUOUS
10
0.2185262598425197
20
2.5386579527559054
11
0.2188068897637795
21
2.5384815748031495
0
LINE
8
BLACK
6
CONTINUOUS
10
0.2188068897637795
20
2.5384815748031495
11
0.2191132677165354
21
2.5383546456692914
0
LINE
8
BLACK
6
CONTINUOUS
10
0.2191132677165354
20
2.5383546456692914
11
0.21929
21
2.5381779133858267
0
LINE
8
BLACK
6
CONTINUOUS
10
0.21929
20
2.5381779133858267
11
0.2195016929133858
21
2.5380448425196849
0
LINE
8
BLACK
6
CONTINUOUS
10
0.2195016929133858
20
2.5380448425196849
11
0.2196935039370079
21
2.537774409448819
0
LINE
8
BLACK
6
CONTINUOUS
10
0.2196935039370079
20
2.537774409448819
11
0.2199279133858268
21
2.5375399999999999
0
LINE
8
BLACK
6
CONTINUOUS
10
0.2199279133858268
20
2.5375399999999999
11
0.2200235433070866
21
2.5373090944881889
0
LINE
8
BLACK
6
CONTINUOUS
10
0.2200235433070866
20
2.5373090944881889
11
0.2201682283464567
21
2.5371051181102362
0
LINE
8
BLACK
6
CONTINUOUS
10
0.2201682283464567
20
2.5371051181102362
11
0.2202419291338583
21
2.5367818897637795
0
LINE
8
BLACK
6
CONTINUOUS
10
0.2202419291338583
20
2.5367818897637795
11
0.2203688188976378
21
2.5364755905511811
0
LINE
8
BLACK
6
CONTINUOUS
10
0.2203688188976378
20
2.5364755905511811
11
0.2203688188976378
21
2.53622562992126
0
LINE
8
BLACK
6
CONTINUOUS
10
0.2203688188976378
20
2.53622562992126
11
0.2204244094488189
21
2.5359818503937008
0
LINE
8
BLACK
6
CONTINUOUS
10
0.2204244094488189
20
2.5359818503937008
11
0.2203688188976378
21
2.5356550393700785
0
LINE
8
BLACK
6
CONTINUOUS
10
0.2203688188976378
20
2.5356550393700785
11
0.2203688188976378
21
2.5353234645669289
0
LINE
8
BLACK
6
CONTINUOUS
10
0.2203688188976378
20
2.5353234645669289
11
0.2202731102362205
21
2.5350924803149604
0
LINE
8
BLACK
6
CONTINUOUS
10
0.2202731102362205
20
2.5350924803149604
11
0.220231220472441
21
2.5348460629921261
0
LINE
8
BLACK
6
CONTINUOUS
10
0.220231220472441
20
2.5348460629921261
11
0.2199727165354331
21
2.5343281496062993
0
LINE
8
BLACK
6
CONTINUOUS
10
0.2199727165354331
20
2.5343281496062993
11
0.2063185039370079
21
2.5126055511811023
0
LINE
8
BLACK
6
CONTINUOUS
10
0.2063185039370079
20
2.5126055511811023
11
0.2174727952755905
21
2.5126055511811023
0
LINE
8
BLACK
6
CONTINUOUS
10
0.2174727952755905
20
2.5126055511811023
11
0.2180488582677165
21
2.5125488188976379
0
LINE
8
BLACK
6
CONTINUOUS
10
0.2180488582677165
20
2.5125488188976379
11
0.2191132677165354
21
2.5121079133858268
0
LINE
8
BLACK
6
CONTINUOUS
10
0.2191132677165354
20
2.5121079133858268
11
0.2199279133858268
21
2.5112932677165354
0
LINE
8
BLACK
6
CONTINUOUS
10
0.2199279133858268
20
2.5112932677165354
11
0.2203688188976378
21
2.5102288582677166
0
LINE
8
BLACK
6
CONTINUOUS
10
0.2203688188976378
20
2.5102288582677166
11
0.2203688188976378
21
2.5090767322834644
0
LINE
8
BLACK
6
CONTINUOUS
10
0.2203688188976378
20
2.5090767322834644
11
0.2199279133858268
21
2.5080123228346456
0
LINE
8
BLACK
6
CONTINUOUS
10
0.2199279133858268
20
2.5080123228346456
11
0.2191132677165354
21
2.5071976771653541
0
LINE
8
BLACK
6
CONTINUOUS
10
0.2191132677165354
20
2.5071976771653541
11
0.2180488582677165
21
2.506756771653543
0
LINE
8
BLACK
6
CONTINUOUS
10
0.2180488582677165
20
2.506756771653543
11
0.2174727952755905
21
2.5067000393700787
0
LINE
8
BLACK
6
CONTINUOUS
10
0.2174727952755905
20
2.5067000393700787
11
0.200974842519685
21
2.5067000393700787
0
LINE
8
BLACK
6
CONTINUOUS
10
0.200974842519685
20
2.5067000393700787
11
0.2003987795275591
21
2.506756771653543
0
LINE
8
BLACK
6
CONTINUOUS
10
0.2003987795275591
20
2.506756771653543
11
0.2001677559055118
21
2.5068524803149606
0
LINE
8
BLACK
6
CONTINUOUS
10
0.2001677559055118
20
2.5068524803149606
11
0.1999213779527559
21
2.5068943700787401
0
LINE
8
BLACK
6
CONTINUOUS
10
0.1999213779527559
20
2.5068943700787401
11
0.1996407086614173
21
2.5070707874015747
0
LINE
8
BLACK
6
CONTINUOUS
10
0.1996407086614173
20
2.5070707874015747
11
0.1993343700787402
21
2.5071976771653541
0
LINE
8
BLACK
6
CONTINUOUS
10
0.1993343700787402
20
2.5071976771653541
11
0.1991575984251968
21
2.5073744488188976
0
LINE
8
BLACK
6
CONTINUOUS
10
0.1991575984251968
20
2.5073744488188976
11
0.1989459448818898
21
2.5075074803149606
0
LINE
8
BLACK
6
CONTINUOUS
10
0.1989459448818898
20
2.5075074803149606
11
0.198754094488189
21
2.5077779527559056
0
LINE
8
BLACK
6
CONTINUOUS
10
0.198754094488189
20
2.5077779527559056
11
0.1985197244094488
21
2.5080123228346456
0
LINE
8
BLACK
6
CONTINUOUS
10
0.1985197244094488
20
2.5080123228346456
11
0.1984240551181102
21
2.5082432677165354
0
LINE
8
BLACK
6
CONTINUOUS
10
0.1984240551181102
20
2.5082432677165354
11
0.1982794094488189
21
2.5084472047244093
0
LINE
8
BLACK
6
CONTINUOUS
10
0.1982794094488189
20
2.5084472047244093
11
0.1982056692913386
21
2.5087704724409448
0
LINE
8
BLACK
6
CONTINUOUS
10
0.1982056692913386
20
2.5087704724409448
11
0.1980788188976378
21
2.5090767322834644
0
LINE
8
BLACK
6
CONTINUOUS
10
0.1980788188976378
20
2.5090767322834644
11
0.1980788188976378
21
2.5093267322834647
0
LINE
8
BLACK
6
CONTINUOUS
10
0.1980788188976378
20
2.5093267322834647
11
0.1980232283464567
21
2.5095704724409447
0
LINE
8
BLACK
6
CONTINUOUS
10
0.1980232283464567
20
2.5095704724409447
11
0.1980788188976378
21
2.5098973228346457
0
LINE
8
BLACK
6
CONTINUOUS
10
0.1980788188976378
20
2.5098973228346457
11
0.1980788188976378
21
2.5102288582677166
0
LINE
8
BLACK
6
CONTINUOUS
10
0.1980788188976378
20
2.5102288582677166
11
0.1981744881889764
21
2.5104598818897639
0
LINE
8
BLACK
6
CONTINUOUS
10
0.1981744881889764
20
2.5104598818897639
11
0.1982164173228347
21
2.5107062598425198
0
LINE
8
BLACK
6
CONTINUOUS
10
0.1982164173228347
20
2.5107062598425198
11
0.1984749212598425
21
2.5112241732283462
0
LINE
8
BLACK
6
CONTINUOUS
10
0.1984749212598425
20
2.5112241732283462
11
0.2121291338582677
21
2.5329467716535432
0
LINE
8
BLACK
6
CONTINUOUS
10
0.2121291338582677
20
2.5329467716535432
11
0.200974842519685
21
2.5329467716535432
0
LINE
8
BLACK
6
CONTINUOUS
10
0.200974842519685
20
2.5329467716535432
11
0.2003987795275591
21
2.533003503937008
0
LINE
8
BLACK
6
CONTINUOUS
10
0.2003987795275591
20
2.533003503937008
11
0.1993343700787402
21
2.5334444094488187
0
LINE
8
BLACK
6
CONTINUOUS
10
0.1993343700787402
20
2.5334444094488187
11
0.1985197244094488
21
2.5342590551181101
0
LINE
8
BLACK
6
CONTINUOUS
10
0.1985197244094488
20
2.5342590551181101
11
0.1980788188976378
21
2.5353234645669289
0
LINE
8
BLACK
6
CONTINUOUS
10
0.1980788188976378
20
2.5353234645669289
11
0.1980788188976378
21
2.5364755905511811
0
LINE
8
BLACK
6
CONTINUOUS
10
0.1980788188976378
20
2.5364755905511811
11
0.1985197244094488
21
2.5375399999999999
0
LINE
8
BLACK
6
CONTINUOUS
10
0.1985197244094488
20
2.5375399999999999
11
0.1993343700787402
21
2.5383546456692914
0
LINE
8
BLACK
6
CONTINUOUS
10
0.1993343700787402
20
2.5383546456692914
11
0.2003987795275591
21
2.5387955511811025
0
LINE
8
BLACK
6
CONTINUOUS
10
0.2003987795275591
20
2.5387955511811025
11
0.200974842519685
21
2.5388522834645668
0
LINE
8
BLACK
6
CONTINUOUS
10
0.200974842519685
20
2.5388522834645668
11
0.2174727952755905
21
2.5388522834645668
0
LINE
8
BLACK
6
CONTINUOUS
10
0.2174727952755905
20
2.5388522834645668
11
0.2180488582677165
21
2.5387955511811025
0
LINE
8
BLACK
6
CONTINUOUS
10
0.2435456692913386
20
2.5387955511811025
11
0.2437766535433071
21
2.5386998818897637
0
LINE
8
BLACK
6
CONTINUOUS
10
0.2437766535433071
20
2.5386998818897637
11
0.2440230708661417
21
2.5386579527559054
0
LINE
8
BLACK
6
CONTINUOUS
10
0.2440230708661417
20
2.5386579527559054
11
0.2443037007874016
21
2.5384815748031495
0
LINE
8
BLACK
6
CONTINUOUS
10
0.2443037007874016
20
2.5384815748031495
11
0.2446100787401575
21
2.5383546456692914
0
LINE
8
BLACK
6
CONTINUOUS
10
0.2446100787401575
20
2.5383546456692914
11
0.244786811023622
21
2.5381779133858267
0
LINE
8
BLACK
6
CONTINUOUS
10
0.244786811023622
20
2.5381779133858267
11
0.2449985039370079
21
2.5380448425196849
0
LINE
8
BLACK
6
CONTINUOUS
10
0.2449985039370079
20
2.5380448425196849
11
0.2451903149606299
21
2.537774409448819
0
LINE
8
BLACK
6
CONTINUOUS
10
0.2451903149606299
20
2.537774409448819
11
0.2454247244094488
21
2.5375399999999999
0
LINE
8
BLACK
6
CONTINUOUS
10
0.2454247244094488
20
2.5375399999999999
11
0.2455203543307087
21
2.5373090944881889
0
LINE
8
BLACK
6
CONTINUOUS
10
0.2455203543307087
20
2.5373090944881889
11
0.2456650393700787
21
2.5371051181102362
0
LINE
8
BLACK
6
CONTINUOUS
10
0.2456650393700787
20
2.5371051181102362
11
0.2457387401574803
21
2.5367818897637795
0
LINE
8
BLACK
6
CONTINUOUS
10
0.2457387401574803
20
2.5367818897637795
11
0.2458656299212598
21
2.5364755905511811
0
LINE
8
BLACK
6
CONTINUOUS
10
0.2458656299212598
20
2.5364755905511811
11
0.2458656299212598
21
2.53622562992126
0
LINE
8
BLACK
6
CONTINUOUS
10
0.2458656299212598
20
2.53622562992126
11
0.2459212204724409
21
2.5359818503937008
0
LINE
8
BLACK
6
CONTINUOUS
10
0.2459212204724409
20
2.5359818503937008
11
0.2458656299212598
21
2.5356550393700785
0
LINE
8
BLACK
6
CONTINUOUS
10
0.2458656299212598
20
2.5356550393700785
11
0.2458656299212598
21
2.5353234645669289
0
LINE
8
BLACK
6
CONTINUOUS
10
0.2458656299212598
20
2.5353234645669289
11
0.2457699212598425
21
2.5350924803149604
0
LINE
8
BLACK
6
CONTINUOUS
10
0.2457699212598425
20
2.5350924803149604
11
0.245728031496063
21
2.5348460629921261
0
LINE
8
BLACK
6
CONTINUOUS
10
0.245728031496063
20
2.5348460629921261
11
0.2454695275590551
21
2.5343281496062993
0
LINE
8
BLACK
6
CONTINUOUS
10
0.2454695275590551
20
2.5343281496062993
11
0.2318153149606299
21
2.5126055511811023
0
LINE
8
BLACK
6
CONTINUOUS
10
0.2318153149606299
20
2.5126055511811023
11
0.2429696062992126
21
2.5126055511811023
0
LINE
8
BLACK
6
CONTINUOUS
10
0.2429696062992126
20
2.5126055511811023
11
0.2435456692913386
21
2.5125488188976379
0
LINE
8
BLACK
6
CONTINUOUS
10
0.2435456692913386
20
2.5125488188976379
11
0.2446100787401575
21
2.5121079133858268
0
LINE
8
BLACK
6
CONTINUOUS
10
0.2446100787401575
20
2.5121079133858268
11
0.2454247244094488
21
2.5112932677165354
0
LINE
8
BLACK
6
CONTINUOUS
10
0.2454247244094488
20
2.5112932677165354
11
0.2458656299212598
21
2.5102288582677166
0
LINE
8
BLACK
6
CONTINUOUS
10
0.2458656299212598
20
2.5102288582677166
11
0.2458656299212598
21
2.5090767322834644
0
LINE
8
BLACK
6
CONTINUOUS
10
0.2458656299212598
20
2.5090767322834644
11
0.2454247244094488
21
2.5080123228346456
0
LINE
8
BLACK
6
CONTINUOUS
10
0.2454247244094488
20
2.5080123228346456
11
0.2446100787401575
21
2.5071976771653541
0
LINE
8
BLACK
6
CONTINUOUS
10
0.2446100787401575
20
2.5071976771653541
11
0.2435456692913386
21
2.506756771653543
0
LINE
8
BLACK
6
CONTINUOUS
10
0.2435456692913386
20
2.506756771653543
11
0.2429696062992126
21
2.5067000393700787
0
LINE
8
BLACK
6
CONTINUOUS
10
0.2429696062992126
20
2.5067000393700787
11
0.2264716535433071
21
2.5067000393700787
0
LINE
8
BLACK
6
CONTINUOUS
10
0.2264716535433071
20
2.5067000393700787
11
0.2258955905511811
21
2.506756771653543
0
LINE
8
BLACK
6
CONTINUOUS
10
0.2258955905511811
20
2.506756771653543
11
0.2256645669291339
21
2.5068524803149606
0
LINE
8
BLACK
6
CONTINUOUS
10
0.2256645669291339
20
2.5068524803149606
11
0.2254181889763779
21
2.5068943700787401
0
LINE
8
BLACK
6
CONTINUOUS
10
0.2254181889763779
20
2.5068943700787401
11
0.2251375196850394
21
2.5070707874015747
0
LINE
8
BLACK
6
CONTINUOUS
10
0.2251375196850394
20
2.5070707874015747
11
0.2248311811023622
21
2.5071976771653541
0
LINE
8
BLACK
6
CONTINUOUS
10
0.2248311811023622
20
2.5071976771653541
11
0.2246544094488189
21
2.5073744488188976
0
LINE
8
BLACK
6
CONTINUOUS
10
0.2246544094488189
20
2.5073744488188976
11
0.2244427559055118
21
2.5075074803149606
0
LINE
8
BLACK
6
CONTINUOUS
10
0.2244427559055118
20
2.5075074803149606
11
0.224250905511811
21
2.5077779527559056
0
LINE
8
BLACK
6
CONTINUOUS
10
0.224250905511811
20
2.5077779527559056
11
0.2240165354330709
21
2.5080123228346456
0
LINE
8
BLACK
6
CONTINUOUS
10
0.2240165354330709
20
2.5080123228346456
11
0.2239208661417323
21
2.5082432677165354
0
LINE
8
BLACK
6
CONTINUOUS
10
0.2239208661417323
20
2.5082432677165354
11
0.2237762204724409
21
2.5084472047244093
0
LINE
8
BLACK
6
CONTINUOUS
10
0.2237762204724409
20
2.5084472047244093
11
0.2237024803149606
21
2.5087704724409448
0
LINE
8
BLACK
6
CONTINUOUS
10
0.2237024803149606
20
2.5087704724409448
11
0.2235756299212598
21
2.5090767322834644
0
LINE
8
BLACK
6
CONTINUOUS
10
0.2235756299212598
20
2.5090767322834644
11
0.2235756299212598
21
2.5093267322834647
0
LINE
8
BLACK
6
CONTINUOUS
10
0.2235756299212598
20
2.5093267322834647
11
0.2235200393700787
21
2.5095704724409447
0
LINE
8
BLACK
6
CONTINUOUS
10
0.2235200393700787
20
2.5095704724409447
11
0.2235756299212598
21
2.5098973228346457
0
LINE
8
BLACK
6
CONTINUOUS
10
0.2235756299212598
20
2.5098973228346457
11
0.2235756299212598
21
2.5102288582677166
0
LINE
8
BLACK
6
CONTINUOUS
10
0.2235756299212598
20
2.5102288582677166
11
0.2236712992125984
21
2.5104598818897639
0
LINE
8
BLACK
6
CONTINUOUS
10
0.2236712992125984
20
2.5104598818897639
11
0.2237132283464567
21
2.5107062598425198
0
LINE
8
BLACK
6
CONTINUOUS
10
0.2237132283464567
20
2.5107062598425198
11
0.2239717322834646
21
2.5112241732283462
0
LINE
8
BLACK
6
CONTINUOUS
10
0.2239717322834646
20
2.5112241732283462
11
0.2376259448818898
21
2.5329467716535432
0
LINE
8
BLACK
6
CONTINUOUS
10
0.2376259448818898
20
2.5329467716535432
11
0.2264716535433071
21
2.5329467716535432
0
LINE
8
BLACK
6
CONTINUOUS
10
0.2264716535433071
20
2.5329467716535432
11
0.2258955905511811
21
2.533003503937008
0
LINE
8
BLACK
6
CONTINUOUS
10
0.2258955905511811
20
2.533003503937008
11
0.2248311811023622
21
2.5334444094488187
0
LINE
8
BLACK
6
CONTINUOUS
10
0.2248311811023622
20
2.5334444094488187
11
0.2240165354330709
21
2.5342590551181101
0
LINE
8
BLACK
6
CONTINUOUS
10
0.2240165354330709
20
2.5342590551181101
11
0.2235756299212598
21
2.5353234645669289
0
LINE
8
BLACK
6
CONTINUOUS
10
0.2235756299212598
20
2.5353234645669289
11
0.2235756299212598
21
2.5364755905511811
0
LINE
8
BLACK
6
CONTINUOUS
10
0.2235756299212598
20
2.5364755905511811
11
0.2240165354330709
21
2.5375399999999999
0
LINE
8
BLACK
6
CONTINUOUS
10
0.2240165354330709
20
2.5375399999999999
11
0.2248311811023622
21
2.5383546456692914
0
LINE
8
BLACK
6
CONTINUOUS
10
0.2248311811023622
20
2.5383546456692914
11
0.2258955905511811
21
2.5387955511811025
0
LINE
8
BLACK
6
CONTINUOUS
10
0.2258955905511811
20
2.5387955511811025
11
0.2264716535433071
21
2.5388522834645668
0
LINE
8
BLACK
6
CONTINUOUS
10
0.2264716535433071
20
2.5388522834645668
11
0.2429696062992126
21
2.5388522834645668
0
LINE
8
BLACK
6
CONTINUOUS
10
0.2429696062992126
20
2.5388522834645668
11
0.2435456692913386
21
2.5387955511811025
0
LINE
8
BLACK
6
CONTINUOUS
10
0.2806055905511811
20
2.5514779921259843
11
0.2814202362204724
21
2.5506633464566928
0
LINE
8
BLACK
6
CONTINUOUS
10
0.2814202362204724
20
2.5506633464566928
11
0.2818611417322834
21
2.549598937007874
0
LINE
8
BLACK
6
CONTINUOUS
10
0.2818611417322834
20
2.549598937007874
11
0.281917874015748
21
2.5490228740157481
0
LINE
8
BLACK
6
CONTINUOUS
10
0.281917874015748
20
2.5490228740157481
11
0.281917874015748
21
2.5126055511811023
0
LINE
8
BLACK
6
CONTINUOUS
10
0.281917874015748
20
2.5126055511811023
11
0.2939632283464567
21
2.5126055511811023
0
LINE
8
BLACK
6
CONTINUOUS
10
0.2939632283464567
20
2.5126055511811023
11
0.2945392913385826
21
2.5125488188976379
0
LINE
8
BLACK
6
CONTINUOUS
10
0.2945392913385826
20
2.5125488188976379
11
0.2956037007874016
21
2.5121079133858268
0
LINE
8
BLACK
6
CONTINUOUS
10
0.2956037007874016
20
2.5121079133858268
11
0.2964183464566929
21
2.5112932677165354
0
LINE
8
BLACK
6
CONTINUOUS
10
0.2964183464566929
20
2.5112932677165354
11
0.2968592519685039
21
2.5102288582677166
0
LINE
8
BLACK
6
CONTINUOUS
10
0.2968592519685039
20
2.5102288582677166
11
0.2968592519685039
21
2.5090767322834644
0
LINE
8
BLACK
6
CONTINUOUS
10
0.2968592519685039
20
2.5090767322834644
11
0.2964183464566929
21
2.5080123228346456
0
LINE
8
BLACK
6
CONTINUOUS
10
0.2964183464566929
20
2.5080123228346456
11
0.2956037007874016
21
2.5071976771653541
0
LINE
8
BLACK
6
CONTINUOUS
10
0.2956037007874016
20
2.5071976771653541
11
0.2945392913385826
21
2.506756771653543
0
LINE
8
BLACK
6
CONTINUOUS
10
0.2945392913385826
20
2.506756771653543
11
0.2939632283464567
21
2.5067000393700787
0
LINE
8
BLACK
6
CONTINUOUS
10
0.2939632283464567
20
2.5067000393700787
11
0.2789651181102362
21
2.5067000393700787
0
LINE
8
BLACK
6
CONTINUOUS
10
0.2789651181102362
20
2.5067000393700787
11
0.2783890551181102
21
2.506756771653543
0
LINE
8
BLACK
6
CONTINUOUS
10
0.2783890551181102
20
2.506756771653543
11
0.2773246456692913
21
2.5071976771653541
0
LINE
8
BLACK
6
CONTINUOUS
10
0.2773246456692913
20
2.5071976771653541
11
0.27651
21
2.5080123228346456
0
LINE
8
BLACK
6
CONTINUOUS
10
0.27651
20
2.5080123228346456
11
0.2760690944881889
21
2.5090767322834644
0
LINE
8
BLACK
6
CONTINUOUS
10
0.2760690944881889
20
2.5090767322834644
11
0.2760123622047244
21
2.5096527952755907
0
LINE
8
BLACK
6
CONTINUOUS
10
0.2760123622047244
20
2.5096527952755907
11
0.2760123622047244
21
2.5490228740157481
0
LINE
8
BLACK
6
CONTINUOUS
10
0.2760123622047244
20
2.5490228740157481
11
0.2760690944881889
21
2.549598937007874
0
LINE
8
BLACK
6
CONTINUOUS
10
0.2760690944881889
20
2.549598937007874
11
0.27651
21
2.5506633464566928
0
LINE
8
BLACK
6
CONTINUOUS
10
0.27651
20
2.5506633464566928
11
0.2773246456692913
21
2.5514779921259843
0
LINE
8
BLACK
6
CONTINUOUS
10
0.2773246456692913
20
2.5514779921259843
11
0.2783890551181102
21
2.5519188976377953
0
LINE
8
BLACK
6
CONTINUOUS
10
0.2783890551181102
20
2.5519188976377953
11
0.2795411811023622
21
2.5519188976377953
0
LINE
8
BLACK
6
CONTINUOUS
10
0.2795411811023622
20
2.5519188976377953
11
0.2806055905511811
21
2.5514779921259843
0
LINE
8
BLACK
6
CONTINUOUS
10
0.3200361023622047
20
2.5519188976377953
11
0.3211005118110236
21
2.5514779921259843
0
LINE
8
BLACK
6
CONTINUOUS
10
0.3211005118110236
20
2.5514779921259843
11
0.321915157480315
21
2.5506633464566928
0
LINE
8
BLACK
6
CONTINUOUS
10
0.321915157480315
20
2.5506633464566928
11
0.322356062992126
21
2.549598937007874
0
LINE
8
BLACK
6
CONTINUOUS
10
0.322356062992126
20
2.549598937007874
11
0.322356062992126
21
2.5484468110236218
0
LINE
8
BLACK
6
CONTINUOUS
10
0.322356062992126
20
2.5484468110236218
11
0.321915157480315
21
2.547382401574803
0
LINE
8
BLACK
6
CONTINUOUS
10
0.321915157480315
20
2.547382401574803
11
0.3211005118110236
21
2.5465677559055115
0
LINE
8
BLACK
6
CONTINUOUS
10
0.3211005118110236
20
2.5465677559055115
11
0.3200361023622047
21
2.5461268503937009
0
LINE
8
BLACK
6
CONTINUOUS
10
0.3200361023622047
20
2.5461268503937009
11
0.3194600393700787
21
2.5460701181102361
0
LINE
8
BLACK
6
CONTINUOUS
10
0.3194600393700787
20
2.5460701181102361
11
0.3074146850393701
21
2.5460701181102361
0
LINE
8
BLACK
6
CONTINUOUS
10
0.3074146850393701
20
2.5460701181102361
11
0.3074146850393701
21
2.5332279921259842
0
LINE
8
BLACK
6
CONTINUOUS
10
0.3074146850393701
20
2.5332279921259842
11
0.3149605905511811
21
2.5332279921259842
0
LINE
8
BLACK
6
CONTINUOUS
10
0.3149605905511811
20
2.5332279921259842
11
0.3155366535433071
21
2.5331712598425198
0
LINE
8
BLACK
6
CONTINUOUS
10
0.3155366535433071
20
2.5331712598425198
11
0.316601062992126
21
2.5327303543307087
0
LINE
8
BLACK
6
CONTINUOUS
10
0.316601062992126
20
2.5327303543307087
11
0.3174157086614173
21
2.5319157086614172
0
LINE
8
BLACK
6
CONTINUOUS
10
0.3174157086614173
20
2.5319157086614172
11
0.3178566141732284
21
2.5308512992125984
0
LINE
8
BLACK
6
CONTINUOUS
10
0.3178566141732284
20
2.5308512992125984
11
0.3178566141732284
21
2.5296991732283463
0
LINE
8
BLACK
6
CONTINUOUS
10
0.3178566141732284
20
2.5296991732283463
11
0.3174157086614173
21
2.5286347637795275
0
LINE
8
BLACK
6
CONTINUOUS
10
0.3174157086614173
20
2.5286347637795275
11
0.316601062992126
21
2.527820118110236
0
LINE
8
BLACK
6
CONTINUOUS
10
0.316601062992126
20
2.527820118110236
11
0.3155366535433071
21
2.5273792125984254
0
LINE
8
BLACK
6
CONTINUOUS
10
0.3155366535433071
20
2.5273792125984254
11
0.3149605905511811
21
2.5273224803149605
0
LINE
8
BLACK
6
CONTINUOUS
10
0.3149605905511811
20
2.5273224803149605
11
0.3074146850393701
21
2.5273224803149605
0
LINE
8
BLACK
6
CONTINUOUS
10
0.3074146850393701
20
2.5273224803149605
11
0.3074146850393701
21
2.5126055511811023
0
LINE
8
BLACK
6
CONTINUOUS
10
0.3074146850393701
20
2.5126055511811023
11
0.3194600393700787
21
2.5126055511811023
0
LINE
8
BLACK
6
CONTINUOUS
10
0.3194600393700787
20
2.5126055511811023
11
0.3200361023622047
21
2.5125488188976379
0
LINE
8
BLACK
6
CONTINUOUS
10
0.3200361023622047
20
2.5125488188976379
11
0.3211005118110236
21
2.5121079133858268
0
LINE
8
BLACK
6
CONTINUOUS
10
0.3211005118110236
20
2.5121079133858268
11
0.321915157480315
21
2.5112932677165354
0
LINE
8
BLACK
6
CONTINUOUS
10
0.321915157480315
20
2.5112932677165354
11
0.322356062992126
21
2.5102288582677166
0
LINE
8
BLACK
6
CONTINUOUS
10
0.322356062992126
20
2.5102288582677166
11
0.322356062992126
21
2.5090767322834644
0
LINE
8
BLACK
6
CONTINUOUS
10
0.322356062992126
20
2.5090767322834644
11
0.321915157480315
21
2.5080123228346456
0
LINE
8
BLACK
6
CONTINUOUS
10
0.321915157480315
20
2.5080123228346456
11
0.3211005118110236
21
2.5071976771653541
0
LINE
8
BLACK
6
CONTINUOUS
10
0.3211005118110236
20
2.5071976771653541
11
0.3200361023622047
21
2.506756771653543
0
LINE
8
BLACK
6
CONTINUOUS
10
0.3200361023622047
20
2.506756771653543
11
0.3194600393700787
21
2.5067000393700787
0
LINE
8
BLACK
6
CONTINUOUS
10
0.3194600393700787
20
2.5067000393700787
11
0.3044619291338583
21
2.5067000393700787
0
LINE
8
BLACK
6
CONTINUOUS
10
0.3044619291338583
20
2.5067000393700787
11
0.3038858661417323
21
2.506756771653543
0
LINE
8
BLACK
6
CONTINUOUS
10
0.3038858661417323
20
2.506756771653543
11
0.3028214566929134
21
2.5071976771653541
0
LINE
8
BLACK
6
CONTINUOUS
10
0.3028214566929134
20
2.5071976771653541
11
0.302006811023622
21
2.5080123228346456
0
LINE
8
BLACK
6
CONTINUOUS
10
0.302006811023622
20
2.5080123228346456
11
0.301565905511811
21
2.5090767322834644
0
LINE
8
BLACK
6
CONTINUOUS
10
0.301565905511811
20
2.5090767322834644
11
0.3015091732283465
21
2.5096527952755907
0
LINE
8
BLACK
6
CONTINUOUS
10
0.3015091732283465
20
2.5096527952755907
11
0.3015091732283465
21
2.5490228740157481
0
LINE
8
BLACK
6
CONTINUOUS
10
0.3015091732283465
20
2.5490228740157481
11
0.301565905511811
21
2.549598937007874
0
LINE
8
BLACK
6
CONTINUOUS
10
0.301565905511811
20
2.549598937007874
11
0.302006811023622
21
2.5506633464566928
0
LINE
8
BLACK
6
CONTINUOUS
10
0.302006811023622
20
2.5506633464566928
11
0.3028214566929134
21
2.5514779921259843
0
LINE
8
BLACK
6
CONTINUOUS
10
0.3028214566929134
20
2.5514779921259843
11
0.3038858661417323
21
2.5519188976377953
0
LINE
8
BLACK
6
CONTINUOUS
10
0.3038858661417323
20
2.5519188976377953
11
0.3044619291338583
21
2.5519756299212597
0
LINE
8
BLACK
6
CONTINUOUS
10
0.3044619291338583
20
2.5519756299212597
11
0.3194600393700787
21
2.5519756299212597
0
LINE
8
BLACK
6
CONTINUOUS
10
0.3194600393700787
20
2.5519756299212597
11
0.3200361023622047
21
2.5519188976377953
0
LINE
8
BLACK
6
CONTINUOUS
10
0.3410335039370079
20
2.5519188976377953
11
0.3410364173228346
21
2.5519177165354332
0
LINE
8
BLACK
6
CONTINUOUS
10
0.3410364173228346
20
2.5519177165354332
11
0.3410395275590551
21
2.5519176771653544
0
LINE
8
BLACK
6
CONTINUOUS
10
0.3410395275590551
20
2.5519176771653544
11
0.3415931102362205
21
2.551748503937008
0
LINE
8
BLACK
6
CONTINUOUS
10
0.3415931102362205
20
2.551748503937008
11
0.3460925590551181
21
2.5498737401574805
0
LINE
8
BLACK
6
CONTINUOUS
10
0.3460925590551181
20
2.5498737401574805
11
0.3466025196850394
21
2.5495998031496061
0
LINE
8
BLACK
6
CONTINUOUS
10
0.3466025196850394
20
2.5495998031496061
11
0.3467167322834646
21
2.5494850787401573
0
LINE
8
BLACK
6
CONTINUOUS
10
0.3467167322834646
20
2.5494850787401573
11
0.3468584645669291
21
2.5494070472440944
0
LINE
8
BLACK
6
CONTINUOUS
10
0.3468584645669291
20
2.5494070472440944
11
0.3472625984251969
21
2.5489926771653542
0
LINE
8
BLACK
6
CONTINUOUS
10
0.3472625984251969
20
2.5489926771653542
11
0.3502622047244094
21
2.545243149606299
0
LINE
8
BLACK
6
CONTINUOUS
10
0.3502622047244094
20
2.545243149606299
11
0.3503805905511811
21
2.5450611023622045
0
LINE
8
BLACK
6
CONTINUOUS
10
0.3503805905511811
20
2.5450611023622045
11
0.3504314566929134
21
2.5450089763779529
0
LINE
8
BLACK
6
CONTINUOUS
10
0.3504314566929134
20
2.5450089763779529
11
0.3504984251968504
21
2.5448799212598425
0
LINE
8
BLACK
6
CONTINUOUS
10
0.3504984251968504
20
2.5448799212598425
11
0.3505777952755905
21
2.5447578740157479
0
LINE
8
BLACK
6
CONTINUOUS
10
0.3505777952755905
20
2.5447578740157479
11
0.350598031496063
21
2.5446879133858267
0
LINE
8
BLACK
6
CONTINUOUS
10
0.350598031496063
20
2.5446879133858267
11
0.3506980708661417
21
2.5444951968503937
0
LINE
8
BLACK
6
CONTINUOUS
10
0.3506980708661417
20
2.5444951968503937
11
0.352197874015748
21
2.5407457086614174
0
LINE
8
BLACK
6
CONTINUOUS
10
0.352197874015748
20
2.5407457086614174
11
0.3522734645669292
21
2.5404850393700786
0
LINE
8
BLACK
6
CONTINUOUS
10
0.3522734645669292
20
2.5404850393700786
11
0.3523516929133858
21
2.5402281496062993
0
LINE
8
BLACK
6
CONTINUOUS
10
0.3523516929133858
20
2.5402281496062993
11
0.3538515354330709
21
2.5327290944881891
0
LINE
8
BLACK
6
CONTINUOUS
10
0.3538515354330709
20
2.5327290944881891
11
0.3538517322834646
21
2.5327271259842519
0
LINE
8
BLACK
6
CONTINUOUS
10
0.3538517322834646
20
2.5327271259842519
11
0.3538521653543307
21
2.532726062992126
0
LINE
8
BLACK
6
CONTINUOUS
10
0.3538521653543307
20
2.532726062992126
11
0.3538813385826772
21
2.5324298031496064
0
LINE
8
BLACK
6
CONTINUOUS
10
0.3538813385826772
20
2.5324298031496064
11
0.3539088976377953
21
2.5321531102362203
0
LINE
8
BLACK
6
CONTINUOUS
10
0.3539088976377953
20
2.5321531102362203
11
0.3539086614173228
21
2.5321520866141731
0
LINE
8
BLACK
6
CONTINUOUS
10
0.3539086614173228
20
2.5321520866141731
11
0.3539088976377953
21
2.5321500000000001
0
LINE
8
BLACK
6
CONTINUOUS
10
0.3539088976377953
20
2.5321500000000001
11
0.3539088976377953
21
2.5265257086614175
0
LINE
8
BLACK
6
CONTINUOUS
10
0.3539088976377953
20
2.5265257086614175
11
0.3539086614173228
21
2.5265236614173228
0
LINE
8
BLACK
6
CONTINUOUS
10
0.3539086614173228
20
2.5265236614173228
11
0.3539088976377953
21
2.5265225984251969
0
LINE
8
BLACK
6
CONTINUOUS
10
0.3539088976377953
20
2.5265225984251969
11
0.3538813385826772
21
2.5262459448818899
0
LINE
8
BLACK
6
CONTINUOUS
10
0.3538813385826772
20
2.5262459448818899
11
0.3538521653543307
21
2.5259496456692911
0
LINE
8
BLACK
6
CONTINUOUS
10
0.3538521653543307
20
2.5259496456692911
11
0.3538517322834646
21
2.525948622047244
0
LINE
8
BLACK
6
CONTINUOUS
10
0.3538517322834646
20
2.525948622047244
11
0.3538515354330709
21
2.5259466141732281
0
LINE
8
BLACK
6
CONTINUOUS
10
0.3538515354330709
20
2.5259466141732281
11
0.3523516929133858
21
2.5184475590551179
0
LINE
8
BLACK
6
CONTINUOUS
10
0.3523516929133858
20
2.5184475590551179
11
0.3522734645669292
21
2.5181907086614173
0
LINE
8
BLACK
6
CONTINUOUS
10
0.3522734645669292
20
2.5181907086614173
11
0.352197874015748
21
2.5179299999999998
0
LINE
8
BLACK
6
CONTINUOUS
10
0.352197874015748
20
2.5179299999999998
11
0.3506980708661417
21
2.5141805118110234
0
LINE
8
BLACK
6
CONTINUOUS
10
0.3506980708661417
20
2.5141805118110234
11
0.350598031496063
21
2.5139878346456692
0
LINE
8
BLACK
6
CONTINUOUS
10
0.350598031496063
20
2.5139878346456692
11
0.3505777952755905
21
2.5139178346456692
0
LINE
8
BLACK
6
CONTINUOUS
10
0.3505777952755905
20
2.5139178346456692
11
0.3504983858267716
21
2.5137957874015746
0
LINE
8
BLACK
6
CONTINUOUS
10
0.3504983858267716
20
2.5137957874015746
11
0.3504314566929134
21
2.5136667322834647
0
LINE
8
BLACK
6
CONTINUOUS
10
0.3504314566929134
20
2.5136667322834647
11
0.3503806299212598
21
2.5136146850393701
0
LINE
8
BLACK
6
CONTINUOUS
10
0.3503806299212598
20
2.5136146850393701
11
0.3502622440944882
21
2.5134325984251968
0
LINE
8
BLACK
6
CONTINUOUS
10
0.3502622440944882
20
2.5134325984251968
11
0.3472626377952756
21
2.5096829921259842
0
LINE
8
BLACK
6
CONTINUOUS
10
0.3472626377952756
20
2.5096829921259842
11
0.3468584645669291
21
2.509268622047244
0
LINE
8
BLACK
6
CONTINUOUS
10
0.3468584645669291
20
2.509268622047244
11
0.3467167322834646
21
2.5091905905511811
0
LINE
8
BLACK
6
CONTINUOUS
10
0.3467167322834646
20
2.5091905905511811
11
0.3466025196850394
21
2.5090758661417323
0
LINE
8
BLACK
6
CONTINUOUS
10
0.3466025196850394
20
2.5090758661417323
11
0.3460925590551181
21
2.5088019291338584
0
LINE
8
BLACK
6
CONTINUOUS
10
0.3460925590551181
20
2.5088019291338584
11
0.3415931102362205
21
2.5069271653543308
0
LINE
8
BLACK
6
CONTINUOUS
10
0.3415931102362205
20
2.5069271653543308
11
0.3410395275590551
21
2.5067579921259844
0
LINE
8
BLACK
6
CONTINUOUS
10
0.3410395275590551
20
2.5067579921259844
11
0.3410364173228346
21
2.5067579921259844
0
LINE
8
BLACK
6
CONTINUOUS
10
0.3410364173228346
20
2.5067579921259844
11
0.3410335039370079
21
2.506756771653543
0
LINE
8
BLACK
6
CONTINUOUS
10
0.3410335039370079
20
2.506756771653543
11
0.3404574409448819
21
2.5067000393700787
0
LINE
8
BLACK
6
CONTINUOUS
10
0.3404574409448819
20
2.5067000393700787
11
0.3329583858267716
21
2.5067000393700787
0
LINE
8
BLACK
6
CONTINUOUS
10
0.3329583858267716
20
2.5067000393700787
11
0.3323823228346456
21
2.506756771653543
0
LINE
8
BLACK
6
CONTINUOUS
10
0.3323823228346456
20
2.506756771653543
11
0.3313179133858268
21
2.5071976771653541
0
LINE
8
BLACK
6
CONTINUOUS
10
0.3313179133858268
20
2.5071976771653541
11
0.3305032677165354
21
2.5080123228346456
0
LINE
8
BLACK
6
CONTINUOUS
10
0.3305032677165354
20
2.5080123228346456
11
0.3300623622047244
21
2.5090767322834644
0
LINE
8
BLACK
6
CONTINUOUS
10
0.3300623622047244
20
2.5090767322834644
11
0.3300056299212598
21
2.5096527952755907
0
LINE
8
BLACK
6
CONTINUOUS
10
0.3300056299212598
20
2.5096527952755907
11
0.3300056299212598
21
2.5490228740157481
0
LINE
8
BLACK
6
CONTINUOUS
10
0.3300056299212598
20
2.5490228740157481
11
0.3300623622047244
21
2.549598937007874
0
LINE
8
BLACK
6
CONTINUOUS
10
0.3300623622047244
20
2.549598937007874
11
0.3305032677165354
21
2.5506633464566928
0
LINE
8
BLACK
6
CONTINUOUS
10
0.3305032677165354
20
2.5506633464566928
11
0.3313179133858268
21
2.5514779921259843
0
LINE
8
BLACK
6
CONTINUOUS
10
0.3313179133858268
20
2.5514779921259843
11
0.3323823228346456
21
2.5519188976377953
0
LINE
8
BLACK
6
CONTINUOUS
10
0.3323823228346456
20
2.5519188976377953
11
0.3329583858267716
21
2.5519756299212597
0
LINE
8
BLACK
6
CONTINUOUS
10
0.3329583858267716
20
2.5519756299212597
11
0.3404574409448819
21
2.5519756299212597
0
LINE
8
BLACK
6
CONTINUOUS
10
0.3404574409448819
20
2.5519756299212597
11
0.3410335039370079
21
2.5519188976377953
0
LINE
8
BLACK
6
CONTINUOUS
10
0.3359111417322835
20
2.5126055511811023
11
0.3398668897637795
21
2.5126055511811023
0
LINE
8
BLACK
6
CONTINUOUS
10
0.3398668897637795
20
2.5126055511811023
11
0.3431233464566929
21
2.5139624409448817
0
LINE
8
BLACK
6
CONTINUOUS
10
0.3431233464566929
20
2.5139624409448817
11
0.3453774015748031
21
2.5167799999999998
0
LINE
8
BLACK
6
CONTINUOUS
10
0.3453774015748031
20
2.5167799999999998
11
0.3466140551181102
21
2.519871692913386
0
LINE
8
BLACK
6
CONTINUOUS
10
0.3466140551181102
20
2.519871692913386
11
0.3480033858267716
21
2.5268181889763781
0
LINE
8
BLACK
6
CONTINUOUS
10
0.3480033858267716
20
2.5268181889763781
11
0.3480033858267716
21
2.5318575590551182
0
LINE
8
BLACK
6
CONTINUOUS
10
0.3480033858267716
20
2.5318575590551182
11
0.3466140551181102
21
2.5388040551181104
0
LINE
8
BLACK
6
CONTINUOUS
10
0.3466140551181102
20
2.5388040551181104
11
0.3453774015748031
21
2.5418957480314961
0
LINE
8
BLACK
6
CONTINUOUS
10
0.3453774015748031
20
2.5418957480314961
11
0.3431234251968504
21
2.5447132283464566
0
LINE
8
BLACK
6
CONTINUOUS
10
0.3431234251968504
20
2.5447132283464566
11
0.3398668897637795
21
2.5460701181102361
0
LINE
8
BLACK
6
CONTINUOUS
10
0.3398668897637795
20
2.5460701181102361
11
0.3359111417322835
21
2.5460701181102361
0
LINE
8
BLACK
6
CONTINUOUS
10
0.3359111417322835
20
2.5460701181102361
11
0.3359111417322835
21
2.5126055511811023
0
LINE
8
BLACK
6
CONTINUOUS
10
0.4170885433070866
20
2.5514779921259843
11
0.417903188976378
21
2.5506633464566928
0
LINE
8
BLACK
6
CONTINUOUS
10
0.417903188976378
20
2.5506633464566928
11
0.418344094488189
21
2.549598937007874
0
LINE
8
BLACK
6
CONTINUOUS
10
0.418344094488189
20
2.549598937007874
11
0.4184008267716535
21
2.5490228740157481
0
LINE
8
BLACK
6
CONTINUOUS
10
0.4184008267716535
20
2.5490228740157481
11
0.4184008267716535
21
2.5126055511811023
0
LINE
8
BLACK
6
CONTINUOUS
10
0.4184008267716535
20
2.5126055511811023
11
0.4304461811023622
21
2.5126055511811023
0
LINE
8
BLACK
6
CONTINUOUS
10
0.4304461811023622
20
2.5126055511811023
11
0.4310222440944882
21
2.5125488188976379
0
LINE
8
BLACK
6
CONTINUOUS
10
0.4310222440944882
20
2.5125488188976379
11
0.4320866535433071
21
2.5121079133858268
0
LINE
8
BLACK
6
CONTINUOUS
10
0.4320866535433071
20
2.5121079133858268
11
0.4329012992125984
21
2.5112932677165354
0
LINE
8
BLACK
6
CONTINUOUS
10
0.4329012992125984
20
2.5112932677165354
11
0.4333422047244094
21
2.5102288582677166
0
LINE
8
BLACK
6
CONTINUOUS
10
0.4333422047244094
20
2.5102288582677166
11
0.4333422047244094
21
2.5090767322834644
0
LINE
8
BLACK
6
CONTINUOUS
10
0.4333422047244094
20
2.5090767322834644
11
0.4329012992125984
21
2.5080123228346456
0
LINE
8
BLACK
6
CONTINUOUS
10
0.4329012992125984
20
2.5080123228346456
11
0.4320866535433071
21
2.5071976771653541
0
LINE
8
BLACK
6
CONTINUOUS
10
0.4320866535433071
20
2.5071976771653541
11
0.4310222440944882
21
2.506756771653543
0
LINE
8
BLACK
6
CONTINUOUS
10
0.4310222440944882
20
2.506756771653543
11
0.4304461811023622
21
2.5067000393700787
0
LINE
8
BLACK
6
CONTINUOUS
10
0.4304461811023622
20
2.5067000393700787
11
0.4154480708661417
21
2.5067000393700787
0
LINE
8
BLACK
6
CONTINUOUS
10
0.4154480708661417
20
2.5067000393700787
11
0.4148720078740157
21
2.506756771653543
0
LINE
8
BLACK
6
CONTINUOUS
10
0.4148720078740157
20
2.506756771653543
11
0.4138075984251968
21
2.5071976771653541
0
LINE
8
BLACK
6
CONTINUOUS
10
0.4138075984251968
20
2.5071976771653541
11
0.4129929527559055
21
2.5080123228346456
0
LINE
8
BLACK
6
CONTINUOUS
10
0.4129929527559055
20
2.5080123228346456
11
0.4125520472440945
21
2.5090767322834644
0
LINE
8
BLACK
6
CONTINUOUS
10
0.4125520472440945
20
2.5090767322834644
11
0.4124953149606299
21
2.5096527952755907
0
LINE
8
BLACK
6
CONTINUOUS
10
0.4124953149606299
20
2.5096527952755907
11
0.4124953149606299
21
2.5490228740157481
0
LINE
8
BLACK
6
CONTINUOUS
10
0.4124953149606299
20
2.5490228740157481
11
0.4125520472440945
21
2.549598937007874
0
LINE
8
BLACK
6
CONTINUOUS
10
0.4125520472440945
20
2.549598937007874
11
0.4129929527559055
21
2.5506633464566928
0
LINE
8
BLACK
6
CONTINUOUS
10
0.4129929527559055
20
2.5506633464566928
11
0.4138075984251968
21
2.5514779921259843
0
LINE
8
BLACK
6
CONTINUOUS
10
0.4138075984251968
20
2.5514779921259843
11
0.4148720078740157
21
2.5519188976377953
0
LINE
8
BLACK
6
CONTINUOUS
10
0.4148720078740157
20
2.5519188976377953
11
0.4160241338582677
21
2.5519188976377953
0
LINE
8
BLACK
6
CONTINUOUS
10
0.4160241338582677
20
2.5519188976377953
11
0.4170885433070866
21
2.5514779921259843
0
LINE
8
BLACK
6
CONTINUOUS
10
0.4565190551181103
20
2.5519188976377953
11
0.4575834645669291
21
2.5514779921259843
0
LINE
8
BLACK
6
CONTINUOUS
10
0.4575834645669291
20
2.5514779921259843
11
0.4583981102362205
21
2.5506633464566928
0
LINE
8
BLACK
6
CONTINUOUS
10
0.4583981102362205
20
2.5506633464566928
11
0.4588390157480315
21
2.549598937007874
0
LINE
8
BLACK
6
CONTINUOUS
10
0.4588390157480315
20
2.549598937007874
11
0.4588390157480315
21
2.5484468110236218
0
LINE
8
BLACK
6
CONTINUOUS
10
0.4588390157480315
20
2.5484468110236218
11
0.4583981102362205
21
2.547382401574803
0
LINE
8
BLACK
6
CONTINUOUS
10
0.4583981102362205
20
2.547382401574803
11
0.4575834645669291
21
2.5465677559055115
0
LINE
8
BLACK
6
CONTINUOUS
10
0.4575834645669291
20
2.5465677559055115
11
0.4565190551181103
21
2.5461268503937009
0
LINE
8
BLACK
6
CONTINUOUS
10
0.4565190551181103
20
2.5461268503937009
11
0.4559429921259842
21
2.5460701181102361
0
LINE
8
BLACK
6
CONTINUOUS
10
0.4559429921259842
20
2.5460701181102361
11
0.4438976377952756
21
2.5460701181102361
0
LINE
8
BLACK
6
CONTINUOUS
10
0.4438976377952756
20
2.5460701181102361
11
0.4438976377952756
21
2.5332279921259842
0
LINE
8
BLACK
6
CONTINUOUS
10
0.4438976377952756
20
2.5332279921259842
11
0.4514435433070866
21
2.5332279921259842
0
LINE
8
BLACK
6
CONTINUOUS
10
0.4514435433070866
20
2.5332279921259842
11
0.4520196062992126
21
2.5331712598425198
0
LINE
8
BLACK
6
CONTINUOUS
10
0.4520196062992126
20
2.5331712598425198
11
0.4530840157480315
21
2.5327303543307087
0
LINE
8
BLACK
6
CONTINUOUS
10
0.4530840157480315
20
2.5327303543307087
11
0.4538986614173228
21
2.5319157086614172
0
LINE
8
BLACK
6
CONTINUOUS
10
0.4538986614173228
20
2.5319157086614172
11
0.4543395669291339
21
2.5308512992125984
0
LINE
8
BLACK
6
CONTINUOUS
10
0.4543395669291339
20
2.5308512992125984
11
0.4543395669291339
21
2.5296991732283463
0
LINE
8
BLACK
6
CONTINUOUS
10
0.4543395669291339
20
2.5296991732283463
11
0.4538986614173228
21
2.5286347637795275
0
LINE
8
BLACK
6
CONTINUOUS
10
0.4538986614173228
20
2.5286347637795275
11
0.4530840157480315
21
2.527820118110236
0
LINE
8
BLACK
6
CONTINUOUS
10
0.4530840157480315
20
2.527820118110236
11
0.4520196062992126
21
2.5273792125984254
0
LINE
8
BLACK
6
CONTINUOUS
10
0.4520196062992126
20
2.5273792125984254
11
0.4514435433070866
21
2.5273224803149605
0
LINE
8
BLACK
6
CONTINUOUS
10
0.4514435433070866
20
2.5273224803149605
11
0.4438976377952756
21
2.5273224803149605
0
LINE
8
BLACK
6
CONTINUOUS
10
0.4438976377952756
20
2.5273224803149605
11
0.4438976377952756
21
2.5126055511811023
0
LINE
8
BLACK
6
CONTINUOUS
10
0.4438976377952756
20
2.5126055511811023
11
0.4559429921259842
21
2.5126055511811023
0
LINE
8
BLACK
6
CONTINUOUS
10
0.4559429921259842
20
2.5126055511811023
11
0.4565190551181103
21
2.5125488188976379
0
LINE
8
BLACK
6
CONTINUOUS
10
0.4565190551181103
20
2.5125488188976379
11
0.4575834645669291
21
2.5121079133858268
0
LINE
8
BLACK
6
CONTINUOUS
10
0.4575834645669291
20
2.5121079133858268
11
0.4583981102362205
21
2.5112932677165354
0
LINE
8
BLACK
6
CONTINUOUS
10
0.4583981102362205
20
2.5112932677165354
11
0.4588390157480315
21
2.5102288582677166
0
LINE
8
BLACK
6
CONTINUOUS
10
0.4588390157480315
20
2.5102288582677166
11
0.4588390157480315
21
2.5090767322834644
0
LINE
8
BLACK
6
CONTINUOUS
10
0.4588390157480315
20
2.5090767322834644
11
0.4583981102362205
21
2.5080123228346456
0
LINE
8
BLACK
6
CONTINUOUS
10
0.4583981102362205
20
2.5080123228346456
11
0.4575834645669291
21
2.5071976771653541
0
LINE
8
BLACK
6
CONTINUOUS
10
0.4575834645669291
20
2.5071976771653541
11
0.4565190551181103
21
2.506756771653543
0
LINE
8
BLACK
6
CONTINUOUS
10
0.4565190551181103
20
2.506756771653543
11
0.4559429921259842
21
2.5067000393700787
0
LINE
8
BLACK
6
CONTINUOUS
10
0.4559429921259842
20
2.5067000393700787
11
0.4409448818897638
21
2.5067000393700787
0
LINE
8
BLACK
6
CONTINUOUS
10
0.4409448818897638
20
2.5067000393700787
11
0.4403688188976378
21
2.506756771653543
0
LINE
8
BLACK
6
CONTINUOUS
10
0.4403688188976378
20
2.506756771653543
11
0.4393044094488189
21
2.5071976771653541
0
LINE
8
BLACK
6
CONTINUOUS
10
0.4393044094488189
20
2.5071976771653541
11
0.4384897637795275
21
2.5080123228346456
0
LINE
8
BLACK
6
CONTINUOUS
10
0.4384897637795275
20
2.5080123228346456
11
0.4380488582677165
21
2.5090767322834644
0
LINE
8
BLACK
6
CONTINUOUS
10
0.4380488582677165
20
2.5090767322834644
11
0.437992125984252
21
2.5096527952755907
0
LINE
8
BLACK
6
CONTINUOUS
10
0.437992125984252
20
2.5096527952755907
11
0.437992125984252
21
2.5490228740157481
0
LINE
8
BLACK
6
CONTINUOUS
10
0.437992125984252
20
2.5490228740157481
11
0.4380488582677165
21
2.549598937007874
0
LINE
8
BLACK
6
CONTINUOUS
10
0.4380488582677165
20
2.549598937007874
11
0.4384897637795275
21
2.5506633464566928
0
LINE
8
BLACK
6
CONTINUOUS
10
0.4384897637795275
20
2.5506633464566928
11
0.4393044094488189
21
2.5514779921259843
0
LINE
8
BLACK
6
CONTINUOUS
10
0.4393044094488189
20
2.5514779921259843
11
0.4403688188976378
21
2.5519188976377953
0
LINE
8
BLACK
6
CONTINUOUS
10
0.4403688188976378
20
2.5519188976377953
11
0.4409448818897638
21
2.5519756299212597
0
LINE
8
BLACK
6
CONTINUOUS
10
0.4409448818897638
20
2.5519756299212597
11
0.4559429921259842
21
2.5519756299212597
0
LINE
8
BLACK
6
CONTINUOUS
10
0.4559429921259842
20
2.5519756299212597
11
0.4565190551181103
21
2.5519188976377953
0
LINE
8
BLACK
6
CONTINUOUS
10
0.4775164566929134
20
2.5519188976377953
11
0.4775193700787401
21
2.5519177165354332
0
LINE
8
BLACK
6
CONTINUOUS
10
0.4775193700787401
20
2.5519177165354332
11
0.4775224803149606
21
2.5519176771653544
0
LINE
8
BLACK
6
CONTINUOUS
10
0.4775224803149606
20
2.5519176771653544
11
0.478076062992126
21
2.551748503937008
0
LINE
8
BLACK
6
CONTINUOUS
10
0.478076062992126
20
2.551748503937008
11
0.4825755118110236
21
2.5498737401574805
0
LINE
8
BLACK
6
CONTINUOUS
10
0.4825755118110236
20
2.5498737401574805
11
0.4830854724409449
21
2.5495998031496061
0
LINE
8
BLACK
6
CONTINUOUS
10
0.4830854724409449
20
2.5495998031496061
11
0.4831996850393701
21
2.5494850787401573
0
LINE
8
BLACK
6
CONTINUOUS
10
0.4831996850393701
20
2.5494850787401573
11
0.4833414173228346
21
2.5494070472440944
0
LINE
8
BLACK
6
CONTINUOUS
10
0.4833414173228346
20
2.5494070472440944
11
0.4837455511811024
21
2.5489926771653542
0
LINE
8
BLACK
6
CONTINUOUS
10
0.4837455511811024
20
2.5489926771653542
11
0.4867451574803149
21
2.545243149606299
0
LINE
8
BLACK
6
CONTINUOUS
10
0.4867451574803149
20
2.545243149606299
11
0.4868635433070866
21
2.5450611023622045
0
LINE
8
BLACK
6
CONTINUOUS
10
0.4868635433070866
20
2.5450611023622045
11
0.4869144094488189
21
2.5450089763779529
0
LINE
8
BLACK
6
CONTINUOUS
10
0.4869144094488189
20
2.5450089763779529
11
0.4869813779527559
21
2.5448799212598425
0
LINE
8
BLACK
6
CONTINUOUS
10
0.4869813779527559
20
2.5448799212598425
11
0.4870607480314961
21
2.5447578740157479
0
LINE
8
BLACK
6
CONTINUOUS
10
0.4870607480314961
20
2.5447578740157479
11
0.4870809842519685
21
2.5446879133858267
0
LINE
8
BLACK
6
CONTINUOUS
10
0.4870809842519685
20
2.5446879133858267
11
0.4871810236220472
21
2.5444951968503937
0
LINE
8
BLACK
6
CONTINUOUS
10
0.4871810236220472
20
2.5444951968503937
11
0.4886808267716535
21
2.5407457086614174
0
LINE
8
BLACK
6
CONTINUOUS
10
0.4886808267716535
20
2.5407457086614174
11
0.4887564173228346
21
2.5404850393700786
0
LINE
8
BLACK
6
CONTINUOUS
10
0.4887564173228346
20
2.5404850393700786
11
0.4888346456692913
21
2.5402281496062993
0
LINE
8
BLACK
6
CONTINUOUS
10
0.4888346456692913
20
2.5402281496062993
11
0.4903344881889763
21
2.5327290944881891
0
LINE
8
BLACK
6
CONTINUOUS
10
0.4903344881889763
20
2.5327290944881891
11
0.4903346850393701
21
2.5327271259842519
0
LINE
8
BLACK
6
CONTINUOUS
10
0.4903346850393701
20
2.5327271259842519
11
0.4903351181102362
21
2.532726062992126
0
LINE
8
BLACK
6
CONTINUOUS
10
0.4903351181102362
20
2.532726062992126
11
0.4903642913385827
21
2.5324298031496064
0
LINE
8
BLACK
6
CONTINUOUS
10
0.4903642913385827
20
2.5324298031496064
11
0.4903918503937008
21
2.5321531102362203
0
LINE
8
BLACK
6
CONTINUOUS
10
0.4903918503937008
20
2.5321531102362203
11
0.4903916141732284
21
2.5321520866141731
0
LINE
8
BLACK
6
CONTINUOUS
10
0.4903916141732284
20
2.5321520866141731
11
0.4903918503937008
21
2.5321500000000001
0
LINE
8
BLACK
6
CONTINUOUS
10
0.4903918503937008
20
2.5321500000000001
11
0.4903918503937008
21
2.5265257086614175
0
LINE
8
BLACK
6
CONTINUOUS
10
0.4903918503937008
20
2.5265257086614175
11
0.4903916141732284
21
2.5265236614173228
0
LINE
8
BLACK
6
CONTINUOUS
10
0.4903916141732284
20
2.5265236614173228
11
0.4903918503937008
21
2.5265225984251969
0
LINE
8
BLACK
6
CONTINUOUS
10
0.4903918503937008
20
2.5265225984251969
11
0.4903642913385827
21
2.5262459448818899
0
LINE
8
BLACK
6
CONTINUOUS
10
0.4903642913385827
20
2.5262459448818899
11
0.4903351181102362
21
2.5259496456692911
0
LINE
8
BLACK
6
CONTINUOUS
10
0.4903351181102362
20
2.5259496456692911
11
0.4903346850393701
21
2.525948622047244
0
LINE
8
BLACK
6
CONTINUOUS
10
0.4903346850393701
20
2.525948622047244
11
0.4903344881889763
21
2.5259466141732281
0
LINE
8
BLACK
6
CONTINUOUS
10
0.4903344881889763
20
2.5259466141732281
11
0.4888346456692913
21
2.5184475590551179
0
LINE
8
BLACK
6
CONTINUOUS
10
0.4888346456692913
20
2.5184475590551179
11
0.4887564173228346
21
2.5181907086614173
0
LINE
8
BLACK
6
CONTINUOUS
10
0.4887564173228346
20
2.5181907086614173
11
0.4886808267716535
21
2.5179299999999998
0
LINE
8
BLACK
6
CONTINUOUS
10
0.4886808267716535
20
2.5179299999999998
11
0.4871810236220472
21
2.5141805118110234
0
LINE
8
BLACK
6
CONTINUOUS
10
0.4871810236220472
20
2.5141805118110234
11
0.4870809842519685
21
2.5139878346456692
0
LINE
8
BLACK
6
CONTINUOUS
10
0.4870809842519685
20
2.5139878346456692
11
0.4870607480314961
21
2.5139178346456692
0
LINE
8
BLACK
6
CONTINUOUS
10
0.4870607480314961
20
2.5139178346456692
11
0.4869813385826772
21
2.5137957874015746
0
LINE
8
BLACK
6
CONTINUOUS
10
0.4869813385826772
20
2.5137957874015746
11
0.4869144094488189
21
2.5136667322834647
0
LINE
8
BLACK
6
CONTINUOUS
10
0.4869144094488189
20
2.5136667322834647
11
0.4868635826771653
21
2.5136146850393701
0
LINE
8
BLACK
6
CONTINUOUS
10
0.4868635826771653
20
2.5136146850393701
11
0.4867451968503937
21
2.5134325984251968
0
LINE
8
BLACK
6
CONTINUOUS
10
0.4867451968503937
20
2.5134325984251968
11
0.4837455905511811
21
2.5096829921259842
0
LINE
8
BLACK
6
CONTINUOUS
10
0.4837455905511811
20
2.5096829921259842
11
0.4833414173228346
21
2.509268622047244
0
LINE
8
BLACK
6
CONTINUOUS
10
0.4833414173228346
20
2.509268622047244
11
0.4831996850393701
21
2.5091905905511811
0
LINE
8
BLACK
6
CONTINUOUS
10
0.4831996850393701
20
2.5091905905511811
11
0.4830854724409449
21
2.5090758661417323
0
LINE
8
BLACK
6
CONTINUOUS
10
0.4830854724409449
20
2.5090758661417323
11
0.4825755118110236
21
2.5088019291338584
0
LINE
8
BLACK
6
CONTINUOUS
10
0.4825755118110236
20
2.5088019291338584
11
0.478076062992126
21
2.5069271653543308
0
LINE
8
BLACK
6
CONTINUOUS
10
0.478076062992126
20
2.5069271653543308
11
0.4775224803149606
21
2.5067579921259844
0
LINE
8
BLACK
6
CONTINUOUS
10
0.4775224803149606
20
2.5067579921259844
11
0.4775193700787401
21
2.5067579921259844
0
LINE
8
BLACK
6
CONTINUOUS
10
0.4775193700787401
20
2.5067579921259844
11
0.4775164566929134
21
2.506756771653543
0
LINE
8
BLACK
6
CONTINUOUS
10
0.4775164566929134
20
2.506756771653543
11
0.4769403937007874
21
2.5067000393700787
0
LINE
8
BLACK
6
CONTINUOUS
10
0.4769403937007874
20
2.5067000393700787
11
0.4694413385826772
21
2.5067000393700787
0
LINE
8
BLACK
6
CONTINUOUS
10
0.4694413385826772
20
2.5067000393700787
11
0.4688652755905512
21
2.506756771653543
0
LINE
8
BLACK
6
CONTINUOUS
10
0.4688652755905512
20
2.506756771653543
11
0.4678008661417323
21
2.5071976771653541
0
LINE
8
BLACK
6
CONTINUOUS
10
0.4678008661417323
20
2.5071976771653541
11
0.4669862204724409
21
2.5080123228346456
0
LINE
8
BLACK
6
CONTINUOUS
10
0.4669862204724409
20
2.5080123228346456
11
0.4665453149606299
21
2.5090767322834644
0
LINE
8
BLACK
6
CONTINUOUS
10
0.4665453149606299
20
2.5090767322834644
11
0.4664885826771654
21
2.5096527952755907
0
LINE
8
BLACK
6
CONTINUOUS
10
0.4664885826771654
20
2.5096527952755907
11
0.4664885826771654
21
2.5490228740157481
0
LINE
8
BLACK
6
CONTINUOUS
10
0.4664885826771654
20
2.5490228740157481
11
0.4665453149606299
21
2.549598937007874
0
LINE
8
BLACK
6
CONTINUOUS
10
0.4665453149606299
20
2.549598937007874
11
0.4669862204724409
21
2.5506633464566928
0
LINE
8
BLACK
6
CONTINUOUS
10
0.4669862204724409
20
2.5506633464566928
11
0.4678008661417323
21
2.5514779921259843
0
LINE
8
BLACK
6
CONTINUOUS
10
0.4678008661417323
20
2.5514779921259843
11
0.4688652755905512
21
2.5519188976377953
0
LINE
8
BLACK
6
CONTINUOUS
10
0.4688652755905512
20
2.5519188976377953
11
0.4694413385826772
21
2.5519756299212597
0
LINE
8
BLACK
6
CONTINUOUS
10
0.4694413385826772
20
2.5519756299212597
11
0.4769403937007874
21
2.5519756299212597
0
LINE
8
BLACK
6
CONTINUOUS
10
0.4769403937007874
20
2.5519756299212597
11
0.4775164566929134
21
2.5519188976377953
0
LINE
8
BLACK
6
CONTINUOUS
10
0.472394094488189
20
2.5126055511811023
11
0.476349842519685
21
2.5126055511811023
0
LINE
8
BLACK
6
CONTINUOUS
10
0.476349842519685
20
2.5126055511811023
11
0.4796062992125984
21
2.5139624409448817
0
LINE
8
BLACK
6
CONTINUOUS
10
0.4796062992125984
20
2.5139624409448817
11
0.4818603543307087
21
2.5167799999999998
0
LINE
8
BLACK
6
CONTINUOUS
10
0.4818603543307087
20
2.5167799999999998
11
0.4830970078740157
21
2.519871692913386
0
LINE
8
BLACK
6
CONTINUOUS
10
0.4830970078740157
20
2.519871692913386
11
0.4844863385826771
21
2.5268181889763781
0
LINE
8
BLACK
6
CONTINUOUS
10
0.4844863385826771
20
2.5268181889763781
11
0.4844863385826771
21
2.5318575590551182
0
LINE
8
BLACK
6
CONTINUOUS
10
0.4844863385826771
20
2.5318575590551182
11
0.4830970078740157
21
2.5388040551181104
0
LINE
8
BLACK
6
CONTINUOUS
10
0.4830970078740157
20
2.5388040551181104
11
0.4818603543307087
21
2.5418957480314961
0
LINE
8
BLACK
6
CONTINUOUS
10
0.4818603543307087
20
2.5418957480314961
11
0.4796063779527559
21
2.5447132283464566
0
LINE
8
BLACK
6
CONTINUOUS
10
0.4796063779527559
20
2.5447132283464566
11
0.476349842519685
21
2.5460701181102361
0
LINE
8
BLACK
6
CONTINUOUS
10
0.476349842519685
20
2.5460701181102361
11
0.472394094488189
21
2.5460701181102361
0
LINE
8
BLACK
6
CONTINUOUS
10
0.472394094488189
20
2.5460701181102361
11
0.472394094488189
21
2.5126055511811023
0
LINE
8
BLACK
6
CONTINUOUS
10
0.5120121259842519
20
2.5519188976377953
11
0.5122395669291339
21
2.55182468503937
0
LINE
8
BLACK
6
CONTINUOUS
10
0.5122395669291339
20
2.55182468503937
11
0.5124824409448818
21
2.5517840157480314
0
LINE
8
BLACK
6
CONTINUOUS
10
0.5124824409448818
20
2.5517840157480314
11
0.5130010236220472
21
2.551526811023622
0
LINE
8
BLACK
6
CONTINUOUS
10
0.5130010236220472
20
2.551526811023622
11
0.5160006692913386
21
2.5496520472440944
0
LINE
8
BLACK
6
CONTINUOUS
10
0.5160006692913386
20
2.5496520472440944
11
0.5162713779527559
21
2.5494433464566928
0
LINE
8
BLACK
6
CONTINUOUS
10
0.5162713779527559
20
2.5494433464566928
11
0.5163372834645669
21
2.5494070472440944
0
LINE
8
BLACK
6
CONTINUOUS
10
0.5163372834645669
20
2.5494070472440944
11
0.5163943307086614
21
2.5493485433070866
0
LINE
8
BLACK
6
CONTINUOUS
10
0.5163943307086614
20
2.5493485433070866
11
0.5164590944881889
21
2.5492986220472442
0
LINE
8
BLACK
6
CONTINUOUS
10
0.5164590944881889
20
2.5492986220472442
11
0.5165027559055118
21
2.5492373622047242
0
LINE
8
BLACK
6
CONTINUOUS
10
0.5165027559055118
20
2.5492373622047242
11
0.5167414173228346
21
2.5489926771653542
0
LINE
8
BLACK
6
CONTINUOUS
10
0.5167414173228346
20
2.5489926771653542
11
0.5182412204724409
21
2.5471179133858266
0
LINE
8
BLACK
6
CONTINUOUS
10
0.5182412204724409
20
2.5471179133858266
11
0.5183596062992126
21
2.5469358661417321
0
LINE
8
BLACK
6
CONTINUOUS
10
0.5183596062992126
20
2.5469358661417321
11
0.5184104724409448
21
2.5468837401574804
0
LINE
8
BLACK
6
CONTINUOUS
10
0.5184104724409448
20
2.5468837401574804
11
0.5184774409448819
21
2.5467546850393701
0
LINE
8
BLACK
6
CONTINUOUS
10
0.5184774409448819
20
2.5467546850393701
11
0.5185568110236221
21
2.5466326377952755
0
LINE
8
BLACK
6
CONTINUOUS
10
0.5185568110236221
20
2.5466326377952755
11
0.5185770472440945
21
2.5465626771653542
0
LINE
8
BLACK
6
CONTINUOUS
10
0.5185770472440945
20
2.5465626771653542
11
0.5186770866141732
21
2.5463699606299213
0
LINE
8
BLACK
6
CONTINUOUS
10
0.5186770866141732
20
2.5463699606299213
11
0.5201768897637795
21
2.5426204724409449
0
LINE
8
BLACK
6
CONTINUOUS
10
0.5201768897637795
20
2.5426204724409449
11
0.520319842519685
21
2.5421276377952755
0
LINE
8
BLACK
6
CONTINUOUS
10
0.520319842519685
20
2.5421276377952755
11
0.5203313385826771
21
2.5420998818897638
0
LINE
8
BLACK
6
CONTINUOUS
10
0.5203313385826771
20
2.5420998818897638
11
0.5203330708661417
21
2.5420819291338583
0
LINE
8
BLACK
6
CONTINUOUS
10
0.5203330708661417
20
2.5420819291338583
11
0.5203381496062992
21
2.542064527559055
0
LINE
8
BLACK
6
CONTINUOUS
10
0.5203381496062992
20
2.542064527559055
11
0.5203377559055118
21
2.5420344488188977
0
LINE
8
BLACK
6
CONTINUOUS
10
0.5203377559055118
20
2.5420344488188977
11
0.5203880708661417
21
2.5415238188976379
0
LINE
8
BLACK
6
CONTINUOUS
10
0.5203880708661417
20
2.5415238188976379
11
0.5203880708661417
21
2.5377742913385828
0
LINE
8
BLACK
6
CONTINUOUS
10
0.5203880708661417
20
2.5377742913385828
11
0.5203377559055118
21
2.5372637007874017
0
LINE
8
BLACK
6
CONTINUOUS
10
0.5203377559055118
20
2.5372637007874017
11
0.5203381496062992
21
2.5372335826771653
0
LINE
8
BLACK
6
CONTINUOUS
10
0.5203381496062992
20
2.5372335826771653
11
0.5203330708661417
21
2.5372162204724411
0
LINE
8
BLACK
6
CONTINUOUS
10
0.5203330708661417
20
2.5372162204724411
11
0.5203313385826771
21
2.5371982283464565
0
LINE
8
BLACK
6
CONTINUOUS
10
0.5203313385826771
20
2.5371982283464565
11
0.520319842519685
21
2.5371705118110235
0
LINE
8
BLACK
6
CONTINUOUS
10
0.520319842519685
20
2.5371705118110235
11
0.5201768897637795
21
2.5366776377952753
0
LINE
8
BLACK
6
CONTINUOUS
10
0.5201768897637795
20
2.5366776377952753
11
0.5186770866141732
21
2.532928149606299
0
LINE
8
BLACK
6
CONTINUOUS
10
0.5186770866141732
20
2.532928149606299
11
0.5185770472440945
21
2.5327354724409448
0
LINE
8
BLACK
6
CONTINUOUS
10
0.5185770472440945
20
2.5327354724409448
11
0.5185568110236221
21
2.5326654724409448
0
LINE
8
BLACK
6
CONTINUOUS
10
0.5185568110236221
20
2.5326654724409448
11
0.5184774409448819
21
2.5325434645669289
0
LINE
8
BLACK
6
CONTINUOUS
10
0.5184774409448819
20
2.5325434645669289
11
0.5184104724409448
21
2.5324143700787403
0
LINE
8
BLACK
6
CONTINUOUS
10
0.5184104724409448
20
2.5324143700787403
11
0.5183596062992126
21
2.5323622834645669
0
LINE
8
BLACK
6
CONTINUOUS
10
0.5183596062992126
20
2.5323622834645669
11
0.5182412204724409
21
2.5321801968503936
0
LINE
8
BLACK
6
CONTINUOUS
10
0.5182412204724409
20
2.5321801968503936
11
0.5172997244094488
21
2.5310033464566928
0
LINE
8
BLACK
6
CONTINUOUS
10
0.5172997244094488
20
2.5310033464566928
11
0.5175811417322834
21
2.5308521653543306
0
LINE
8
BLACK
6
CONTINUOUS
10
0.5175811417322834
20
2.5308521653543306
11
0.5176953543307087
21
2.5307374409448817
0
LINE
8
BLACK
6
CONTINUOUS
10
0.5176953543307087
20
2.5307374409448817
11
0.5178370866141733
21
2.5306594094488188
0
LINE
8
BLACK
6
CONTINUOUS
10
0.5178370866141733
20
2.5306594094488188
11
0.5182412204724409
21
2.5302450393700786
0
LINE
8
BLACK
6
CONTINUOUS
10
0.5182412204724409
20
2.5302450393700786
11
0.5197410236220472
21
2.5283702755905511
0
LINE
8
BLACK
6
CONTINUOUS
10
0.5197410236220472
20
2.5283702755905511
11
0.5198594094488189
21
2.5281882283464565
0
LINE
8
BLACK
6
CONTINUOUS
10
0.5198594094488189
20
2.5281882283464565
11
0.5199102362204724
21
2.5281361417322836
0
LINE
8
BLACK
6
CONTINUOUS
10
0.5199102362204724
20
2.5281361417322836
11
0.5199772047244094
21
2.528007125984252
0
LINE
8
BLACK
6
CONTINUOUS
10
0.5199772047244094
20
2.528007125984252
11
0.5200566141732283
21
2.5278849999999999
0
LINE
8
BLACK
6
CONTINUOUS
10
0.5200566141732283
20
2.5278849999999999
11
0.5200768503937008
21
2.5278150787401574
0
LINE
8
BLACK
6
CONTINUOUS
10
0.5200768503937008
20
2.5278150787401574
11
0.5201768897637795
21
2.5276223622047245
0
LINE
8
BLACK
6
CONTINUOUS
10
0.5201768897637795
20
2.5276223622047245
11
0.5216767322834646
21
2.5238728346456694
0
LINE
8
BLACK
6
CONTINUOUS
10
0.5216767322834646
20
2.5238728346456694
11
0.52181968503937
21
2.52338
0
LINE
8
BLACK
6
CONTINUOUS
10
0.52181968503937
20
2.52338
11
0.5218311811023622
21
2.5233522440944882
0
LINE
8
BLACK
6
CONTINUOUS
10
0.5218311811023622
20
2.5233522440944882
11
0.5218329133858267
21
2.5233342913385828
0
LINE
8
BLACK
6
CONTINUOUS
10
0.5218329133858267
20
2.5233342913385828
11
0.5218379921259843
21
2.5233168897637794
0
LINE
8
BLACK
6
CONTINUOUS
10
0.5218379921259843
20
2.5233168897637794
11
0.5218375984251968
21
2.5232868110236222
0
LINE
8
BLACK
6
CONTINUOUS
10
0.5218375984251968
20
2.5232868110236222
11
0.5218879133858267
21
2.5227761811023623
0
LINE
8
BLACK
6
CONTINUOUS
10
0.5218879133858267
20
2.5227761811023623
11
0.5218879133858267
21
2.5171518897637797
0
LINE
8
BLACK
6
CONTINUOUS
10
0.5218879133858267
20
2.5171518897637797
11
0.5218375984251968
21
2.5166412992125982
0
LINE
8
BLACK
6
CONTINUOUS
10
0.5218375984251968
20
2.5166412992125982
11
0.5218379921259843
21
2.5166111811023621
0
LINE
8
BLACK
6
CONTINUOUS
10
0.5218379921259843
20
2.5166111811023621
11
0.5218329133858267
21
2.5165938188976376
0
LINE
8
BLACK
6
CONTINUOUS
10
0.5218329133858267
20
2.5165938188976376
11
0.5218311811023622
21
2.5165758267716534
0
LINE
8
BLACK
6
CONTINUOUS
10
0.5218311811023622
20
2.5165758267716534
11
0.52181968503937
21
2.5165481102362204
0
LINE
8
BLACK
6
CONTINUOUS
10
0.52181968503937
20
2.5165481102362204
11
0.5216767322834646
21
2.5160552362204722
0
LINE
8
BLACK
6
CONTINUOUS
10
0.5216767322834646
20
2.5160552362204722
11
0.5201768897637795
21
2.5123057086614171
0
LINE
8
BLACK
6
CONTINUOUS
10
0.5201768897637795
20
2.5123057086614171
11
0.5200768503937008
21
2.5121129921259842
0
LINE
8
BLACK
6
CONTINUOUS
10
0.5200768503937008
20
2.5121129921259842
11
0.5200566141732283
21
2.5120431102362204
0
LINE
8
BLACK
6
CONTINUOUS
10
0.5200566141732283
20
2.5120431102362204
11
0.5199772440944882
21
2.5119211023622046
0
LINE
8
BLACK
6
CONTINUOUS
10
0.5199772440944882
20
2.5119211023622046
11
0.5199102362204724
21
2.5117919291338584
0
LINE
8
BLACK
6
CONTINUOUS
10
0.5199102362204724
20
2.5117919291338584
11
0.5198594094488189
21
2.5117398818897638
0
LINE
8
BLACK
6
CONTINUOUS
10
0.5198594094488189
20
2.5117398818897638
11
0.519741062992126
21
2.5115578346456693
0
LINE
8
BLACK
6
CONTINUOUS
10
0.519741062992126
20
2.5115578346456693
11
0.5182412598425197
21
2.509683031496063
0
LINE
8
BLACK
6
CONTINUOUS
10
0.5182412598425197
20
2.509683031496063
11
0.5180025590551181
21
2.5094383464566929
0
LINE
8
BLACK
6
CONTINUOUS
10
0.5180025590551181
20
2.5094383464566929
11
0.5179588976377952
21
2.5093770472440946
0
LINE
8
BLACK
6
CONTINUOUS
10
0.5179588976377952
20
2.5093770472440946
11
0.5178941338582677
21
2.5093271653543305
0
LINE
8
BLACK
6
CONTINUOUS
10
0.5178941338582677
20
2.5093271653543305
11
0.5178370866141733
21
2.509268622047244
0
LINE
8
BLACK
6
CONTINUOUS
10
0.5178370866141733
20
2.509268622047244
11
0.5177711811023622
21
2.5092323622047243
0
LINE
8
BLACK
6
CONTINUOUS
10
0.5177711811023622
20
2.5092323622047243
11
0.5175004724409449
21
2.5090236220472439
0
LINE
8
BLACK
6
CONTINUOUS
10
0.5175004724409449
20
2.5090236220472439
11
0.5145008661417323
21
2.5071488582677164
0
LINE
8
BLACK
6
CONTINUOUS
10
0.5145008661417323
20
2.5071488582677164
11
0.5139822834645669
21
2.506891653543307
0
LINE
8
BLACK
6
CONTINUOUS
10
0.5139822834645669
20
2.506891653543307
11
0.5137394094488189
21
2.5068510236220471
0
LINE
8
BLACK
6
CONTINUOUS
10
0.5137394094488189
20
2.5068510236220471
11
0.513511968503937
21
2.506756771653543
0
LINE
8
BLACK
6
CONTINUOUS
10
0.513511968503937
20
2.506756771653543
11
0.512935905511811
21
2.5067000393700787
0
LINE
8
BLACK
6
CONTINUOUS
10
0.512935905511811
20
2.5067000393700787
11
0.5009374015748032
21
2.5067000393700787
0
LINE
8
BLACK
6
CONTINUOUS
10
0.5009374015748032
20
2.5067000393700787
11
0.5003613385826772
21
2.506756771653543
0
LINE
8
BLACK
6
CONTINUOUS
10
0.5003613385826772
20
2.506756771653543
11
0.4992969291338583
21
2.5071976771653541
0
LINE
8
BLACK
6
CONTINUOUS
10
0.4992969291338583
20
2.5071976771653541
11
0.4984822834645669
21
2.5080123228346456
0
LINE
8
BLACK
6
CONTINUOUS
10
0.4984822834645669
20
2.5080123228346456
11
0.4980413779527559
21
2.5090767322834644
0
LINE
8
BLACK
6
CONTINUOUS
10
0.4980413779527559
20
2.5090767322834644
11
0.4979846456692913
21
2.5096527952755907
0
LINE
8
BLACK
6
CONTINUOUS
10
0.4979846456692913
20
2.5096527952755907
11
0.4979846456692913
21
2.5490228740157481
0
LINE
8
BLACK
6
CONTINUOUS
10
0.4979846456692913
20
2.5490228740157481
11
0.4980413779527559
21
2.549598937007874
0
LINE
8
BLACK
6
CONTINUOUS
10
0.4980413779527559
20
2.549598937007874
11
0.4984822834645669
21
2.5506633464566928
0
LINE
8
BLACK
6
CONTINUOUS
10
0.4984822834645669
20
2.5506633464566928
11
0.4992969291338583
21
2.5514779921259843
0
LINE
8
BLACK
6
CONTINUOUS
10
0.4992969291338583
20
2.5514779921259843
11
0.5003613385826772
21
2.5519188976377953
0
LINE
8
BLACK
6
CONTINUOUS
10
0.5003613385826772
20
2.5519188976377953
11
0.5009374015748032
21
2.5519756299212597
0
LINE
8
BLACK
6
CONTINUOUS
10
0.5009374015748032
20
2.5519756299212597
11
0.511436062992126
21
2.5519756299212597
0
LINE
8
BLACK
6
CONTINUOUS
10
0.511436062992126
20
2.5519756299212597
11
0.5120121259842519
21
2.5519188976377953
0
LINE
8
BLACK
6
CONTINUOUS
10
0.503890157480315
20
2.5126055511811023
11
0.5120890551181102
21
2.5126055511811023
0
LINE
8
BLACK
6
CONTINUOUS
10
0.5120890551181102
20
2.5126055511811023
11
0.5139439763779527
21
2.5137649212598423
0
LINE
8
BLACK
6
CONTINUOUS
10
0.5139439763779527
20
2.5137649212598423
11
0.514856220472441
21
2.514905275590551
0
LINE
8
BLACK
6
CONTINUOUS
10
0.514856220472441
20
2.514905275590551
11
0.5159824015748031
21
2.5177205511811023
0
LINE
8
BLACK
6
CONTINUOUS
10
0.5159824015748031
20
2.5177205511811023
11
0.5159824015748031
21
2.5222075590551181
0
LINE
8
BLACK
6
CONTINUOUS
10
0.5159824015748031
20
2.5222075590551181
11
0.5148561811023622
21
2.5250229133858269
0
LINE
8
BLACK
6
CONTINUOUS
10
0.5148561811023622
20
2.5250229133858269
11
0.5141020472440945
21
2.5259655905511811
0
LINE
8
BLACK
6
CONTINUOUS
10
0.5141020472440945
20
2.5259655905511811
11
0.5108455118110236
21
2.5273224803149605
0
LINE
8
BLACK
6
CONTINUOUS
10
0.5108455118110236
20
2.5273224803149605
11
0.503890157480315
21
2.5273224803149605
0
LINE
8
BLACK
6
CONTINUOUS
10
0.503890157480315
20
2.5273224803149605
11
0.503890157480315
21
2.5126055511811023
0
LINE
8
BLACK
6
CONTINUOUS
10
0.503890157480315
20
2.5332279921259842
11
0.5105892125984252
21
2.5332279921259842
0
LINE
8
BLACK
6
CONTINUOUS
10
0.5105892125984252
20
2.5332279921259842
11
0.5124442125984252
21
2.5343874015748029
0
LINE
8
BLACK
6
CONTINUOUS
10
0.5124442125984252
20
2.5343874015748029
11
0.5133564173228347
21
2.5355276377952753
0
LINE
8
BLACK
6
CONTINUOUS
10
0.5133564173228347
20
2.5355276377952753
11
0.5144825590551181
21
2.5383429527559054
0
LINE
8
BLACK
6
CONTINUOUS
10
0.5144825590551181
20
2.5383429527559054
11
0.5144825590551181
21
2.5409551968503936
0
LINE
8
BLACK
6
CONTINUOUS
10
0.5144825590551181
20
2.5409551968503936
11
0.5133564173228347
21
2.5437705118110236
0
LINE
8
BLACK
6
CONTINUOUS
10
0.5133564173228347
20
2.5437705118110236
11
0.5124442125984252
21
2.5449107480314961
0
LINE
8
BLACK
6
CONTINUOUS
10
0.5124442125984252
20
2.5449107480314961
11
0.5105892125984252
21
2.5460701181102361
0
LINE
8
BLACK
6
CONTINUOUS
10
0.5105892125984252
20
2.5460701181102361
11
0.503890157480315
21
2.5460701181102361
0
LINE
8
BLACK
6
CONTINUOUS
10
0.503890157480315
20
2.5460701181102361
11
0.503890157480315
21
2.5332279921259842
0
LINE
8
BLACK
6
CONTINUOUS
10
0.3710197244094488
20
2.5518691732283463
11
0.3714061811023622
21
2.5518177952755905
0
LINE
8
BLACK
6
CONTINUOUS
10
0.3714061811023622
20
2.5518177952755905
11
0.3715717322834646
21
2.5517219685039367
0
LINE
8
BLACK
6
CONTINUOUS
10
0.3715717322834646
20
2.5517219685039367
11
0.3717564960629921
21
2.5516726771653544
0
LINE
8
BLACK
6
CONTINUOUS
10
0.3717564960629921
20
2.5516726771653544
11
0.372065905511811
21
2.5514358661417322
0
LINE
8
BLACK
6
CONTINUOUS
10
0.372065905511811
20
2.5514358661417322
11
0.3724032283464567
21
2.5512405511811025
0
LINE
8
BLACK
6
CONTINUOUS
10
0.3724032283464567
20
2.5512405511811025
11
0.3725194881889763
21
2.5510887007874015
0
LINE
8
BLACK
6
CONTINUOUS
10
0.3725194881889763
20
2.5510887007874015
11
0.3726713779527559
21
2.550972401574803
0
LINE
8
BLACK
6
CONTINUOUS
10
0.3726713779527559
20
2.550972401574803
11
0.3728666535433071
21
2.550635118110236
0
LINE
8
BLACK
6
CONTINUOUS
10
0.3728666535433071
20
2.550635118110236
11
0.3731035039370079
21
2.5503256692913383
0
LINE
8
BLACK
6
CONTINUOUS
10
0.3731035039370079
20
2.5503256692913383
11
0.3732096062992126
21
2.5500427165354331
0
LINE
8
BLACK
6
CONTINUOUS
10
0.3732096062992126
20
2.5500427165354331
11
0.3732486220472441
21
2.5499753543307087
0
LINE
8
BLACK
6
CONTINUOUS
10
0.3732486220472441
20
2.5499753543307087
11
0.3732561417322834
21
2.5499187007874013
0
LINE
8
BLACK
6
CONTINUOUS
10
0.3732561417322834
20
2.5499187007874013
11
0.3733067716535433
21
2.5497837007874016
0
LINE
8
BLACK
6
CONTINUOUS
10
0.3733067716535433
20
2.5497837007874016
11
0.3838054330708661
21
2.5104135826771654
0
LINE
8
BLACK
6
CONTINUOUS
10
0.3838054330708661
20
2.5104135826771654
11
0.3838990157480315
21
2.5098423622047243
0
LINE
8
BLACK
6
CONTINUOUS
10
0.3838990157480315
20
2.5098423622047243
11
0.3837472834645669
21
2.5087003149606297
0
LINE
8
BLACK
6
CONTINUOUS
10
0.3837472834645669
20
2.5087003149606297
11
0.3831700393700787
21
2.5077032677165354
0
LINE
8
BLACK
6
CONTINUOUS
10
0.3831700393700787
20
2.5077032677165354
11
0.382255157480315
21
2.507002992125984
0
LINE
8
BLACK
6
CONTINUOUS
10
0.382255157480315
20
2.507002992125984
11
0.3811419291338582
21
2.5067061023622048
0
LINE
8
BLACK
6
CONTINUOUS
10
0.3811419291338582
20
2.5067061023622048
11
0.3799998818897637
21
2.5068578740157479
0
LINE
8
BLACK
6
CONTINUOUS
10
0.3799998818897637
20
2.5068578740157479
11
0.3790028346456693
21
2.5074351181102363
0
LINE
8
BLACK
6
CONTINUOUS
10
0.3790028346456693
20
2.5074351181102363
11
0.3783025590551181
21
2.5083499606299213
0
LINE
8
BLACK
6
CONTINUOUS
10
0.3783025590551181
20
2.5083499606299213
11
0.3780992913385827
21
2.5088919685039368
0
LINE
8
BLACK
6
CONTINUOUS
10
0.3780992913385827
20
2.5088919685039368
11
0.3756841732283465
21
2.5179486614173228
0
LINE
8
BLACK
6
CONTINUOUS
10
0.3756841732283465
20
2.5179486614173228
11
0.365223188976378
21
2.5179486614173228
0
LINE
8
BLACK
6
CONTINUOUS
10
0.365223188976378
20
2.5179486614173228
11
0.3628080708661417
21
2.5088919685039368
0
LINE
8
BLACK
6
CONTINUOUS
10
0.3628080708661417
20
2.5088919685039368
11
0.3626048031496063
21
2.5083500000000001
0
LINE
8
BLACK
6
CONTINUOUS
10
0.3626048031496063
20
2.5083500000000001
11
0.3619045275590551
21
2.5074351181102363
0
LINE
8
BLACK
6
CONTINUOUS
10
0.3619045275590551
20
2.5074351181102363
11
0.3609074803149606
21
2.5068578740157479
0
LINE
8
BLACK
6
CONTINUOUS
10
0.3609074803149606
20
2.5068578740157479
11
0.3597654330708661
21
2.5067061417322836
0
LINE
8
BLACK
6
CONTINUOUS
10
0.3597654330708661
20
2.5067061417322836
11
0.3586522047244095
21
2.507002992125984
0
LINE
8
BLACK
6
CONTINUOUS
10
0.3586522047244095
20
2.507002992125984
11
0.3577373228346457
21
2.5077032677165354
0
LINE
8
BLACK
6
CONTINUOUS
10
0.3577373228346457
20
2.5077032677165354
11
0.3571600787401575
21
2.5087003149606297
0
LINE
8
BLACK
6
CONTINUOUS
10
0.3571600787401575
20
2.5087003149606297
11
0.3570083464566929
21
2.5098423622047243
0
LINE
8
BLACK
6
CONTINUOUS
10
0.3570083464566929
20
2.5098423622047243
11
0.3571019291338582
21
2.5104136220472442
0
LINE
8
BLACK
6
CONTINUOUS
10
0.3571019291338582
20
2.5104136220472442
11
0.3676006299212599
21
2.5497837007874016
0
LINE
8
BLACK
6
CONTINUOUS
10
0.3676006299212599
20
2.5497837007874016
11
0.3676512204724409
21
2.5499186614173226
0
LINE
8
BLACK
6
CONTINUOUS
10
0.3676512204724409
20
2.5499186614173226
11
0.367658779527559
21
2.5499753543307087
0
LINE
8
BLACK
6
CONTINUOUS
10
0.367658779527559
20
2.5499753543307087
11
0.3676977559055118
21
2.5500427165354331
0
LINE
8
BLACK
6
CONTINUOUS
10
0.3676977559055118
20
2.5500427165354331
11
0.3678038976377953
21
2.5503256692913383
0
LINE
8
BLACK
6
CONTINUOUS
10
0.3678038976377953
20
2.5503256692913383
11
0.3680407086614173
21
2.550635118110236
0
LINE
8
BLACK
6
CONTINUOUS
10
0.3680407086614173
20
2.550635118110236
11
0.3682360236220472
21
2.550972401574803
0
LINE
8
BLACK
6
CONTINUOUS
10
0.3682360236220472
20
2.550972401574803
11
0.368387874015748
21
2.5510887007874015
0
LINE
8
BLACK
6
CONTINUOUS
10
0.368387874015748
20
2.5510887007874015
11
0.3685041732283464
21
2.5512405511811025
0
LINE
8
BLACK
6
CONTINUOUS
10
0.3685041732283464
20
2.5512405511811025
11
0.3688414566929133
21
2.5514358661417322
0
LINE
8
BLACK
6
CONTINUOUS
10
0.3688414566929133
20
2.5514358661417322
11
0.369150905511811
21
2.5516726771653544
0
LINE
8
BLACK
6
CONTINUOUS
10
0.369150905511811
20
2.5516726771653544
11
0.3693356299212598
21
2.5517219685039367
0
LINE
8
BLACK
6
CONTINUOUS
10
0.3693356299212598
20
2.5517219685039367
11
0.3695012204724409
21
2.5518177952755905
0
LINE
8
BLACK
6
CONTINUOUS
10
0.3695012204724409
20
2.5518177952755905
11
0.3698876377952756
21
2.5518691732283463
0
LINE
8
BLACK
6
CONTINUOUS
10
0.3698876377952756
20
2.5518691732283463
11
0.3702641338582677
21
2.5519695275590553
0
LINE
8
BLACK
6
CONTINUOUS
10
0.3702641338582677
20
2.5519695275590553
11
0.3704537007874016
21
2.5519443700787403
0
LINE
8
BLACK
6
CONTINUOUS
10
0.3704537007874016
20
2.5519443700787403
11
0.3706432677165354
21
2.5519695275590553
0
LINE
8
BLACK
6
CONTINUOUS
10
0.3706432677165354
20
2.5519695275590553
11
0.3710197244094488
21
2.5518691732283463
0
LINE
8
BLACK
6
CONTINUOUS
10
0.3667979921259842
20
2.5238541732283464
11
0.3741093700787401
21
2.5238541732283464
0
LINE
8
BLACK
6
CONTINUOUS
10
0.3741093700787401
20
2.5238541732283464
11
0.3704536614173228
21
2.5375630314960631
0
LINE
8
BLACK
6
CONTINUOUS
10
0.3704536614173228
20
2.5375630314960631
11
0.3667979921259842
21
2.5238541732283464
0
LINE
8
BLACK
6
CONTINUOUS
10
1.5125790944881889
20
2.5641331889763781
11
1.5127098031496062
21
2.5640790551181101
0
LINE
8
BLACK
6
CONTINUOUS
10
1.5127098031496062
20
2.5640790551181101
11
1.5128509055118109
21
2.5640690157480313
0
LINE
8
BLACK
6
CONTINUOUS
10
1.5128509055118109
20
2.5640690157480313
11
1.5135716929133858
21
2.5637931889763781
0
LINE
8
BLACK
6
CONTINUOUS
10
1.5135716929133858
20
2.5637931889763781
11
1.5180711811023622
21
2.5615434645669293
0
LINE
8
BLACK
6
CONTINUOUS
10
1.5180711811023622
20
2.5615434645669293
11
1.5184017716535432
21
2.5613353937007872
0
LINE
8
BLACK
6
CONTINUOUS
10
1.5184017716535432
20
2.5613353937007872
11
1.5184977952755905
21
2.5612955905511812
0
LINE
8
BLACK
6
CONTINUOUS
10
1.5184977952755905
20
2.5612955905511812
11
1.5186058267716536
21
2.5612069291338582
0
LINE
8
BLACK
6
CONTINUOUS
10
1.5186058267716536
20
2.5612069291338582
11
1.5187243307086613
21
2.5611323228346454
0
LINE
8
BLACK
6
CONTINUOUS
10
1.5187243307086613
20
2.5611323228346454
11
1.5187925196850394
21
2.5610537007874017
0
LINE
8
BLACK
6
CONTINUOUS
10
1.5187925196850394
20
2.5610537007874017
11
1.51909437007874
21
2.5608059448818898
0
LINE
8
BLACK
6
CONTINUOUS
10
1.51909437007874
20
2.5608059448818898
11
1.5213440944881889
21
2.558556220472441
0
LINE
8
BLACK
6
CONTINUOUS
10
1.5213440944881889
20
2.558556220472441
11
1.5215917716535432
21
2.5582544094488187
0
LINE
8
BLACK
6
CONTINUOUS
10
1.5215917716535432
20
2.5582544094488187
11
1.5216703937007874
21
2.5581862204724408
0
LINE
8
BLACK
6
CONTINUOUS
10
1.5216703937007874
20
2.5581862204724408
11
1.5217449606299212
21
2.5580677165354331
0
LINE
8
BLACK
6
CONTINUOUS
10
1.5217449606299212
20
2.5580677165354331
11
1.5218337007874014
21
2.5579596062992125
0
LINE
8
BLACK
6
CONTINUOUS
10
1.5218337007874014
20
2.5579596062992125
11
1.5218734645669292
21
2.5578636220472442
0
LINE
8
BLACK
6
CONTINUOUS
10
1.5218734645669292
20
2.5578636220472442
11
1.5220815354330708
21
2.5575330314960629
0
LINE
8
BLACK
6
CONTINUOUS
10
1.5220815354330708
20
2.5575330314960629
11
1.5243312598425196
21
2.5530335826771653
0
LINE
8
BLACK
6
CONTINUOUS
10
1.5243312598425196
20
2.5530335826771653
11
1.5246070866141732
21
2.5523127952755904
0
LINE
8
BLACK
6
CONTINUOUS
10
1.5246070866141732
20
2.5523127952755904
11
1.5246170866141733
21
2.5521717322834645
0
LINE
8
BLACK
6
CONTINUOUS
10
1.5246170866141733
20
2.5521717322834645
11
1.5246712598425196
21
2.5520409842519682
0
LINE
8
BLACK
6
CONTINUOUS
10
1.5246712598425196
20
2.5520409842519682
11
1.5247468897637795
21
2.5512729133858265
0
LINE
8
BLACK
6
CONTINUOUS
10
1.5247468897637795
20
2.5512729133858265
11
1.5247468897637795
21
2.5467734645669289
0
LINE
8
BLACK
6
CONTINUOUS
10
1.5247468897637795
20
2.5467734645669289
11
1.5247085826771654
21
2.5463847637795274
0
LINE
8
BLACK
6
CONTINUOUS
10
1.5247085826771654
20
2.5463847637795274
11
1.5247159842519684
21
2.546281023622047
0
LINE
8
BLACK
6
CONTINUOUS
10
1.5247159842519684
20
2.546281023622047
11
1.5246849606299213
21
2.5461446850393701
0
LINE
8
BLACK
6
CONTINUOUS
10
1.5246849606299213
20
2.5461446850393701
11
1.5246712598425196
21
2.5460053937007872
0
LINE
8
BLACK
6
CONTINUOUS
10
1.5246712598425196
20
2.5460053937007872
11
1.5246314173228346
21
2.5459092913385826
0
LINE
8
BLACK
6
CONTINUOUS
10
1.5246314173228346
20
2.5459092913385826
11
1.524544842519685
21
2.5455284645669289
0
LINE
8
BLACK
6
CONTINUOUS
10
1.524544842519685
20
2.5455284645669289
11
1.5222951181102362
21
2.5387793307086612
0
LINE
8
BLACK
6
CONTINUOUS
10
1.5222951181102362
20
2.5387793307086612
11
1.5219805118110237
21
2.5380746062992126
0
LINE
8
BLACK
6
CONTINUOUS
10
1.5219805118110237
20
2.5380746062992126
11
1.5218877559055117
21
2.5379677165354328
0
LINE
8
BLACK
6
CONTINUOUS
10
1.5218877559055117
20
2.5379677165354328
11
1.5218336614173229
21
2.5378370472440945
0
LINE
8
BLACK
6
CONTINUOUS
10
1.5218336614173229
20
2.5378370472440945
11
1.5213440551181101
21
2.537240433070866
0
LINE
8
BLACK
6
CONTINUOUS
10
1.5213440551181101
20
2.537240433070866
11
1.501068346456693
21
2.5169647244094486
0
LINE
8
BLACK
6
CONTINUOUS
10
1.501068346456693
20
2.5169647244094486
11
1.5208098818897637
21
2.5169647244094486
0
LINE
8
BLACK
6
CONTINUOUS
10
1.5208098818897637
20
2.5169647244094486
11
1.5215779527559055
21
2.5168890944881888
0
LINE
8
BLACK
6
CONTINUOUS
10
1.5215779527559055
20
2.5168890944881888
11
1.5229971653543306
21
2.5163012204724411
0
LINE
8
BLACK
6
CONTINUOUS
10
1.5229971653543306
20
2.5163012204724411
11
1.5240833858267717
21
2.515215
0
LINE
8
BLACK
6
CONTINUOUS
10
1.5240833858267717
20
2.515215
11
1.5246712598425196
21
2.5137957874015746
0
LINE
8
BLACK
6
CONTINUOUS
10
1.5246712598425196
20
2.5137957874015746
11
1.5246712598425196
21
2.5122596456692912
0
LINE
8
BLACK
6
CONTINUOUS
10
1.5246712598425196
20
2.5122596456692912
11
1.5240833858267717
21
2.5108404330708662
0
LINE
8
BLACK
6
CONTINUOUS
10
1.5240833858267717
20
2.5108404330708662
11
1.5229971653543306
21
2.5097542125984251
0
LINE
8
BLACK
6
CONTINUOUS
10
1.5229971653543306
20
2.5097542125984251
11
1.5215779527559055
21
2.509166338582677
0
LINE
8
BLACK
6
CONTINUOUS
10
1.5215779527559055
20
2.509166338582677
11
1.5208098818897637
21
2.5090907086614171
0
LINE
8
BLACK
6
CONTINUOUS
10
1.5208098818897637
20
2.5090907086614171
11
1.4915635433070866
21
2.5090907086614171
0
LINE
8
BLACK
6
CONTINUOUS
10
1.4915635433070866
20
2.5090907086614171
11
1.4907954724409449
21
2.509166338582677
0
LINE
8
BLACK
6
CONTINUOUS
10
1.4907954724409449
20
2.509166338582677
11
1.4893762598425198
21
2.5097542125984251
0
LINE
8
BLACK
6
CONTINUOUS
10
1.4893762598425198
20
2.5097542125984251
11
1.4882900393700786
21
2.5108404330708662
0
LINE
8
BLACK
6
CONTINUOUS
10
1.4882900393700786
20
2.5108404330708662
11
1.4877021653543308
21
2.5122596456692912
0
LINE
8
BLACK
6
CONTINUOUS
10
1.4877021653543308
20
2.5122596456692912
11
1.4877021653543308
21
2.5137957874015746
0
LINE
8
BLACK
6
CONTINUOUS
10
1.4877021653543308
20
2.5137957874015746
11
1.4882900393700786
21
2.515215
0
LINE
8
BLACK
6
CONTINUOUS
10
1.4882900393700786
20
2.515215
11
1.4887796456692912
21
2.5158116141732281
0
LINE
8
BLACK
6
CONTINUOUS
10
1.4887796456692912
20
2.5158116141732281
11
1.5151190944881889
21
2.5421511023622045
0
LINE
8
BLACK
6
CONTINUOUS
10
1.5151190944881889
20
2.5421511023622045
11
1.516872874015748
21
2.5474123622047244
0
LINE
8
BLACK
6
CONTINUOUS
10
1.516872874015748
20
2.5474123622047244
11
1.516872874015748
21
2.5503435039370079
0
LINE
8
BLACK
6
CONTINUOUS
10
1.516872874015748
20
2.5503435039370079
11
1.5153244488188975
21
2.5534403149606297
0
LINE
8
BLACK
6
CONTINUOUS
10
1.5153244488188975
20
2.5534403149606297
11
1.5139783464566929
21
2.5547864566929133
0
LINE
8
BLACK
6
CONTINUOUS
10
1.5139783464566929
20
2.5547864566929133
11
1.5108816141732284
21
2.556334803149606
0
LINE
8
BLACK
6
CONTINUOUS
10
1.5108816141732284
20
2.556334803149606
11
1.5014918897637795
21
2.556334803149606
0
LINE
8
BLACK
6
CONTINUOUS
10
1.5014918897637795
20
2.556334803149606
11
1.4983950787401574
21
2.5547864566929133
0
LINE
8
BLACK
6
CONTINUOUS
10
1.4983950787401574
20
2.5547864566929133
11
1.4965971653543306
21
2.552988464566929
0
LINE
8
BLACK
6
CONTINUOUS
10
1.4965971653543306
20
2.552988464566929
11
1.4960005511811023
21
2.5524988582677164
0
LINE
8
BLACK
6
CONTINUOUS
10
1.4960005511811023
20
2.5524988582677164
11
1.4945813385826772
21
2.5519109842519683
0
LINE
8
BLACK
6
CONTINUOUS
10
1.4945813385826772
20
2.5519109842519683
11
1.4930451968503937
21
2.5519109842519683
0
LINE
8
BLACK
6
CONTINUOUS
10
1.4930451968503937
20
2.5519109842519683
11
1.4916259842519686
21
2.5524988582677164
0
LINE
8
BLACK
6
CONTINUOUS
10
1.4916259842519686
20
2.5524988582677164
11
1.4905397637795275
21
2.5535850787401575
0
LINE
8
BLACK
6
CONTINUOUS
10
1.4905397637795275
20
2.5535850787401575
11
1.4899518897637796
21
2.5550042913385824
0
LINE
8
BLACK
6
CONTINUOUS
10
1.4899518897637796
20
2.5550042913385824
11
1.4899518897637796
21
2.5565404330708659
0
LINE
8
BLACK
6
CONTINUOUS
10
1.4899518897637796
20
2.5565404330708659
11
1.4905397637795275
21
2.5579596456692912
0
LINE
8
BLACK
6
CONTINUOUS
10
1.4905397637795275
20
2.5579596456692912
11
1.49102937007874
21
2.5585562598425198
0
LINE
8
BLACK
6
CONTINUOUS
10
1.49102937007874
20
2.5585562598425198
11
1.4932790944881889
21
2.5608059448818898
0
LINE
8
BLACK
6
CONTINUOUS
10
1.4932790944881889
20
2.5608059448818898
11
1.493580905511811
21
2.5610537007874017
0
LINE
8
BLACK
6
CONTINUOUS
10
1.493580905511811
20
2.5610537007874017
11
1.4936491338582676
21
2.5611323228346454
0
LINE
8
BLACK
6
CONTINUOUS
10
1.4936491338582676
20
2.5611323228346454
11
1.493767559055118
21
2.5612068897637794
0
LINE
8
BLACK
6
CONTINUOUS
10
1.493767559055118
20
2.5612068897637794
11
1.4938756692913386
21
2.5612955905511812
0
LINE
8
BLACK
6
CONTINUOUS
10
1.4938756692913386
20
2.5612955905511812
11
1.4939717322834645
21
2.5613353937007872
0
LINE
8
BLACK
6
CONTINUOUS
10
1.4939717322834645
20
2.5613353937007872
11
1.4943023228346457
21
2.5615434645669293
0
LINE
8
BLACK
6
CONTINUOUS
10
1.4943023228346457
20
2.5615434645669293
11
1.4988017716535433
21
2.5637931889763781
0
LINE
8
BLACK
6
CONTINUOUS
10
1.4988017716535433
20
2.5637931889763781
11
1.499522559055118
21
2.5640690157480313
0
LINE
8
BLACK
6
CONTINUOUS
10
1.499522559055118
20
2.5640690157480313
11
1.4996636220472441
21
2.5640790551181101
0
LINE
8
BLACK
6
CONTINUOUS
10
1.4996636220472441
20
2.5640790551181101
11
1.4997943700787402
21
2.5641331889763781
0
LINE
8
BLACK
6
CONTINUOUS
10
1.4997943700787402
20
2.5641331889763781
11
1.5005624409448819
21
2.5642088188976375
0
LINE
8
BLACK
6
CONTINUOUS
10
1.5005624409448819
20
2.5642088188976375
11
1.5118110236220472
21
2.5642088188976375
0
LINE
8
BLACK
6
CONTINUOUS
10
1.5118110236220472
20
2.5642088188976375
11
1.5125790944881889
21
2.5641331889763781
0
LINE
8
BLACK
6
CONTINUOUS
10
1.5594438188976378
20
2.5641705511811024
11
1.559547559055118
21
2.5641779133858269
0
LINE
8
BLACK
6
CONTINUOUS
10
1.559547559055118
20
2.5641779133858269
11
1.5596838976377951
21
2.5641469291338583
0
LINE
8
BLACK
6
CONTINUOUS
10
1.5596838976377951
20
2.5641469291338583
11
1.5598231889763778
21
2.5641331889763781
0
LINE
8
BLACK
6
CONTINUOUS
10
1.5598231889763778
20
2.5641331889763781
11
1.5599192913385826
21
2.5640933858267716
0
LINE
8
BLACK
6
CONTINUOUS
10
1.5599192913385826
20
2.5640933858267716
11
1.5603001181102363
21
2.5640067716535433
0
LINE
8
BLACK
6
CONTINUOUS
10
1.5603001181102363
20
2.5640067716535433
11
1.567049251968504
21
2.5617570472440945
0
LINE
8
BLACK
6
CONTINUOUS
10
1.567049251968504
20
2.5617570472440945
11
1.5677539763779527
21
2.5614424409448819
0
LINE
8
BLACK
6
CONTINUOUS
10
1.5677539763779527
20
2.5614424409448819
11
1.5678608661417321
21
2.5613497244094487
0
LINE
8
BLACK
6
CONTINUOUS
10
1.5678608661417321
20
2.5613497244094487
11
1.5679915354330709
21
2.5612955905511812
0
LINE
8
BLACK
6
CONTINUOUS
10
1.5679915354330709
20
2.5612955905511812
11
1.5685881496062992
21
2.5608059842519686
0
LINE
8
BLACK
6
CONTINUOUS
10
1.5685881496062992
20
2.5608059842519686
11
1.5708378346456693
21
2.5585562598425198
0
LINE
8
BLACK
6
CONTINUOUS
10
1.5708378346456693
20
2.5585562598425198
11
1.5713274803149606
21
2.55795968503937
0
LINE
8
BLACK
6
CONTINUOUS
10
1.5713274803149606
20
2.55795968503937
11
1.57191531496063
21
2.5565404330708659
0
LINE
8
BLACK
6
CONTINUOUS
10
1.57191531496063
20
2.5565404330708659
11
1.57191531496063
21
2.5550042913385824
0
LINE
8
BLACK
6
CONTINUOUS
10
1.57191531496063
20
2.5550042913385824
11
1.5713274803149606
21
2.5535850787401575
0
LINE
8
BLACK
6
CONTINUOUS
10
1.5713274803149606
20
2.5535850787401575
11
1.5702412598425197
21
2.5524988582677164
0
LINE
8
BLACK
6
CONTINUOUS
10
1.5702412598425197
20
2.5524988582677164
11
1.5688220472440944
21
2.551911023622047
0
LINE
8
BLACK
6
CONTINUOUS
10
1.5688220472440944
20
2.551911023622047
11
1.5672859055118109
21
2.551911023622047
0
LINE
8
BLACK
6
CONTINUOUS
10
1.5672859055118109
20
2.551911023622047
11
1.565866653543307
21
2.5524988582677164
0
LINE
8
BLACK
6
CONTINUOUS
10
1.565866653543307
20
2.5524988582677164
11
1.5652700787401574
21
2.5529885039370077
0
LINE
8
BLACK
6
CONTINUOUS
10
1.5652700787401574
20
2.5529885039370077
11
1.5636774803149607
21
2.554581062992126
0
LINE
8
BLACK
6
CONTINUOUS
10
1.5636774803149607
20
2.554581062992126
11
1.5584162598425197
21
2.556334803149606
0
LINE
8
BLACK
6
CONTINUOUS
10
1.5584162598425197
20
2.556334803149606
11
1.5551945275590551
21
2.556334803149606
0
LINE
8
BLACK
6
CONTINUOUS
10
1.5551945275590551
20
2.556334803149606
11
1.5499331889763779
21
2.554581062992126
0
LINE
8
BLACK
6
CONTINUOUS
10
1.5499331889763779
20
2.554581062992126
11
1.5465427559055118
21
2.5511905905511809
0
LINE
8
BLACK
6
CONTINUOUS
10
1.5465427559055118
20
2.5511905905511809
11
1.5447719685039369
21
2.5476489763779528
0
LINE
8
BLACK
6
CONTINUOUS
10
1.5447719685039369
20
2.5476489763779528
11
1.5427446456692913
21
2.5395396850393701
0
LINE
8
BLACK
6
CONTINUOUS
10
1.5427446456692913
20
2.5395396850393701
11
1.5427446456692913
21
2.5337598031496062
0
LINE
8
BLACK
6
CONTINUOUS
10
1.5427446456692913
20
2.5337598031496062
11
1.5447719685039369
21
2.5256505118110235
0
LINE
8
BLACK
6
CONTINUOUS
10
1.5447719685039369
20
2.5256505118110235
11
1.5465427559055118
21
2.5221089370078738
0
LINE
8
BLACK
6
CONTINUOUS
10
1.5465427559055118
20
2.5221089370078738
11
1.5499331889763779
21
2.5187184645669292
0
LINE
8
BLACK
6
CONTINUOUS
10
1.5499331889763779
20
2.5187184645669292
11
1.5551945275590551
21
2.5169647244094486
0
LINE
8
BLACK
6
CONTINUOUS
10
1.5551945275590551
20
2.5169647244094486
11
1.5584162992125985
21
2.5169647244094486
0
LINE
8
BLACK
6
CONTINUOUS
10
1.5584162992125985
20
2.5169647244094486
11
1.5636775196850394
21
2.5187185039370079
0
LINE
8
BLACK
6
CONTINUOUS
10
1.5636775196850394
20
2.5187185039370079
11
1.5652700787401574
21
2.5203109842519686
0
LINE
8
BLACK
6
CONTINUOUS
10
1.5652700787401574
20
2.5203109842519686
11
1.565866653543307
21
2.52080062992126
0
LINE
8
BLACK
6
CONTINUOUS
10
1.565866653543307
20
2.52080062992126
11
1.5672859055118109
21
2.5213884645669289
0
LINE
8
BLACK
6
CONTINUOUS
10
1.5672859055118109
20
2.5213884645669289
11
1.5688220472440944
21
2.5213884645669289
0
LINE
8
BLACK
6
CONTINUOUS
10
1.5688220472440944
20
2.5213884645669289
11
1.5702412598425197
21
2.52080062992126
0
LINE
8
BLACK
6
CONTINUOUS
10
1.5702412598425197
20
2.52080062992126
11
1.5713274803149606
21
2.5197144094488189
0
LINE
8
BLACK
6
CONTINUOUS
10
1.5713274803149606
20
2.5197144094488189
11
1.57191531496063
21
2.5182951968503935
0
LINE
8
BLACK
6
CONTINUOUS
10
1.57191531496063
20
2.5182951968503935
11
1.57191531496063
21
2.51675905511811
0
LINE
8
BLACK
6
CONTINUOUS
10
1.57191531496063
20
2.51675905511811
11
1.5713274803149606
21
2.5153398031496064
0
LINE
8
BLACK
6
CONTINUOUS
10
1.5713274803149606
20
2.5153398031496064
11
1.5708378346456693
21
2.5147432283464566
0
LINE
8
BLACK
6
CONTINUOUS
10
1.5708378346456693
20
2.5147432283464566
11
1.5685881496062992
21
2.5124935039370078
0
LINE
8
BLACK
6
CONTINUOUS
10
1.5685881496062992
20
2.5124935039370078
11
1.5679915354330709
21
2.5120038976377952
0
LINE
8
BLACK
6
CONTINUOUS
10
1.5679915354330709
20
2.5120038976377952
11
1.5678608661417321
21
2.5119498031496064
0
LINE
8
BLACK
6
CONTINUOUS
10
1.5678608661417321
20
2.5119498031496064
11
1.5677539763779527
21
2.5118570472440944
0
LINE
8
BLACK
6
CONTINUOUS
10
1.5677539763779527
20
2.5118570472440944
11
1.567049251968504
21
2.5115424409448819
0
LINE
8
BLACK
6
CONTINUOUS
10
1.567049251968504
20
2.5115424409448819
11
1.5603000787401575
21
2.5092927559055118
0
LINE
8
BLACK
6
CONTINUOUS
10
1.5603000787401575
20
2.5092927559055118
11
1.5599193307086614
21
2.5092061811023623
0
LINE
8
BLACK
6
CONTINUOUS
10
1.5599193307086614
20
2.5092061811023623
11
1.5598231889763778
21
2.509166338582677
0
LINE
8
BLACK
6
CONTINUOUS
10
1.5598231889763778
20
2.509166338582677
11
1.5596838188976379
21
2.5091526377952755
0
LINE
8
BLACK
6
CONTINUOUS
10
1.5596838188976379
20
2.5091526377952755
11
1.5595475196850392
21
2.5091216141732282
0
LINE
8
BLACK
6
CONTINUOUS
10
1.5595475196850392
20
2.5091216141732282
11
1.5594438188976378
21
2.5091290157480315
0
LINE
8
BLACK
6
CONTINUOUS
10
1.5594438188976378
20
2.5091290157480315
11
1.5590551181102361
21
2.5090907086614171
0
LINE
8
BLACK
6
CONTINUOUS
10
1.5590551181102361
20
2.5090907086614171
11
1.5545556692913385
21
2.5090907086614171
0
LINE
8
BLACK
6
CONTINUOUS
10
1.5545556692913385
20
2.5090907086614171
11
1.5541669291338582
21
2.5091290157480315
0
LINE
8
BLACK
6
CONTINUOUS
10
1.5541669291338582
20
2.5091290157480315
11
1.5540632677165354
21
2.5091216141732282
0
LINE
8
BLACK
6
CONTINUOUS
10
1.5540632677165354
20
2.5091216141732282
11
1.5539268503937007
21
2.5091526377952755
0
LINE
8
BLACK
6
CONTINUOUS
10
1.5539268503937007
20
2.5091526377952755
11
1.5537875984251968
21
2.509166338582677
0
LINE
8
BLACK
6
CONTINUOUS
10
1.5537875984251968
20
2.509166338582677
11
1.5536914960629922
21
2.5092061417322835
0
LINE
8
BLACK
6
CONTINUOUS
10
1.5536914960629922
20
2.5092061417322835
11
1.5533107086614173
21
2.5092927165354331
0
LINE
8
BLACK
6
CONTINUOUS
10
1.5533107086614173
20
2.5092927165354331
11
1.5465615354330708
21
2.5115424409448819
0
LINE
8
BLACK
6
CONTINUOUS
10
1.5465615354330708
20
2.5115424409448819
11
1.5458567716535432
21
2.5118570472440944
0
LINE
8
BLACK
6
CONTINUOUS
10
1.5458567716535432
20
2.5118570472440944
11
1.5457498425196849
21
2.5119497637795276
0
LINE
8
BLACK
6
CONTINUOUS
10
1.5457498425196849
20
2.5119497637795276
11
1.5456191732283464
21
2.5120038976377952
0
LINE
8
BLACK
6
CONTINUOUS
10
1.5456191732283464
20
2.5120038976377952
11
1.5450225984251968
21
2.5124935433070865
0
LINE
8
BLACK
6
CONTINUOUS
10
1.5450225984251968
20
2.5124935433070865
11
1.540523188976378
21
2.5169929921259842
0
LINE
8
BLACK
6
CONTINUOUS
10
1.540523188976378
20
2.5169929921259842
11
1.5402754330708661
21
2.5172948425196848
0
LINE
8
BLACK
6
CONTINUOUS
10
1.5402754330708661
20
2.5172948425196848
11
1.5401968503937007
21
2.5173629921259844
0
LINE
8
BLACK
6
CONTINUOUS
10
1.5401968503937007
20
2.5173629921259844
11
1.5401222834645669
21
2.5174814566929133
0
LINE
8
BLACK
6
CONTINUOUS
10
1.5401222834645669
20
2.5174814566929133
11
1.5400335433070866
21
2.5175895669291339
0
LINE
8
BLACK
6
CONTINUOUS
10
1.5400335433070866
20
2.5175895669291339
11
1.5399937401574804
21
2.5176856692913385
0
LINE
8
BLACK
6
CONTINUOUS
10
1.5399937401574804
20
2.5176856692913385
11
1.5397857086614173
21
2.5180161417322835
0
LINE
8
BLACK
6
CONTINUOUS
10
1.5397857086614173
20
2.5180161417322835
11
1.5375359842519685
21
2.5225156299212599
0
LINE
8
BLACK
6
CONTINUOUS
10
1.5375359842519685
20
2.5225156299212599
11
1.5375144881889764
21
2.5225717322834647
0
LINE
8
BLACK
6
CONTINUOUS
10
1.5375144881889764
20
2.5225717322834647
11
1.5374975590551181
21
2.5225946062992124
0
LINE
8
BLACK
6
CONTINUOUS
10
1.5374975590551181
20
2.5225946062992124
11
1.5373823228346457
21
2.522917125984252
0
LINE
8
BLACK
6
CONTINUOUS
10
1.5373823228346457
20
2.522917125984252
11
1.5372601574803149
21
2.5232364173228348
0
LINE
8
BLACK
6
CONTINUOUS
10
1.5372601574803149
20
2.5232364173228348
11
1.5372581102362204
21
2.5232648031496061
0
LINE
8
BLACK
6
CONTINUOUS
10
1.5372581102362204
20
2.5232648031496061
11
1.5372379133858267
21
2.5233214173228347
0
LINE
8
BLACK
6
CONTINUOUS
10
1.5372379133858267
20
2.5233214173228347
11
1.5349881889763779
21
2.5323202755905512
0
LINE
8
BLACK
6
CONTINUOUS
10
1.5349881889763779
20
2.5323202755905512
11
1.534968464566929
21
2.5324534251968505
0
LINE
8
BLACK
6
CONTINUOUS
10
1.534968464566929
20
2.5324534251968505
11
1.5349462598425196
21
2.532507086614173
0
LINE
8
BLACK
6
CONTINUOUS
10
1.5349462598425196
20
2.532507086614173
11
1.5349177559055118
21
2.5327964960629923
0
LINE
8
BLACK
6
CONTINUOUS
10
1.5349177559055118
20
2.5327964960629923
11
1.534875275590551
21
2.5330837795275589
0
LINE
8
BLACK
6
CONTINUOUS
10
1.534875275590551
20
2.5330837795275589
11
1.5348838188976377
21
2.5331412204724408
0
LINE
8
BLACK
6
CONTINUOUS
10
1.5348838188976377
20
2.5331412204724408
11
1.5348706299212598
21
2.5332751574803147
0
LINE
8
BLACK
6
CONTINUOUS
10
1.5348706299212598
20
2.5332751574803147
11
1.5348706299212598
21
2.5400243307086612
0
LINE
8
BLACK
6
CONTINUOUS
10
1.5348706299212598
20
2.5400243307086612
11
1.5348838188976377
21
2.5401583070866143
0
LINE
8
BLACK
6
CONTINUOUS
10
1.5348838188976377
20
2.5401583070866143
11
1.534875275590551
21
2.5402157086614174
0
LINE
8
BLACK
6
CONTINUOUS
10
1.534875275590551
20
2.5402157086614174
11
1.5349177559055118
21
2.5405030314960628
0
LINE
8
BLACK
6
CONTINUOUS
10
1.5349177559055118
20
2.5405030314960628
11
1.5349462598425196
21
2.5407924015748029
0
LINE
8
BLACK
6
CONTINUOUS
10
1.5349462598425196
20
2.5407924015748029
11
1.534968464566929
21
2.5408461023622047
0
LINE
8
BLACK
6
CONTINUOUS
10
1.534968464566929
20
2.5408461023622047
11
1.5349881889763779
21
2.5409792125984252
0
LINE
8
BLACK
6
CONTINUOUS
10
1.5349881889763779
20
2.5409792125984252
11
1.5372379133858267
21
2.5499780708661417
0
LINE
8
BLACK
6
CONTINUOUS
10
1.5372379133858267
20
2.5499780708661417
11
1.5372581102362204
21
2.5500347244094486
0
LINE
8
BLACK
6
CONTINUOUS
10
1.5372581102362204
20
2.5500347244094486
11
1.5372601574803149
21
2.5500630708661416
0
LINE
8
BLACK
6
CONTINUOUS
10
1.5372601574803149
20
2.5500630708661416
11
1.5373823228346457
21
2.5503824015748031
0
LINE
8
BLACK
6
CONTINUOUS
10
1.5373823228346457
20
2.5503824015748031
11
1.5374975590551181
21
2.5507048818897635
0
LINE
8
BLACK
6
CONTINUOUS
10
1.5374975590551181
20
2.5507048818897635
11
1.5375144881889764
21
2.5507277952755905
0
LINE
8
BLACK
6
CONTINUOUS
10
1.5375144881889764
20
2.5507277952755905
11
1.5375359842519685
21
2.5507838582677165
0
LINE
8
BLACK
6
CONTINUOUS
10
1.5375359842519685
20
2.5507838582677165
11
1.5397857086614173
21
2.5552833464566929
0
LINE
8
BLACK
6
CONTINUOUS
10
1.5397857086614173
20
2.5552833464566929
11
1.5399937401574804
21
2.5556138582677166
0
LINE
8
BLACK
6
CONTINUOUS
10
1.5399937401574804
20
2.5556138582677166
11
1.5400335433070866
21
2.5557099212598424
0
LINE
8
BLACK
6
CONTINUOUS
10
1.5400335433070866
20
2.5557099212598424
11
1.5401222834645669
21
2.5558180708661418
0
LINE
8
BLACK
6
CONTINUOUS
10
1.5401222834645669
20
2.5558180708661418
11
1.5401968503937007
21
2.555936496062992
0
LINE
8
BLACK
6
CONTINUOUS
10
1.5401968503937007
20
2.555936496062992
11
1.5402754330708661
21
2.5560046850393698
0
LINE
8
BLACK
6
CONTINUOUS
10
1.5402754330708661
20
2.5560046850393698
11
1.540523188976378
21
2.5563064960629922
0
LINE
8
BLACK
6
CONTINUOUS
10
1.540523188976378
20
2.5563064960629922
11
1.5450225984251968
21
2.5608059448818898
0
LINE
8
BLACK
6
CONTINUOUS
10
1.5450225984251968
20
2.5608059448818898
11
1.5456191732283464
21
2.5612955905511812
0
LINE
8
BLACK
6
CONTINUOUS
10
1.5456191732283464
20
2.5612955905511812
11
1.5457498425196849
21
2.5613497637795275
0
LINE
8
BLACK
6
CONTINUOUS
10
1.5457498425196849
20
2.5613497637795275
11
1.5458567716535432
21
2.5614424409448819
0
LINE
8
BLACK
6
CONTINUOUS
10
1.5458567716535432
20
2.5614424409448819
11
1.5465614960629921
21
2.5617570472440945
0
LINE
8
BLACK
6
CONTINUOUS
10
1.5465614960629921
20
2.5617570472440945
11
1.5533106692913385
21
2.5640067716535433
0
LINE
8
BLACK
6
CONTINUOUS
10
1.5533106692913385
20
2.5640067716535433
11
1.5536914173228347
21
2.5640933858267716
0
LINE
8
BLACK
6
CONTINUOUS
10
1.5536914173228347
20
2.5640933858267716
11
1.5537875984251968
21
2.5641331889763781
0
LINE
8
BLACK
6
CONTINUOUS
10
1.5537875984251968
20
2.5641331889763781
11
1.5539268897637795
21
2.5641469291338583
0
LINE
8
BLACK
6
CONTINUOUS
10
1.5539268897637795
20
2.5641469291338583
11
1.5540632677165354
21
2.5641779133858269
0
LINE
8
BLACK
6
CONTINUOUS
10
1.5540632677165354
20
2.5641779133858269
11
1.5541669291338582
21
2.5641705511811024
0
LINE
8
BLACK
6
CONTINUOUS
10
1.5541669291338582
20
2.5641705511811024
11
1.5545556692913385
21
2.5642088188976375
0
LINE
8
BLACK
6
CONTINUOUS
10
1.5545556692913385
20
2.5642088188976375
11
1.5590551181102361
21
2.5642088188976375
0
LINE
8
BLACK
6
CONTINUOUS
10
1.5590551181102361
20
2.5642088188976375
11
1.5594438188976378
21
2.5641705511811024
0
LINE
8
BLACK
6
CONTINUOUS
10
1.1278772047244094
20
2.5641331889763781
11
1.1280079133858267
21
2.5640790551181101
0
LINE
8
BLACK
6
CONTINUOUS
10
1.1280079133858267
20
2.5640790551181101
11
1.1281490157480314
21
2.5640690157480313
0
LINE
8
BLACK
6
CONTINUOUS
10
1.1281490157480314
20
2.5640690157480313
11
1.128869842519685
21
2.5637931889763781
0
LINE
8
BLACK
6
CONTINUOUS
10
1.128869842519685
20
2.5637931889763781
11
1.1333692519685039
21
2.5615434251968505
0
LINE
8
BLACK
6
CONTINUOUS
10
1.1333692519685039
20
2.5615434251968505
11
1.1336998031496062
21
2.5613353937007872
0
LINE
8
BLACK
6
CONTINUOUS
10
1.1336998031496062
20
2.5613353937007872
11
1.1337958267716535
21
2.5612955905511812
0
LINE
8
BLACK
6
CONTINUOUS
10
1.1337958267716535
20
2.5612955905511812
11
1.1339038188976378
21
2.5612069685039369
0
LINE
8
BLACK
6
CONTINUOUS
10
1.1339038188976378
20
2.5612069685039369
11
1.1340224015748031
21
2.5611323228346454
0
LINE
8
BLACK
6
CONTINUOUS
10
1.1340224015748031
20
2.5611323228346454
11
1.1340905905511811
21
2.5610537007874017
0
LINE
8
BLACK
6
CONTINUOUS
10
1.1340905905511811
20
2.5610537007874017
11
1.1343924409448818
21
2.5608059842519686
0
LINE
8
BLACK
6
CONTINUOUS
10
1.1343924409448818
20
2.5608059842519686
11
1.1366421259842518
21
2.5585562598425198
0
LINE
8
BLACK
6
CONTINUOUS
10
1.1366421259842518
20
2.5585562598425198
11
1.1368898425196849
21
2.5582544488188974
0
LINE
8
BLACK
6
CONTINUOUS
10
1.1368898425196849
20
2.5582544488188974
11
1.1369685039370079
21
2.5581862204724408
0
LINE
8
BLACK
6
CONTINUOUS
10
1.1369685039370079
20
2.5581862204724408
11
1.1370430314960629
21
2.5580677952755906
0
LINE
8
BLACK
6
CONTINUOUS
10
1.1370430314960629
20
2.5580677952755906
11
1.1371317716535432
21
2.55795968503937
0
LINE
8
BLACK
6
CONTINUOUS
10
1.1371317716535432
20
2.55795968503937
11
1.1371715354330709
21
2.5578636220472442
0
LINE
8
BLACK
6
CONTINUOUS
10
1.1371715354330709
20
2.5578636220472442
11
1.1373796456692913
21
2.5575330314960629
0
LINE
8
BLACK
6
CONTINUOUS
10
1.1373796456692913
20
2.5575330314960629
11
1.1396293700787401
21
2.5530335826771653
0
LINE
8
BLACK
6
CONTINUOUS
10
1.1396293700787401
20
2.5530335826771653
11
1.1399051968503937
21
2.5523127952755904
0
LINE
8
BLACK
6
CONTINUOUS
10
1.1399051968503937
20
2.5523127952755904
11
1.1399151968503938
21
2.5521717322834645
0
LINE
8
BLACK
6
CONTINUOUS
10
1.1399151968503938
20
2.5521717322834645
11
1.1399693700787401
21
2.5520409842519682
0
LINE
8
BLACK
6
CONTINUOUS
10
1.1399693700787401
20
2.5520409842519682
11
1.140045
21
2.5512729133858265
0
LINE
8
BLACK
6
CONTINUOUS
10
1.140045
20
2.5512729133858265
11
1.140045
21
2.5445237795275588
0
LINE
8
BLACK
6
CONTINUOUS
10
1.140045
20
2.5445237795275588
11
1.1399693700787401
21
2.5437557086614171
0
LINE
8
BLACK
6
CONTINUOUS
10
1.1399693700787401
20
2.5437557086614171
11
1.1399151968503938
21
2.543625
0
LINE
8
BLACK
6
CONTINUOUS
10
1.1399151968503938
20
2.543625
11
1.1399051968503937
21
2.5434838976377954
0
LINE
8
BLACK
6
CONTINUOUS
10
1.1399051968503937
20
2.5434838976377954
11
1.1396293700787401
21
2.5427631102362205
0
LINE
8
BLACK
6
CONTINUOUS
10
1.1396293700787401
20
2.5427631102362205
11
1.1373796456692913
21
2.5382636614173228
0
LINE
8
BLACK
6
CONTINUOUS
10
1.1373796456692913
20
2.5382636614173228
11
1.1371715354330709
21
2.5379331102362204
0
LINE
8
BLACK
6
CONTINUOUS
10
1.1371715354330709
20
2.5379331102362204
11
1.1371317716535432
21
2.5378370078740158
0
LINE
8
BLACK
6
CONTINUOUS
10
1.1371317716535432
20
2.5378370078740158
11
1.1370430314960629
21
2.5377289370078739
0
LINE
8
BLACK
6
CONTINUOUS
10
1.1370430314960629
20
2.5377289370078739
11
1.1369685039370079
21
2.537610472440945
0
LINE
8
BLACK
6
CONTINUOUS
10
1.1369685039370079
20
2.537610472440945
11
1.1368898425196849
21
2.5375422834645667
0
LINE
8
BLACK
6
CONTINUOUS
10
1.1368898425196849
20
2.5375422834645667
11
1.1366421259842518
21
2.537240433070866
0
LINE
8
BLACK
6
CONTINUOUS
10
1.1366421259842518
20
2.537240433070866
11
1.1343924409448818
21
2.5349907086614172
0
LINE
8
BLACK
6
CONTINUOUS
10
1.1343924409448818
20
2.5349907086614172
11
1.1340905905511811
21
2.5347430314960628
0
LINE
8
BLACK
6
CONTINUOUS
10
1.1340905905511811
20
2.5347430314960628
11
1.1340224015748031
21
2.5346643700787399
0
LINE
8
BLACK
6
CONTINUOUS
10
1.1340224015748031
20
2.5346643700787399
11
1.1339038188976378
21
2.5345897637795276
0
LINE
8
BLACK
6
CONTINUOUS
10
1.1339038188976378
20
2.5345897637795276
11
1.1337958267716535
21
2.5345011023622046
0
LINE
8
BLACK
6
CONTINUOUS
10
1.1337958267716535
20
2.5345011023622046
11
1.1336998031496062
21
2.5344613385826773
0
LINE
8
BLACK
6
CONTINUOUS
10
1.1336998031496062
20
2.5344613385826773
11
1.1333692519685039
21
2.5342532677165353
0
LINE
8
BLACK
6
CONTINUOUS
10
1.1333692519685039
20
2.5342532677165353
11
1.128869842519685
21
2.5320035039370077
0
LINE
8
BLACK
6
CONTINUOUS
10
1.128869842519685
20
2.5320035039370077
11
1.1281490157480314
21
2.5317276771653541
0
LINE
8
BLACK
6
CONTINUOUS
10
1.1281490157480314
20
2.5317276771653541
11
1.1280079133858267
21
2.5317176771653545
0
LINE
8
BLACK
6
CONTINUOUS
10
1.1280079133858267
20
2.5317176771653545
11
1.1278772047244094
21
2.5316635039370077
0
LINE
8
BLACK
6
CONTINUOUS
10
1.1278772047244094
20
2.5316635039370077
11
1.1278691732283463
21
2.5316627165354331
0
LINE
8
BLACK
6
CONTINUOUS
10
1.1278691732283463
20
2.5316627165354331
11
1.1393333070866141
21
2.5152854330708663
0
LINE
8
BLACK
6
CONTINUOUS
10
1.1393333070866141
20
2.5152854330708663
11
1.139711811023622
21
2.5146128346456691
0
LINE
8
BLACK
6
CONTINUOUS
10
1.139711811023622
20
2.5146128346456691
11
1.1400440944881889
21
2.5131130708661416
0
LINE
8
BLACK
6
CONTINUOUS
10
1.1400440944881889
20
2.5131130708661416
11
1.139777125984252
21
2.5116002755905513
0
LINE
8
BLACK
6
CONTINUOUS
10
1.139777125984252
20
2.5116002755905513
11
1.1389515748031496
21
2.510304803149606
0
LINE
8
BLACK
6
CONTINUOUS
10
1.1389515748031496
20
2.510304803149606
11
1.1376931102362204
21
2.5094238976377952
0
LINE
8
BLACK
6
CONTINUOUS
10
1.1376931102362204
20
2.5094238976377952
11
1.1361933464566929
21
2.5090916141732285
0
LINE
8
BLACK
6
CONTINUOUS
10
1.1361933464566929
20
2.5090916141732285
11
1.1346805511811022
21
2.5093585826771654
0
LINE
8
BLACK
6
CONTINUOUS
10
1.1346805511811022
20
2.5093585826771654
11
1.1333850787401574
21
2.5101841338582678
0
LINE
8
BLACK
6
CONTINUOUS
10
1.1333850787401574
20
2.5101841338582678
11
1.1328826771653544
21
2.5107699999999999
0
LINE
8
BLACK
6
CONTINUOUS
10
1.1328826771653544
20
2.5107699999999999
11
1.1183101574803149
21
2.5315878740157478
0
LINE
8
BLACK
6
CONTINUOUS
10
1.1183101574803149
20
2.5315878740157478
11
1.1130483858267717
21
2.5315878740157478
0
LINE
8
BLACK
6
CONTINUOUS
10
1.1130483858267717
20
2.5315878740157478
11
1.1130483858267717
21
2.5130277165354329
0
LINE
8
BLACK
6
CONTINUOUS
10
1.1130483858267717
20
2.5130277165354329
11
1.1129727559055118
21
2.5122596456692912
0
LINE
8
BLACK
6
CONTINUOUS
10
1.1129727559055118
20
2.5122596456692912
11
1.1123848818897637
21
2.5108404330708662
0
LINE
8
BLACK
6
CONTINUOUS
10
1.1123848818897637
20
2.5108404330708662
11
1.1112986614173228
21
2.5097542125984251
0
LINE
8
BLACK
6
CONTINUOUS
10
1.1112986614173228
20
2.5097542125984251
11
1.1098794488188977
21
2.509166338582677
0
LINE
8
BLACK
6
CONTINUOUS
10
1.1098794488188977
20
2.509166338582677
11
1.1083433070866142
21
2.509166338582677
0
LINE
8
BLACK
6
CONTINUOUS
10
1.1083433070866142
20
2.509166338582677
11
1.1069240944881888
21
2.5097542125984251
0
LINE
8
BLACK
6
CONTINUOUS
10
1.1069240944881888
20
2.5097542125984251
11
1.105837874015748
21
2.5108404330708662
0
LINE
8
BLACK
6
CONTINUOUS
10
1.105837874015748
20
2.5108404330708662
11
1.1052500000000001
21
2.5122596456692912
0
LINE
8
BLACK
6
CONTINUOUS
10
1.1052500000000001
20
2.5122596456692912
11
1.1051743700787402
21
2.5130277165354329
0
LINE
8
BLACK
6
CONTINUOUS
10
1.1051743700787402
20
2.5130277165354329
11
1.1051743700787402
21
2.5602718110236218
0
LINE
8
BLACK
6
CONTINUOUS
10
1.1051743700787402
20
2.5602718110236218
11
1.1052500000000001
21
2.5610398818897635
0
LINE
8
BLACK
6
CONTINUOUS
10
1.1052500000000001
20
2.5610398818897635
11
1.105837874015748
21
2.5624590944881889
0
LINE
8
BLACK
6
CONTINUOUS
10
1.105837874015748
20
2.5624590944881889
11
1.1069240944881888
21
2.56354531496063
0
LINE
8
BLACK
6
CONTINUOUS
10
1.1069240944881888
20
2.56354531496063
11
1.1083433070866142
21
2.5641331889763781
0
LINE
8
BLACK
6
CONTINUOUS
10
1.1083433070866142
20
2.5641331889763781
11
1.1091113779527559
21
2.5642088188976375
0
LINE
8
BLACK
6
CONTINUOUS
10
1.1091113779527559
20
2.5642088188976375
11
1.1271091338582677
21
2.5642088188976375
0
LINE
8
BLACK
6
CONTINUOUS
10
1.1271091338582677
20
2.5642088188976375
11
1.1278772047244094
21
2.5641331889763781
0
LINE
8
BLACK
6
CONTINUOUS
10
1.1130483858267717
20
2.5394618897637793
11
1.1261796850393702
21
2.5394618897637793
0
LINE
8
BLACK
6
CONTINUOUS
10
1.1261796850393702
20
2.5394618897637793
11
1.1292763779527559
21
2.5410102755905513
0
LINE
8
BLACK
6
CONTINUOUS
10
1.1292763779527559
20
2.5410102755905513
11
1.1306225984251967
21
2.5423564566929135
0
LINE
8
BLACK
6
CONTINUOUS
10
1.1306225984251967
20
2.5423564566929135
11
1.1321709842519685
21
2.5454532283464566
0
LINE
8
BLACK
6
CONTINUOUS
10
1.1321709842519685
20
2.5454532283464566
11
1.1321709842519685
21
2.5503435039370079
0
LINE
8
BLACK
6
CONTINUOUS
10
1.1321709842519685
20
2.5503435039370079
11
1.1306225984251967
21
2.553440275590551
0
LINE
8
BLACK
6
CONTINUOUS
10
1.1306225984251967
20
2.553440275590551
11
1.1292763779527559
21
2.5547864566929133
0
LINE
8
BLACK
6
CONTINUOUS
10
1.1292763779527559
20
2.5547864566929133
11
1.1261796850393702
21
2.556334803149606
0
LINE
8
BLACK
6
CONTINUOUS
10
1.1261796850393702
20
2.556334803149606
11
1.1130483858267717
21
2.556334803149606
0
LINE
8
BLACK
6
CONTINUOUS
10
1.1130483858267717
20
2.556334803149606
11
1.1130483858267717
21
2.5394618897637793
0
LINE
8
BLACK
6
CONTINUOUS
10
1.0927551968503937
20
2.5638502755905512
11
1.0939996456692913
21
2.5629496850393698
0
LINE
8
BLACK
6
CONTINUOUS
10
1.0939996456692913
20
2.5629496850393698
11
1.0948047244094488
21
2.5616414173228348
0
LINE
8
BLACK
6
CONTINUOUS
10
1.0948047244094488
20
2.5616414173228348
11
1.0950479133858269
21
2.5601246062992127
0
LINE
8
BLACK
6
CONTINUOUS
10
1.0950479133858269
20
2.5601246062992127
11
1.0949435826771654
21
2.5593599212598424
0
LINE
8
BLACK
6
CONTINUOUS
10
1.0949435826771654
20
2.5593599212598424
11
1.0836949606299213
21
2.5121158267716535
0
LINE
8
BLACK
6
CONTINUOUS
10
1.0836949606299213
20
2.5121158267716535
11
1.0836041338582676
21
2.5118523228346454
0
LINE
8
BLACK
6
CONTINUOUS
10
1.0836041338582676
20
2.5118523228346454
11
1.0835915748031495
21
2.5117577559055118
0
LINE
8
BLACK
6
CONTINUOUS
10
1.0835915748031495
20
2.5117577559055118
11
1.0835420472440944
21
2.5116722834645668
0
LINE
8
BLACK
6
CONTINUOUS
10
1.0835420472440944
20
2.5116722834645668
11
1.0834434645669291
21
2.5113861417322836
0
LINE
8
BLACK
6
CONTINUOUS
10
1.0834434645669291
20
2.5113861417322836
11
1.0831082677165353
21
2.5109229921259844
0
LINE
8
BLACK
6
CONTINUOUS
10
1.0831082677165353
20
2.5109229921259844
11
1.0828218897637796
21
2.510428307086614
0
LINE
8
BLACK
6
CONTINUOUS
10
1.0828218897637796
20
2.510428307086614
11
1.0826613385826771
21
2.5103054724409448
0
LINE
8
BLACK
6
CONTINUOUS
10
1.0826613385826771
20
2.5103054724409448
11
1.0825428740157481
21
2.5101416929133857
0
LINE
8
BLACK
6
CONTINUOUS
10
1.0825428740157481
20
2.5101416929133857
11
1.0820561417322834
21
2.5098422047244093
0
LINE
8
BLACK
6
CONTINUOUS
10
1.0820561417322834
20
2.5098422047244093
11
1.0816020866141731
21
2.5094946062992127
0
LINE
8
BLACK
6
CONTINUOUS
10
1.0816020866141731
20
2.5094946062992127
11
1.0814066535433071
21
2.5094425196850394
0
LINE
8
BLACK
6
CONTINUOUS
10
1.0814066535433071
20
2.5094425196850394
11
1.0812346062992126
21
2.5093366141732285
0
LINE
8
BLACK
6
CONTINUOUS
10
1.0812346062992126
20
2.5093366141732285
11
1.0806702362204723
21
2.5092461417322833
0
LINE
8
BLACK
6
CONTINUOUS
10
1.0806702362204723
20
2.5092461417322833
11
1.0801177952755905
21
2.5090988188976375
0
LINE
8
BLACK
6
CONTINUOUS
10
1.0801177952755905
20
2.5090988188976375
11
1.079917440944882
21
2.5091254724409446
0
LINE
8
BLACK
6
CONTINUOUS
10
1.079917440944882
20
2.5091254724409446
11
1.0797177952755905
21
2.5090934251968502
0
LINE
8
BLACK
6
CONTINUOUS
10
1.0797177952755905
20
2.5090934251968502
11
1.0791615354330708
21
2.5092259055118111
0
LINE
8
BLACK
6
CONTINUOUS
10
1.0791615354330708
20
2.5092259055118111
11
1.0785950393700787
21
2.5093011417322835
0
LINE
8
BLACK
6
CONTINUOUS
10
1.0785950393700787
20
2.5093011417322835
11
1.0784200787401574
21
2.5094024409448816
0
LINE
8
BLACK
6
CONTINUOUS
10
1.0784200787401574
20
2.5094024409448816
11
1.0782234251968503
21
2.5094492519685039
0
LINE
8
BLACK
6
CONTINUOUS
10
1.0782234251968503
20
2.5094492519685039
11
1.0777602362204723
21
2.5097844488188974
0
LINE
8
BLACK
6
CONTINUOUS
10
1.0777602362204723
20
2.5097844488188974
11
1.077265590551181
21
2.5100708267716536
0
LINE
8
BLACK
6
CONTINUOUS
10
1.077265590551181
20
2.5100708267716536
11
1.077142716535433
21
2.5102313779527559
0
LINE
8
BLACK
6
CONTINUOUS
10
1.077142716535433
20
2.5102313779527559
11
1.0769789763779527
21
2.5103498425196848
0
LINE
8
BLACK
6
CONTINUOUS
10
1.0769789763779527
20
2.5103498425196848
11
1.0766794488188975
21
2.5108365748031494
0
LINE
8
BLACK
6
CONTINUOUS
10
1.0766794488188975
20
2.5108365748031494
11
1.0763318897637795
21
2.5112906299212598
0
LINE
8
BLACK
6
CONTINUOUS
10
1.0763318897637795
20
2.5112906299212598
11
1.0762256299212598
21
2.51157405511811
0
LINE
8
BLACK
6
CONTINUOUS
10
1.0762256299212598
20
2.51157405511811
11
1.0761738976377953
21
2.5116581102362203
0
LINE
8
BLACK
6
CONTINUOUS
10
1.0761738976377953
20
2.5116581102362203
11
1.0761587795275591
21
2.5117523622047244
0
LINE
8
BLACK
6
CONTINUOUS
10
1.0761587795275591
20
2.5117523622047244
11
1.0760609448818896
21
2.512013307086614
0
LINE
8
BLACK
6
CONTINUOUS
10
1.0760609448818896
20
2.512013307086614
11
1.0708661023622048
21
2.5314938976377954
0
LINE
8
BLACK
6
CONTINUOUS
10
1.0708661023622048
20
2.5314938976377954
11
1.0656712992125985
21
2.512013307086614
0
LINE
8
BLACK
6
CONTINUOUS
10
1.0656712992125985
20
2.512013307086614
11
1.0655734251968503
21
2.5117523622047244
0
LINE
8
BLACK
6
CONTINUOUS
10
1.0655734251968503
20
2.5117523622047244
11
1.0655583464566929
21
2.5116581102362203
0
LINE
8
BLACK
6
CONTINUOUS
10
1.0655583464566929
20
2.5116581102362203
11
1.0655065748031496
21
2.51157405511811
0
LINE
8
BLACK
6
CONTINUOUS
10
1.0655065748031496
20
2.51157405511811
11
1.0654003543307087
21
2.5112906299212598
0
LINE
8
BLACK
6
CONTINUOUS
10
1.0654003543307087
20
2.5112906299212598
11
1.0650527559055118
21
2.5108365748031494
0
LINE
8
BLACK
6
CONTINUOUS
10
1.0650527559055118
20
2.5108365748031494
11
1.0647532677165354
21
2.5103498425196848
0
LINE
8
BLACK
6
CONTINUOUS
10
1.0647532677165354
20
2.5103498425196848
11
1.0645894881889764
21
2.5102313779527559
0
LINE
8
BLACK
6
CONTINUOUS
10
1.0645894881889764
20
2.5102313779527559
11
1.0644666535433072
21
2.5100708267716536
0
LINE
8
BLACK
6
CONTINUOUS
10
1.0644666535433072
20
2.5100708267716536
11
1.063971968503937
21
2.5097844488188974
0
LINE
8
BLACK
6
CONTINUOUS
10
1.063971968503937
20
2.5097844488188974
11
1.0635088188976378
21
2.5094492519685039
0
LINE
8
BLACK
6
CONTINUOUS
10
1.0635088188976378
20
2.5094492519685039
11
1.063312125984252
21
2.5094024409448816
0
LINE
8
BLACK
6
CONTINUOUS
10
1.063312125984252
20
2.5094024409448816
11
1.0631372047244094
21
2.5093011417322835
0
LINE
8
BLACK
6
CONTINUOUS
10
1.0631372047244094
20
2.5093011417322835
11
1.0625706692913386
21
2.5092259055118111
0
LINE
8
BLACK
6
CONTINUOUS
10
1.0625706692913386
20
2.5092259055118111
11
1.0620144488188976
21
2.5090934251968502
0
LINE
8
BLACK
6
CONTINUOUS
10
1.0620144488188976
20
2.5090934251968502
11
1.0618147637795274
21
2.5091254724409446
0
LINE
8
BLACK
6
CONTINUOUS
10
1.0618147637795274
20
2.5091254724409446
11
1.0616144488188977
21
2.5090988188976375
0
LINE
8
BLACK
6
CONTINUOUS
10
1.0616144488188977
20
2.5090988188976375
11
1.0610619685039371
21
2.5092461417322833
0
LINE
8
BLACK
6
CONTINUOUS
10
1.0610619685039371
20
2.5092461417322833
11
1.0604976377952755
21
2.5093366141732285
0
LINE
8
BLACK
6
CONTINUOUS
10
1.0604976377952755
20
2.5093366141732285
11
1.0603255511811023
21
2.5094425196850394
0
LINE
8
BLACK
6
CONTINUOUS
10
1.0603255511811023
20
2.5094425196850394
11
1.060130157480315
21
2.5094946062992127
0
LINE
8
BLACK
6
CONTINUOUS
10
1.060130157480315
20
2.5094946062992127
11
1.059676062992126
21
2.5098422047244093
0
LINE
8
BLACK
6
CONTINUOUS
10
1.059676062992126
20
2.5098422047244093
11
1.05918937007874
21
2.5101416929133857
0
LINE
8
BLACK
6
CONTINUOUS
10
1.05918937007874
20
2.5101416929133857
11
1.0590708661417323
21
2.5103054724409448
0
LINE
8
BLACK
6
CONTINUOUS
10
1.0590708661417323
20
2.5103054724409448
11
1.0589103543307086
21
2.510428307086614
0
LINE
8
BLACK
6
CONTINUOUS
10
1.0589103543307086
20
2.510428307086614
11
1.058623937007874
21
2.5109229921259844
0
LINE
8
BLACK
6
CONTINUOUS
10
1.058623937007874
20
2.5109229921259844
11
1.0582887795275591
21
2.5113861417322836
0
LINE
8
BLACK
6
CONTINUOUS
10
1.0582887795275591
20
2.5113861417322836
11
1.058190157480315
21
2.5116722834645668
0
LINE
8
BLACK
6
CONTINUOUS
10
1.058190157480315
20
2.5116722834645668
11
1.0581406692913387
21
2.5117577559055118
0
LINE
8
BLACK
6
CONTINUOUS
10
1.0581406692913387
20
2.5117577559055118
11
1.0581280708661418
21
2.5118523228346454
0
LINE
8
BLACK
6
CONTINUOUS
10
1.0581280708661418
20
2.5118523228346454
11
1.0580372834645668
21
2.5121158267716535
0
LINE
8
BLACK
6
CONTINUOUS
10
1.0580372834645668
20
2.5121158267716535
11
1.0467887007874015
21
2.5593599212598424
0
LINE
8
BLACK
6
CONTINUOUS
10
1.0467887007874015
20
2.5593599212598424
11
1.04668437007874
21
2.5601246062992127
0
LINE
8
BLACK
6
CONTINUOUS
10
1.04668437007874
20
2.5601246062992127
11
1.0469275590551181
21
2.5616414173228348
0
LINE
8
BLACK
6
CONTINUOUS
10
1.0469275590551181
20
2.5616414173228348
11
1.0477326377952756
21
2.5629496850393698
0
LINE
8
BLACK
6
CONTINUOUS
10
1.0477326377952756
20
2.5629496850393698
11
1.0489770866141732
21
2.5638502755905512
0
LINE
8
BLACK
6
CONTINUOUS
10
1.0489770866141732
20
2.5638502755905512
11
1.0504714566929134
21
2.5642061023622045
0
LINE
8
BLACK
6
CONTINUOUS
10
1.0504714566929134
20
2.5642061023622045
11
1.0519882677165353
21
2.5639629133858266
0
LINE
8
BLACK
6
CONTINUOUS
10
1.0519882677165353
20
2.5639629133858266
11
1.0532965354330708
21
2.5631578346456694
0
LINE
8
BLACK
6
CONTINUOUS
10
1.0532965354330708
20
2.5631578346456694
11
1.054197125984252
21
2.5619133858267715
0
LINE
8
BLACK
6
CONTINUOUS
10
1.054197125984252
20
2.5619133858267715
11
1.054448622047244
21
2.5611837007874017
0
LINE
8
BLACK
6
CONTINUOUS
10
1.054448622047244
20
2.5611837007874017
11
1.0620833464566928
21
2.5291177559055118
0
LINE
8
BLACK
6
CONTINUOUS
10
1.0620833464566928
20
2.5291177559055118
11
1.0670620866141731
21
2.5477878740157478
0
LINE
8
BLACK
6
CONTINUOUS
10
1.0670620866141731
20
2.5477878740157478
11
1.0671295275590551
21
2.5479678740157481
0
LINE
8
BLACK
6
CONTINUOUS
10
1.0671295275590551
20
2.5479678740157481
11
1.0671396062992127
21
2.5480434251968505
0
LINE
8
BLACK
6
CONTINUOUS
10
1.0671396062992127
20
2.5480434251968505
11
1.067191496062992
21
2.5481331102362206
0
LINE
8
BLACK
6
CONTINUOUS
10
1.067191496062992
20
2.5481331102362206
11
1.067333031496063
21
2.5485105511811024
0
LINE
8
BLACK
6
CONTINUOUS
10
1.067333031496063
20
2.5485105511811024
11
1.0676490157480314
21
2.5489233858267717
0
LINE
8
BLACK
6
CONTINUOUS
10
1.0676490157480314
20
2.5489233858267717
11
1.0679092519685038
21
2.5493728740157482
0
LINE
8
BLACK
6
CONTINUOUS
10
1.0679092519685038
20
2.5493728740157482
11
1.0681117322834646
21
2.5495278740157481
0
LINE
8
BLACK
6
CONTINUOUS
10
1.0681117322834646
20
2.5495278740157481
11
1.0682667322834645
21
2.5497303543307086
0
LINE
8
BLACK
6
CONTINUOUS
10
1.0682667322834645
20
2.5497303543307086
11
1.0687162992125985
21
2.5499906692913386
0
LINE
8
BLACK
6
CONTINUOUS
10
1.0687162992125985
20
2.5499906692913386
11
1.0691290551181103
21
2.5503065748031495
0
LINE
8
BLACK
6
CONTINUOUS
10
1.0691290551181103
20
2.5503065748031495
11
1.0693755118110235
21
2.5503723228346455
0
LINE
8
BLACK
6
CONTINUOUS
10
1.0693755118110235
20
2.5503723228346455
11
1.0695961811023622
21
2.5505000393700787
0
LINE
8
BLACK
6
CONTINUOUS
10
1.0695961811023622
20
2.5505000393700787
11
1.070111220472441
21
2.5505685039370078
0
LINE
8
BLACK
6
CONTINUOUS
10
1.070111220472441
20
2.5505685039370078
11
1.0706133464566929
21
2.5507023622047242
0
LINE
8
BLACK
6
CONTINUOUS
10
1.0706133464566929
20
2.5507023622047242
11
1.0708661023622048
21
2.5506687795275589
0
LINE
8
BLACK
6
CONTINUOUS
10
1.0708661023622048
20
2.5506687795275589
11
1.071118937007874
21
2.5507023622047242
0
LINE
8
BLACK
6
CONTINUOUS
10
1.071118937007874
20
2.5507023622047242
11
1.0716212204724409
21
2.5505684251968503
0
LINE
8
BLACK
6
CONTINUOUS
10
1.0716212204724409
20
2.5505684251968503
11
1.0721361023622047
21
2.5505
0
LINE
8
BLACK
6
CONTINUOUS
10
1.0721361023622047
20
2.5505
11
1.0723566141732284
21
2.5503723622047243
0
LINE
8
BLACK
6
CONTINUOUS
10
1.0723566141732284
20
2.5503723622047243
11
1.0726032283464566
21
2.5503065748031495
0
LINE
8
BLACK
6
CONTINUOUS
10
1.0726032283464566
20
2.5503065748031495
11
1.0730159448818897
21
2.5499906299212598
0
LINE
8
BLACK
6
CONTINUOUS
10
1.0730159448818897
20
2.5499906299212598
11
1.0734655511811024
21
2.5497303543307086
0
LINE
8
BLACK
6
CONTINUOUS
10
1.0734655511811024
20
2.5497303543307086
11
1.0736205905511811
21
2.5495277952755906
0
LINE
8
BLACK
6
CONTINUOUS
10
1.0736205905511811
20
2.5495277952755906
11
1.0738230314960631
21
2.5493728346456694
0
LINE
8
BLACK
6
CONTINUOUS
10
1.0738230314960631
20
2.5493728346456694
11
1.0740832283464568
21
2.5489233858267717
0
LINE
8
BLACK
6
CONTINUOUS
10
1.0740832283464568
20
2.5489233858267717
11
1.0743992519685039
21
2.5485105511811024
0
LINE
8
BLACK
6
CONTINUOUS
10
1.0743992519685039
20
2.5485105511811024
11
1.0745406692913386
21
2.5481332677165356
0
LINE
8
BLACK
6
CONTINUOUS
10
1.0745406692913386
20
2.5481332677165356
11
1.074592716535433
21
2.5480434251968505
0
LINE
8
BLACK
6
CONTINUOUS
10
1.074592716535433
20
2.5480434251968505
11
1.0746027559055118
21
2.5479677165354331
0
LINE
8
BLACK
6
CONTINUOUS
10
1.0746027559055118
20
2.5479677165354331
11
1.0746701968503938
21
2.5477878740157478
0
LINE
8
BLACK
6
CONTINUOUS
10
1.0746701968503938
20
2.5477878740157478
11
1.0796488976377951
21
2.5291177952755906
0
LINE
8
BLACK
6
CONTINUOUS
10
1.0796488976377951
20
2.5291177952755906
11
1.0872836614173229
21
2.5611837007874017
0
LINE
8
BLACK
6
CONTINUOUS
10
1.0872836614173229
20
2.5611837007874017
11
1.0875351574803149
21
2.5619133858267715
0
LINE
8
BLACK
6
CONTINUOUS
10
1.0875351574803149
20
2.5619133858267715
11
1.0884357480314961
21
2.5631578346456694
0
LINE
8
BLACK
6
CONTINUOUS
10
1.0884357480314961
20
2.5631578346456694
11
1.0897440157480314
21
2.5639629133858266
0
LINE
8
BLACK
6
CONTINUOUS
10
1.0897440157480314
20
2.5639629133858266
11
1.0912608267716535
21
2.5642061023622045
0
LINE
8
BLACK
6
CONTINUOUS
10
1.0912608267716535
20
2.5642061023622045
11
1.0927551968503937
21
2.5638502755905512
0
LINE
8
BLACK
6
CONTINUOUS
10
1.026639842519685
20
2.5641331889763781
11
1.0267705511811023
21
2.5640790551181101
0
LINE
8
BLACK
6
CONTINUOUS
10
1.0267705511811023
20
2.5640790551181101
11
1.0269116535433072
21
2.5640690157480313
0
LINE
8
BLACK
6
CONTINUOUS
10
1.0269116535433072
20
2.5640690157480313
11
1.0276324803149606
21
2.5637931889763781
0
LINE
8
BLACK
6
CONTINUOUS
10
1.0276324803149606
20
2.5637931889763781
11
1.0321318897637795
21
2.5615434251968505
0
LINE
8
BLACK
6
CONTINUOUS
10
1.0321318897637795
20
2.5615434251968505
11
1.0324624409448819
21
2.5613353937007872
0
LINE
8
BLACK
6
CONTINUOUS
10
1.0324624409448819
20
2.5613353937007872
11
1.032558464566929
21
2.5612955905511812
0
LINE
8
BLACK
6
CONTINUOUS
10
1.032558464566929
20
2.5612955905511812
11
1.0326664566929133
21
2.5612069685039369
0
LINE
8
BLACK
6
CONTINUOUS
10
1.0326664566929133
20
2.5612069685039369
11
1.0327850393700788
21
2.5611323228346454
0
LINE
8
BLACK
6
CONTINUOUS
10
1.0327850393700788
20
2.5611323228346454
11
1.0328532283464567
21
2.5610537007874017
0
LINE
8
BLACK
6
CONTINUOUS
10
1.0328532283464567
20
2.5610537007874017
11
1.0331550787401576
21
2.5608059842519686
0
LINE
8
BLACK
6
CONTINUOUS
10
1.0331550787401576
20
2.5608059842519686
11
1.0354047637795276
21
2.5585562598425198
0
LINE
8
BLACK
6
CONTINUOUS
10
1.0354047637795276
20
2.5585562598425198
11
1.0356524803149607
21
2.5582544488188974
0
LINE
8
BLACK
6
CONTINUOUS
10
1.0356524803149607
20
2.5582544488188974
11
1.0357311417322834
21
2.5581862204724408
0
LINE
8
BLACK
6
CONTINUOUS
10
1.0357311417322834
20
2.5581862204724408
11
1.0358056692913387
21
2.5580677952755906
0
LINE
8
BLACK
6
CONTINUOUS
10
1.0358056692913387
20
2.5580677952755906
11
1.0358944094488189
21
2.55795968503937
0
LINE
8
BLACK
6
CONTINUOUS
10
1.0358944094488189
20
2.55795968503937
11
1.0359341732283465
21
2.5578636220472442
0
LINE
8
BLACK
6
CONTINUOUS
10
1.0359341732283465
20
2.5578636220472442
11
1.0361422834645668
21
2.5575330314960629
0
LINE
8
BLACK
6
CONTINUOUS
10
1.0361422834645668
20
2.5575330314960629
11
1.0383920078740156
21
2.5530335826771653
0
LINE
8
BLACK
6
CONTINUOUS
10
1.0383920078740156
20
2.5530335826771653
11
1.0386678346456693
21
2.5523127952755904
0
LINE
8
BLACK
6
CONTINUOUS
10
1.0386678346456693
20
2.5523127952755904
11
1.0386778346456693
21
2.5521717322834645
0
LINE
8
BLACK
6
CONTINUOUS
10
1.0386778346456693
20
2.5521717322834645
11
1.0387320078740157
21
2.5520409842519682
0
LINE
8
BLACK
6
CONTINUOUS
10
1.0387320078740157
20
2.5520409842519682
11
1.0388076377952755
21
2.5512729133858265
0
LINE
8
BLACK
6
CONTINUOUS
10
1.0388076377952755
20
2.5512729133858265
11
1.0388076377952755
21
2.5445237795275588
0
LINE
8
BLACK
6
CONTINUOUS
10
1.0388076377952755
20
2.5445237795275588
11
1.0387320078740157
21
2.5437557086614171
0
LINE
8
BLACK
6
CONTINUOUS
10
1.0387320078740157
20
2.5437557086614171
11
1.0386778346456693
21
2.543625
0
LINE
8
BLACK
6
CONTINUOUS
10
1.0386778346456693
20
2.543625
11
1.0386678346456693
21
2.5434838976377954
0
LINE
8
BLACK
6
CONTINUOUS
10
1.0386678346456693
20
2.5434838976377954
11
1.0383920078740156
21
2.5427631102362205
0
LINE
8
BLACK
6
CONTINUOUS
10
1.0383920078740156
20
2.5427631102362205
11
1.0361422834645668
21
2.5382636614173228
0
LINE
8
BLACK
6
CONTINUOUS
10
1.0361422834645668
20
2.5382636614173228
11
1.0359341732283465
21
2.5379331102362204
0
LINE
8
BLACK
6
CONTINUOUS
10
1.0359341732283465
20
2.5379331102362204
11
1.0358944094488189
21
2.5378370078740158
0
LINE
8
BLACK
6
CONTINUOUS
10
1.0358944094488189
20
2.5378370078740158
11
1.0358056692913387
21
2.5377289370078739
0
LINE
8
BLACK
6
CONTINUOUS
10
1.0358056692913387
20
2.5377289370078739
11
1.0357311417322834
21
2.537610472440945
0
LINE
8
BLACK
6
CONTINUOUS
10
1.0357311417322834
20
2.537610472440945
11
1.0356524803149607
21
2.5375422834645667
0
LINE
8
BLACK
6
CONTINUOUS
10
1.0356524803149607
20
2.5375422834645667
11
1.0354047637795276
21
2.537240433070866
0
LINE
8
BLACK
6
CONTINUOUS
10
1.0354047637795276
20
2.537240433070866
11
1.0331550787401576
21
2.5349907086614172
0
LINE
8
BLACK
6
CONTINUOUS
10
1.0331550787401576
20
2.5349907086614172
11
1.0328532283464567
21
2.5347430314960628
0
LINE
8
BLACK
6
CONTINUOUS
10
1.0328532283464567
20
2.5347430314960628
11
1.0327850393700788
21
2.5346643700787399
0
LINE
8
BLACK
6
CONTINUOUS
10
1.0327850393700788
20
2.5346643700787399
11
1.0326664566929133
21
2.5345897637795276
0
LINE
8
BLACK
6
CONTINUOUS
10
1.0326664566929133
20
2.5345897637795276
11
1.032558464566929
21
2.5345011023622046
0
LINE
8
BLACK
6
CONTINUOUS
10
1.032558464566929
20
2.5345011023622046
11
1.0324624409448819
21
2.5344613385826773
0
LINE
8
BLACK
6
CONTINUOUS
10
1.0324624409448819
20
2.5344613385826773
11
1.0321318897637795
21
2.5342532677165353
0
LINE
8
BLACK
6
CONTINUOUS
10
1.0321318897637795
20
2.5342532677165353
11
1.0276324803149606
21
2.5320035039370077
0
LINE
8
BLACK
6
CONTINUOUS
10
1.0276324803149606
20
2.5320035039370077
11
1.0269116535433072
21
2.5317276771653541
0
LINE
8
BLACK
6
CONTINUOUS
10
1.0269116535433072
20
2.5317276771653541
11
1.0267705511811023
21
2.5317176771653545
0
LINE
8
BLACK
6
CONTINUOUS
10
1.0267705511811023
20
2.5317176771653545
11
1.026639842519685
21
2.5316635039370077
0
LINE
8
BLACK
6
CONTINUOUS
10
1.026639842519685
20
2.5316635039370077
11
1.0258717716535433
21
2.5315878740157478
0
LINE
8
BLACK
6
CONTINUOUS
10
1.0258717716535433
20
2.5315878740157478
11
1.0118110236220472
21
2.5315878740157478
0
LINE
8
BLACK
6
CONTINUOUS
10
1.0118110236220472
20
2.5315878740157478
11
1.0118110236220472
21
2.5130277165354329
0
LINE
8
BLACK
6
CONTINUOUS
10
1.0118110236220472
20
2.5130277165354329
11
1.0117353937007874
21
2.5122596456692912
0
LINE
8
BLACK
6
CONTINUOUS
10
1.0117353937007874
20
2.5122596456692912
11
1.0111475196850392
21
2.5108404330708662
0
LINE
8
BLACK
6
CONTINUOUS
10
1.0111475196850392
20
2.5108404330708662
11
1.0100612992125984
21
2.5097542125984251
0
LINE
8
BLACK
6
CONTINUOUS
10
1.0100612992125984
20
2.5097542125984251
11
1.0086420866141732
21
2.509166338582677
0
LINE
8
BLACK
6
CONTINUOUS
10
1.0086420866141732
20
2.509166338582677
11
1.0071059448818898
21
2.509166338582677
0
LINE
8
BLACK
6
CONTINUOUS
10
1.0071059448818898
20
2.509166338582677
11
1.0056867322834646
21
2.5097542125984251
0
LINE
8
BLACK
6
CONTINUOUS
10
1.0056867322834646
20
2.5097542125984251
11
1.0046005118110235
21
2.5108404330708662
0
LINE
8
BLACK
6
CONTINUOUS
10
1.0046005118110235
20
2.5108404330708662
11
1.0040126377952756
21
2.5122596456692912
0
LINE
8
BLACK
6
CONTINUOUS
10
1.0040126377952756
20
2.5122596456692912
11
1.0039370078740157
21
2.5130277165354329
0
LINE
8
BLACK
6
CONTINUOUS
10
1.0039370078740157
20
2.5130277165354329
11
1.0039370078740157
21
2.5602718110236218
0
LINE
8
BLACK
6
CONTINUOUS
10
1.0039370078740157
20
2.5602718110236218
11
1.0040126377952756
21
2.5610398818897635
0
LINE
8
BLACK
6
CONTINUOUS
10
1.0040126377952756
20
2.5610398818897635
11
1.0046005118110235
21
2.5624590944881889
0
LINE
8
BLACK
6
CONTINUOUS
10
1.0046005118110235
20
2.5624590944881889
11
1.0056867322834646
21
2.56354531496063
0
LINE
8
BLACK
6
CONTINUOUS
10
1.0056867322834646
20
2.56354531496063
11
1.0071059448818898
21
2.5641331889763781
0
LINE
8
BLACK
6
CONTINUOUS
10
1.0071059448818898
20
2.5641331889763781
11
1.0078740157480315
21
2.5642088188976375
0
LINE
8
BLACK
6
CONTINUOUS
10
1.0078740157480315
20
2.5642088188976375
11
1.0258717716535433
21
2.5642088188976375
0
LINE
8
BLACK
6
CONTINUOUS
10
1.0258717716535433
20
2.5642088188976375
11
1.026639842519685
21
2.5641331889763781
0
LINE
8
BLACK
6
CONTINUOUS
10
1.0118110236220472
20
2.5394618897637793
11
1.0249423228346457
21
2.5394618897637793
0
LINE
8
BLACK
6
CONTINUOUS
10
1.0249423228346457
20
2.5394618897637793
11
1.0280390157480315
21
2.5410102755905513
0
LINE
8
BLACK
6
CONTINUOUS
10
1.0280390157480315
20
2.5410102755905513
11
1.0293852362204725
21
2.5423564566929135
0
LINE
8
BLACK
6
CONTINUOUS
10
1.0293852362204725
20
2.5423564566929135
11
1.030933622047244
21
2.5454532283464566
0
LINE
8
BLACK
6
CONTINUOUS
10
1.030933622047244
20
2.5454532283464566
11
1.030933622047244
21
2.5503435039370079
0
LINE
8
BLACK
6
CONTINUOUS
10
1.030933622047244
20
2.5503435039370079
11
1.0293852362204725
21
2.553440275590551
0
LINE
8
BLACK
6
CONTINUOUS
10
1.0293852362204725
20
2.553440275590551
11
1.0280390157480315
21
2.5547864566929133
0
LINE
8
BLACK
6
CONTINUOUS
10
1.0280390157480315
20
2.5547864566929133
11
1.0249423228346457
21
2.556334803149606
0
LINE
8
BLACK
6
CONTINUOUS
10
1.0249423228346457
20
2.556334803149606
11
1.0118110236220472
21
2.556334803149606
0
LINE
8
BLACK
6
CONTINUOUS
10
1.0118110236220472
20
2.556334803149606
11
1.0118110236220472
21
2.5394618897637793
0
LINE
8
BLACK
6
CONTINUOUS
10
1.4757530708661417
20
2.56354531496063
11
1.4768392913385826
21
2.5624590944881889
0
LINE
8
BLACK
6
CONTINUOUS
10
1.4768392913385826
20
2.5624590944881889
11
1.4774271653543307
21
2.5610398818897635
0
LINE
8
BLACK
6
CONTINUOUS
10
1.4774271653543307
20
2.5610398818897635
11
1.4775027952755906
21
2.5602718110236218
0
LINE
8
BLACK
6
CONTINUOUS
10
1.4775027952755906
20
2.5602718110236218
11
1.4775027952755906
21
2.5130277165354329
0
LINE
8
BLACK
6
CONTINUOUS
10
1.4775027952755906
20
2.5130277165354329
11
1.4774271653543307
21
2.5122596456692912
0
LINE
8
BLACK
6
CONTINUOUS
10
1.4774271653543307
20
2.5122596456692912
11
1.4768392913385826
21
2.5108404330708662
0
LINE
8
BLACK
6
CONTINUOUS
10
1.4768392913385826
20
2.5108404330708662
11
1.4757530708661417
21
2.5097542125984251
0
LINE
8
BLACK
6
CONTINUOUS
10
1.4757530708661417
20
2.5097542125984251
11
1.4743338582677166
21
2.509166338582677
0
LINE
8
BLACK
6
CONTINUOUS
10
1.4743338582677166
20
2.509166338582677
11
1.4727977165354331
21
2.509166338582677
0
LINE
8
BLACK
6
CONTINUOUS
10
1.4727977165354331
20
2.509166338582677
11
1.4713785039370078
21
2.5097542125984251
0
LINE
8
BLACK
6
CONTINUOUS
10
1.4713785039370078
20
2.5097542125984251
11
1.4702922834645669
21
2.5108404330708662
0
LINE
8
BLACK
6
CONTINUOUS
10
1.4702922834645669
20
2.5108404330708662
11
1.469704409448819
21
2.5122596456692912
0
LINE
8
BLACK
6
CONTINUOUS
10
1.469704409448819
20
2.5122596456692912
11
1.4696287795275591
21
2.5130277165354329
0
LINE
8
BLACK
6
CONTINUOUS
10
1.4696287795275591
20
2.5130277165354329
11
1.4696287795275591
21
2.5602718110236218
0
LINE
8
BLACK
6
CONTINUOUS
10
1.4696287795275591
20
2.5602718110236218
11
1.469704409448819
21
2.5610398818897635
0
LINE
8
BLACK
6
CONTINUOUS
10
1.469704409448819
20
2.5610398818897635
11
1.4702922834645669
21
2.5624590944881889
0
LINE
8
BLACK
6
CONTINUOUS
10
1.4702922834645669
20
2.5624590944881889
11
1.4713785039370078
21
2.56354531496063
0
LINE
8
BLACK
6
CONTINUOUS
10
1.4713785039370078
20
2.56354531496063
11
1.4727977165354331
21
2.5641331889763781
0
LINE
8
BLACK
6
CONTINUOUS
10
1.4727977165354331
20
2.5641331889763781
11
1.4743338582677166
21
2.5641331889763781
0
LINE
8
BLACK
6
CONTINUOUS
10
1.4743338582677166
20
2.5641331889763781
11
1.4757530708661417
21
2.56354531496063
0
LINE
8
BLACK
6
CONTINUOUS
10
0.7951018503937007
20
2.5690663779527561
11
0.7952055511811024
21
2.5690737401574801
0
LINE
8
BLACK
6
CONTINUOUS
10
0.7952055511811024
20
2.5690737401574801
11
0.7953418897637795
21
2.5690427559055116
0
LINE
8
BLACK
6
CONTINUOUS
10
0.7953418897637795
20
2.5690427559055116
11
0.795481220472441
21
2.5690290157480313
0
LINE
8
BLACK
6
CONTINUOUS
10
0.795481220472441
20
2.5690290157480313
11
0.7955773622047244
21
2.5689892125984253
0
LINE
8
BLACK
6
CONTINUOUS
10
0.7955773622047244
20
2.5689892125984253
11
0.7959581496062992
21
2.568902598425197
0
LINE
8
BLACK
6
CONTINUOUS
10
0.7959581496062992
20
2.568902598425197
11
0.8027073228346456
21
2.5666528740157482
0
LINE
8
BLACK
6
CONTINUOUS
10
0.8027073228346456
20
2.5666528740157482
11
0.8034120472440944
21
2.5663382677165352
0
LINE
8
BLACK
6
CONTINUOUS
10
0.8034120472440944
20
2.5663382677165352
11
0.803518937007874
21
2.5662455905511812
0
LINE
8
BLACK
6
CONTINUOUS
10
0.803518937007874
20
2.5662455905511812
11
0.8036496456692913
21
2.5661914173228344
0
LINE
8
BLACK
6
CONTINUOUS
10
0.8036496456692913
20
2.5661914173228344
11
0.8042462204724409
21
2.5657017716535431
0
LINE
8
BLACK
6
CONTINUOUS
10
0.8042462204724409
20
2.5657017716535431
11
0.8087456299212599
21
2.5612023228346454
0
LINE
8
BLACK
6
CONTINUOUS
10
0.8087456299212599
20
2.5612023228346454
11
0.8089932677165355
21
2.560900590551181
0
LINE
8
BLACK
6
CONTINUOUS
10
0.8089932677165355
20
2.560900590551181
11
0.809071968503937
21
2.5608323228346457
0
LINE
8
BLACK
6
CONTINUOUS
10
0.809071968503937
20
2.5608323228346457
11
0.8091465748031496
21
2.5607137401574804
0
LINE
8
BLACK
6
CONTINUOUS
10
0.8091465748031496
20
2.5607137401574804
11
0.8092352362204724
21
2.5606057480314961
0
LINE
8
BLACK
6
CONTINUOUS
10
0.8092352362204724
20
2.5606057480314961
11
0.8092749606299212
21
2.5605098031496061
0
LINE
8
BLACK
6
CONTINUOUS
10
0.8092749606299212
20
2.5605098031496061
11
0.8094831102362204
21
2.5601791338582678
0
LINE
8
BLACK
6
CONTINUOUS
10
0.8094831102362204
20
2.5601791338582678
11
0.8117328346456693
21
2.5556796850393702
0
LINE
8
BLACK
6
CONTINUOUS
10
0.8117328346456693
20
2.5556796850393702
11
0.8117542913385827
21
2.5556235433070866
0
LINE
8
BLACK
6
CONTINUOUS
10
0.8117542913385827
20
2.5556235433070866
11
0.8117712598425196
21
2.5556006692913384
0
LINE
8
BLACK
6
CONTINUOUS
10
0.8117712598425196
20
2.5556006692913384
11
0.8118863385826771
21
2.5552785433070864
0
LINE
8
BLACK
6
CONTINUOUS
10
0.8118863385826771
20
2.5552785433070864
11
0.8120086614173229
21
2.5549588976377953
0
LINE
8
BLACK
6
CONTINUOUS
10
0.8120086614173229
20
2.5549588976377953
11
0.8120106692913386
21
2.5549305511811022
0
LINE
8
BLACK
6
CONTINUOUS
10
0.8120106692913386
20
2.5549305511811022
11
0.812030905511811
21
2.5548738976377954
0
LINE
8
BLACK
6
CONTINUOUS
10
0.812030905511811
20
2.5548738976377954
11
0.8142806299212598
21
2.5458750000000001
0
LINE
8
BLACK
6
CONTINUOUS
10
0.8142806299212598
20
2.5458750000000001
11
0.8143002755905512
21
2.5457419685039371
0
LINE
8
BLACK
6
CONTINUOUS
10
0.8143002755905512
20
2.5457419685039371
11
0.8143225590551181
21
2.5456882283464566
0
LINE
8
BLACK
6
CONTINUOUS
10
0.8143225590551181
20
2.5456882283464566
11
0.8143510236220473
21
2.5453988188976377
0
LINE
8
BLACK
6
CONTINUOUS
10
0.8143510236220473
20
2.5453988188976377
11
0.8143935433070866
21
2.5451115354330707
0
LINE
8
BLACK
6
CONTINUOUS
10
0.8143935433070866
20
2.5451115354330707
11
0.8143849606299213
21
2.5450541338582675
0
LINE
8
BLACK
6
CONTINUOUS
10
0.8143849606299213
20
2.5450541338582675
11
0.8143981889763779
21
2.5449201574803149
0
LINE
8
BLACK
6
CONTINUOUS
10
0.8143981889763779
20
2.5449201574803149
11
0.8143981889763779
21
2.5381709842519684
0
LINE
8
BLACK
6
CONTINUOUS
10
0.8143981889763779
20
2.5381709842519684
11
0.8143849606299213
21
2.5380370472440945
0
LINE
8
BLACK
6
CONTINUOUS
10
0.8143849606299213
20
2.5380370472440945
11
0.8143935433070866
21
2.5379796062992126
0
LINE
8
BLACK
6
CONTINUOUS
10
0.8143935433070866
20
2.5379796062992126
11
0.8143510236220473
21
2.5376923622047243
0
LINE
8
BLACK
6
CONTINUOUS
10
0.8143510236220473
20
2.5376923622047243
11
0.8143225590551181
21
2.5374029133858267
0
LINE
8
BLACK
6
CONTINUOUS
10
0.8143225590551181
20
2.5374029133858267
11
0.8143002755905512
21
2.5373492125984249
0
LINE
8
BLACK
6
CONTINUOUS
10
0.8143002755905512
20
2.5373492125984249
11
0.8142806299212598
21
2.5372161417322836
0
LINE
8
BLACK
6
CONTINUOUS
10
0.8142806299212598
20
2.5372161417322836
11
0.812030905511811
21
2.5282172440944883
0
LINE
8
BLACK
6
CONTINUOUS
10
0.812030905511811
20
2.5282172440944883
11
0.8120106692913386
21
2.5281606299212598
0
LINE
8
BLACK
6
CONTINUOUS
10
0.8120106692913386
20
2.5281606299212598
11
0.8120086614173229
21
2.528132244094488
0
LINE
8
BLACK
6
CONTINUOUS
10
0.8120086614173229
20
2.528132244094488
11
0.8118863385826771
21
2.5278126377952757
0
LINE
8
BLACK
6
CONTINUOUS
10
0.8118863385826771
20
2.5278126377952757
11
0.8117712598425196
21
2.5274904724409448
0
LINE
8
BLACK
6
CONTINUOUS
10
0.8117712598425196
20
2.5274904724409448
11
0.8117542913385827
21
2.5274676377952754
0
LINE
8
BLACK
6
CONTINUOUS
10
0.8117542913385827
20
2.5274676377952754
11
0.8117328346456693
21
2.5274114566929131
0
LINE
8
BLACK
6
CONTINUOUS
10
0.8117328346456693
20
2.5274114566929131
11
0.8094831102362204
21
2.5229120078740155
0
LINE
8
BLACK
6
CONTINUOUS
10
0.8094831102362204
20
2.5229120078740155
11
0.8092749606299212
21
2.5225813779527559
0
LINE
8
BLACK
6
CONTINUOUS
10
0.8092749606299212
20
2.5225813779527559
11
0.8092352362204724
21
2.5224853937007872
0
LINE
8
BLACK
6
CONTINUOUS
10
0.8092352362204724
20
2.5224853937007872
11
0.8091465748031496
21
2.522377440944882
0
LINE
8
BLACK
6
CONTINUOUS
10
0.8091465748031496
20
2.522377440944882
11
0.809071968503937
21
2.5222588188976376
0
LINE
8
BLACK
6
CONTINUOUS
10
0.809071968503937
20
2.5222588188976376
11
0.8089932677165355
21
2.522190590551181
0
LINE
8
BLACK
6
CONTINUOUS
10
0.8089932677165355
20
2.522190590551181
11
0.8087456299212599
21
2.5218888188976378
0
LINE
8
BLACK
6
CONTINUOUS
10
0.8087456299212599
20
2.5218888188976378
11
0.8042462204724409
21
2.5173893700787402
0
LINE
8
BLACK
6
CONTINUOUS
10
0.8042462204724409
20
2.5173893700787402
11
0.8036496456692913
21
2.5168997244094489
0
LINE
8
BLACK
6
CONTINUOUS
10
0.8036496456692913
20
2.5168997244094489
11
0.803518937007874
21
2.5168455905511808
0
LINE
8
BLACK
6
CONTINUOUS
10
0.803518937007874
20
2.5168455905511808
11
0.8034120472440944
21
2.5167528740157481
0
LINE
8
BLACK
6
CONTINUOUS
10
0.8034120472440944
20
2.5167528740157481
11
0.8027073228346456
21
2.5164382677165356
0
LINE
8
BLACK
6
CONTINUOUS
10
0.8027073228346456
20
2.5164382677165356
11
0.7959581102362204
21
2.5141885826771655
0
LINE
8
BLACK
6
CONTINUOUS
10
0.7959581102362204
20
2.5141885826771655
11
0.7955773622047244
21
2.5141020078740155
0
LINE
8
BLACK
6
CONTINUOUS
10
0.7955773622047244
20
2.5141020078740155
11
0.795481220472441
21
2.5140621653543307
0
LINE
8
BLACK
6
CONTINUOUS
10
0.795481220472441
20
2.5140621653543307
11
0.7953418503937008
21
2.5140484645669292
0
LINE
8
BLACK
6
CONTINUOUS
10
0.7953418503937008
20
2.5140484645669292
11
0.7952055511811024
21
2.5140174409448819
0
LINE
8
BLACK
6
CONTINUOUS
10
0.7952055511811024
20
2.5140174409448819
11
0.7951018503937007
21
2.5140248425196852
0
LINE
8
BLACK
6
CONTINUOUS
10
0.7951018503937007
20
2.5140248425196852
11
0.7947131496062992
21
2.5139865354330708
0
LINE
8
BLACK
6
CONTINUOUS
10
0.7947131496062992
20
2.5139865354330708
11
0.7834645669291338
21
2.5139865354330708
0
LINE
8
BLACK
6
CONTINUOUS
10
0.7834645669291338
20
2.5139865354330708
11
0.7826964960629921
21
2.5140621653543307
0
LINE
8
BLACK
6
CONTINUOUS
10
0.7826964960629921
20
2.5140621653543307
11
0.7812772834645669
21
2.5146500393700788
0
LINE
8
BLACK
6
CONTINUOUS
10
0.7812772834645669
20
2.5146500393700788
11
0.7801910629921259
21
2.5157362598425195
0
LINE
8
BLACK
6
CONTINUOUS
10
0.7801910629921259
20
2.5157362598425195
11
0.7796031889763779
21
2.5171554724409448
0
LINE
8
BLACK
6
CONTINUOUS
10
0.7796031889763779
20
2.5171554724409448
11
0.7795275590551181
21
2.5179235433070866
0
LINE
8
BLACK
6
CONTINUOUS
10
0.7795275590551181
20
2.5179235433070866
11
0.7795275590551181
21
2.5651676377952755
0
LINE
8
BLACK
6
CONTINUOUS
10
0.7795275590551181
20
2.5651676377952755
11
0.7796031889763779
21
2.5659357086614172
0
LINE
8
BLACK
6
CONTINUOUS
10
0.7796031889763779
20
2.5659357086614172
11
0.7801910629921259
21
2.5673549212598425
0
LINE
8
BLACK
6
CONTINUOUS
10
0.7801910629921259
20
2.5673549212598425
11
0.7812772834645669
21
2.5684411417322832
0
LINE
8
BLACK
6
CONTINUOUS
10
0.7812772834645669
20
2.5684411417322832
11
0.7826964960629921
21
2.5690290157480313
0
LINE
8
BLACK
6
CONTINUOUS
10
0.7826964960629921
20
2.5690290157480313
11
0.7834645669291338
21
2.5691046456692912
0
LINE
8
BLACK
6
CONTINUOUS
10
0.7834645669291338
20
2.5691046456692912
11
0.7947131496062992
21
2.5691046456692912
0
LINE
8
BLACK
6
CONTINUOUS
10
0.7947131496062992
20
2.5691046456692912
11
0.7951018503937007
21
2.5690663779527561
0
LINE
8
BLACK
6
CONTINUOUS
10
0.7874015748031495
20
2.5218605511811023
11
0.7940743307086614
21
2.5218605511811023
0
LINE
8
BLACK
6
CONTINUOUS
10
0.7940743307086614
20
2.5218605511811023
11
0.7993356299212598
21
2.5236143307086611
0
LINE
8
BLACK
6
CONTINUOUS
10
0.7993356299212598
20
2.5236143307086611
11
0.8027260236220473
21
2.5270047637795274
0
LINE
8
BLACK
6
CONTINUOUS
10
0.8027260236220473
20
2.5270047637795274
11
0.804496811023622
21
2.5305463779527559
0
LINE
8
BLACK
6
CONTINUOUS
10
0.804496811023622
20
2.5305463779527559
11
0.8065241732283465
21
2.5386556692913387
0
LINE
8
BLACK
6
CONTINUOUS
10
0.8065241732283465
20
2.5386556692913387
11
0.8065241732283465
21
2.5444355118110233
0
LINE
8
BLACK
6
CONTINUOUS
10
0.8065241732283465
20
2.5444355118110233
11
0.804496811023622
21
2.5525448031496061
0
LINE
8
BLACK
6
CONTINUOUS
10
0.804496811023622
20
2.5525448031496061
11
0.8027260236220473
21
2.5560864173228346
0
LINE
8
BLACK
6
CONTINUOUS
10
0.8027260236220473
20
2.5560864173228346
11
0.7993355905511811
21
2.5594768897637796
0
LINE
8
BLACK
6
CONTINUOUS
10
0.7993355905511811
20
2.5594768897637796
11
0.7940742913385826
21
2.5612306299212597
0
LINE
8
BLACK
6
CONTINUOUS
10
0.7940742913385826
20
2.5612306299212597
11
0.7874015748031495
21
2.5612306299212597
0
LINE
8
BLACK
6
CONTINUOUS
10
0.7874015748031495
20
2.5612306299212597
11
0.7874015748031495
21
2.5218605511811023
0
LINE
8
BLACK
6
CONTINUOUS
10
0.8423459448818897
20
2.5690663779527561
11
0.8424496456692914
21
2.5690737401574801
0
LINE
8
BLACK
6
CONTINUOUS
10
0.8424496456692914
20
2.5690737401574801
11
0.8425859842519685
21
2.5690427559055116
0
LINE
8
BLACK
6
CONTINUOUS
10
0.8425859842519685
20
2.5690427559055116
11
0.8427253149606299
21
2.5690290157480313
0
LINE
8
BLACK
6
CONTINUOUS
10
0.8427253149606299
20
2.5690290157480313
11
0.8428214566929134
21
2.5689892125984253
0
LINE
8
BLACK
6
CONTINUOUS
10
0.8428214566929134
20
2.5689892125984253
11
0.8432022440944882
21
2.568902598425197
0
LINE
8
BLACK
6
CONTINUOUS
10
0.8432022440944882
20
2.568902598425197
11
0.8499514173228346
21
2.5666528740157482
0
LINE
8
BLACK
6
CONTINUOUS
10
0.8499514173228346
20
2.5666528740157482
11
0.8506561417322834
21
2.5663382677165352
0
LINE
8
BLACK
6
CONTINUOUS
10
0.8506561417322834
20
2.5663382677165352
11
0.850763031496063
21
2.5662455905511812
0
LINE
8
BLACK
6
CONTINUOUS
10
0.850763031496063
20
2.5662455905511812
11
0.8508937401574803
21
2.5661914173228344
0
LINE
8
BLACK
6
CONTINUOUS
10
0.8508937401574803
20
2.5661914173228344
11
0.8514903149606299
21
2.5657017716535431
0
LINE
8
BLACK
6
CONTINUOUS
10
0.8514903149606299
20
2.5657017716535431
11
0.8559897244094488
21
2.5612023228346454
0
LINE
8
BLACK
6
CONTINUOUS
10
0.8559897244094488
20
2.5612023228346454
11
0.8562373622047244
21
2.560900590551181
0
LINE
8
BLACK
6
CONTINUOUS
10
0.8562373622047244
20
2.560900590551181
11
0.8563160629921259
21
2.5608323228346457
0
LINE
8
BLACK
6
CONTINUOUS
10
0.8563160629921259
20
2.5608323228346457
11
0.8563906692913386
21
2.5607137401574804
0
LINE
8
BLACK
6
CONTINUOUS
10
0.8563906692913386
20
2.5607137401574804
11
0.8564793307086614
21
2.5606057480314961
0
LINE
8
BLACK
6
CONTINUOUS
10
0.8564793307086614
20
2.5606057480314961
11
0.8565190551181102
21
2.5605098031496061
0
LINE
8
BLACK
6
CONTINUOUS
10
0.8565190551181102
20
2.5605098031496061
11
0.8567272047244094
21
2.5601791338582678
0
LINE
8
BLACK
6
CONTINUOUS
10
0.8567272047244094
20
2.5601791338582678
11
0.8589769291338583
21
2.5556796850393702
0
LINE
8
BLACK
6
CONTINUOUS
10
0.8589769291338583
20
2.5556796850393702
11
0.8589983858267717
21
2.5556235433070866
0
LINE
8
BLACK
6
CONTINUOUS
10
0.8589983858267717
20
2.5556235433070866
11
0.8590153543307086
21
2.5556006692913384
0
LINE
8
BLACK
6
CONTINUOUS
10
0.8590153543307086
20
2.5556006692913384
11
0.8591304330708661
21
2.5552785433070864
0
LINE
8
BLACK
6
CONTINUOUS
10
0.8591304330708661
20
2.5552785433070864
11
0.8592527559055118
21
2.5549588976377953
0
LINE
8
BLACK
6
CONTINUOUS
10
0.8592527559055118
20
2.5549588976377953
11
0.8592547637795276
21
2.5549305511811022
0
LINE
8
BLACK
6
CONTINUOUS
10
0.8592547637795276
20
2.5549305511811022
11
0.859275
21
2.5548738976377954
0
LINE
8
BLACK
6
CONTINUOUS
10
0.859275
20
2.5548738976377954
11
0.8615247244094488
21
2.5458750000000001
0
LINE
8
BLACK
6
CONTINUOUS
10
0.8615247244094488
20
2.5458750000000001
11
0.8615443700787402
21
2.5457419685039371
0
LINE
8
BLACK
6
CONTINUOUS
10
0.8615443700787402
20
2.5457419685039371
11
0.8615666535433071
21
2.5456882283464566
0
LINE
8
BLACK
6
CONTINUOUS
10
0.8615666535433071
20
2.5456882283464566
11
0.8615951181102361
21
2.5453988188976377
0
LINE
8
BLACK
6
CONTINUOUS
10
0.8615951181102361
20
2.5453988188976377
11
0.8616376377952756
21
2.5451115354330707
0
LINE
8
BLACK
6
CONTINUOUS
10
0.8616376377952756
20
2.5451115354330707
11
0.8616290551181102
21
2.5450541338582675
0
LINE
8
BLACK
6
CONTINUOUS
10
0.8616290551181102
20
2.5450541338582675
11
0.8616422834645669
21
2.5449201574803149
0
LINE
8
BLACK
6
CONTINUOUS
10
0.8616422834645669
20
2.5449201574803149
11
0.8616422834645669
21
2.5381709842519684
0
LINE
8
BLACK
6
CONTINUOUS
10
0.8616422834645669
20
2.5381709842519684
11
0.8616290551181102
21
2.5380370472440945
0
LINE
8
BLACK
6
CONTINUOUS
10
0.8616290551181102
20
2.5380370472440945
11
0.8616376377952756
21
2.5379796062992126
0
LINE
8
BLACK
6
CONTINUOUS
10
0.8616376377952756
20
2.5379796062992126
11
0.8615951181102361
21
2.5376923622047243
0
LINE
8
BLACK
6
CONTINUOUS
10
0.8615951181102361
20
2.5376923622047243
11
0.8615666535433071
21
2.5374029133858267
0
LINE
8
BLACK
6
CONTINUOUS
10
0.8615666535433071
20
2.5374029133858267
11
0.8615443700787402
21
2.5373492125984249
0
LINE
8
BLACK
6
CONTINUOUS
10
0.8615443700787402
20
2.5373492125984249
11
0.8615247244094488
21
2.5372161417322836
0
LINE
8
BLACK
6
CONTINUOUS
10
0.8615247244094488
20
2.5372161417322836
11
0.859275
21
2.5282172440944883
0
LINE
8
BLACK
6
CONTINUOUS
10
0.859275
20
2.5282172440944883
11
0.8592547637795276
21
2.5281606299212598
0
LINE
8
BLACK
6
CONTINUOUS
10
0.8592547637795276
20
2.5281606299212598
11
0.8592527559055118
21
2.528132244094488
0
LINE
8
BLACK
6
CONTINUOUS
10
0.8592527559055118
20
2.528132244094488
11
0.8591304330708661
21
2.5278126377952757
0
LINE
8
BLACK
6
CONTINUOUS
10
0.8591304330708661
20
2.5278126377952757
11
0.8590153543307086
21
2.5274904724409448
0
LINE
8
BLACK
6
CONTINUOUS
10
0.8590153543307086
20
2.5274904724409448
11
0.8589983858267717
21
2.5274676377952754
0
LINE
8
BLACK
6
CONTINUOUS
10
0.8589983858267717
20
2.5274676377952754
11
0.8589769291338583
21
2.5274114566929131
0
LINE
8
BLACK
6
CONTINUOUS
10
0.8589769291338583
20
2.5274114566929131
11
0.8567272047244094
21
2.5229120078740155
0
LINE
8
BLACK
6
CONTINUOUS
10
0.8567272047244094
20
2.5229120078740155
11
0.8565190551181102
21
2.5225813779527559
0
LINE
8
BLACK
6
CONTINUOUS
10
0.8565190551181102
20
2.5225813779527559
11
0.8564793307086614
21
2.5224853937007872
0
LINE
8
BLACK
6
CONTINUOUS
10
0.8564793307086614
20
2.5224853937007872
11
0.8563906692913386
21
2.522377440944882
0
LINE
8
BLACK
6
CONTINUOUS
10
0.8563906692913386
20
2.522377440944882
11
0.8563160629921259
21
2.5222588188976376
0
LINE
8
BLACK
6
CONTINUOUS
10
0.8563160629921259
20
2.5222588188976376
11
0.8562373622047244
21
2.522190590551181
0
LINE
8
BLACK
6
CONTINUOUS
10
0.8562373622047244
20
2.522190590551181
11
0.8559897244094488
21
2.5218888188976378
0
LINE
8
BLACK
6
CONTINUOUS
10
0.8559897244094488
20
2.5218888188976378
11
0.8514903149606299
21
2.5173893700787402
0
LINE
8
BLACK
6
CONTINUOUS
10
0.8514903149606299
20
2.5173893700787402
11
0.8508937401574803
21
2.5168997244094489
0
LINE
8
BLACK
6
CONTINUOUS
10
0.8508937401574803
20
2.5168997244094489
11
0.850763031496063
21
2.5168455905511808
0
LINE
8
BLACK
6
CONTINUOUS
10
0.850763031496063
20
2.5168455905511808
11
0.8506561417322834
21
2.5167528740157481
0
LINE
8
BLACK
6
CONTINUOUS
10
0.8506561417322834
20
2.5167528740157481
11
0.8499514173228346
21
2.5164382677165356
0
LINE
8
BLACK
6
CONTINUOUS
10
0.8499514173228346
20
2.5164382677165356
11
0.8432022047244094
21
2.5141885826771655
0
LINE
8
BLACK
6
CONTINUOUS
10
0.8432022047244094
20
2.5141885826771655
11
0.8428214566929134
21
2.5141020078740155
0
LINE
8
BLACK
6
CONTINUOUS
10
0.8428214566929134
20
2.5141020078740155
11
0.8427253149606299
21
2.5140621653543307
0
LINE
8
BLACK
6
CONTINUOUS
10
0.8427253149606299
20
2.5140621653543307
11
0.8425859448818898
21
2.5140484645669292
0
LINE
8
BLACK
6
CONTINUOUS
10
0.8425859448818898
20
2.5140484645669292
11
0.8424496456692914
21
2.5140174409448819
0
LINE
8
BLACK
6
CONTINUOUS
10
0.8424496456692914
20
2.5140174409448819
11
0.8423459448818897
21
2.5140248425196852
0
LINE
8
BLACK
6
CONTINUOUS
10
0.8423459448818897
20
2.5140248425196852
11
0.8419572440944881
21
2.5139865354330708
0
LINE
8
BLACK
6
CONTINUOUS
10
0.8419572440944881
20
2.5139865354330708
11
0.8307086614173228
21
2.5139865354330708
0
LINE
8
BLACK
6
CONTINUOUS
10
0.8307086614173228
20
2.5139865354330708
11
0.8299405905511811
21
2.5140621653543307
0
LINE
8
BLACK
6
CONTINUOUS
10
0.8299405905511811
20
2.5140621653543307
11
0.8285213779527559
21
2.5146500393700788
0
LINE
8
BLACK
6
CONTINUOUS
10
0.8285213779527559
20
2.5146500393700788
11
0.8274351574803149
21
2.5157362598425195
0
LINE
8
BLACK
6
CONTINUOUS
10
0.8274351574803149
20
2.5157362598425195
11
0.8268472834645669
21
2.5171554724409448
0
LINE
8
BLACK
6
CONTINUOUS
10
0.8268472834645669
20
2.5171554724409448
11
0.8267716535433071
21
2.5179235433070866
0
LINE
8
BLACK
6
CONTINUOUS
10
0.8267716535433071
20
2.5179235433070866
11
0.8267716535433071
21
2.5651676377952755
0
LINE
8
BLACK
6
CONTINUOUS
10
0.8267716535433071
20
2.5651676377952755
11
0.8268472834645669
21
2.5659357086614172
0
LINE
8
BLACK
6
CONTINUOUS
10
0.8268472834645669
20
2.5659357086614172
11
0.8274351574803149
21
2.5673549212598425
0
LINE
8
BLACK
6
CONTINUOUS
10
0.8274351574803149
20
2.5673549212598425
11
0.8285213779527559
21
2.5684411417322832
0
LINE
8
BLACK
6
CONTINUOUS
10
0.8285213779527559
20
2.5684411417322832
11
0.8299405905511811
21
2.5690290157480313
0
LINE
8
BLACK
6
CONTINUOUS
10
0.8299405905511811
20
2.5690290157480313
11
0.8307086614173228
21
2.5691046456692912
0
LINE
8
BLACK
6
CONTINUOUS
10
0.8307086614173228
20
2.5691046456692912
11
0.8419572440944881
21
2.5691046456692912
0
LINE
8
BLACK
6
CONTINUOUS
10
0.8419572440944881
20
2.5691046456692912
11
0.8423459448818897
21
2.5690663779527561
0
LINE
8
BLACK
6
CONTINUOUS
10
0.8346456692913385
20
2.5218605511811023
11
0.8413184251968504
21
2.5218605511811023
0
LINE
8
BLACK
6
CONTINUOUS
10
0.8413184251968504
20
2.5218605511811023
11
0.8465797244094488
21
2.5236143307086611
0
LINE
8
BLACK
6
CONTINUOUS
10
0.8465797244094488
20
2.5236143307086611
11
0.8499701181102362
21
2.5270047637795274
0
LINE
8
BLACK
6
CONTINUOUS
10
0.8499701181102362
20
2.5270047637795274
11
0.851740905511811
21
2.5305463779527559
0
LINE
8
BLACK
6
CONTINUOUS
10
0.851740905511811
20
2.5305463779527559
11
0.8537682677165355
21
2.5386556692913387
0
LINE
8
BLACK
6
CONTINUOUS
10
0.8537682677165355
20
2.5386556692913387
11
0.8537682677165355
21
2.5444355118110233
0
LINE
8
BLACK
6
CONTINUOUS
10
0.8537682677165355
20
2.5444355118110233
11
0.851740905511811
21
2.5525448031496061
0
LINE
8
BLACK
6
CONTINUOUS
10
0.851740905511811
20
2.5525448031496061
11
0.8499701181102362
21
2.5560864173228346
0
LINE
8
BLACK
6
CONTINUOUS
10
0.8499701181102362
20
2.5560864173228346
11
0.8465796850393701
21
2.5594768897637796
0
LINE
8
BLACK
6
CONTINUOUS
10
0.8465796850393701
20
2.5594768897637796
11
0.8413183858267717
21
2.5612306299212597
0
LINE
8
BLACK
6
CONTINUOUS
10
0.8413183858267717
20
2.5612306299212597
11
0.8346456692913385
21
2.5612306299212597
0
LINE
8
BLACK
6
CONTINUOUS
10
0.8346456692913385
20
2.5612306299212597
11
0.8346456692913385
21
2.5218605511811023
0
LINE
8
BLACK
6
CONTINUOUS
10
0.8967185826771653
20
2.5690290157480313
11
0.8968492913385827
21
2.5689748818897638
0
LINE
8
BLACK
6
CONTINUOUS
10
0.8968492913385827
20
2.5689748818897638
11
0.8969903937007874
21
2.5689648425196849
0
LINE
8
BLACK
6
CONTINUOUS
10
0.8969903937007874
20
2.5689648425196849
11
0.8977112204724409
21
2.5686890157480313
0
LINE
8
BLACK
6
CONTINUOUS
10
0.8977112204724409
20
2.5686890157480313
11
0.9022106299212598
21
2.5664392519685038
0
LINE
8
BLACK
6
CONTINUOUS
10
0.9022106299212598
20
2.5664392519685038
11
0.9025411811023621
21
2.5662312204724409
0
LINE
8
BLACK
6
CONTINUOUS
10
0.9025411811023621
20
2.5662312204724409
11
0.9026372047244094
21
2.5661914173228344
0
LINE
8
BLACK
6
CONTINUOUS
10
0.9026372047244094
20
2.5661914173228344
11
0.9027451968503937
21
2.5661027952755906
0
LINE
8
BLACK
6
CONTINUOUS
10
0.9027451968503937
20
2.5661027952755906
11
0.902863779527559
21
2.5660281496062991
0
LINE
8
BLACK
6
CONTINUOUS
10
0.902863779527559
20
2.5660281496062991
11
0.902931968503937
21
2.5659495275590549
0
LINE
8
BLACK
6
CONTINUOUS
10
0.902931968503937
20
2.5659495275590549
11
0.9032338188976378
21
2.5657018110236218
0
LINE
8
BLACK
6
CONTINUOUS
10
0.9032338188976378
20
2.5657018110236218
11
0.9054835039370078
21
2.563452086614173
0
LINE
8
BLACK
6
CONTINUOUS
10
0.9054835039370078
20
2.563452086614173
11
0.9057312204724409
21
2.5631502755905511
0
LINE
8
BLACK
6
CONTINUOUS
10
0.9057312204724409
20
2.5631502755905511
11
0.9058098818897637
21
2.5630820472440945
0
LINE
8
BLACK
6
CONTINUOUS
10
0.9058098818897637
20
2.5630820472440945
11
0.9058844094488189
21
2.5629636220472438
0
LINE
8
BLACK
6
CONTINUOUS
10
0.9058844094488189
20
2.5629636220472438
11
0.9059731496062992
21
2.5628555118110237
0
LINE
8
BLACK
6
CONTINUOUS
10
0.9059731496062992
20
2.5628555118110237
11
0.9060129133858268
21
2.5627594488188974
0
LINE
8
BLACK
6
CONTINUOUS
10
0.9060129133858268
20
2.5627594488188974
11
0.9062210236220473
21
2.5624288582677166
0
LINE
8
BLACK
6
CONTINUOUS
10
0.9062210236220473
20
2.5624288582677166
11
0.9084707480314961
21
2.557929409448819
0
LINE
8
BLACK
6
CONTINUOUS
10
0.9084707480314961
20
2.557929409448819
11
0.9087465748031496
21
2.5572086220472441
0
LINE
8
BLACK
6
CONTINUOUS
10
0.9087465748031496
20
2.5572086220472441
11
0.9087565748031495
21
2.5570675590551182
0
LINE
8
BLACK
6
CONTINUOUS
10
0.9087565748031495
20
2.5570675590551182
11
0.9088107480314961
21
2.5569368110236219
0
LINE
8
BLACK
6
CONTINUOUS
10
0.9088107480314961
20
2.5569368110236219
11
0.9088863779527558
21
2.5561687401574802
0
LINE
8
BLACK
6
CONTINUOUS
10
0.9088863779527558
20
2.5561687401574802
11
0.9088863779527558
21
2.5494196062992125
0
LINE
8
BLACK
6
CONTINUOUS
10
0.9088863779527558
20
2.5494196062992125
11
0.9088107480314961
21
2.5486515354330708
0
LINE
8
BLACK
6
CONTINUOUS
10
0.9088107480314961
20
2.5486515354330708
11
0.9087565748031495
21
2.5485208267716537
0
LINE
8
BLACK
6
CONTINUOUS
10
0.9087565748031495
20
2.5485208267716537
11
0.9087465748031496
21
2.5483797244094486
0
LINE
8
BLACK
6
CONTINUOUS
10
0.9087465748031496
20
2.5483797244094486
11
0.9084707480314961
21
2.5476589370078742
0
LINE
8
BLACK
6
CONTINUOUS
10
0.9084707480314961
20
2.5476589370078742
11
0.9062210236220473
21
2.5431594881889765
0
LINE
8
BLACK
6
CONTINUOUS
10
0.9062210236220473
20
2.5431594881889765
11
0.9060129133858268
21
2.542828937007874
0
LINE
8
BLACK
6
CONTINUOUS
10
0.9060129133858268
20
2.542828937007874
11
0.9059731496062992
21
2.542732834645669
0
LINE
8
BLACK
6
CONTINUOUS
10
0.9059731496062992
20
2.542732834645669
11
0.9058844094488189
21
2.5426247637795276
0
LINE
8
BLACK
6
CONTINUOUS
10
0.9058844094488189
20
2.5426247637795276
11
0.9058098818897637
21
2.5425062992125982
0
LINE
8
BLACK
6
CONTINUOUS
10
0.9058098818897637
20
2.5425062992125982
11
0.9057312204724409
21
2.5424381102362203
0
LINE
8
BLACK
6
CONTINUOUS
10
0.9057312204724409
20
2.5424381102362203
11
0.9054835039370078
21
2.5421362598425197
0
LINE
8
BLACK
6
CONTINUOUS
10
0.9054835039370078
20
2.5421362598425197
11
0.9032338188976378
21
2.5398865354330709
0
LINE
8
BLACK
6
CONTINUOUS
10
0.9032338188976378
20
2.5398865354330709
11
0.902931968503937
21
2.5396388582677165
0
LINE
8
BLACK
6
CONTINUOUS
10
0.902931968503937
20
2.5396388582677165
11
0.902863779527559
21
2.5395601968503936
0
LINE
8
BLACK
6
CONTINUOUS
10
0.902863779527559
20
2.5395601968503936
11
0.9027451968503937
21
2.5394855905511808
0
LINE
8
BLACK
6
CONTINUOUS
10
0.9027451968503937
20
2.5394855905511808
11
0.9026372047244094
21
2.5393969291338583
0
LINE
8
BLACK
6
CONTINUOUS
10
0.9026372047244094
20
2.5393969291338583
11
0.9025411811023621
21
2.5393571653543305
0
LINE
8
BLACK
6
CONTINUOUS
10
0.9025411811023621
20
2.5393571653543305
11
0.9022106299212598
21
2.5391490944881889
0
LINE
8
BLACK
6
CONTINUOUS
10
0.9022106299212598
20
2.5391490944881889
11
0.8977112204724409
21
2.5368993307086614
0
LINE
8
BLACK
6
CONTINUOUS
10
0.8977112204724409
20
2.5368993307086614
11
0.8969903937007874
21
2.5366235039370078
0
LINE
8
BLACK
6
CONTINUOUS
10
0.8969903937007874
20
2.5366235039370078
11
0.8968492913385827
21
2.5366135039370077
0
LINE
8
BLACK
6
CONTINUOUS
10
0.8968492913385827
20
2.5366135039370077
11
0.8967185826771653
21
2.5365593307086614
0
LINE
8
BLACK
6
CONTINUOUS
10
0.8967185826771653
20
2.5365593307086614
11
0.8967105511811023
21
2.5365585433070867
0
LINE
8
BLACK
6
CONTINUOUS
10
0.8967105511811023
20
2.5365585433070867
11
0.90817468503937
21
2.5201812598425195
0
LINE
8
BLACK
6
CONTINUOUS
10
0.90817468503937
20
2.5201812598425195
11
0.9085531889763779
21
2.5195086614173228
0
LINE
8
BLACK
6
CONTINUOUS
10
0.9085531889763779
20
2.5195086614173228
11
0.9088854724409449
21
2.5180088976377952
0
LINE
8
BLACK
6
CONTINUOUS
10
0.9088854724409449
20
2.5180088976377952
11
0.9086185039370078
21
2.5164961023622046
0
LINE
8
BLACK
6
CONTINUOUS
10
0.9086185039370078
20
2.5164961023622046
11
0.9077929527559054
21
2.5152006299212597
0
LINE
8
BLACK
6
CONTINUOUS
10
0.9077929527559054
20
2.5152006299212597
11
0.9065344881889763
21
2.5143197244094488
0
LINE
8
BLACK
6
CONTINUOUS
10
0.9065344881889763
20
2.5143197244094488
11
0.9050347244094488
21
2.5139874409448817
0
LINE
8
BLACK
6
CONTINUOUS
10
0.9050347244094488
20
2.5139874409448817
11
0.9035219291338582
21
2.5142544094488191
0
LINE
8
BLACK
6
CONTINUOUS
10
0.9035219291338582
20
2.5142544094488191
11
0.9022264566929133
21
2.515079960629921
0
LINE
8
BLACK
6
CONTINUOUS
10
0.9022264566929133
20
2.515079960629921
11
0.9017240551181103
21
2.5156658267716536
0
LINE
8
BLACK
6
CONTINUOUS
10
0.9017240551181103
20
2.5156658267716536
11
0.8871515354330708
21
2.5364837007874015
0
LINE
8
BLACK
6
CONTINUOUS
10
0.8871515354330708
20
2.5364837007874015
11
0.8818897637795275
21
2.5364837007874015
0
LINE
8
BLACK
6
CONTINUOUS
10
0.8818897637795275
20
2.5364837007874015
11
0.8818897637795275
21
2.5179235433070866
0
LINE
8
BLACK
6
CONTINUOUS
10
0.8818897637795275
20
2.5179235433070866
11
0.8818141338582677
21
2.5171554724409448
0
LINE
8
BLACK
6
CONTINUOUS
10
0.8818141338582677
20
2.5171554724409448
11
0.8812262598425197
21
2.5157362598425195
0
LINE
8
BLACK
6
CONTINUOUS
10
0.8812262598425197
20
2.5157362598425195
11
0.8801400393700787
21
2.5146500393700788
0
LINE
8
BLACK
6
CONTINUOUS
10
0.8801400393700787
20
2.5146500393700788
11
0.8787208267716535
21
2.5140621653543307
0
LINE
8
BLACK
6
CONTINUOUS
10
0.8787208267716535
20
2.5140621653543307
11
0.8771846850393701
21
2.5140621653543307
0
LINE
8
BLACK
6
CONTINUOUS
10
0.8771846850393701
20
2.5140621653543307
11
0.8757654724409448
21
2.5146500393700788
0
LINE
8
BLACK
6
CONTINUOUS
10
0.8757654724409448
20
2.5146500393700788
11
0.8746792519685039
21
2.5157362598425195
0
LINE
8
BLACK
6
CONTINUOUS
10
0.8746792519685039
20
2.5157362598425195
11
0.8740913779527559
21
2.5171554724409448
0
LINE
8
BLACK
6
CONTINUOUS
10
0.8740913779527559
20
2.5171554724409448
11
0.8740157480314961
21
2.5179235433070866
0
LINE
8
BLACK
6
CONTINUOUS
10
0.8740157480314961
20
2.5179235433070866
11
0.8740157480314961
21
2.5651676377952755
0
LINE
8
BLACK
6
CONTINUOUS
10
0.8740157480314961
20
2.5651676377952755
11
0.8740913779527559
21
2.5659357086614172
0
LINE
8
BLACK
6
CONTINUOUS
10
0.8740913779527559
20
2.5659357086614172
11
0.8746792519685039
21
2.5673549212598425
0
LINE
8
BLACK
6
CONTINUOUS
10
0.8746792519685039
20
2.5673549212598425
11
0.8757654724409448
21
2.5684411417322832
0
LINE
8
BLACK
6
CONTINUOUS
10
0.8757654724409448
20
2.5684411417322832
11
0.8771846850393701
21
2.5690290157480313
0
LINE
8
BLACK
6
CONTINUOUS
10
0.8771846850393701
20
2.5690290157480313
11
0.8779527559055118
21
2.5691046456692912
0
LINE
8
BLACK
6
CONTINUOUS
10
0.8779527559055118
20
2.5691046456692912
11
0.8959505118110236
21
2.5691046456692912
0
LINE
8
BLACK
6
CONTINUOUS
10
0.8959505118110236
20
2.5691046456692912
11
0.8967185826771653
21
2.5690290157480313
0
LINE
8
BLACK
6
CONTINUOUS
10
0.8818897637795275
20
2.544357716535433
11
0.8950210629921259
21
2.544357716535433
0
LINE
8
BLACK
6
CONTINUOUS
10
0.8950210629921259
20
2.544357716535433
11
0.8981177559055118
21
2.5459061023622045
0
LINE
8
BLACK
6
CONTINUOUS
10
0.8981177559055118
20
2.5459061023622045
11
0.8994639763779527
21
2.5472522834645668
0
LINE
8
BLACK
6
CONTINUOUS
10
0.8994639763779527
20
2.5472522834645668
11
0.9010123622047244
21
2.5503490551181103
0
LINE
8
BLACK
6
CONTINUOUS
10
0.9010123622047244
20
2.5503490551181103
11
0.9010123622047244
21
2.5552393307086612
0
LINE
8
BLACK
6
CONTINUOUS
10
0.9010123622047244
20
2.5552393307086612
11
0.8994639763779527
21
2.5583361023622047
0
LINE
8
BLACK
6
CONTINUOUS
10
0.8994639763779527
20
2.5583361023622047
11
0.8981177559055118
21
2.5596822834645669
0
LINE
8
BLACK
6
CONTINUOUS
10
0.8981177559055118
20
2.5596822834645669
11
0.8950210629921259
21
2.5612306299212597
0
LINE
8
BLACK
6
CONTINUOUS
10
0.8950210629921259
20
2.5612306299212597
11
0.8818897637795275
21
2.5612306299212597
0
LINE
8
BLACK
6
CONTINUOUS
10
0.8818897637795275
20
2.5612306299212597
11
0.8818897637795275
21
2.544357716535433
0
LINE
8
BLACK
6
CONTINUOUS
10
0.7527277559055118
20
2.5689848031496063
11
0.7530083858267717
21
2.5689648425196849
0
LINE
8
BLACK
6
CONTINUOUS
10
0.7530083858267717
20
2.5689648425196849
11
0.7534498031496063
21
2.5687441338582677
0
LINE
8
BLACK
6
CONTINUOUS
10
0.7534498031496063
20
2.5687441338582677
11
0.7539182283464567
21
2.568587992125984
0
LINE
8
BLACK
6
CONTINUOUS
10
0.7539182283464567
20
2.568587992125984
11
0.7541307874015748
21
2.5684036220472439
0
LINE
8
BLACK
6
CONTINUOUS
10
0.7541307874015748
20
2.5684036220472439
11
0.7543823622047244
21
2.5682778346456692
0
LINE
8
BLACK
6
CONTINUOUS
10
0.7543823622047244
20
2.5682778346456692
11
0.7547058661417323
21
2.5679048425196851
0
LINE
8
BLACK
6
CONTINUOUS
10
0.7547058661417323
20
2.5679048425196851
11
0.7550787007874016
21
2.5675814566929134
0
LINE
8
BLACK
6
CONTINUOUS
10
0.7550787007874016
20
2.5675814566929134
11
0.7552044094488188
21
2.5673300000000001
0
LINE
8
BLACK
6
CONTINUOUS
10
0.7552044094488188
20
2.5673300000000001
11
0.7553888582677165
21
2.5671173622047245
0
LINE
8
BLACK
6
CONTINUOUS
10
0.7553888582677165
20
2.5671173622047245
11
0.7557034645669292
21
2.5664126377952754
0
LINE
8
BLACK
6
CONTINUOUS
10
0.7557034645669292
20
2.5664126377952754
11
0.7714514960629921
21
2.5191685433070865
0
LINE
8
BLACK
6
CONTINUOUS
10
0.7714514960629921
20
2.5191685433070865
11
0.7716226377952756
21
2.5184159842519684
0
LINE
8
BLACK
6
CONTINUOUS
10
0.7716226377952756
20
2.5184159842519684
11
0.7715137401574803
21
2.5168836614173227
0
LINE
8
BLACK
6
CONTINUOUS
10
0.7715137401574803
20
2.5168836614173227
11
0.7708267322834645
21
2.5155097244094486
0
LINE
8
BLACK
6
CONTINUOUS
10
0.7708267322834645
20
2.5155097244094486
11
0.7696662598425197
21
2.514503188976378
0
LINE
8
BLACK
6
CONTINUOUS
10
0.7696662598425197
20
2.514503188976378
11
0.768208937007874
21
2.5140174409448819
0
LINE
8
BLACK
6
CONTINUOUS
10
0.768208937007874
20
2.5140174409448819
11
0.7666766535433071
21
2.5141263385826771
0
LINE
8
BLACK
6
CONTINUOUS
10
0.7666766535433071
20
2.5141263385826771
11
0.7653026771653543
21
2.5148133464566929
0
LINE
8
BLACK
6
CONTINUOUS
10
0.7653026771653543
20
2.5148133464566929
11
0.7642961811023622
21
2.5159738188976379
0
LINE
8
BLACK
6
CONTINUOUS
10
0.7642961811023622
20
2.5159738188976379
11
0.7639815748031495
21
2.5166785433070866
0
LINE
8
BLACK
6
CONTINUOUS
10
0.7639815748031495
20
2.5166785433070866
11
0.7603794881889764
21
2.527484842519685
0
LINE
8
BLACK
6
CONTINUOUS
10
0.7603794881889764
20
2.527484842519685
11
0.7435575196850394
21
2.527484842519685
0
LINE
8
BLACK
6
CONTINUOUS
10
0.7435575196850394
20
2.527484842519685
11
0.7399554330708661
21
2.5166785433070866
0
LINE
8
BLACK
6
CONTINUOUS
10
0.7399554330708661
20
2.5166785433070866
11
0.7396408267716535
21
2.5159738188976379
0
LINE
8
BLACK
6
CONTINUOUS
10
0.7396408267716535
20
2.5159738188976379
11
0.7386343307086614
21
2.5148133464566929
0
LINE
8
BLACK
6
CONTINUOUS
10
0.7386343307086614
20
2.5148133464566929
11
0.7372603543307087
21
2.5141263385826771
0
LINE
8
BLACK
6
CONTINUOUS
10
0.7372603543307087
20
2.5141263385826771
11
0.7357280708661417
21
2.5140174409448819
0
LINE
8
BLACK
6
CONTINUOUS
10
0.7357280708661417
20
2.5140174409448819
11
0.7342707480314961
21
2.514503188976378
0
LINE
8
BLACK
6
CONTINUOUS
10
0.7342707480314961
20
2.514503188976378
11
0.7331102755905512
21
2.5155096850393699
0
LINE
8
BLACK
6
CONTINUOUS
10
0.7331102755905512
20
2.5155096850393699
11
0.7324232677165354
21
2.5168836614173227
0
LINE
8
BLACK
6
CONTINUOUS
10
0.7324232677165354
20
2.5168836614173227
11
0.7323143700787401
21
2.5184159448818897
0
LINE
8
BLACK
6
CONTINUOUS
10
0.7323143700787401
20
2.5184159448818897
11
0.7324855118110236
21
2.5191685433070865
0
LINE
8
BLACK
6
CONTINUOUS
10
0.7324855118110236
20
2.5191685433070865
11
0.7482335433070866
21
2.5664126377952754
0
LINE
8
BLACK
6
CONTINUOUS
10
0.7482335433070866
20
2.5664126377952754
11
0.7485481496062992
21
2.5671173622047245
0
LINE
8
BLACK
6
CONTINUOUS
10
0.7485481496062992
20
2.5671173622047245
11
0.7487325196850394
21
2.5673299606299214
0
LINE
8
BLACK
6
CONTINUOUS
10
0.7487325196850394
20
2.5673299606299214
11
0.7488583070866142
21
2.5675814960629921
0
LINE
8
BLACK
6
CONTINUOUS
10
0.7488583070866142
20
2.5675814960629921
11
0.7492311811023622
21
2.5679049606299214
0
LINE
8
BLACK
6
CONTINUOUS
10
0.7492311811023622
20
2.5679049606299214
11
0.7495546456692913
21
2.5682778346456692
0
LINE
8
BLACK
6
CONTINUOUS
10
0.7495546456692913
20
2.5682778346456692
11
0.7498061811023622
21
2.5684036220472439
0
LINE
8
BLACK
6
CONTINUOUS
10
0.7498061811023622
20
2.5684036220472439
11
0.750018779527559
21
2.568587992125984
0
LINE
8
BLACK
6
CONTINUOUS
10
0.750018779527559
20
2.568587992125984
11
0.7504871653543307
21
2.5687441338582677
0
LINE
8
BLACK
6
CONTINUOUS
10
0.7504871653543307
20
2.5687441338582677
11
0.7509286220472441
21
2.5689648425196849
0
LINE
8
BLACK
6
CONTINUOUS
10
0.7509286220472441
20
2.5689648425196849
11
0.7512092125984252
21
2.5689848031496063
0
LINE
8
BLACK
6
CONTINUOUS
10
0.7512092125984252
20
2.5689848031496063
11
0.7514761023622047
21
2.5690737401574801
0
LINE
8
BLACK
6
CONTINUOUS
10
0.7514761023622047
20
2.5690737401574801
11
0.7519685039370079
21
2.5690387795275589
0
LINE
8
BLACK
6
CONTINUOUS
10
0.7519685039370079
20
2.5690387795275589
11
0.752460905511811
21
2.5690737401574801
0
LINE
8
BLACK
6
CONTINUOUS
10
0.752460905511811
20
2.5690737401574801
11
0.7527277559055118
21
2.5689848031496063
0
LINE
8
BLACK
6
CONTINUOUS
10
0.7461822047244094
20
2.5353588582677165
11
0.7577548031496063
21
2.5353588582677165
0
LINE
8
BLACK
6
CONTINUOUS
10
0.7577548031496063
20
2.5353588582677165
11
0.7519685039370079
21
2.5527177559055119
0
LINE
8
BLACK
6
CONTINUOUS
10
0.7519685039370079
20
2.5527177559055119
11
0.7461822047244094
21
2.5353588582677165
0
CIRCLE
8
BLACK
10
0.4307086614173228
20
2.4476377952755906
40
0.0068897637795276
0
CIRCLE
8
BLACK
10
0.4307086614173228
20
2.3476377952755905
40
0.0068897637795276
0
CIRCLE
8
BLACK
10
0.3307086614173228
20
2.4476377952755906
40
0.0068897637795276
0
CIRCLE
8
BLACK
10
0.3307086614173228
20
2.3476377952755905
40
0.0068897637795276
0
CIRCLE
8
BLACK
10
0.2307086614173228
20
2.4476377952755906
40
0.0068897637795276
0
CIRCLE
8
BLACK
10
0.2307086614173228
20
2.3476377952755905
40
0.0068897637795276
0
CIRCLE
8
BLACK
10
2.
20
0.
40
0.0068897637795276
0
CIRCLE
8
BLACK
10
0.
20
0.
40
0.0068897637795276
0
CIRCLE
8
BLACK
10
1.3196850393700787
20
2.3476377952755905
40
0.0068897637795276
0
CIRCLE
8
BLACK
10
1.3196850393700787
20
2.4476377952755906
40
0.0068897637795276
0
CIRCLE
8
BLACK
10
1.4196850393700786
20
2.3476377952755905
40
0.0068897637795276
0
CIRCLE
8
BLACK
10
1.4196850393700786
20
2.4476377952755906
40
0.0068897637795276
0
CIRCLE
8
BLACK
10
1.5196850393700787
20
2.3476377952755905
40
0.0068897637795276
0
CIRCLE
8
BLACK
10
1.5196850393700787
20
2.4476377952755906
40
0.0068897637795276
0
CIRCLE
8
BLACK
10
1.6196850393700788
20
2.3476377952755905
40
0.0068897637795276
0
CIRCLE
8
BLACK
10
1.6196850393700788
20
2.4476377952755906
40
0.0068897637795276
0
CIRCLE
8
BLACK
10
1.7196850393700787
20
2.3476377952755905
40
0.0068897637795276
0
CIRCLE
8
BLACK
10
1.7196850393700787
20
2.4476377952755906
40
0.0068897637795276
0
CIRCLE
8
BLACK
10
0.8307086614173228
20
2.2503937007874013
40
0.0068897637795276
0
CIRCLE
8
BLACK
10
0.8307086614173228
20
2.3503937007874014
40
0.0068897637795276
0
CIRCLE
8
BLACK
10
0.8307086614173228
20
2.4503937007874015
40
0.0068897637795276
0
CIRCLE
8
BLACK
10
0.
20
2.401574803149606
40
0.0068897637795276
0
CIRCLE
8
BLACK
10
2.
20
2.401574803149606
40
0.0068897637795276
0
CIRCLE
8
BLACK
10
0.05
20
0.3346456692913386
40
0.0068897637795276
0
CIRCLE
8
BLACK
10
0.15
20
0.3346456692913386
40
0.0068897637795276
0
CIRCLE
8
BLACK
10
0.25
20
0.3346456692913386
40
0.0068897637795276
0
CIRCLE
8
BLACK
10
1.75
20
0.3346456692913386
40
0.0068897637795276
0
CIRCLE
8
BLACK
10
1.8499999999999999
20
0.3346456692913386
40
0.0068897637795276
0
CIRCLE
8
BLACK
10
1.95
20
0.3346456692913386
40
0.0068897637795276
0
CIRCLE
8
BLACK
10
1.9496062992125984
20
2.0196850393700787
40
0.0068897637795276
0
CIRCLE
8
BLACK
10
1.8496062992125983
20
2.0196850393700787
40
0.0068897637795276
0
CIRCLE
8
BLACK
10
1.7496062992125985
20
2.0196850393700787
40
0.0068897637795276
0
CIRCLE
8
BLACK
10
1.6496062992125984
20
2.0196850393700787
40
0.0068897637795276
0
CIRCLE
8
BLACK
10
1.5496062992125983
20
2.0196850393700787
40
0.0068897637795276
0
CIRCLE
8
BLACK
10
1.4496062992125984
20
2.0196850393700787
40
0.0068897637795276
0
CIRCLE
8
BLACK
10
1.3496062992125983
20
2.0196850393700787
40
0.0068897637795276
0
CIRCLE
8
BLACK
10
1.2496062992125985
20
2.0196850393700787
40
0.0068897637795276
0
CIRCLE
8
BLACK
10
1.1496062992125984
20
2.0196850393700787
40
0.0068897637795276
0
CIRCLE
8
BLACK
10
1.0496062992125983
20
2.0196850393700787
40
0.0068897637795276
0
CIRCLE
8
BLACK
10
0.9496062992125984
20
2.0196850393700787
40
0.0068897637795276
0
CIRCLE
8
BLACK
10
0.8496062992125984
20
2.0196850393700787
40
0.0068897637795276
0
CIRCLE
8
BLACK
10
0.7496062992125984
20
2.0196850393700787
40
0.0068897637795276
0
CIRCLE
8
BLACK
10
0.6496062992125984
20
2.0196850393700787
40
0.0068897637795276
0
CIRCLE
8
BLACK
10
0.5496062992125984
20
2.0196850393700787
40
0.0068897637795276
0
CIRCLE
8
BLACK
10
0.4496062992125984
20
2.0196850393700787
40
0.0068897637795276
0
CIRCLE
8
BLACK
10
0.3496062992125984
20
2.0196850393700787
40
0.0068897637795276
0
CIRCLE
8
BLACK
10
0.2496062992125984
20
2.0196850393700787
40
0.0068897637795276
0
CIRCLE
8
BLACK
10
0.1496062992125984
20
2.0196850393700787
40
0.0068897637795276
0
CIRCLE
8
BLACK
10
0.0496062992125984
20
2.0196850393700787
40
0.0068897637795276
0
CIRCLE
8
BLACK
10
1.1708661417322834
20
2.4476377952755906
40
0.0068897637795276
0
CIRCLE
8
BLACK
10
1.1708661417322834
20
2.3476377952755905
40
0.0068897637795276
0
CIRCLE
8
BLACK
10
1.0708661417322833
20
2.4476377952755906
40
0.0068897637795276
0
CIRCLE
8
BLACK
10
1.0708661417322833
20
2.3476377952755905
40
0.0068897637795276
0
CIRCLE
8
BLACK
10
0.9708661417322835
20
2.4476377952755906
40
0.0068897637795276
0
CIRCLE
8
BLACK
10
0.9708661417322835
20
2.3476377952755905
40
0.0068897637795276
0
CIRCLE
8
BLACK
10
0.6700787401574803
20
2.4476377952755906
40
0.0068897637795276
0
CIRCLE
8
BLACK
10
0.6700787401574803
20
2.3476377952755905
40
0.0068897637795276
0
CIRCLE
8
BLACK
10
0.5700787401574803
20
2.4476377952755906
40
0.0068897637795276
0
CIRCLE
8
BLACK
10
0.5700787401574803
20
2.3476377952755905
40
0.0068897637795276
  0
ENDSEC
  0
EOF
