  0
SECTION
  2
HEADER
  9
$ANGBASE
  50
0.0
  9
$ANGDIR
  70
1
  9
$MEASUREMENT
  70
0
  0
ENDSEC
  0
SECTION
  2
TABLES
  0
TABLE
  2
LTYPE
  70
4
  0
LTYPE
  5
40F
  2
CONTINUOUS
  70
0
  3
Solid line
  72
65
  73
0
  40
0.0
  0
LTYPE
  5
410
  2
DASHDOT
 70
0
  3
Dash Dot ____ _ ____ _
 72
65
 73
4
 40
2.0
 49
1.25
 49
-0.25
 49
0.25
 49
-0.25
  0
LTYPE
  5
411
  2
DASHED
 70
0
  3
Dashed __ __ __ __ __
 72
65
 73
2
 40
0.75
 49
0.5
 49
-0.25
  0
LTYPE
  5
43B
  2
DOTTED
 70
0
  3
Dotted .  .  .  .
 72
65
 73
2
 40
0.2
 49
0.0
 49
-0.2
  0
ENDTAB
  0
TABLE
  2
STYLE
  70
4
  0
STYLE
  2
KICAD
  70
0
  40
0
  41
1
  42
1
  50
0
  71
0
  3
isocp.shx
  0
STYLE
  2
KICADB
  70
0
  40
0
  41
1
  42
1
  50
0
  71
0
  3
isocp.shx
  0
STYLE
  2
KICADI
  70
0
  40
0
  41
1
  42
1
  50
15
  71
0
  3
isocp.shx
  0
STYLE
  2
KICADBI
  70
0
  40
0
  41
1
  42
1
  50
15
  71
0
  3
isocp.shx
  0
ENDTAB
  0
TABLE
  2
LAYER
  70
1
  0
LAYER
  2
BLACK
  70
0
  62
7
  6
CONTINUOUS
  0
ENDTAB
  0
ENDSEC
  0
SECTION
  2
ENTITIES
0
LINE
8
BLACK
6
CONTINUOUS
10
1.78
20
0.3046456692913386
11
1.72
21
0.3046456692913386
0
LINE
8
BLACK
6
CONTINUOUS
10
1.72
20
0.3046456692913386
11
1.72
21
0.3646456692913386
0
LINE
8
BLACK
6
CONTINUOUS
10
1.72
20
0.3646456692913386
11
1.78
21
0.3646456692913386
0
LINE
8
BLACK
6
CONTINUOUS
10
1.78
20
0.3646456692913386
11
1.78
21
0.3046456692913386
0
LINE
8
BLACK
6
CONTINUOUS
10
0.18
20
0.3046456692913386
11
0.12
21
0.3046456692913386
0
LINE
8
BLACK
6
CONTINUOUS
10
0.12
20
0.3046456692913386
11
0.12
21
0.3646456692913386
0
LINE
8
BLACK
6
CONTINUOUS
10
0.12
20
0.3646456692913386
11
0.18
21
0.3646456692913386
0
LINE
8
BLACK
6
CONTINUOUS
10
0.18
20
0.3646456692913386
11
0.18
21
0.3046456692913386
0
LINE
8
BLACK
6
CONTINUOUS
10
0.28
20
0.3046456692913386
11
0.22
21
0.3046456692913386
0
LINE
8
BLACK
6
CONTINUOUS
10
0.22
20
0.3046456692913386
11
0.22
21
0.3646456692913386
0
LINE
8
BLACK
6
CONTINUOUS
10
0.22
20
0.3646456692913386
11
0.28
21
0.3646456692913386
0
LINE
8
BLACK
6
CONTINUOUS
10
0.28
20
0.3646456692913386
11
0.28
21
0.3046456692913386
0
LINE
8
BLACK
6
CONTINUOUS
10
1.8799999999999999
20
0.3046456692913386
11
1.8200000000000001
21
0.3046456692913386
0
LINE
8
BLACK
6
CONTINUOUS
10
1.8200000000000001
20
0.3046456692913386
11
1.8200000000000001
21
0.3646456692913386
0
LINE
8
BLACK
6
CONTINUOUS
10
1.8200000000000001
20
0.3646456692913386
11
1.8799999999999999
21
0.3646456692913386
0
LINE
8
BLACK
6
CONTINUOUS
10
1.8799999999999999
20
0.3646456692913386
11
1.8799999999999999
21
0.3046456692913386
0
LINE
8
BLACK
6
CONTINUOUS
10
1.1091971259842519
20
1.8830875196850394
11
1.1135871653543308
21
1.8808506692913385
0
LINE
8
BLACK
6
CONTINUOUS
10
1.1135871653543308
20
1.8808506692913385
11
1.1170711417322834
21
1.8773666929133859
0
LINE
8
BLACK
6
CONTINUOUS
10
1.1170711417322834
20
1.8773666929133859
11
1.1193079921259843
21
1.872976653543307
0
LINE
8
BLACK
6
CONTINUOUS
10
1.1193079921259843
20
1.872976653543307
11
1.1200787401574803
21
1.8681102362204725
0
LINE
8
BLACK
6
CONTINUOUS
10
1.1200787401574803
20
1.8681102362204725
11
1.1194480708661416
21
1.8641283858267717
0
LINE
8
BLACK
6
CONTINUOUS
10
1.1194480708661416
20
1.8641283858267717
11
1.2063551574803149
21
1.7772213385826772
0
LINE
8
BLACK
6
CONTINUOUS
10
1.2063551574803149
20
1.7772213385826772
11
1.207334409448819
21
1.7760281102362205
0
LINE
8
BLACK
6
CONTINUOUS
10
1.207334409448819
20
1.7760281102362205
11
1.2085101181102362
21
1.77318968503937
0
LINE
8
BLACK
6
CONTINUOUS
10
1.2085101181102362
20
1.77318968503937
11
1.2086614173228347
21
1.7716535433070866
0
LINE
8
BLACK
6
CONTINUOUS
10
1.2086614173228347
20
1.7716535433070866
11
1.2086614173228347
21
1.5211573622047243
0
LINE
8
BLACK
6
CONTINUOUS
10
1.2086614173228347
20
1.5211573622047243
11
1.2100359842519686
21
1.5204569685039371
0
LINE
8
BLACK
6
CONTINUOUS
10
1.2100359842519686
20
1.5204569685039371
11
1.2135199606299212
21
1.5169729921259842
0
LINE
8
BLACK
6
CONTINUOUS
10
1.2135199606299212
20
1.5169729921259842
11
1.2157568110236221
21
1.5125829527559054
0
LINE
8
BLACK
6
CONTINUOUS
10
1.2157568110236221
20
1.5125829527559054
11
1.2165275590551181
21
1.5077165354330708
0
LINE
8
BLACK
6
CONTINUOUS
10
1.2165275590551181
20
1.5077165354330708
11
1.2157568110236221
21
1.5028501181102363
0
LINE
8
BLACK
6
CONTINUOUS
10
1.2157568110236221
20
1.5028501181102363
11
1.2135199606299212
21
1.4984600787401574
0
LINE
8
BLACK
6
CONTINUOUS
10
1.2135199606299212
20
1.4984600787401574
11
1.2100359842519686
21
1.4949761023622048
0
LINE
8
BLACK
6
CONTINUOUS
10
1.2100359842519686
20
1.4949761023622048
11
1.2086614173228347
21
1.4942757480314961
0
LINE
8
BLACK
6
CONTINUOUS
10
1.2086614173228347
20
1.4942757480314961
11
1.2086614173228347
21
1.4803149606299213
0
LINE
8
BLACK
6
CONTINUOUS
10
1.2086614173228347
20
1.4803149606299213
11
1.2085101181102362
21
1.4787788188976378
0
LINE
8
BLACK
6
CONTINUOUS
10
1.2085101181102362
20
1.4787788188976378
11
1.207334409448819
21
1.4759403937007873
0
LINE
8
BLACK
6
CONTINUOUS
10
1.207334409448819
20
1.4759403937007873
11
1.2073341732283465
21
1.4759401968503936
0
LINE
8
BLACK
6
CONTINUOUS
10
1.2073341732283465
20
1.4759401968503936
11
1.2063551574803149
21
1.4747471653543307
0
LINE
8
BLACK
6
CONTINUOUS
10
1.2063551574803149
20
1.4747471653543307
11
1.0075362598425197
21
1.2759283070866141
0
LINE
8
BLACK
6
CONTINUOUS
10
1.0075362598425197
20
1.2759283070866141
11
1.0063430708661416
21
1.2749490551181102
0
LINE
8
BLACK
6
CONTINUOUS
10
1.0063430708661416
20
1.2749490551181102
11
1.0035046456692913
21
1.2737733464566929
0
LINE
8
BLACK
6
CONTINUOUS
10
1.0035046456692913
20
1.2737733464566929
11
1.0019685039370079
21
1.2736220472440944
0
LINE
8
BLACK
6
CONTINUOUS
10
1.0019685039370079
20
1.2736220472440944
11
0.797244094488189
21
1.2736220472440944
0
LINE
8
BLACK
6
CONTINUOUS
10
0.797244094488189
20
1.2736220472440944
11
0.797244094488189
21
0.9173228346456692
0
LINE
8
BLACK
6
CONTINUOUS
10
0.797244094488189
20
0.9173228346456692
11
0.7970927952755905
21
0.9157866929133858
0
LINE
8
BLACK
6
CONTINUOUS
10
0.7970927952755905
20
0.9157866929133858
11
0.7970927952755905
21
0.9138181889763779
0
LINE
8
BLACK
6
CONTINUOUS
10
0.7970927952755905
20
0.9138181889763779
11
0.7959170866141733
21
0.9109797637795275
0
LINE
8
BLACK
6
CONTINUOUS
10
0.7959170866141733
20
0.9109797637795275
11
0.7949378346456693
21
0.9097865354330709
0
LINE
8
BLACK
6
CONTINUOUS
10
0.7949378346456693
20
0.9097865354330709
11
0.5521653543307087
21
0.6670140944881889
0
LINE
8
BLACK
6
CONTINUOUS
10
0.5521653543307087
20
0.6670140944881889
11
0.5521653543307087
21
0.654192874015748
0
LINE
8
BLACK
6
CONTINUOUS
10
0.5521653543307087
20
0.654192874015748
11
0.5535477952755905
21
0.6534884645669291
0
LINE
8
BLACK
6
CONTINUOUS
10
0.5535477952755905
20
0.6534884645669291
11
0.5570317716535433
21
0.6500044881889764
0
LINE
8
BLACK
6
CONTINUOUS
10
0.5570317716535433
20
0.6500044881889764
11
0.559268622047244
21
0.6456144488188976
0
LINE
8
BLACK
6
CONTINUOUS
10
0.559268622047244
20
0.6456144488188976
11
0.5600393700787402
21
0.640748031496063
0
LINE
8
BLACK
6
CONTINUOUS
10
0.5600393700787402
20
0.640748031496063
11
0.559268622047244
21
0.6358816141732283
0
LINE
8
BLACK
6
CONTINUOUS
10
0.559268622047244
20
0.6358816141732283
11
0.5570317716535433
21
0.6314915748031495
0
LINE
8
BLACK
6
CONTINUOUS
10
0.5570317716535433
20
0.6314915748031495
11
0.5535477952755905
21
0.6280075984251968
0
LINE
8
BLACK
6
CONTINUOUS
10
0.5535477952755905
20
0.6280075984251968
11
0.5491577559055117
21
0.625770748031496
0
LINE
8
BLACK
6
CONTINUOUS
10
0.5491577559055117
20
0.625770748031496
11
0.5442913385826772
21
0.625
0
LINE
8
BLACK
6
CONTINUOUS
10
0.5442913385826772
20
0.625
11
0.5394249212598425
21
0.625770748031496
0
LINE
8
BLACK
6
CONTINUOUS
10
0.5394249212598425
20
0.625770748031496
11
0.5350348818897638
21
0.6280075984251968
0
LINE
8
BLACK
6
CONTINUOUS
10
0.5350348818897638
20
0.6280075984251968
11
0.5315509055118111
21
0.6314915748031495
0
LINE
8
BLACK
6
CONTINUOUS
10
0.5315509055118111
20
0.6314915748031495
11
0.5293140551181102
21
0.6358816141732283
0
LINE
8
BLACK
6
CONTINUOUS
10
0.5293140551181102
20
0.6358816141732283
11
0.5285433070866141
21
0.640748031496063
0
LINE
8
BLACK
6
CONTINUOUS
10
0.5285433070866141
20
0.640748031496063
11
0.5293140551181102
21
0.6456144488188976
0
LINE
8
BLACK
6
CONTINUOUS
10
0.5293140551181102
20
0.6456144488188976
11
0.5315509055118111
21
0.6500044881889764
0
LINE
8
BLACK
6
CONTINUOUS
10
0.5315509055118111
20
0.6500044881889764
11
0.5350348818897638
21
0.6534884645669291
0
LINE
8
BLACK
6
CONTINUOUS
10
0.5350348818897638
20
0.6534884645669291
11
0.5364173228346456
21
0.654192874015748
0
LINE
8
BLACK
6
CONTINUOUS
10
0.5364173228346456
20
0.654192874015748
11
0.5364173228346456
21
0.6702755905511811
0
LINE
8
BLACK
6
CONTINUOUS
10
0.5364173228346456
20
0.6702755905511811
11
0.5365686220472441
21
0.6718117322834646
0
LINE
8
BLACK
6
CONTINUOUS
10
0.5365686220472441
20
0.6718117322834646
11
0.5377443307086615
21
0.674650157480315
0
LINE
8
BLACK
6
CONTINUOUS
10
0.5377443307086615
20
0.674650157480315
11
0.5387235826771654
21
0.6758433464566929
0
LINE
8
BLACK
6
CONTINUOUS
10
0.5387235826771654
20
0.6758433464566929
11
0.7814960629921259
21
0.9186158661417323
0
LINE
8
BLACK
6
CONTINUOUS
10
0.7814960629921259
20
0.9186158661417323
11
0.7814960629921259
21
1.2736220472440944
0
LINE
8
BLACK
6
CONTINUOUS
10
0.7814960629921259
20
1.2736220472440944
11
0.6256495669291339
21
1.2736220472440944
0
LINE
8
BLACK
6
CONTINUOUS
10
0.6256495669291339
20
1.2736220472440944
11
0.624945157480315
21
1.2722396062992125
0
LINE
8
BLACK
6
CONTINUOUS
10
0.624945157480315
20
1.2722396062992125
11
0.6214611811023621
21
1.2687556299212599
0
LINE
8
BLACK
6
CONTINUOUS
10
0.6214611811023621
20
1.2687556299212599
11
0.6170711417322835
21
1.266518779527559
0
LINE
8
BLACK
6
CONTINUOUS
10
0.6170711417322835
20
1.266518779527559
11
0.6122047244094488
21
1.265748031496063
0
LINE
8
BLACK
6
CONTINUOUS
10
0.6122047244094488
20
1.265748031496063
11
0.6073383070866142
21
1.266518779527559
0
LINE
8
BLACK
6
CONTINUOUS
10
0.6073383070866142
20
1.266518779527559
11
0.6029482677165354
21
1.2687556299212599
0
LINE
8
BLACK
6
CONTINUOUS
10
0.6029482677165354
20
1.2687556299212599
11
0.5994642913385827
21
1.2722396062992125
0
LINE
8
BLACK
6
CONTINUOUS
10
0.5994642913385827
20
1.2722396062992125
11
0.5972274409448819
21
1.2766296456692914
0
LINE
8
BLACK
6
CONTINUOUS
10
0.5972274409448819
20
1.2766296456692914
11
0.5964566929133858
21
1.2814960629921259
0
LINE
8
BLACK
6
CONTINUOUS
10
0.5964566929133858
20
1.2814960629921259
11
0.5972274409448819
21
1.2863624803149607
0
LINE
8
BLACK
6
CONTINUOUS
10
0.5972274409448819
20
1.2863624803149607
11
0.5994642913385827
21
1.2907525196850393
0
LINE
8
BLACK
6
CONTINUOUS
10
0.5994642913385827
20
1.2907525196850393
11
0.6029482677165354
21
1.2942364960629922
0
LINE
8
BLACK
6
CONTINUOUS
10
0.6029482677165354
20
1.2942364960629922
11
0.6073383070866142
21
1.2964733464566929
0
LINE
8
BLACK
6
CONTINUOUS
10
0.6073383070866142
20
1.2964733464566929
11
0.6122047244094488
21
1.2972440944881889
0
LINE
8
BLACK
6
CONTINUOUS
10
0.6122047244094488
20
1.2972440944881889
11
0.6170711417322835
21
1.2964733464566929
0
LINE
8
BLACK
6
CONTINUOUS
10
0.6170711417322835
20
1.2964733464566929
11
0.6214611811023621
21
1.2942364960629922
0
LINE
8
BLACK
6
CONTINUOUS
10
0.6214611811023621
20
1.2942364960629922
11
0.624945157480315
21
1.2907525196850393
0
LINE
8
BLACK
6
CONTINUOUS
10
0.624945157480315
20
1.2907525196850393
11
0.6256495669291339
21
1.2893700787401574
0
LINE
8
BLACK
6
CONTINUOUS
10
0.6256495669291339
20
1.2893700787401574
11
0.7893700787401574
21
1.2893700787401574
0
LINE
8
BLACK
6
CONTINUOUS
10
0.7893700787401574
20
1.2893700787401574
11
0.9987070078740157
21
1.2893700787401574
0
LINE
8
BLACK
6
CONTINUOUS
10
0.9987070078740157
20
1.2893700787401574
11
1.1929133858267715
21
1.483576496062992
0
LINE
8
BLACK
6
CONTINUOUS
10
1.1929133858267715
20
1.483576496062992
11
1.1929133858267715
21
1.494267716535433
0
LINE
8
BLACK
6
CONTINUOUS
10
1.1929133858267715
20
1.494267716535433
11
1.1915230708661417
21
1.4949761023622048
0
LINE
8
BLACK
6
CONTINUOUS
10
1.1915230708661417
20
1.4949761023622048
11
1.1880390944881889
21
1.4984600787401574
0
LINE
8
BLACK
6
CONTINUOUS
10
1.1880390944881889
20
1.4984600787401574
11
1.1858022440944882
21
1.5028501181102363
0
LINE
8
BLACK
6
CONTINUOUS
10
1.1858022440944882
20
1.5028501181102363
11
1.1850314960629922
21
1.5077165354330708
0
LINE
8
BLACK
6
CONTINUOUS
10
1.1850314960629922
20
1.5077165354330708
11
1.1858022440944882
21
1.5125829527559054
0
LINE
8
BLACK
6
CONTINUOUS
10
1.1858022440944882
20
1.5125829527559054
11
1.1880390944881889
21
1.5169729921259842
0
LINE
8
BLACK
6
CONTINUOUS
10
1.1880390944881889
20
1.5169729921259842
11
1.1915230708661417
21
1.5204569685039371
0
LINE
8
BLACK
6
CONTINUOUS
10
1.1915230708661417
20
1.5204569685039371
11
1.1929133858267715
21
1.5211653937007874
0
LINE
8
BLACK
6
CONTINUOUS
10
1.1929133858267715
20
1.5211653937007874
11
1.1929133858267715
21
1.7683920472440944
0
LINE
8
BLACK
6
CONTINUOUS
10
1.1929133858267715
20
1.7683920472440944
11
1.1083125590551182
21
1.852992874015748
0
LINE
8
BLACK
6
CONTINUOUS
10
1.1083125590551182
20
1.852992874015748
11
1.1043307086614174
21
1.8523622047244095
0
LINE
8
BLACK
6
CONTINUOUS
10
1.1043307086614174
20
1.8523622047244095
11
1.0994642913385826
21
1.8531329527559055
0
LINE
8
BLACK
6
CONTINUOUS
10
1.0994642913385826
20
1.8531329527559055
11
1.0950742519685039
21
1.8553698031496062
0
LINE
8
BLACK
6
CONTINUOUS
10
1.0950742519685039
20
1.8553698031496062
11
1.0915902755905511
21
1.858853779527559
0
LINE
8
BLACK
6
CONTINUOUS
10
1.0915902755905511
20
1.858853779527559
11
1.0893534251968504
21
1.8632438188976377
0
LINE
8
BLACK
6
CONTINUOUS
10
1.0893534251968504
20
1.8632438188976377
11
1.0885826771653544
21
1.8681102362204725
0
LINE
8
BLACK
6
CONTINUOUS
10
1.0885826771653544
20
1.8681102362204725
11
1.0893534251968504
21
1.872976653543307
0
LINE
8
BLACK
6
CONTINUOUS
10
1.0893534251968504
20
1.872976653543307
11
1.0915902755905511
21
1.8773666929133859
0
LINE
8
BLACK
6
CONTINUOUS
10
1.0915902755905511
20
1.8773666929133859
11
1.0950742519685039
21
1.8808506692913385
0
LINE
8
BLACK
6
CONTINUOUS
10
1.0950742519685039
20
1.8808506692913385
11
1.0994642913385826
21
1.8830875196850394
0
LINE
8
BLACK
6
CONTINUOUS
10
1.0994642913385826
20
1.8830875196850394
11
1.1043307086614174
21
1.8838582677165354
0
LINE
8
BLACK
6
CONTINUOUS
10
1.1043307086614174
20
1.8838582677165354
11
1.1091971259842519
21
1.8830875196850394
0
LINE
8
BLACK
6
CONTINUOUS
10
0.4607086614173228
20
2.4176377952755903
11
0.4385826771653543
21
2.4176377952755903
0
LINE
8
BLACK
6
CONTINUOUS
10
0.4385826771653543
20
2.4176377952755903
11
0.4385826771653543
21
2.3776377952755907
0
LINE
8
BLACK
6
CONTINUOUS
10
0.4385826771653543
20
2.3776377952755907
11
0.4607086614173228
21
2.3776377952755907
0
LINE
8
BLACK
6
CONTINUOUS
10
0.4607086614173228
20
2.3776377952755907
11
0.4607086614173228
21
2.3176377952755907
0
LINE
8
BLACK
6
CONTINUOUS
10
0.4607086614173228
20
2.3176377952755907
11
0.4385826771653543
21
2.3176377952755907
0
LINE
8
BLACK
6
CONTINUOUS
10
0.4385826771653543
20
2.3176377952755907
11
0.4385826771653543
21
2.3007874015748029
0
LINE
8
BLACK
6
CONTINUOUS
10
0.4385826771653543
20
2.3007874015748029
11
0.4384313779527559
21
2.2992512598425194
0
LINE
8
BLACK
6
CONTINUOUS
10
0.4384313779527559
20
2.2992512598425194
11
0.4372556692913386
21
2.2964128346456691
0
LINE
8
BLACK
6
CONTINUOUS
10
0.4372556692913386
20
2.2964128346456691
11
0.4362764566929134
21
2.2952196456692913
0
LINE
8
BLACK
6
CONTINUOUS
10
0.4362764566929134
20
2.2952196456692913
11
0.3441504330708661
21
2.2030936614173227
0
LINE
8
BLACK
6
CONTINUOUS
10
0.3441504330708661
20
2.2030936614173227
11
0.3429572440944882
21
2.2021144094488188
0
LINE
8
BLACK
6
CONTINUOUS
10
0.3429572440944882
20
2.2021144094488188
11
0.3401188188976378
21
2.2009387007874017
0
LINE
8
BLACK
6
CONTINUOUS
10
0.3401188188976378
20
2.2009387007874017
11
0.3385826771653543
21
2.2007874015748032
0
LINE
8
BLACK
6
CONTINUOUS
10
0.3385826771653543
20
2.2007874015748032
11
0.0268835433070866
21
2.2007874015748032
0
LINE
8
BLACK
6
CONTINUOUS
10
0.0268835433070866
20
2.2007874015748032
11
-0.1102362204724409
21
2.0636676377952754
0
LINE
8
BLACK
6
CONTINUOUS
10
-0.1102362204724409
20
2.0636676377952754
11
-0.1102362204724409
21
1.0268835826771654
0
LINE
8
BLACK
6
CONTINUOUS
10
-0.1102362204724409
20
1.0268835826771654
11
-0.0650054724409449
21
0.9816528346456692
0
LINE
8
BLACK
6
CONTINUOUS
10
-0.0650054724409449
20
0.9816528346456692
11
-0.0610236220472441
21
0.9822834645669292
0
LINE
8
BLACK
6
CONTINUOUS
10
-0.0610236220472441
20
0.9822834645669292
11
-0.0561572047244094
21
0.981512716535433
0
LINE
8
BLACK
6
CONTINUOUS
10
-0.0561572047244094
20
0.981512716535433
11
-0.0517671653543307
21
0.9792758661417322
0
LINE
8
BLACK
6
CONTINUOUS
10
-0.0517671653543307
20
0.9792758661417322
11
-0.0482831889763779
21
0.9757918897637795
0
LINE
8
BLACK
6
CONTINUOUS
10
-0.0482831889763779
20
0.9757918897637795
11
-0.0460463385826772
21
0.9714018503937007
0
LINE
8
BLACK
6
CONTINUOUS
10
-0.0460463385826772
20
0.9714018503937007
11
-0.0452755905511811
21
0.9665354330708661
0
LINE
8
BLACK
6
CONTINUOUS
10
-0.0452755905511811
20
0.9665354330708661
11
-0.0460463385826772
21
0.9616690157480314
0
LINE
8
BLACK
6
CONTINUOUS
10
-0.0460463385826772
20
0.9616690157480314
11
-0.0482831889763779
21
0.9572789763779528
0
LINE
8
BLACK
6
CONTINUOUS
10
-0.0482831889763779
20
0.9572789763779528
11
-0.0517671653543307
21
0.9537949999999999
0
LINE
8
BLACK
6
CONTINUOUS
10
-0.0517671653543307
20
0.9537949999999999
11
-0.0561572047244094
21
0.9515581496062991
0
LINE
8
BLACK
6
CONTINUOUS
10
-0.0561572047244094
20
0.9515581496062991
11
-0.0610236220472441
21
0.9507874015748031
0
LINE
8
BLACK
6
CONTINUOUS
10
-0.0610236220472441
20
0.9507874015748031
11
-0.0658900393700787
21
0.9515581496062991
0
LINE
8
BLACK
6
CONTINUOUS
10
-0.0658900393700787
20
0.9515581496062991
11
-0.0702800787401575
21
0.9537949999999999
0
LINE
8
BLACK
6
CONTINUOUS
10
-0.0702800787401575
20
0.9537949999999999
11
-0.0737640551181102
21
0.9572789763779528
0
LINE
8
BLACK
6
CONTINUOUS
10
-0.0737640551181102
20
0.9572789763779528
11
-0.076000905511811
21
0.9616690157480314
0
LINE
8
BLACK
6
CONTINUOUS
10
-0.076000905511811
20
0.9616690157480314
11
-0.0767716535433071
21
0.9665354330708661
0
LINE
8
BLACK
6
CONTINUOUS
10
-0.0767716535433071
20
0.9665354330708661
11
-0.0761410236220472
21
0.9705172834645669
0
LINE
8
BLACK
6
CONTINUOUS
10
-0.0761410236220472
20
0.9705172834645669
11
-0.1236779921259843
21
1.0180542913385826
0
LINE
8
BLACK
6
CONTINUOUS
10
-0.1236779921259843
20
1.0180542913385826
11
-0.1246572440944882
21
1.0192474803149607
0
LINE
8
BLACK
6
CONTINUOUS
10
-0.1246572440944882
20
1.0192474803149607
11
-0.1258329527559055
21
1.022085905511811
0
LINE
8
BLACK
6
CONTINUOUS
10
-0.1258329527559055
20
1.022085905511811
11
-0.1259842519685039
21
1.0236220472440944
0
LINE
8
BLACK
6
CONTINUOUS
10
-0.1259842519685039
20
1.0236220472440944
11
-0.1259842519685039
21
2.0669291338582676
0
LINE
8
BLACK
6
CONTINUOUS
10
-0.1259842519685039
20
2.0669291338582676
11
-0.1258329527559055
21
2.068465275590551
0
LINE
8
BLACK
6
CONTINUOUS
10
-0.1258329527559055
20
2.068465275590551
11
-0.1246572440944882
21
2.0713037007874013
0
LINE
8
BLACK
6
CONTINUOUS
10
-0.1246572440944882
20
2.0713037007874013
11
-0.1236779921259843
21
2.0724968897637797
0
LINE
8
BLACK
6
CONTINUOUS
10
-0.1236779921259843
20
2.0724968897637797
11
0.0180542913385827
21
2.2142291732283463
0
LINE
8
BLACK
6
CONTINUOUS
10
0.0180542913385827
20
2.2142291732283463
11
0.0192474803149606
21
2.2152084251968502
0
LINE
8
BLACK
6
CONTINUOUS
10
0.0192474803149606
20
2.2152084251968502
11
0.022085905511811
21
2.2163841338582677
0
LINE
8
BLACK
6
CONTINUOUS
10
0.022085905511811
20
2.2163841338582677
11
0.0236220472440945
21
2.2165354330708662
0
LINE
8
BLACK
6
CONTINUOUS
10
0.0236220472440945
20
2.2165354330708662
11
0.3353211811023622
21
2.2165354330708662
0
LINE
8
BLACK
6
CONTINUOUS
10
0.3353211811023622
20
2.2165354330708662
11
0.4228346456692914
21
2.3040489370078738
0
LINE
8
BLACK
6
CONTINUOUS
10
0.4228346456692914
20
2.3040489370078738
11
0.4228346456692914
21
2.3176377952755907
0
LINE
8
BLACK
6
CONTINUOUS
10
0.4228346456692914
20
2.3176377952755907
11
0.4007086614173228
21
2.3176377952755907
0
LINE
8
BLACK
6
CONTINUOUS
10
0.4007086614173228
20
2.3176377952755907
11
0.4007086614173228
21
2.3776377952755907
0
LINE
8
BLACK
6
CONTINUOUS
10
0.4007086614173228
20
2.3776377952755907
11
0.4228346456692914
21
2.3776377952755907
0
LINE
8
BLACK
6
CONTINUOUS
10
0.4228346456692914
20
2.3776377952755907
11
0.4228346456692914
21
2.4176377952755903
0
LINE
8
BLACK
6
CONTINUOUS
10
0.4228346456692914
20
2.4176377952755903
11
0.4007086614173228
21
2.4176377952755903
0
LINE
8
BLACK
6
CONTINUOUS
10
0.4007086614173228
20
2.4176377952755903
11
0.4007086614173228
21
2.4776377952755904
0
LINE
8
BLACK
6
CONTINUOUS
10
0.4007086614173228
20
2.4776377952755904
11
0.4607086614173228
21
2.4776377952755904
0
LINE
8
BLACK
6
CONTINUOUS
10
0.4607086614173228
20
2.4776377952755904
11
0.4607086614173228
21
2.4176377952755903
0
LINE
8
BLACK
6
CONTINUOUS
10
0.8607086614173228
20
2.2602362204724411
11
1.2122047244094487
21
2.2602362204724411
0
LINE
8
BLACK
6
CONTINUOUS
10
1.2122047244094487
20
2.2602362204724411
11
1.2137408661417322
21
2.2600849212598426
0
LINE
8
BLACK
6
CONTINUOUS
10
1.2137408661417322
20
2.2600849212598426
11
1.2165792913385827
21
2.2589092125984251
0
LINE
8
BLACK
6
CONTINUOUS
10
1.2165792913385827
20
2.2589092125984251
11
1.2177724803149605
21
2.2579299606299212
0
LINE
8
BLACK
6
CONTINUOUS
10
1.2177724803149605
20
2.2579299606299212
11
1.2827890551181103
21
2.1929133858267718
0
LINE
8
BLACK
6
CONTINUOUS
10
1.2827890551181103
20
2.1929133858267718
11
1.2956102755905512
21
2.1929133858267718
0
LINE
8
BLACK
6
CONTINUOUS
10
1.2956102755905512
20
2.1929133858267718
11
1.2963146850393701
21
2.1942958267716537
0
LINE
8
BLACK
6
CONTINUOUS
10
1.2963146850393701
20
2.1942958267716537
11
1.2997986614173227
21
2.1977798031496061
0
LINE
8
BLACK
6
CONTINUOUS
10
1.2997986614173227
20
2.1977798031496061
11
1.3041887007874016
21
2.2000166535433072
0
LINE
8
BLACK
6
CONTINUOUS
10
1.3041887007874016
20
2.2000166535433072
11
1.3090551181102361
21
2.2007874015748032
0
LINE
8
BLACK
6
CONTINUOUS
10
1.3090551181102361
20
2.2007874015748032
11
1.3139215354330709
21
2.2000166535433072
0
LINE
8
BLACK
6
CONTINUOUS
10
1.3139215354330709
20
2.2000166535433072
11
1.3183115748031495
21
2.1977798031496061
0
LINE
8
BLACK
6
CONTINUOUS
10
1.3183115748031495
20
2.1977798031496061
11
1.3217955511811024
21
2.1942958267716537
0
LINE
8
BLACK
6
CONTINUOUS
10
1.3217955511811024
20
2.1942958267716537
11
1.3240324015748031
21
2.1899057874015746
0
LINE
8
BLACK
6
CONTINUOUS
10
1.3240324015748031
20
2.1899057874015746
11
1.3248031496062991
21
2.1850393700787403
0
LINE
8
BLACK
6
CONTINUOUS
10
1.3248031496062991
20
2.1850393700787403
11
1.3240324015748031
21
2.1801729527559055
0
LINE
8
BLACK
6
CONTINUOUS
10
1.3240324015748031
20
2.1801729527559055
11
1.3217955511811024
21
2.1757829133858269
0
LINE
8
BLACK
6
CONTINUOUS
10
1.3217955511811024
20
2.1757829133858269
11
1.3183115748031495
21
2.172298937007874
0
LINE
8
BLACK
6
CONTINUOUS
10
1.3183115748031495
20
2.172298937007874
11
1.3139215354330709
21
2.1700620866141733
0
LINE
8
BLACK
6
CONTINUOUS
10
1.3139215354330709
20
2.1700620866141733
11
1.3090551181102361
21
2.1692913385826773
0
LINE
8
BLACK
6
CONTINUOUS
10
1.3090551181102361
20
2.1692913385826773
11
1.3041887007874016
21
2.1700620866141733
0
LINE
8
BLACK
6
CONTINUOUS
10
1.3041887007874016
20
2.1700620866141733
11
1.2997986614173227
21
2.172298937007874
0
LINE
8
BLACK
6
CONTINUOUS
10
1.2997986614173227
20
2.172298937007874
11
1.2963146850393701
21
2.1757829133858269
0
LINE
8
BLACK
6
CONTINUOUS
10
1.2963146850393701
20
2.1757829133858269
11
1.2956102755905512
21
2.1771653543307088
0
LINE
8
BLACK
6
CONTINUOUS
10
1.2956102755905512
20
2.1771653543307088
11
1.2795275590551181
21
2.1771653543307088
0
LINE
8
BLACK
6
CONTINUOUS
10
1.2795275590551181
20
2.1771653543307088
11
1.2779914173228346
21
2.1773166535433068
0
LINE
8
BLACK
6
CONTINUOUS
10
1.2779914173228346
20
2.1773166535433068
11
1.2751529921259843
21
2.1784923622047243
0
LINE
8
BLACK
6
CONTINUOUS
10
1.2751529921259843
20
2.1784923622047243
11
1.2739598031496062
21
2.1794716141732282
0
LINE
8
BLACK
6
CONTINUOUS
10
1.2739598031496062
20
2.1794716141732282
11
1.2089432283464567
21
2.2444881889763777
0
LINE
8
BLACK
6
CONTINUOUS
10
1.2089432283464567
20
2.2444881889763777
11
0.8607086614173228
21
2.2444881889763777
0
LINE
8
BLACK
6
CONTINUOUS
10
0.8607086614173228
20
2.2444881889763777
11
0.8607086614173228
21
2.2203937007874015
0
LINE
8
BLACK
6
CONTINUOUS
10
0.8607086614173228
20
2.2203937007874015
11
0.8007086614173228
21
2.2203937007874015
0
LINE
8
BLACK
6
CONTINUOUS
10
0.8007086614173228
20
2.2203937007874015
11
0.8007086614173228
21
2.2250062204724408
0
LINE
8
BLACK
6
CONTINUOUS
10
0.8007086614173228
20
2.2250062204724408
11
0.7086614173228346
21
2.1329589763779526
0
LINE
8
BLACK
6
CONTINUOUS
10
0.7086614173228346
20
2.1329589763779526
11
0.7086614173228346
21
1.6889763779527558
0
LINE
8
BLACK
6
CONTINUOUS
10
0.7086614173228346
20
1.6889763779527558
11
0.7085101181102362
21
1.6874402362204723
0
LINE
8
BLACK
6
CONTINUOUS
10
0.7085101181102362
20
1.6874402362204723
11
0.7073344094488189
21
1.6846018110236221
0
LINE
8
BLACK
6
CONTINUOUS
10
0.7073344094488189
20
1.6846018110236221
11
0.7073341732283465
21
1.6846016141732283
0
LINE
8
BLACK
6
CONTINUOUS
10
0.7073341732283465
20
1.6846016141732283
11
0.706355157480315
21
1.6834085826771654
0
LINE
8
BLACK
6
CONTINUOUS
10
0.706355157480315
20
1.6834085826771654
11
0.6883457086614173
21
1.6653992125984252
0
LINE
8
BLACK
6
CONTINUOUS
10
0.6883457086614173
20
1.6653992125984252
11
0.6889763779527559
21
1.6614173228346456
0
LINE
8
BLACK
6
CONTINUOUS
10
0.6889763779527559
20
1.6614173228346456
11
0.6882056299212598
21
1.6565509055118111
0
LINE
8
BLACK
6
CONTINUOUS
10
0.6882056299212598
20
1.6565509055118111
11
0.6859687795275591
21
1.6521608661417322
0
LINE
8
BLACK
6
CONTINUOUS
10
0.6859687795275591
20
1.6521608661417322
11
0.6824848031496062
21
1.6486768897637796
0
LINE
8
BLACK
6
CONTINUOUS
10
0.6824848031496062
20
1.6486768897637796
11
0.6780947637795276
21
1.6464400393700787
0
LINE
8
BLACK
6
CONTINUOUS
10
0.6780947637795276
20
1.6464400393700787
11
0.6732283464566929
21
1.6456692913385826
0
LINE
8
BLACK
6
CONTINUOUS
10
0.6732283464566929
20
1.6456692913385826
11
0.6683619291338583
21
1.6464400393700787
0
LINE
8
BLACK
6
CONTINUOUS
10
0.6683619291338583
20
1.6464400393700787
11
0.6639718897637795
21
1.6486768897637796
0
LINE
8
BLACK
6
CONTINUOUS
10
0.6639718897637795
20
1.6486768897637796
11
0.6604879133858268
21
1.6521608661417322
0
LINE
8
BLACK
6
CONTINUOUS
10
0.6604879133858268
20
1.6521608661417322
11
0.658251062992126
21
1.6565509055118111
0
LINE
8
BLACK
6
CONTINUOUS
10
0.658251062992126
20
1.6565509055118111
11
0.6574803149606299
21
1.6614173228346456
0
LINE
8
BLACK
6
CONTINUOUS
10
0.6574803149606299
20
1.6614173228346456
11
0.658251062992126
21
1.6662837401574804
0
LINE
8
BLACK
6
CONTINUOUS
10
0.658251062992126
20
1.6662837401574804
11
0.6604879133858268
21
1.670673779527559
0
LINE
8
BLACK
6
CONTINUOUS
10
0.6604879133858268
20
1.670673779527559
11
0.6639718897637795
21
1.6741577559055119
0
LINE
8
BLACK
6
CONTINUOUS
10
0.6639718897637795
20
1.6741577559055119
11
0.6683619291338583
21
1.6763946062992126
0
LINE
8
BLACK
6
CONTINUOUS
10
0.6683619291338583
20
1.6763946062992126
11
0.6732283464566929
21
1.6771653543307086
0
LINE
8
BLACK
6
CONTINUOUS
10
0.6732283464566929
20
1.6771653543307086
11
0.6772101968503936
21
1.6765347244094488
0
LINE
8
BLACK
6
CONTINUOUS
10
0.6772101968503936
20
1.6765347244094488
11
0.6929133858267716
21
1.6922379133858267
0
LINE
8
BLACK
6
CONTINUOUS
10
0.6929133858267716
20
1.6922379133858267
11
0.6929133858267716
21
2.1362204724409448
0
LINE
8
BLACK
6
CONTINUOUS
10
0.6929133858267716
20
2.1362204724409448
11
0.69306468503937
21
2.1377566141732283
0
LINE
8
BLACK
6
CONTINUOUS
10
0.69306468503937
20
2.1377566141732283
11
0.6942403937007874
21
2.1405950393700786
0
LINE
8
BLACK
6
CONTINUOUS
10
0.6942403937007874
20
2.1405950393700786
11
0.6952196456692913
21
2.1417882283464564
0
LINE
8
BLACK
6
CONTINUOUS
10
0.6952196456692913
20
2.1417882283464564
11
0.8007086614173228
21
2.2472772440944881
0
LINE
8
BLACK
6
CONTINUOUS
10
0.8007086614173228
20
2.2472772440944881
11
0.8007086614173228
21
2.2803937007874016
0
LINE
8
BLACK
6
CONTINUOUS
10
0.8007086614173228
20
2.2803937007874016
11
0.8607086614173228
21
2.2803937007874016
0
LINE
8
BLACK
6
CONTINUOUS
10
0.8607086614173228
20
2.2803937007874016
11
0.8607086614173228
21
2.2602362204724411
0
LINE
8
BLACK
6
CONTINUOUS
10
1.0796062992125983
20
1.9968835433070866
11
1.1158599212598426
21
1.9606299212598424
0
LINE
8
BLACK
6
CONTINUOUS
10
1.1158599212598426
20
1.9606299212598424
11
1.1322244488188977
21
1.9606299212598424
0
LINE
8
BLACK
6
CONTINUOUS
10
1.1322244488188977
20
1.9606299212598424
11
1.1329288582677166
21
1.9620123622047243
0
LINE
8
BLACK
6
CONTINUOUS
10
1.1329288582677166
20
1.9620123622047243
11
1.1364128346456692
21
1.9654963385826771
0
LINE
8
BLACK
6
CONTINUOUS
10
1.1364128346456692
20
1.9654963385826771
11
1.1408028740157481
21
1.9677331889763778
0
LINE
8
BLACK
6
CONTINUOUS
10
1.1408028740157481
20
1.9677331889763778
11
1.1456692913385826
21
1.9685039370078741
0
LINE
8
BLACK
6
CONTINUOUS
10
1.1456692913385826
20
1.9685039370078741
11
1.1505357086614172
21
1.9677331889763778
0
LINE
8
BLACK
6
CONTINUOUS
10
1.1505357086614172
20
1.9677331889763778
11
1.1549257480314961
21
1.9654963385826771
0
LINE
8
BLACK
6
CONTINUOUS
10
1.1549257480314961
20
1.9654963385826771
11
1.1584097244094489
21
1.9620123622047243
0
LINE
8
BLACK
6
CONTINUOUS
10
1.1584097244094489
20
1.9620123622047243
11
1.1606465748031496
21
1.9576223228346457
0
LINE
8
BLACK
6
CONTINUOUS
10
1.1606465748031496
20
1.9576223228346457
11
1.1614173228346456
21
1.9527559055118109
0
LINE
8
BLACK
6
CONTINUOUS
10
1.1614173228346456
20
1.9527559055118109
11
1.1606465748031496
21
1.9478894881889763
0
LINE
8
BLACK
6
CONTINUOUS
10
1.1606465748031496
20
1.9478894881889763
11
1.1584097244094489
21
1.9434994488188977
0
LINE
8
BLACK
6
CONTINUOUS
10
1.1584097244094489
20
1.9434994488188977
11
1.1549257480314961
21
1.9400154724409449
0
LINE
8
BLACK
6
CONTINUOUS
10
1.1549257480314961
20
1.9400154724409449
11
1.1505357086614172
21
1.9377786220472442
0
LINE
8
BLACK
6
CONTINUOUS
10
1.1505357086614172
20
1.9377786220472442
11
1.1456692913385826
21
1.9370078740157479
0
LINE
8
BLACK
6
CONTINUOUS
10
1.1456692913385826
20
1.9370078740157479
11
1.1408028740157481
21
1.9377786220472442
0
LINE
8
BLACK
6
CONTINUOUS
10
1.1408028740157481
20
1.9377786220472442
11
1.1364128346456692
21
1.9400154724409449
0
LINE
8
BLACK
6
CONTINUOUS
10
1.1364128346456692
20
1.9400154724409449
11
1.1329288582677166
21
1.9434994488188977
0
LINE
8
BLACK
6
CONTINUOUS
10
1.1329288582677166
20
1.9434994488188977
11
1.1322244488188977
21
1.9448818897637794
0
LINE
8
BLACK
6
CONTINUOUS
10
1.1322244488188977
20
1.9448818897637794
11
1.1125984251968504
21
1.9448818897637794
0
LINE
8
BLACK
6
CONTINUOUS
10
1.1125984251968504
20
1.9448818897637794
11
1.1110622834645669
21
1.9450331889763779
0
LINE
8
BLACK
6
CONTINUOUS
10
1.1110622834645669
20
1.9450331889763779
11
1.1082238582677164
21
1.9462088976377951
0
LINE
8
BLACK
6
CONTINUOUS
10
1.1082238582677164
20
1.9462088976377951
11
1.1070306692913385
21
1.9471881496062993
0
LINE
8
BLACK
6
CONTINUOUS
10
1.1070306692913385
20
1.9471881496062993
11
1.0645337795275591
21
1.9896850393700787
0
LINE
8
BLACK
6
CONTINUOUS
10
1.0645337795275591
20
1.9896850393700787
11
1.0196062992125985
21
1.9896850393700787
0
LINE
8
BLACK
6
CONTINUOUS
10
1.0196062992125985
20
1.9896850393700787
11
1.0196062992125985
21
2.0496850393700785
0
LINE
8
BLACK
6
CONTINUOUS
10
1.0196062992125985
20
2.0496850393700785
11
1.0796062992125983
21
2.0496850393700785
0
LINE
8
BLACK
6
CONTINUOUS
10
1.0796062992125983
20
2.0496850393700785
11
1.0796062992125983
21
1.9968835433070866
0
LINE
8
BLACK
6
CONTINUOUS
10
0.6796062992125984
20
1.9896850393700787
11
0.6535433070866141
21
1.9896850393700787
0
LINE
8
BLACK
6
CONTINUOUS
10
0.6535433070866141
20
1.9896850393700787
11
0.6535433070866141
21
1.9803149606299213
0
LINE
8
BLACK
6
CONTINUOUS
10
0.6535433070866141
20
1.9803149606299213
11
0.6533920078740157
21
1.9787788188976378
0
LINE
8
BLACK
6
CONTINUOUS
10
0.6533920078740157
20
1.9787788188976378
11
0.6522162992125984
21
1.9759403937007873
0
LINE
8
BLACK
6
CONTINUOUS
10
0.6522162992125984
20
1.9759403937007873
11
0.6512370472440945
21
1.9747472047244095
0
LINE
8
BLACK
6
CONTINUOUS
10
0.6512370472440945
20
1.9747472047244095
11
0.627615
21
1.951125157480315
0
LINE
8
BLACK
6
CONTINUOUS
10
0.627615
20
1.951125157480315
11
0.626421811023622
21
1.9501459055118109
0
LINE
8
BLACK
6
CONTINUOUS
10
0.626421811023622
20
1.9501459055118109
11
0.6235833858267716
21
1.9489701968503936
0
LINE
8
BLACK
6
CONTINUOUS
10
0.6235833858267716
20
1.9489701968503936
11
0.6220472440944882
21
1.9488188976377951
0
LINE
8
BLACK
6
CONTINUOUS
10
0.6220472440944882
20
1.9488188976377951
11
0.5567519291338583
21
1.9488188976377951
0
LINE
8
BLACK
6
CONTINUOUS
10
0.5567519291338583
20
1.9488188976377951
11
0.5560475196850394
21
1.9474364566929134
0
LINE
8
BLACK
6
CONTINUOUS
10
0.5560475196850394
20
1.9474364566929134
11
0.5525635433070866
21
1.9439524803149606
0
LINE
8
BLACK
6
CONTINUOUS
10
0.5525635433070866
20
1.9439524803149606
11
0.5481735039370078
21
1.9417156299212599
0
LINE
8
BLACK
6
CONTINUOUS
10
0.5481735039370078
20
1.9417156299212599
11
0.5433070866141733
21
1.9409448818897637
0
LINE
8
BLACK
6
CONTINUOUS
10
0.5433070866141733
20
1.9409448818897637
11
0.5384406692913386
21
1.9417156299212599
0
LINE
8
BLACK
6
CONTINUOUS
10
0.5384406692913386
20
1.9417156299212599
11
0.5340506299212598
21
1.9439524803149606
0
LINE
8
BLACK
6
CONTINUOUS
10
0.5340506299212598
20
1.9439524803149606
11
0.5305666535433071
21
1.9474364566929134
0
LINE
8
BLACK
6
CONTINUOUS
10
0.5305666535433071
20
1.9474364566929134
11
0.5283298031496063
21
1.9518264960629921
0
LINE
8
BLACK
6
CONTINUOUS
10
0.5283298031496063
20
1.9518264960629921
11
0.5275590551181102
21
1.9566929133858266
0
LINE
8
BLACK
6
CONTINUOUS
10
0.5275590551181102
20
1.9566929133858266
11
0.5283298031496063
21
1.9615593307086614
0
LINE
8
BLACK
6
CONTINUOUS
10
0.5283298031496063
20
1.9615593307086614
11
0.5305666535433071
21
1.96594937007874
0
LINE
8
BLACK
6
CONTINUOUS
10
0.5305666535433071
20
1.96594937007874
11
0.5340506299212598
21
1.9694333464566929
0
LINE
8
BLACK
6
CONTINUOUS
10
0.5340506299212598
20
1.9694333464566929
11
0.5384406692913386
21
1.9716701968503936
0
LINE
8
BLACK
6
CONTINUOUS
10
0.5384406692913386
20
1.9716701968503936
11
0.5433070866141733
21
1.9724409448818898
0
LINE
8
BLACK
6
CONTINUOUS
10
0.5433070866141733
20
1.9724409448818898
11
0.5481735039370078
21
1.9716701968503936
0
LINE
8
BLACK
6
CONTINUOUS
10
0.5481735039370078
20
1.9716701968503936
11
0.5525635433070866
21
1.9694333464566929
0
LINE
8
BLACK
6
CONTINUOUS
10
0.5525635433070866
20
1.9694333464566929
11
0.5560475196850394
21
1.96594937007874
0
LINE
8
BLACK
6
CONTINUOUS
10
0.5560475196850394
20
1.96594937007874
11
0.5567519291338583
21
1.9645669291338583
0
LINE
8
BLACK
6
CONTINUOUS
10
0.5567519291338583
20
1.9645669291338583
11
0.618785748031496
21
1.9645669291338583
0
LINE
8
BLACK
6
CONTINUOUS
10
0.618785748031496
20
1.9645669291338583
11
0.6377952755905512
21
1.9835764566929133
0
LINE
8
BLACK
6
CONTINUOUS
10
0.6377952755905512
20
1.9835764566929133
11
0.6377952755905512
21
1.9896850393700787
0
LINE
8
BLACK
6
CONTINUOUS
10
0.6377952755905512
20
1.9896850393700787
11
0.6196062992125985
21
1.9896850393700787
0
LINE
8
BLACK
6
CONTINUOUS
10
0.6196062992125985
20
1.9896850393700787
11
0.6196062992125985
21
2.0496850393700785
0
LINE
8
BLACK
6
CONTINUOUS
10
0.6196062992125985
20
2.0496850393700785
11
0.6796062992125984
21
2.0496850393700785
0
LINE
8
BLACK
6
CONTINUOUS
10
0.6796062992125984
20
2.0496850393700785
11
0.6796062992125984
21
1.9896850393700787
0
LINE
8
BLACK
6
CONTINUOUS
10
1.3710081496062991
20
2.2472607480314961
11
1.375398188976378
21
2.2450238976377954
0
LINE
8
BLACK
6
CONTINUOUS
10
1.375398188976378
20
2.2450238976377954
11
1.3788821653543306
21
2.2415399212598426
0
LINE
8
BLACK
6
CONTINUOUS
10
1.3788821653543306
20
2.2415399212598426
11
1.3811190157480315
21
2.2371498818897639
0
LINE
8
BLACK
6
CONTINUOUS
10
1.3811190157480315
20
2.2371498818897639
11
1.3818897637795275
21
2.2322834645669292
0
LINE
8
BLACK
6
CONTINUOUS
10
1.3818897637795275
20
2.2322834645669292
11
1.3811190157480315
21
2.2274170472440944
0
LINE
8
BLACK
6
CONTINUOUS
10
1.3811190157480315
20
2.2274170472440944
11
1.3788821653543306
21
2.2230270078740157
0
LINE
8
BLACK
6
CONTINUOUS
10
1.3788821653543306
20
2.2230270078740157
11
1.375398188976378
21
2.2195430314960629
0
LINE
8
BLACK
6
CONTINUOUS
10
1.375398188976378
20
2.2195430314960629
11
1.3710081496062991
21
2.2173061811023622
0
LINE
8
BLACK
6
CONTINUOUS
10
1.3710081496062991
20
2.2173061811023622
11
1.3661417322834646
21
2.2165354330708662
0
LINE
8
BLACK
6
CONTINUOUS
10
1.3661417322834646
20
2.2165354330708662
11
1.362159842519685
21
2.2171661023622047
0
LINE
8
BLACK
6
CONTINUOUS
10
1.362159842519685
20
2.2171661023622047
11
1.3503937007874016
21
2.2053999212598425
0
LINE
8
BLACK
6
CONTINUOUS
10
1.3503937007874016
20
2.2053999212598425
11
1.3503937007874016
21
2.173228346456693
0
LINE
8
BLACK
6
CONTINUOUS
10
1.3503937007874016
20
2.173228346456693
11
1.3502424015748031
21
2.1716922047244096
0
LINE
8
BLACK
6
CONTINUOUS
10
1.3502424015748031
20
2.1716922047244096
11
1.3490666929133859
21
2.1688537795275589
0
LINE
8
BLACK
6
CONTINUOUS
10
1.3490666929133859
20
2.1688537795275589
11
1.3480874409448818
21
2.167660590551181
0
LINE
8
BLACK
6
CONTINUOUS
10
1.3480874409448818
20
2.167660590551181
11
1.3165913779527558
21
2.1361645275590551
0
LINE
8
BLACK
6
CONTINUOUS
10
1.3165913779527558
20
2.1361645275590551
11
1.3153981889763779
21
2.1351852755905512
0
LINE
8
BLACK
6
CONTINUOUS
10
1.3153981889763779
20
2.1351852755905512
11
1.3125597637795274
21
2.1340095669291337
0
LINE
8
BLACK
6
CONTINUOUS
10
1.3125597637795274
20
2.1340095669291337
11
1.311023622047244
21
2.1338582677165352
0
LINE
8
BLACK
6
CONTINUOUS
10
1.311023622047244
20
2.1338582677165352
11
1.2355449999999999
21
2.1338582677165352
0
LINE
8
BLACK
6
CONTINUOUS
10
1.2355449999999999
20
2.1338582677165352
11
1.2277157874015747
21
2.1260291338582675
0
LINE
8
BLACK
6
CONTINUOUS
10
1.2277157874015747
20
2.1260291338582675
11
1.2283464566929134
21
2.122047244094488
0
LINE
8
BLACK
6
CONTINUOUS
10
1.2283464566929134
20
2.122047244094488
11
1.2275757086614172
21
2.1171808267716536
0
LINE
8
BLACK
6
CONTINUOUS
10
1.2275757086614172
20
2.1171808267716536
11
1.2253388582677165
21
2.1127907874015746
0
LINE
8
BLACK
6
CONTINUOUS
10
1.2253388582677165
20
2.1127907874015746
11
1.2218548818897637
21
2.1093068110236222
0
LINE
8
BLACK
6
CONTINUOUS
10
1.2218548818897637
20
2.1093068110236222
11
1.217464842519685
21
2.107069960629921
0
LINE
8
BLACK
6
CONTINUOUS
10
1.217464842519685
20
2.107069960629921
11
1.2125984251968505
21
2.106299212598425
0
LINE
8
BLACK
6
CONTINUOUS
10
1.2125984251968505
20
2.106299212598425
11
1.2086165354330709
21
2.1069298818897639
0
LINE
8
BLACK
6
CONTINUOUS
10
1.2086165354330709
20
2.1069298818897639
11
1.2063551574803149
21
2.1046684645669291
0
LINE
8
BLACK
6
CONTINUOUS
10
1.2063551574803149
20
2.1046684645669291
11
1.205161968503937
21
2.1036892125984252
0
LINE
8
BLACK
6
CONTINUOUS
10
1.205161968503937
20
2.1036892125984252
11
1.2023235433070867
21
2.1025135039370078
0
LINE
8
BLACK
6
CONTINUOUS
10
1.2023235433070867
20
2.1025135039370078
11
1.200787401574803
21
2.1023622047244093
0
LINE
8
BLACK
6
CONTINUOUS
10
1.200787401574803
20
2.1023622047244093
11
0.8044425984251968
21
2.1023622047244093
0
LINE
8
BLACK
6
CONTINUOUS
10
0.8044425984251968
20
2.1023622047244093
11
0.7535433070866142
21
2.0514629133858269
0
LINE
8
BLACK
6
CONTINUOUS
10
0.7535433070866142
20
2.0514629133858269
11
0.7535433070866142
21
2.0496850393700785
0
LINE
8
BLACK
6
CONTINUOUS
10
0.7535433070866142
20
2.0496850393700785
11
0.7796062992125984
21
2.0496850393700785
0
LINE
8
BLACK
6
CONTINUOUS
10
0.7796062992125984
20
2.0496850393700785
11
0.7796062992125984
21
1.9896850393700787
0
LINE
8
BLACK
6
CONTINUOUS
10
0.7796062992125984
20
1.9896850393700787
11
0.7196062992125984
21
1.9896850393700787
0
LINE
8
BLACK
6
CONTINUOUS
10
0.7196062992125984
20
1.9896850393700787
11
0.7196062992125984
21
2.0496850393700785
0
LINE
8
BLACK
6
CONTINUOUS
10
0.7196062992125984
20
2.0496850393700785
11
0.7377952755905511
21
2.0496850393700785
0
LINE
8
BLACK
6
CONTINUOUS
10
0.7377952755905511
20
2.0496850393700785
11
0.7377952755905511
21
2.0547244094488191
0
LINE
8
BLACK
6
CONTINUOUS
10
0.7377952755905511
20
2.0547244094488191
11
0.7379465748031496
21
2.0562605511811025
0
LINE
8
BLACK
6
CONTINUOUS
10
0.7379465748031496
20
2.0562605511811025
11
0.7391222834645669
21
2.0590989763779528
0
LINE
8
BLACK
6
CONTINUOUS
10
0.7391222834645669
20
2.0590989763779528
11
0.7401015354330709
21
2.0602921653543307
0
LINE
8
BLACK
6
CONTINUOUS
10
0.7401015354330709
20
2.0602921653543307
11
0.7956133464566929
21
2.1158039763779528
0
LINE
8
BLACK
6
CONTINUOUS
10
0.7956133464566929
20
2.1158039763779528
11
0.7968065354330709
21
2.1167832283464567
0
LINE
8
BLACK
6
CONTINUOUS
10
0.7968065354330709
20
2.1167832283464567
11
0.7996449606299212
21
2.1179589370078742
0
LINE
8
BLACK
6
CONTINUOUS
10
0.7996449606299212
20
2.1179589370078742
11
0.8011811023622047
21
2.1181102362204722
0
LINE
8
BLACK
6
CONTINUOUS
10
0.8011811023622047
20
2.1181102362204722
11
1.197473937007874
21
2.1181102362204722
0
LINE
8
BLACK
6
CONTINUOUS
10
1.197473937007874
20
2.1181102362204722
11
1.1968503937007873
21
2.122047244094488
0
LINE
8
BLACK
6
CONTINUOUS
10
1.1968503937007873
20
2.122047244094488
11
1.1976211417322835
21
2.1269136614173227
0
LINE
8
BLACK
6
CONTINUOUS
10
1.1976211417322835
20
2.1269136614173227
11
1.1998579921259842
21
2.1313037007874014
0
LINE
8
BLACK
6
CONTINUOUS
10
1.1998579921259842
20
2.1313037007874014
11
1.203341968503937
21
2.1347876771653542
0
LINE
8
BLACK
6
CONTINUOUS
10
1.203341968503937
20
2.1347876771653542
11
1.2077320078740157
21
2.1370245275590549
0
LINE
8
BLACK
6
CONTINUOUS
10
1.2077320078740157
20
2.1370245275590549
11
1.2125984251968505
21
2.1377952755905509
0
LINE
8
BLACK
6
CONTINUOUS
10
1.2125984251968505
20
2.1377952755905509
11
1.2165802755905513
21
2.1371646456692912
0
LINE
8
BLACK
6
CONTINUOUS
10
1.2165802755905513
20
2.1371646456692912
11
1.2267157086614173
21
2.1473000787401575
0
LINE
8
BLACK
6
CONTINUOUS
10
1.2267157086614173
20
2.1473000787401575
11
1.2279088976377952
21
2.1482792913385826
0
LINE
8
BLACK
6
CONTINUOUS
10
1.2279088976377952
20
2.1482792913385826
11
1.2307473228346457
21
2.1494550000000001
0
LINE
8
BLACK
6
CONTINUOUS
10
1.2307473228346457
20
2.1494550000000001
11
1.2322834645669292
21
2.1496062992125982
0
LINE
8
BLACK
6
CONTINUOUS
10
1.2322834645669292
20
2.1496062992125982
11
1.307762125984252
21
2.1496062992125982
0
LINE
8
BLACK
6
CONTINUOUS
10
1.307762125984252
20
2.1496062992125982
11
1.3346456692913387
21
2.1764898425196848
0
LINE
8
BLACK
6
CONTINUOUS
10
1.3346456692913387
20
2.1764898425196848
11
1.3346456692913387
21
2.2086614173228347
0
LINE
8
BLACK
6
CONTINUOUS
10
1.3346456692913387
20
2.2086614173228347
11
1.3347969685039369
21
2.2101975590551182
0
LINE
8
BLACK
6
CONTINUOUS
10
1.3347969685039369
20
2.2101975590551182
11
1.3359726771653544
21
2.2130359842519685
0
LINE
8
BLACK
6
CONTINUOUS
10
1.3359726771653544
20
2.2130359842519685
11
1.3369519291338583
21
2.2142291732283463
0
LINE
8
BLACK
6
CONTINUOUS
10
1.3369519291338583
20
2.2142291732283463
11
1.3510243307086613
21
2.2283016141732284
0
LINE
8
BLACK
6
CONTINUOUS
10
1.3510243307086613
20
2.2283016141732284
11
1.3503937007874016
21
2.2322834645669292
0
LINE
8
BLACK
6
CONTINUOUS
10
1.3503937007874016
20
2.2322834645669292
11
1.3511644488188976
21
2.2371498818897639
0
LINE
8
BLACK
6
CONTINUOUS
10
1.3511644488188976
20
2.2371498818897639
11
1.3534012992125983
21
2.2415399212598426
0
LINE
8
BLACK
6
CONTINUOUS
10
1.3534012992125983
20
2.2415399212598426
11
1.3568852755905512
21
2.2450238976377954
0
LINE
8
BLACK
6
CONTINUOUS
10
1.3568852755905512
20
2.2450238976377954
11
1.3612753149606298
21
2.2472607480314961
0
LINE
8
BLACK
6
CONTINUOUS
10
1.3612753149606298
20
2.2472607480314961
11
1.3661417322834646
21
2.2480314960629921
0
LINE
8
BLACK
6
CONTINUOUS
10
1.3661417322834646
20
2.2480314960629921
11
1.3710081496062991
21
2.2472607480314961
0
LINE
8
BLACK
6
CONTINUOUS
10
1.3788821653543306
20
2.203953661417323
11
1.3832722047244095
21
2.2017168110236218
0
LINE
8
BLACK
6
CONTINUOUS
10
1.3832722047244095
20
2.2017168110236218
11
1.3867561811023621
21
2.1982328346456694
0
LINE
8
BLACK
6
CONTINUOUS
10
1.3867561811023621
20
2.1982328346456694
11
1.388993031496063
21
2.1938427952755903
0
LINE
8
BLACK
6
CONTINUOUS
10
1.388993031496063
20
2.1938427952755903
11
1.389763779527559
21
2.188976377952756
0
LINE
8
BLACK
6
CONTINUOUS
10
1.389763779527559
20
2.188976377952756
11
1.388993031496063
21
2.1841099606299212
0
LINE
8
BLACK
6
CONTINUOUS
10
1.388993031496063
20
2.1841099606299212
11
1.3867561811023621
21
2.1797199212598426
0
LINE
8
BLACK
6
CONTINUOUS
10
1.3867561811023621
20
2.1797199212598426
11
1.3832722047244095
21
2.1762359448818898
0
LINE
8
BLACK
6
CONTINUOUS
10
1.3832722047244095
20
2.1762359448818898
11
1.3818897637795275
21
2.1755315748031494
0
LINE
8
BLACK
6
CONTINUOUS
10
1.3818897637795275
20
2.1755315748031494
11
1.3818897637795275
21
2.1259842519685037
0
LINE
8
BLACK
6
CONTINUOUS
10
1.3818897637795275
20
2.1259842519685037
11
1.3817384645669291
21
2.1244481102362203
0
LINE
8
BLACK
6
CONTINUOUS
10
1.3817384645669291
20
2.1244481102362203
11
1.3805627559055118
21
2.12160968503937
0
LINE
8
BLACK
6
CONTINUOUS
10
1.3805627559055118
20
2.12160968503937
11
1.3795835039370079
21
2.1204164960629921
0
LINE
8
BLACK
6
CONTINUOUS
10
1.3795835039370079
20
2.1204164960629921
11
1.3303709055118109
21
2.0712038976377953
0
LINE
8
BLACK
6
CONTINUOUS
10
1.3303709055118109
20
2.0712038976377953
11
1.329177716535433
21
2.0702246456692914
0
LINE
8
BLACK
6
CONTINUOUS
10
1.329177716535433
20
2.0702246456692914
11
1.3263392913385827
21
2.069048937007874
0
LINE
8
BLACK
6
CONTINUOUS
10
1.3263392913385827
20
2.069048937007874
11
1.3248031496062991
21
2.0688976377952755
0
LINE
8
BLACK
6
CONTINUOUS
10
1.3248031496062991
20
2.0688976377952755
11
1.2775590551181102
21
2.0688976377952755
0
LINE
8
BLACK
6
CONTINUOUS
10
1.2775590551181102
20
2.0688976377952755
11
0.8792457874015748
21
2.0688976377952755
0
LINE
8
BLACK
6
CONTINUOUS
10
0.8792457874015748
20
2.0688976377952755
11
0.8600331496062992
21
2.0496850393700785
0
LINE
8
BLACK
6
CONTINUOUS
10
0.8600331496062992
20
2.0496850393700785
11
0.8796062992125984
21
2.0496850393700785
0
LINE
8
BLACK
6
CONTINUOUS
10
0.8796062992125984
20
2.0496850393700785
11
0.8796062992125984
21
1.9896850393700787
0
LINE
8
BLACK
6
CONTINUOUS
10
0.8796062992125984
20
1.9896850393700787
11
0.8196062992125984
21
1.9896850393700787
0
LINE
8
BLACK
6
CONTINUOUS
10
0.8196062992125984
20
1.9896850393700787
11
0.8196062992125984
21
2.0496850393700785
0
LINE
8
BLACK
6
CONTINUOUS
10
0.8196062992125984
20
2.0496850393700785
11
0.8386475196850394
21
2.0496850393700785
0
LINE
8
BLACK
6
CONTINUOUS
10
0.8386475196850394
20
2.0496850393700785
11
0.839122283464567
21
2.0508312598425196
0
LINE
8
BLACK
6
CONTINUOUS
10
0.839122283464567
20
2.0508312598425196
11
0.8401015354330709
21
2.0520244488188975
0
LINE
8
BLACK
6
CONTINUOUS
10
0.8401015354330709
20
2.0520244488188975
11
0.8704164566929133
21
2.082339409448819
0
LINE
8
BLACK
6
CONTINUOUS
10
0.8704164566929133
20
2.082339409448819
11
0.8716096850393701
21
2.0833186614173229
0
LINE
8
BLACK
6
CONTINUOUS
10
0.8716096850393701
20
2.0833186614173229
11
0.8744481102362205
21
2.0844943700787399
0
LINE
8
BLACK
6
CONTINUOUS
10
0.8744481102362205
20
2.0844943700787399
11
0.8759842519685039
21
2.0846456692913384
0
LINE
8
BLACK
6
CONTINUOUS
10
0.8759842519685039
20
2.0846456692913384
11
1.2775590551181102
21
2.0846456692913384
0
LINE
8
BLACK
6
CONTINUOUS
10
1.2775590551181102
20
2.0846456692913384
11
1.2874015748031495
21
2.0846456692913384
0
LINE
8
BLACK
6
CONTINUOUS
10
1.2874015748031495
20
2.0846456692913384
11
1.2874015748031495
21
2.0889174015748031
0
LINE
8
BLACK
6
CONTINUOUS
10
1.2874015748031495
20
2.0889174015748031
11
1.2860191338582676
21
2.0896217716535435
0
LINE
8
BLACK
6
CONTINUOUS
10
1.2860191338582676
20
2.0896217716535435
11
1.282535157480315
21
2.0931057480314958
0
LINE
8
BLACK
6
CONTINUOUS
10
1.282535157480315
20
2.0931057480314958
11
1.2802983070866141
21
2.0974957874015749
0
LINE
8
BLACK
6
CONTINUOUS
10
1.2802983070866141
20
2.0974957874015749
11
1.2795275590551181
21
2.1023622047244093
0
LINE
8
BLACK
6
CONTINUOUS
10
1.2795275590551181
20
2.1023622047244093
11
1.2802983070866141
21
2.107228622047244
0
LINE
8
BLACK
6
CONTINUOUS
10
1.2802983070866141
20
2.107228622047244
11
1.282535157480315
21
2.1116186614173227
0
LINE
8
BLACK
6
CONTINUOUS
10
1.282535157480315
20
2.1116186614173227
11
1.2860191338582676
21
2.1151026377952755
0
LINE
8
BLACK
6
CONTINUOUS
10
1.2860191338582676
20
2.1151026377952755
11
1.2904091732283465
21
2.1173394881889762
0
LINE
8
BLACK
6
CONTINUOUS
10
1.2904091732283465
20
2.1173394881889762
11
1.295275590551181
21
2.1181102362204722
0
LINE
8
BLACK
6
CONTINUOUS
10
1.295275590551181
20
2.1181102362204722
11
1.3001420078740158
21
2.1173394881889762
0
LINE
8
BLACK
6
CONTINUOUS
10
1.3001420078740158
20
2.1173394881889762
11
1.3045320472440944
21
2.1151026377952755
0
LINE
8
BLACK
6
CONTINUOUS
10
1.3045320472440944
20
2.1151026377952755
11
1.3080160236220473
21
2.1116186614173227
0
LINE
8
BLACK
6
CONTINUOUS
10
1.3080160236220473
20
2.1116186614173227
11
1.310252874015748
21
2.107228622047244
0
LINE
8
BLACK
6
CONTINUOUS
10
1.310252874015748
20
2.107228622047244
11
1.311023622047244
21
2.1023622047244093
0
LINE
8
BLACK
6
CONTINUOUS
10
1.311023622047244
20
2.1023622047244093
11
1.310252874015748
21
2.0974957874015749
0
LINE
8
BLACK
6
CONTINUOUS
10
1.310252874015748
20
2.0974957874015749
11
1.3080160236220473
21
2.0931057480314958
0
LINE
8
BLACK
6
CONTINUOUS
10
1.3080160236220473
20
2.0931057480314958
11
1.3045320472440944
21
2.0896217716535435
0
LINE
8
BLACK
6
CONTINUOUS
10
1.3045320472440944
20
2.0896217716535435
11
1.3031496062992125
21
2.0889174015748031
0
LINE
8
BLACK
6
CONTINUOUS
10
1.3031496062992125
20
2.0889174015748031
11
1.3031496062992125
21
2.0846456692913384
0
LINE
8
BLACK
6
CONTINUOUS
10
1.3031496062992125
20
2.0846456692913384
11
1.3215416535433071
21
2.0846456692913384
0
LINE
8
BLACK
6
CONTINUOUS
10
1.3215416535433071
20
2.0846456692913384
11
1.3661417322834646
21
2.1292457480314959
0
LINE
8
BLACK
6
CONTINUOUS
10
1.3661417322834646
20
2.1292457480314959
11
1.3661417322834646
21
2.1755315748031494
0
LINE
8
BLACK
6
CONTINUOUS
10
1.3661417322834646
20
2.1755315748031494
11
1.3647592913385826
21
2.1762359448818898
0
LINE
8
BLACK
6
CONTINUOUS
10
1.3647592913385826
20
2.1762359448818898
11
1.3612753149606298
21
2.1797199212598426
0
LINE
8
BLACK
6
CONTINUOUS
10
1.3612753149606298
20
2.1797199212598426
11
1.3590384645669291
21
2.1841099606299212
0
LINE
8
BLACK
6
CONTINUOUS
10
1.3590384645669291
20
2.1841099606299212
11
1.3582677165354331
21
2.188976377952756
0
LINE
8
BLACK
6
CONTINUOUS
10
1.3582677165354331
20
2.188976377952756
11
1.3590384645669291
21
2.1938427952755903
0
LINE
8
BLACK
6
CONTINUOUS
10
1.3590384645669291
20
2.1938427952755903
11
1.3612753149606298
21
2.1982328346456694
0
LINE
8
BLACK
6
CONTINUOUS
10
1.3612753149606298
20
2.1982328346456694
11
1.3647592913385826
21
2.2017168110236218
0
LINE
8
BLACK
6
CONTINUOUS
10
1.3647592913385826
20
2.2017168110236218
11
1.3691493307086613
21
2.203953661417323
0
LINE
8
BLACK
6
CONTINUOUS
10
1.3691493307086613
20
2.203953661417323
11
1.3740157480314961
21
2.204724409448819
0
LINE
8
BLACK
6
CONTINUOUS
10
1.3740157480314961
20
2.204724409448819
11
1.3788821653543306
21
2.203953661417323
0
LINE
8
BLACK
6
CONTINUOUS
10
0.9796062992125985
20
1.9896850393700787
11
0.9196062992125984
21
1.9896850393700787
0
LINE
8
BLACK
6
CONTINUOUS
10
0.9196062992125984
20
1.9896850393700787
11
0.9196062992125984
21
2.0496850393700785
0
LINE
8
BLACK
6
CONTINUOUS
10
0.9196062992125984
20
2.0496850393700785
11
0.9796062992125985
21
2.0496850393700785
0
LINE
8
BLACK
6
CONTINUOUS
10
0.9796062992125985
20
2.0496850393700785
11
0.9796062992125985
21
1.9896850393700787
0
LINE
8
BLACK
6
CONTINUOUS
10
1.3796062992125984
20
1.9896850393700787
11
1.3196062992125983
21
1.9896850393700787
0
LINE
8
BLACK
6
CONTINUOUS
10
1.3196062992125983
20
1.9896850393700787
11
1.3196062992125983
21
2.0496850393700785
0
LINE
8
BLACK
6
CONTINUOUS
10
1.3196062992125983
20
2.0496850393700785
11
1.3796062992125984
21
2.0496850393700785
0
LINE
8
BLACK
6
CONTINUOUS
10
1.3796062992125984
20
2.0496850393700785
11
1.3796062992125984
21
1.9896850393700787
0
LINE
8
BLACK
6
CONTINUOUS
10
0.8607086614173228
20
2.3203937007874016
11
0.8007086614173228
21
2.3203937007874016
0
LINE
8
BLACK
6
CONTINUOUS
10
0.8007086614173228
20
2.3203937007874016
11
0.8007086614173228
21
2.3250062204724409
0
LINE
8
BLACK
6
CONTINUOUS
10
0.8007086614173228
20
2.3250062204724409
11
0.6942512204724409
21
2.2185488188976379
0
LINE
8
BLACK
6
CONTINUOUS
10
0.6942512204724409
20
2.2185488188976379
11
0.6948818897637795
21
2.2145669291338583
0
LINE
8
BLACK
6
CONTINUOUS
10
0.6948818897637795
20
2.2145669291338583
11
0.6941111417322835
21
2.2097005118110236
0
LINE
8
BLACK
6
CONTINUOUS
10
0.6941111417322835
20
2.2097005118110236
11
0.6918742913385827
21
2.2053104724409449
0
LINE
8
BLACK
6
CONTINUOUS
10
0.6918742913385827
20
2.2053104724409449
11
0.6883903149606299
21
2.2018264960629921
0
LINE
8
BLACK
6
CONTINUOUS
10
0.6883903149606299
20
2.2018264960629921
11
0.6840002755905512
21
2.1995896456692914
0
LINE
8
BLACK
6
CONTINUOUS
10
0.6840002755905512
20
2.1995896456692914
11
0.6791338582677166
21
2.1988188976377954
0
LINE
8
BLACK
6
CONTINUOUS
10
0.6791338582677166
20
2.1988188976377954
11
0.6742674409448819
21
2.1995896456692914
0
LINE
8
BLACK
6
CONTINUOUS
10
0.6742674409448819
20
2.1995896456692914
11
0.6698774015748031
21
2.2018264960629921
0
LINE
8
BLACK
6
CONTINUOUS
10
0.6698774015748031
20
2.2018264960629921
11
0.6663934251968504
21
2.2053104724409449
0
LINE
8
BLACK
6
CONTINUOUS
10
0.6663934251968504
20
2.2053104724409449
11
0.6641565748031496
21
2.2097005118110236
0
LINE
8
BLACK
6
CONTINUOUS
10
0.6641565748031496
20
2.2097005118110236
11
0.6633858267716535
21
2.2145669291338583
0
LINE
8
BLACK
6
CONTINUOUS
10
0.6633858267716535
20
2.2145669291338583
11
0.6641565748031496
21
2.2194333464566927
0
LINE
8
BLACK
6
CONTINUOUS
10
0.6641565748031496
20
2.2194333464566927
11
0.6663934251968504
21
2.2238233858267717
0
LINE
8
BLACK
6
CONTINUOUS
10
0.6663934251968504
20
2.2238233858267717
11
0.6698774015748031
21
2.2273073622047241
0
LINE
8
BLACK
6
CONTINUOUS
10
0.6698774015748031
20
2.2273073622047241
11
0.6742674409448819
21
2.2295442125984253
0
LINE
8
BLACK
6
CONTINUOUS
10
0.6742674409448819
20
2.2295442125984253
11
0.6791338582677166
21
2.2303149606299213
0
LINE
8
BLACK
6
CONTINUOUS
10
0.6791338582677166
20
2.2303149606299213
11
0.6831157086614174
21
2.2296843307086616
0
LINE
8
BLACK
6
CONTINUOUS
10
0.6831157086614174
20
2.2296843307086616
11
0.8007086614173228
21
2.347277283464567
0
LINE
8
BLACK
6
CONTINUOUS
10
0.8007086614173228
20
2.347277283464567
11
0.8007086614173228
21
2.3803937007874016
0
LINE
8
BLACK
6
CONTINUOUS
10
0.8007086614173228
20
2.3803937007874016
11
0.8607086614173228
21
2.3803937007874016
0
LINE
8
BLACK
6
CONTINUOUS
10
0.8607086614173228
20
2.3803937007874016
11
0.8607086614173228
21
2.3203937007874016
0
LINE
8
BLACK
6
CONTINUOUS
10
0.0796062992125984
20
1.9896850393700787
11
0.0196062992125984
21
1.9896850393700787
0
LINE
8
BLACK
6
CONTINUOUS
10
0.0196062992125984
20
1.9896850393700787
11
0.0196062992125984
21
2.0496850393700785
0
LINE
8
BLACK
6
CONTINUOUS
10
0.0196062992125984
20
2.0496850393700785
11
0.0796062992125984
21
2.0496850393700785
0
LINE
8
BLACK
6
CONTINUOUS
10
0.0796062992125984
20
2.0496850393700785
11
0.0796062992125984
21
1.9896850393700787
0
LINE
8
BLACK
6
CONTINUOUS
10
0.1796062992125984
20
1.9896850393700787
11
0.1196062992125984
21
1.9896850393700787
0
LINE
8
BLACK
6
CONTINUOUS
10
0.1196062992125984
20
1.9896850393700787
11
0.1196062992125984
21
2.0496850393700785
0
LINE
8
BLACK
6
CONTINUOUS
10
0.1196062992125984
20
2.0496850393700785
11
0.1796062992125984
21
2.0496850393700785
0
LINE
8
BLACK
6
CONTINUOUS
10
0.1796062992125984
20
2.0496850393700785
11
0.1796062992125984
21
1.9896850393700787
0
LINE
8
BLACK
6
CONTINUOUS
10
0.2796062992125984
20
1.9896850393700787
11
0.2196062992125984
21
1.9896850393700787
0
LINE
8
BLACK
6
CONTINUOUS
10
0.2196062992125984
20
1.9896850393700787
11
0.2196062992125984
21
2.0496850393700785
0
LINE
8
BLACK
6
CONTINUOUS
10
0.2196062992125984
20
2.0496850393700785
11
0.2796062992125984
21
2.0496850393700785
0
LINE
8
BLACK
6
CONTINUOUS
10
0.2796062992125984
20
2.0496850393700785
11
0.2796062992125984
21
1.9896850393700787
0
LINE
8
BLACK
6
CONTINUOUS
10
0.3796062992125984
20
1.9896850393700787
11
0.3196062992125984
21
1.9896850393700787
0
LINE
8
BLACK
6
CONTINUOUS
10
0.3196062992125984
20
1.9896850393700787
11
0.3196062992125984
21
2.0496850393700785
0
LINE
8
BLACK
6
CONTINUOUS
10
0.3196062992125984
20
2.0496850393700785
11
0.3796062992125984
21
2.0496850393700785
0
LINE
8
BLACK
6
CONTINUOUS
10
0.3796062992125984
20
2.0496850393700785
11
0.3796062992125984
21
1.9896850393700787
0
LINE
8
BLACK
6
CONTINUOUS
10
0.4796062992125984
20
1.9896850393700787
11
0.4196062992125984
21
1.9896850393700787
0
LINE
8
BLACK
6
CONTINUOUS
10
0.4196062992125984
20
1.9896850393700787
11
0.4196062992125984
21
2.0496850393700785
0
LINE
8
BLACK
6
CONTINUOUS
10
0.4196062992125984
20
2.0496850393700785
11
0.4796062992125984
21
2.0496850393700785
0
LINE
8
BLACK
6
CONTINUOUS
10
0.4796062992125984
20
2.0496850393700785
11
0.4796062992125984
21
1.9896850393700787
0
LINE
8
BLACK
6
CONTINUOUS
10
1.5796062992125983
20
1.9896850393700787
11
1.5196062992125985
21
1.9896850393700787
0
LINE
8
BLACK
6
CONTINUOUS
10
1.5196062992125985
20
1.9896850393700787
11
1.5196062992125985
21
2.0496850393700785
0
LINE
8
BLACK
6
CONTINUOUS
10
1.5196062992125985
20
2.0496850393700785
11
1.5796062992125983
21
2.0496850393700785
0
LINE
8
BLACK
6
CONTINUOUS
10
1.5796062992125983
20
2.0496850393700785
11
1.5796062992125983
21
1.9896850393700787
0
LINE
8
BLACK
6
CONTINUOUS
10
1.8796062992125984
20
1.9896850393700787
11
1.8196062992125983
21
1.9896850393700787
0
LINE
8
BLACK
6
CONTINUOUS
10
1.8196062992125983
20
1.9896850393700787
11
1.8196062992125983
21
2.0496850393700785
0
LINE
8
BLACK
6
CONTINUOUS
10
1.8196062992125983
20
2.0496850393700785
11
1.8796062992125984
21
2.0496850393700785
0
LINE
8
BLACK
6
CONTINUOUS
10
1.8796062992125984
20
2.0496850393700785
11
1.8796062992125984
21
1.9896850393700787
0
LINE
8
BLACK
6
CONTINUOUS
10
1.9796062992125985
20
1.9896850393700787
11
1.9196062992125984
21
1.9896850393700787
0
LINE
8
BLACK
6
CONTINUOUS
10
1.9196062992125984
20
1.9896850393700787
11
1.9196062992125984
21
2.0496850393700785
0
LINE
8
BLACK
6
CONTINUOUS
10
1.9196062992125984
20
2.0496850393700785
11
1.9796062992125985
21
2.0496850393700785
0
LINE
8
BLACK
6
CONTINUOUS
10
1.9796062992125985
20
2.0496850393700785
11
1.9796062992125985
21
1.9896850393700787
0
LINE
8
BLACK
6
CONTINUOUS
10
1.5496850393700787
20
2.4176377952755903
11
1.5275590551181102
21
2.4176377952755903
0
LINE
8
BLACK
6
CONTINUOUS
10
1.5275590551181102
20
2.4176377952755903
11
1.5275590551181102
21
2.3776377952755907
0
LINE
8
BLACK
6
CONTINUOUS
10
1.5275590551181102
20
2.3776377952755907
11
1.5496850393700787
21
2.3776377952755907
0
LINE
8
BLACK
6
CONTINUOUS
10
1.5496850393700787
20
2.3776377952755907
11
1.5496850393700787
21
2.3176377952755907
0
LINE
8
BLACK
6
CONTINUOUS
10
1.5496850393700787
20
2.3176377952755907
11
1.5275590551181102
21
2.3176377952755907
0
LINE
8
BLACK
6
CONTINUOUS
10
1.5275590551181102
20
2.3176377952755907
11
1.5275590551181102
21
2.2729465354330709
0
LINE
8
BLACK
6
CONTINUOUS
10
1.5275590551181102
20
2.2729465354330709
11
1.6016866929133857
21
2.1988188976377954
0
LINE
8
BLACK
6
CONTINUOUS
10
1.6016866929133857
20
2.1988188976377954
11
1.7542716929133857
21
2.1988188976377954
0
LINE
8
BLACK
6
CONTINUOUS
10
1.7542716929133857
20
2.1988188976377954
11
1.7549761023622046
21
2.2002013385826773
0
LINE
8
BLACK
6
CONTINUOUS
10
1.7549761023622046
20
2.2002013385826773
11
1.7584600787401574
21
2.2036853149606297
0
LINE
8
BLACK
6
CONTINUOUS
10
1.7584600787401574
20
2.2036853149606297
11
1.7628501181102363
21
2.2059221653543308
0
LINE
8
BLACK
6
CONTINUOUS
10
1.7628501181102363
20
2.2059221653543308
11
1.7677165354330708
21
2.2066929133858268
0
LINE
8
BLACK
6
CONTINUOUS
10
1.7677165354330708
20
2.2066929133858268
11
1.7725829527559054
21
2.2059221653543308
0
LINE
8
BLACK
6
CONTINUOUS
10
1.7725829527559054
20
2.2059221653543308
11
1.7769729921259843
21
2.2036853149606297
0
LINE
8
BLACK
6
CONTINUOUS
10
1.7769729921259843
20
2.2036853149606297
11
1.7804569685039369
21
2.2002013385826773
0
LINE
8
BLACK
6
CONTINUOUS
10
1.7804569685039369
20
2.2002013385826773
11
1.7826938188976378
21
2.1958112992125982
0
LINE
8
BLACK
6
CONTINUOUS
10
1.7826938188976378
20
2.1958112992125982
11
1.7834645669291338
21
2.1909448818897639
0
LINE
8
BLACK
6
CONTINUOUS
10
1.7834645669291338
20
2.1909448818897639
11
1.7826938188976378
21
2.1860784645669291
0
LINE
8
BLACK
6
CONTINUOUS
10
1.7826938188976378
20
2.1860784645669291
11
1.7804569685039369
21
2.1816884251968505
0
LINE
8
BLACK
6
CONTINUOUS
10
1.7804569685039369
20
2.1816884251968505
11
1.7769729921259843
21
2.1782044488188976
0
LINE
8
BLACK
6
CONTINUOUS
10
1.7769729921259843
20
2.1782044488188976
11
1.7725829527559054
21
2.1759675984251969
0
LINE
8
BLACK
6
CONTINUOUS
10
1.7725829527559054
20
2.1759675984251969
11
1.7677165354330708
21
2.1751968503937009
0
LINE
8
BLACK
6
CONTINUOUS
10
1.7677165354330708
20
2.1751968503937009
11
1.7628501181102363
21
2.1759675984251969
0
LINE
8
BLACK
6
CONTINUOUS
10
1.7628501181102363
20
2.1759675984251969
11
1.7584600787401574
21
2.1782044488188976
0
LINE
8
BLACK
6
CONTINUOUS
10
1.7584600787401574
20
2.1782044488188976
11
1.7549761023622046
21
2.1816884251968505
0
LINE
8
BLACK
6
CONTINUOUS
10
1.7549761023622046
20
2.1816884251968505
11
1.7542716929133857
21
2.1830708661417324
0
LINE
8
BLACK
6
CONTINUOUS
10
1.7542716929133857
20
2.1830708661417324
11
1.5984251968503937
21
2.1830708661417324
0
LINE
8
BLACK
6
CONTINUOUS
10
1.5984251968503937
20
2.1830708661417324
11
1.5968890551181103
21
2.1832221653543304
0
LINE
8
BLACK
6
CONTINUOUS
10
1.5968890551181103
20
2.1832221653543304
11
1.5940506299212598
21
2.1843978740157479
0
LINE
8
BLACK
6
CONTINUOUS
10
1.5940506299212598
20
2.1843978740157479
11
1.5928574409448819
21
2.1853771259842518
0
LINE
8
BLACK
6
CONTINUOUS
10
1.5928574409448819
20
2.1853771259842518
11
1.5141172834645669
21
2.2641172834645671
0
LINE
8
BLACK
6
CONTINUOUS
10
1.5141172834645669
20
2.2641172834645671
11
1.513138031496063
21
2.265310472440945
0
LINE
8
BLACK
6
CONTINUOUS
10
1.513138031496063
20
2.265310472440945
11
1.5119623228346457
21
2.2681488976377953
0
LINE
8
BLACK
6
CONTINUOUS
10
1.5119623228346457
20
2.2681488976377953
11
1.5118110236220472
21
2.2696850393700787
0
LINE
8
BLACK
6
CONTINUOUS
10
1.5118110236220472
20
2.2696850393700787
11
1.5118110236220472
21
2.3176377952755907
0
LINE
8
BLACK
6
CONTINUOUS
10
1.5118110236220472
20
2.3176377952755907
11
1.4896850393700787
21
2.3176377952755907
0
LINE
8
BLACK
6
CONTINUOUS
10
1.4896850393700787
20
2.3176377952755907
11
1.4896850393700787
21
2.3776377952755907
0
LINE
8
BLACK
6
CONTINUOUS
10
1.4896850393700787
20
2.3776377952755907
11
1.5118110236220472
21
2.3776377952755907
0
LINE
8
BLACK
6
CONTINUOUS
10
1.5118110236220472
20
2.3776377952755907
11
1.5118110236220472
21
2.4176377952755903
0
LINE
8
BLACK
6
CONTINUOUS
10
1.5118110236220472
20
2.4176377952755903
11
1.4896850393700787
21
2.4176377952755903
0
LINE
8
BLACK
6
CONTINUOUS
10
1.4896850393700787
20
2.4176377952755903
11
1.4896850393700787
21
2.4776377952755904
0
LINE
8
BLACK
6
CONTINUOUS
10
1.4896850393700787
20
2.4776377952755904
11
1.5496850393700787
21
2.4776377952755904
0
LINE
8
BLACK
6
CONTINUOUS
10
1.5496850393700787
20
2.4776377952755904
11
1.5496850393700787
21
2.4176377952755903
0
LINE
8
BLACK
6
CONTINUOUS
10
0.2607086614173229
20
2.3176377952755907
11
0.2007086614173228
21
2.3176377952755907
0
LINE
8
BLACK
6
CONTINUOUS
10
0.2007086614173228
20
2.3176377952755907
11
0.2007086614173228
21
2.3776377952755907
0
LINE
8
BLACK
6
CONTINUOUS
10
0.2007086614173228
20
2.3776377952755907
11
0.2607086614173229
21
2.3776377952755907
0
LINE
8
BLACK
6
CONTINUOUS
10
0.2607086614173229
20
2.3776377952755907
11
0.2607086614173229
21
2.3176377952755907
0
LINE
8
BLACK
6
CONTINUOUS
10
0.3607086614173228
20
2.3176377952755907
11
0.3007086614173228
21
2.3176377952755907
0
LINE
8
BLACK
6
CONTINUOUS
10
0.3007086614173228
20
2.3176377952755907
11
0.3007086614173228
21
2.3776377952755907
0
LINE
8
BLACK
6
CONTINUOUS
10
0.3007086614173228
20
2.3776377952755907
11
0.3607086614173228
21
2.3776377952755907
0
LINE
8
BLACK
6
CONTINUOUS
10
0.3607086614173228
20
2.3776377952755907
11
0.3607086614173228
21
2.3176377952755907
0
LINE
8
BLACK
6
CONTINUOUS
10
0.6000787401574803
20
2.3176377952755907
11
0.5400787401574803
21
2.3176377952755907
0
LINE
8
BLACK
6
CONTINUOUS
10
0.5400787401574803
20
2.3176377952755907
11
0.5400787401574803
21
2.3776377952755907
0
LINE
8
BLACK
6
CONTINUOUS
10
0.5400787401574803
20
2.3776377952755907
11
0.6000787401574803
21
2.3776377952755907
0
LINE
8
BLACK
6
CONTINUOUS
10
0.6000787401574803
20
2.3776377952755907
11
0.6000787401574803
21
2.3176377952755907
0
LINE
8
BLACK
6
CONTINUOUS
10
0.7000787401574803
20
2.4176377952755903
11
0.6779527559055119
21
2.4176377952755903
0
LINE
8
BLACK
6
CONTINUOUS
10
0.6779527559055119
20
2.4176377952755903
11
0.6779527559055119
21
2.3776377952755907
0
LINE
8
BLACK
6
CONTINUOUS
10
0.6779527559055119
20
2.3776377952755907
11
0.7000787401574803
21
2.3776377952755907
0
LINE
8
BLACK
6
CONTINUOUS
10
0.7000787401574803
20
2.3776377952755907
11
0.7000787401574803
21
2.3176377952755907
0
LINE
8
BLACK
6
CONTINUOUS
10
0.7000787401574803
20
2.3176377952755907
11
0.6400787401574803
21
2.3176377952755907
0
LINE
8
BLACK
6
CONTINUOUS
10
0.6400787401574803
20
2.3176377952755907
11
0.6400787401574803
21
2.3776377952755907
0
LINE
8
BLACK
6
CONTINUOUS
10
0.6400787401574803
20
2.3776377952755907
11
0.6622047244094488
21
2.3776377952755907
0
LINE
8
BLACK
6
CONTINUOUS
10
0.6622047244094488
20
2.3776377952755907
11
0.6622047244094488
21
2.4176377952755903
0
LINE
8
BLACK
6
CONTINUOUS
10
0.6622047244094488
20
2.4176377952755903
11
0.6400787401574803
21
2.4176377952755903
0
LINE
8
BLACK
6
CONTINUOUS
10
0.6400787401574803
20
2.4176377952755903
11
0.6400787401574803
21
2.4776377952755904
0
LINE
8
BLACK
6
CONTINUOUS
10
0.6400787401574803
20
2.4776377952755904
11
0.7000787401574803
21
2.4776377952755904
0
LINE
8
BLACK
6
CONTINUOUS
10
0.7000787401574803
20
2.4776377952755904
11
0.7000787401574803
21
2.4176377952755903
0
LINE
8
BLACK
6
CONTINUOUS
10
1.1008661417322834
20
2.3176377952755907
11
1.0408661417322835
21
2.3176377952755907
0
LINE
8
BLACK
6
CONTINUOUS
10
1.0408661417322835
20
2.3176377952755907
11
1.0408661417322835
21
2.3776377952755907
0
LINE
8
BLACK
6
CONTINUOUS
10
1.0408661417322835
20
2.3776377952755907
11
1.1008661417322834
21
2.3776377952755907
0
LINE
8
BLACK
6
CONTINUOUS
10
1.1008661417322834
20
2.3776377952755907
11
1.1008661417322834
21
2.3176377952755907
0
LINE
8
BLACK
6
CONTINUOUS
10
1.4496850393700786
20
2.3176377952755907
11
1.3896850393700788
21
2.3176377952755907
0
LINE
8
BLACK
6
CONTINUOUS
10
1.3896850393700788
20
2.3176377952755907
11
1.3896850393700788
21
2.3776377952755907
0
LINE
8
BLACK
6
CONTINUOUS
10
1.3896850393700788
20
2.3776377952755907
11
1.4496850393700786
21
2.3776377952755907
0
LINE
8
BLACK
6
CONTINUOUS
10
1.4496850393700786
20
2.3776377952755907
11
1.4496850393700786
21
2.3176377952755907
0
LINE
8
BLACK
6
CONTINUOUS
10
1.6496850393700786
20
2.3176377952755907
11
1.5896850393700788
21
2.3176377952755907
0
LINE
8
BLACK
6
CONTINUOUS
10
1.5896850393700788
20
2.3176377952755907
11
1.5896850393700788
21
2.3776377952755907
0
LINE
8
BLACK
6
CONTINUOUS
10
1.5896850393700788
20
2.3776377952755907
11
1.6496850393700786
21
2.3776377952755907
0
LINE
8
BLACK
6
CONTINUOUS
10
1.6496850393700786
20
2.3776377952755907
11
1.6496850393700786
21
2.3176377952755907
0
LINE
8
BLACK
6
CONTINUOUS
10
0.2607086614173229
20
2.4176377952755903
11
0.2007086614173228
21
2.4176377952755903
0
LINE
8
BLACK
6
CONTINUOUS
10
0.2007086614173228
20
2.4176377952755903
11
0.2007086614173228
21
2.4776377952755904
0
LINE
8
BLACK
6
CONTINUOUS
10
0.2007086614173228
20
2.4776377952755904
11
0.2607086614173229
21
2.4776377952755904
0
LINE
8
BLACK
6
CONTINUOUS
10
0.2607086614173229
20
2.4776377952755904
11
0.2607086614173229
21
2.4176377952755903
0
LINE
8
BLACK
6
CONTINUOUS
10
0.3607086614173228
20
2.4176377952755903
11
0.3007086614173228
21
2.4176377952755903
0
LINE
8
BLACK
6
CONTINUOUS
10
0.3007086614173228
20
2.4176377952755903
11
0.3007086614173228
21
2.4776377952755904
0
LINE
8
BLACK
6
CONTINUOUS
10
0.3007086614173228
20
2.4776377952755904
11
0.3607086614173228
21
2.4776377952755904
0
LINE
8
BLACK
6
CONTINUOUS
10
0.3607086614173228
20
2.4776377952755904
11
0.3607086614173228
21
2.4176377952755903
0
LINE
8
BLACK
6
CONTINUOUS
10
0.6000787401574803
20
2.4176377952755903
11
0.5400787401574803
21
2.4176377952755903
0
LINE
8
BLACK
6
CONTINUOUS
10
0.5400787401574803
20
2.4176377952755903
11
0.5400787401574803
21
2.4776377952755904
0
LINE
8
BLACK
6
CONTINUOUS
10
0.5400787401574803
20
2.4776377952755904
11
0.6000787401574803
21
2.4776377952755904
0
LINE
8
BLACK
6
CONTINUOUS
10
0.6000787401574803
20
2.4776377952755904
11
0.6000787401574803
21
2.4176377952755903
0
LINE
8
BLACK
6
CONTINUOUS
10
1.1008661417322834
20
2.4176377952755903
11
1.0408661417322835
21
2.4176377952755903
0
LINE
8
BLACK
6
CONTINUOUS
10
1.0408661417322835
20
2.4176377952755903
11
1.0408661417322835
21
2.4776377952755904
0
LINE
8
BLACK
6
CONTINUOUS
10
1.0408661417322835
20
2.4776377952755904
11
1.1008661417322834
21
2.4776377952755904
0
LINE
8
BLACK
6
CONTINUOUS
10
1.1008661417322834
20
2.4776377952755904
11
1.1008661417322834
21
2.4176377952755903
0
LINE
8
BLACK
6
CONTINUOUS
10
1.4496850393700786
20
2.4176377952755903
11
1.3896850393700788
21
2.4176377952755903
0
LINE
8
BLACK
6
CONTINUOUS
10
1.3896850393700788
20
2.4176377952755903
11
1.3896850393700788
21
2.4776377952755904
0
LINE
8
BLACK
6
CONTINUOUS
10
1.3896850393700788
20
2.4776377952755904
11
1.4496850393700786
21
2.4776377952755904
0
LINE
8
BLACK
6
CONTINUOUS
10
1.4496850393700786
20
2.4776377952755904
11
1.4496850393700786
21
2.4176377952755903
0
LINE
8
BLACK
6
CONTINUOUS
10
1.6496850393700786
20
2.4176377952755903
11
1.5896850393700788
21
2.4176377952755903
0
LINE
8
BLACK
6
CONTINUOUS
10
1.5896850393700788
20
2.4176377952755903
11
1.5896850393700788
21
2.4776377952755904
0
LINE
8
BLACK
6
CONTINUOUS
10
1.5896850393700788
20
2.4776377952755904
11
1.6496850393700786
21
2.4776377952755904
0
LINE
8
BLACK
6
CONTINUOUS
10
1.6496850393700786
20
2.4776377952755904
11
1.6496850393700786
21
2.4176377952755903
0
LINE
8
BLACK
6
CONTINUOUS
10
2.1747516141732284
20
2.5756138976377954
11
2.1761675196850394
21
2.5736650787401576
0
LINE
8
BLACK
6
CONTINUOUS
10
2.1761675196850394
20
2.5736650787401576
11
2.1763582677165352
21
2.5724606299212596
0
LINE
8
BLACK
6
CONTINUOUS
10
2.1763582677165352
20
2.5724606299212596
11
2.1763582677165352
21
-0.1724606299212599
0
LINE
8
BLACK
6
CONTINUOUS
10
2.1763582677165352
20
-0.1724606299212599
11
2.1756138976377954
21
-0.1747516141732283
0
LINE
8
BLACK
6
CONTINUOUS
10
2.1756138976377954
20
-0.1747516141732283
11
2.1736650787401572
21
-0.1761675196850394
0
LINE
8
BLACK
6
CONTINUOUS
10
2.1736650787401572
20
-0.1761675196850394
11
2.1724606299212597
21
-0.1763582677165354
0
LINE
8
BLACK
6
CONTINUOUS
10
2.1724606299212597
20
-0.1763582677165354
11
-0.1724606299212599
21
-0.1763582677165354
0
LINE
8
BLACK
6
CONTINUOUS
10
-0.1724606299212599
20
-0.1763582677165354
11
-0.1747516141732283
21
-0.1756138976377953
0
LINE
8
BLACK
6
CONTINUOUS
10
-0.1747516141732283
20
-0.1756138976377953
11
-0.1761675196850394
21
-0.1736650787401575
0
LINE
8
BLACK
6
CONTINUOUS
10
-0.1761675196850394
20
-0.1736650787401575
11
-0.1763582677165354
21
-0.1724606299212599
0
LINE
8
BLACK
6
CONTINUOUS
10
-0.1763582677165354
20
-0.1724606299212599
11
-0.1763582677165354
21
0.034155
0
LINE
8
BLACK
6
CONTINUOUS
10
-0.1763582677165354
20
0.034155
11
-0.1763582677165354
21
0.365615157480315
0
LINE
8
BLACK
6
CONTINUOUS
10
-0.1763582677165354
20
0.365615157480315
11
-0.1763582677165354
21
0.640748031496063
0
LINE
8
BLACK
6
CONTINUOUS
10
-0.1763582677165354
20
0.640748031496063
11
-0.1763582677165354
21
2.0700416141732285
0
LINE
8
BLACK
6
CONTINUOUS
10
-0.1763582677165354
20
2.0700416141732285
11
-0.1763582677165354
21
2.3788788188976375
0
LINE
8
BLACK
6
CONTINUOUS
10
-0.1763582677165354
20
2.3788788188976375
11
-0.1763582677165354
21
2.4788788188976376
0
LINE
8
BLACK
6
CONTINUOUS
10
-0.1763582677165354
20
2.4788788188976376
11
-0.1763582677165354
21
2.5724606299212596
0
LINE
8
BLACK
6
CONTINUOUS
10
-0.1763582677165354
20
2.5724606299212596
11
-0.1756138976377953
21
2.5747516141732283
0
LINE
8
BLACK
6
CONTINUOUS
10
-0.1756138976377953
20
2.5747516141732283
11
-0.1736650787401575
21
2.5761675196850393
0
LINE
8
BLACK
6
CONTINUOUS
10
-0.1736650787401575
20
2.5761675196850393
11
-0.1724606299212599
21
2.5763582677165355
0
LINE
8
BLACK
6
CONTINUOUS
10
-0.1724606299212599
20
2.5763582677165355
11
2.1724606299212597
21
2.5763582677165355
0
LINE
8
BLACK
6
CONTINUOUS
10
2.1724606299212597
20
2.5763582677165355
11
2.1747516141732284
21
2.5756138976377954
0
LINE
8
BLACK
6
CONTINUOUS
10
1.0268740551181101
20
0.0409424409448819
11
1.0245167322834645
21
0.047419094488189
0
LINE
8
BLACK
6
CONTINUOUS
10
1.0245167322834645
20
0.047419094488189
11
1.0210705511811022
21
0.0533879921259843
0
LINE
8
BLACK
6
CONTINUOUS
10
1.0210705511811022
20
0.0533879921259843
11
1.0166402755905513
21
0.0586678346456693
0
LINE
8
BLACK
6
CONTINUOUS
10
1.0166402755905513
20
0.0586678346456693
11
1.0113604330708661
21
0.0630981102362205
0
LINE
8
BLACK
6
CONTINUOUS
10
1.0113604330708661
20
0.0630981102362205
11
1.0053915354330709
21
0.0665442913385827
0
LINE
8
BLACK
6
CONTINUOUS
10
1.0053915354330709
20
0.0665442913385827
11
1.0053913779527559
21
0.0665443700787402
0
LINE
8
BLACK
6
CONTINUOUS
10
1.0053913779527559
20
0.0665443700787402
11
0.9989152755905512
21
0.0689014960629921
0
LINE
8
BLACK
6
CONTINUOUS
10
0.9989152755905512
20
0.0689014960629921
11
0.9989149606299212
21
0.0689015748031496
0
LINE
8
BLACK
6
CONTINUOUS
10
0.9989149606299212
20
0.0689015748031496
11
0.9989148818897637
21
0.0689016141732283
0
LINE
8
BLACK
6
CONTINUOUS
10
0.9989148818897637
20
0.0689016141732283
11
0.9975573228346456
21
0.0691409842519685
0
LINE
8
BLACK
6
CONTINUOUS
10
0.9975573228346456
20
0.0691409842519685
11
0.9921274015748032
21
0.0700984251968504
0
LINE
8
BLACK
6
CONTINUOUS
10
0.9921274015748032
20
0.0700984251968504
11
0.9921272440944882
21
0.0700984251968504
0
LINE
8
BLACK
6
CONTINUOUS
10
0.9921272440944882
20
0.0700984251968504
11
0.9912752755905512
21
0.0700984251968504
0
LINE
8
BLACK
6
CONTINUOUS
10
0.9912752755905512
20
0.0700984251968504
11
0.9361571653543307
21
0.0700984251968504
0
LINE
8
BLACK
6
CONTINUOUS
10
0.9361571653543307
20
0.0700984251968504
11
0.9335629921259843
21
0.0700984251968504
0
LINE
8
BLACK
6
CONTINUOUS
10
0.9335629921259843
20
0.0700984251968504
11
0.9301168503937007
21
0.0700984251968504
0
LINE
8
BLACK
6
CONTINUOUS
10
0.9301168503937007
20
0.0700984251968504
11
0.9301166535433071
21
0.0700984251968504
0
LINE
8
BLACK
6
CONTINUOUS
10
0.9301166535433071
20
0.0700984251968504
11
0.9233292125984252
21
0.0689016141732283
0
LINE
8
BLACK
6
CONTINUOUS
10
0.9233292125984252
20
0.0689016141732283
11
0.923328779527559
21
0.0689014960629921
0
LINE
8
BLACK
6
CONTINUOUS
10
0.923328779527559
20
0.0689014960629921
11
0.9168526771653543
21
0.0665443700787402
0
LINE
8
BLACK
6
CONTINUOUS
10
0.9168526771653543
20
0.0665443700787402
11
0.9168524409448818
21
0.0665442519685039
0
LINE
8
BLACK
6
CONTINUOUS
10
0.9168524409448818
20
0.0665442519685039
11
0.9108837007874016
21
0.0630981496062992
0
LINE
8
BLACK
6
CONTINUOUS
10
0.9108837007874016
20
0.0630981496062992
11
0.9056038582677165
21
0.058667874015748
0
LINE
8
BLACK
6
CONTINUOUS
10
0.9056038582677165
20
0.058667874015748
11
0.905603779527559
21
0.0586677952755906
0
LINE
8
BLACK
6
CONTINUOUS
10
0.905603779527559
20
0.0586677952755906
11
0.9011735039370079
21
0.0533879527559055
0
LINE
8
BLACK
6
CONTINUOUS
10
0.9011735039370079
20
0.0533879527559055
11
0.8977274015748031
21
0.0474192125984252
0
LINE
8
BLACK
6
CONTINUOUS
10
0.8977274015748031
20
0.0474192125984252
11
0.8977272834645669
21
0.0474189763779528
0
LINE
8
BLACK
6
CONTINUOUS
10
0.8977272834645669
20
0.0474189763779528
11
0.8953701574803149
21
0.040942874015748
0
LINE
8
BLACK
6
CONTINUOUS
10
0.8953701574803149
20
0.040942874015748
11
0.8953700393700788
21
0.0409424409448819
0
LINE
8
BLACK
6
CONTINUOUS
10
0.8953700393700788
20
0.0409424409448819
11
0.8941732283464566
21
0.034155
0
LINE
8
BLACK
6
CONTINUOUS
10
0.8941732283464566
20
0.034155
11
0.8941732283464566
21
-0.0199817322834646
0
LINE
8
BLACK
6
CONTINUOUS
10
0.8941732283464566
20
-0.0199817322834646
11
0.8953700393700788
21
-0.0267691732283465
0
LINE
8
BLACK
6
CONTINUOUS
10
0.8953700393700788
20
-0.0267691732283465
11
0.8953701574803149
21
-0.0267696062992126
0
LINE
8
BLACK
6
CONTINUOUS
10
0.8953701574803149
20
-0.0267696062992126
11
0.8977272834645669
21
-0.0332457086614173
0
LINE
8
BLACK
6
CONTINUOUS
10
0.8977272834645669
20
-0.0332457086614173
11
0.8977273622047244
21
-0.0332458661417323
0
LINE
8
BLACK
6
CONTINUOUS
10
0.8977273622047244
20
-0.0332458661417323
11
0.9011735433070865
21
-0.0392147637795276
0
LINE
8
BLACK
6
CONTINUOUS
10
0.9011735433070865
20
-0.0392147637795276
11
0.9056038188976377
21
-0.0444946062992126
0
LINE
8
BLACK
6
CONTINUOUS
10
0.9056038188976377
20
-0.0444946062992126
11
0.9108836614173228
21
-0.0489248818897638
0
LINE
8
BLACK
6
CONTINUOUS
10
0.9108836614173228
20
-0.0489248818897638
11
0.9168525590551181
21
-0.052371062992126
0
LINE
8
BLACK
6
CONTINUOUS
10
0.9168525590551181
20
-0.052371062992126
11
0.9233292125984252
21
-0.0547283858267717
0
LINE
8
BLACK
6
CONTINUOUS
10
0.9233292125984252
20
-0.0547283858267717
11
0.9301168503937007
21
-0.0559251968503937
0
LINE
8
BLACK
6
CONTINUOUS
10
0.9301168503937007
20
-0.0559251968503937
11
0.9301168897637795
21
-0.0559251968503937
0
LINE
8
BLACK
6
CONTINUOUS
10
0.9301168897637795
20
-0.0559251968503937
11
0.9921272047244094
21
-0.0559251968503937
0
LINE
8
BLACK
6
CONTINUOUS
10
0.9921272047244094
20
-0.0559251968503937
11
0.9921272440944882
21
-0.0559251968503937
0
LINE
8
BLACK
6
CONTINUOUS
10
0.9921272440944882
20
-0.0559251968503937
11
0.9989148818897637
21
-0.0547283858267717
0
LINE
8
BLACK
6
CONTINUOUS
10
0.9989148818897637
20
-0.0547283858267717
11
1.0053915354330709
21
-0.052371062992126
0
LINE
8
BLACK
6
CONTINUOUS
10
1.0053915354330709
20
-0.052371062992126
11
1.0113604330708661
21
-0.0489248818897638
0
LINE
8
BLACK
6
CONTINUOUS
10
1.0113604330708661
20
-0.0489248818897638
11
1.0166402755905513
21
-0.0444946062992126
0
LINE
8
BLACK
6
CONTINUOUS
10
1.0166402755905513
20
-0.0444946062992126
11
1.0210705511811022
21
-0.0392147637795276
0
LINE
8
BLACK
6
CONTINUOUS
10
1.0210705511811022
20
-0.0392147637795276
11
1.0245167322834645
21
-0.0332458661417323
0
LINE
8
BLACK
6
CONTINUOUS
10
1.0245167322834645
20
-0.0332458661417323
11
1.0268740551181101
21
-0.0267692125984252
0
LINE
8
BLACK
6
CONTINUOUS
10
1.0268740551181101
20
-0.0267692125984252
11
1.0280708661417322
21
-0.0199815748031496
0
LINE
8
BLACK
6
CONTINUOUS
10
1.0280708661417322
20
-0.0199815748031496
11
1.0280708661417322
21
-0.0165354330708661
0
LINE
8
BLACK
6
CONTINUOUS
10
1.0280708661417322
20
-0.0165354330708661
11
1.0280708661417322
21
-0.0139412598425197
0
LINE
8
BLACK
6
CONTINUOUS
10
1.0280708661417322
20
-0.0139412598425197
11
1.0280708661417322
21
0.0333028346456693
0
LINE
8
BLACK
6
CONTINUOUS
10
1.0280708661417322
20
0.0333028346456693
11
1.0280708661417322
21
0.0341548031496063
0
LINE
8
BLACK
6
CONTINUOUS
10
1.0280708661417322
20
0.0341548031496063
11
1.0274113779527558
21
0.037895157480315
0
LINE
8
BLACK
6
CONTINUOUS
10
1.0274113779527558
20
0.037895157480315
11
1.0268740551181101
21
0.0409424409448819
0
LINE
8
BLACK
6
CONTINUOUS
10
0.0892713779527559
20
0.3684861023622047
11
0.0892713385826772
21
0.3684861811023622
0
LINE
8
BLACK
6
CONTINUOUS
10
0.0892713385826772
20
0.3684861811023622
11
0.0870961023622047
21
0.3717416535433071
0
LINE
8
BLACK
6
CONTINUOUS
10
0.0870961023622047
20
0.3717416535433071
11
0.0870959448818898
21
0.371741811023622
0
LINE
8
BLACK
6
CONTINUOUS
10
0.0870959448818898
20
0.371741811023622
11
0.0838404724409449
21
0.3739170472440945
0
LINE
8
BLACK
6
CONTINUOUS
10
0.0838404724409449
20
0.3739170472440945
11
0.0838403937007874
21
0.3739170866141732
0
LINE
8
BLACK
6
CONTINUOUS
10
0.0838403937007874
20
0.3739170866141732
11
0.0809694488188976
21
0.3744881889763779
0
LINE
8
BLACK
6
CONTINUOUS
10
0.0809694488188976
20
0.3744881889763779
11
0.0600000393700787
21
0.3744881889763779
0
LINE
8
BLACK
6
CONTINUOUS
10
0.0600000393700787
20
0.3744881889763779
11
0.06
21
0.3744881496062992
0
LINE
8
BLACK
6
CONTINUOUS
10
0.06
20
0.3744881496062992
11
0.06
21
0.3646456692913386
0
LINE
8
BLACK
6
CONTINUOUS
10
0.06
20
0.3646456692913386
11
0.08
21
0.3646456692913386
0
LINE
8
BLACK
6
CONTINUOUS
10
0.08
20
0.3646456692913386
11
0.08
21
0.3446456692913386
0
LINE
8
BLACK
6
CONTINUOUS
10
0.08
20
0.3446456692913386
11
0.0898424803149606
21
0.3446456692913386
0
LINE
8
BLACK
6
CONTINUOUS
10
0.0898424803149606
20
0.3446456692913386
11
0.0898425196850394
21
0.3446457086614173
0
LINE
8
BLACK
6
CONTINUOUS
10
0.0898425196850394
20
0.3446457086614173
11
0.0898425196850394
21
0.3656150787401575
0
LINE
8
BLACK
6
CONTINUOUS
10
0.0898425196850394
20
0.3656150787401575
11
0.0898424803149606
21
0.365615157480315
0
LINE
8
BLACK
6
CONTINUOUS
10
0.0898424803149606
20
0.365615157480315
11
0.0897884645669291
21
0.3658866929133858
0
LINE
8
BLACK
6
CONTINUOUS
10
0.0897884645669291
20
0.3658866929133858
11
0.0892713779527559
21
0.3684861023622047
0
LINE
8
BLACK
6
CONTINUOUS
10
1.7187588976377952
20
0.3804133464566929
11
1.7150669291338583
21
0.3798286614173228
0
LINE
8
BLACK
6
CONTINUOUS
10
1.7150669291338583
20
0.3798286614173228
11
1.7150667322834645
21
0.3798285826771653
0
LINE
8
BLACK
6
CONTINUOUS
10
1.7150667322834645
20
0.3798285826771653
11
1.7106164960629922
21
0.377561062992126
0
LINE
8
BLACK
6
CONTINUOUS
10
1.7106164960629922
20
0.377561062992126
11
1.7070846062992127
21
0.3740291732283464
0
LINE
8
BLACK
6
CONTINUOUS
10
1.7070846062992127
20
0.3740291732283464
11
1.7048170866141732
21
0.369578937007874
0
LINE
8
BLACK
6
CONTINUOUS
10
1.7048170866141732
20
0.369578937007874
11
1.7042322834645669
21
0.3658866929133858
0
LINE
8
BLACK
6
CONTINUOUS
10
1.7042322834645669
20
0.3658866929133858
11
1.7042322834645669
21
0.3034046850393701
0
LINE
8
BLACK
6
CONTINUOUS
10
1.7042322834645669
20
0.3034046850393701
11
1.7042323228346457
21
0.3034046062992126
0
LINE
8
BLACK
6
CONTINUOUS
10
1.7042323228346457
20
0.3034046062992126
11
1.7048170078740157
21
0.2997126377952756
0
LINE
8
BLACK
6
CONTINUOUS
10
1.7048170078740157
20
0.2997126377952756
11
1.7048170866141732
21
0.2997124409448819
0
LINE
8
BLACK
6
CONTINUOUS
10
1.7048170866141732
20
0.2997124409448819
11
1.7070846456692912
21
0.2952621259842519
0
LINE
8
BLACK
6
CONTINUOUS
10
1.7070846456692912
20
0.2952621259842519
11
1.7106164566929134
21
0.2917303149606299
0
LINE
8
BLACK
6
CONTINUOUS
10
1.7106164566929134
20
0.2917303149606299
11
1.7150667716535433
21
0.2894627559055118
0
LINE
8
BLACK
6
CONTINUOUS
10
1.7150667716535433
20
0.2894627559055118
11
1.718759094488189
21
0.2888779527559055
0
LINE
8
BLACK
6
CONTINUOUS
10
1.718759094488189
20
0.2888779527559055
11
1.7812408661417323
21
0.2888779921259843
0
LINE
8
BLACK
6
CONTINUOUS
10
1.7812408661417323
20
0.2888779921259843
11
1.7812409842519685
21
0.2888779921259843
0
LINE
8
BLACK
6
CONTINUOUS
10
1.7812409842519685
20
0.2888779921259843
11
1.7812410236220473
21
0.288878031496063
0
LINE
8
BLACK
6
CONTINUOUS
10
1.7812410236220473
20
0.288878031496063
11
1.7830870472440945
21
0.2891703937007874
0
LINE
8
BLACK
6
CONTINUOUS
10
1.7830870472440945
20
0.2891703937007874
11
1.784933031496063
21
0.289462716535433
0
LINE
8
BLACK
6
CONTINUOUS
10
1.784933031496063
20
0.289462716535433
11
1.784933031496063
21
0.2894627559055118
0
LINE
8
BLACK
6
CONTINUOUS
10
1.784933031496063
20
0.2894627559055118
11
1.7849332283464567
21
0.2894627559055118
0
LINE
8
BLACK
6
CONTINUOUS
10
1.7849332283464567
20
0.2894627559055118
11
1.7893835433070866
21
0.2917303149606299
0
LINE
8
BLACK
6
CONTINUOUS
10
1.7893835433070866
20
0.2917303149606299
11
1.7929153543307086
21
0.2952621259842519
0
LINE
8
BLACK
6
CONTINUOUS
10
1.7929153543307086
20
0.2952621259842519
11
1.7951829133858268
21
0.2997124409448819
0
LINE
8
BLACK
6
CONTINUOUS
10
1.7951829133858268
20
0.2997124409448819
11
1.7957677165354331
21
0.3034047637795276
0
LINE
8
BLACK
6
CONTINUOUS
10
1.7957677165354331
20
0.3034047637795276
11
1.7957676771653543
21
0.3658865354330709
0
LINE
8
BLACK
6
CONTINUOUS
10
1.7957676771653543
20
0.3658865354330709
11
1.7957676771653543
21
0.3658865748031496
0
LINE
8
BLACK
6
CONTINUOUS
10
1.7957676771653543
20
0.3658865748031496
11
1.7957676771653543
21
0.3658866929133858
0
LINE
8
BLACK
6
CONTINUOUS
10
1.7957676771653543
20
0.3658866929133858
11
1.7957676377952756
21
0.3658867716535433
0
LINE
8
BLACK
6
CONTINUOUS
10
1.7957676377952756
20
0.3658867716535433
11
1.7951829527559056
21
0.3695787401574803
0
LINE
8
BLACK
6
CONTINUOUS
10
1.7951829527559056
20
0.3695787401574803
11
1.7951829133858268
21
0.3695788188976378
0
LINE
8
BLACK
6
CONTINUOUS
10
1.7951829133858268
20
0.3695788188976378
11
1.7951829133858268
21
0.3695788976377953
0
LINE
8
BLACK
6
CONTINUOUS
10
1.7951829133858268
20
0.3695788976377953
11
1.7929153543307086
21
0.3740292125984252
0
LINE
8
BLACK
6
CONTINUOUS
10
1.7929153543307086
20
0.3740292125984252
11
1.7893835433070866
21
0.3775610236220472
0
LINE
8
BLACK
6
CONTINUOUS
10
1.7893835433070866
20
0.3775610236220472
11
1.7849332283464567
21
0.3798285826771653
0
LINE
8
BLACK
6
CONTINUOUS
10
1.7849332283464567
20
0.3798285826771653
11
1.7849332677165355
21
0.3798285826771653
0
LINE
8
BLACK
6
CONTINUOUS
10
1.7849332677165355
20
0.3798285826771653
11
1.7812409842519685
21
0.3804133858267716
0
LINE
8
BLACK
6
CONTINUOUS
10
1.7812409842519685
20
0.3804133858267716
11
1.7187589763779527
21
0.3804133858267716
0
LINE
8
BLACK
6
CONTINUOUS
10
1.7187589763779527
20
0.3804133858267716
11
1.7187588976377952
21
0.3804133464566929
0
LINE
8
BLACK
6
CONTINUOUS
10
0.0101575196850394
20
0.3246456692913386
11
0.0101574803149606
21
0.3246456299212598
0
LINE
8
BLACK
6
CONTINUOUS
10
0.0101574803149606
20
0.3246456299212598
11
0.0101574803149606
21
0.3036762204724409
0
LINE
8
BLACK
6
CONTINUOUS
10
0.0101574803149606
20
0.3036762204724409
11
0.0107285826771654
21
0.3008052755905511
0
LINE
8
BLACK
6
CONTINUOUS
10
0.0107285826771654
20
0.3008052755905511
11
0.0107286220472441
21
0.3008051968503937
0
LINE
8
BLACK
6
CONTINUOUS
10
0.0107286220472441
20
0.3008051968503937
11
0.0129038582677165
21
0.2975497244094488
0
LINE
8
BLACK
6
CONTINUOUS
10
0.0129038582677165
20
0.2975497244094488
11
0.0129040157480315
21
0.2975495669291339
0
LINE
8
BLACK
6
CONTINUOUS
10
0.0129040157480315
20
0.2975495669291339
11
0.0161594881889764
21
0.2953743307086614
0
LINE
8
BLACK
6
CONTINUOUS
10
0.0161594881889764
20
0.2953743307086614
11
0.0161595669291339
21
0.2953742913385827
0
LINE
8
BLACK
6
CONTINUOUS
10
0.0161595669291339
20
0.2953742913385827
11
0.0190305118110236
21
0.294803188976378
0
LINE
8
BLACK
6
CONTINUOUS
10
0.0190305118110236
20
0.294803188976378
11
0.0190305905511811
21
0.2948031496062992
0
LINE
8
BLACK
6
CONTINUOUS
10
0.0190305905511811
20
0.2948031496062992
11
0.0399999606299213
21
0.2948031496062992
0
LINE
8
BLACK
6
CONTINUOUS
10
0.0399999606299213
20
0.2948031496062992
11
0.04
21
0.294803188976378
0
LINE
8
BLACK
6
CONTINUOUS
10
0.04
20
0.294803188976378
11
0.04
21
0.3046456692913386
0
LINE
8
BLACK
6
CONTINUOUS
10
0.04
20
0.3046456692913386
11
0.02
21
0.3046456692913386
0
LINE
8
BLACK
6
CONTINUOUS
10
0.02
20
0.3046456692913386
11
0.02
21
0.3246456692913386
0
LINE
8
BLACK
6
CONTINUOUS
10
0.02
20
0.3246456692913386
11
0.0101575196850394
21
0.3246456692913386
0
LINE
8
BLACK
6
CONTINUOUS
10
0.08
20
0.3046456692913386
11
0.06
21
0.3046456692913386
0
LINE
8
BLACK
6
CONTINUOUS
10
0.06
20
0.3046456692913386
11
0.06
21
0.294803188976378
0
LINE
8
BLACK
6
CONTINUOUS
10
0.06
20
0.294803188976378
11
0.0600000393700787
21
0.2948031496062992
0
LINE
8
BLACK
6
CONTINUOUS
10
0.0600000393700787
20
0.2948031496062992
11
0.0809694094488189
21
0.2948031496062992
0
LINE
8
BLACK
6
CONTINUOUS
10
0.0809694094488189
20
0.2948031496062992
11
0.0809694488188976
21
0.294803188976378
0
LINE
8
BLACK
6
CONTINUOUS
10
0.0809694488188976
20
0.294803188976378
11
0.0838403937007874
21
0.2953742913385827
0
LINE
8
BLACK
6
CONTINUOUS
10
0.0838403937007874
20
0.2953742913385827
11
0.0838404724409449
21
0.2953743307086614
0
LINE
8
BLACK
6
CONTINUOUS
10
0.0838404724409449
20
0.2953743307086614
11
0.0870959448818898
21
0.2975495669291339
0
LINE
8
BLACK
6
CONTINUOUS
10
0.0870959448818898
20
0.2975495669291339
11
0.0870961023622047
21
0.2975497244094488
0
LINE
8
BLACK
6
CONTINUOUS
10
0.0870961023622047
20
0.2975497244094488
11
0.0892713385826772
21
0.3008051968503937
0
LINE
8
BLACK
6
CONTINUOUS
10
0.0892713385826772
20
0.3008051968503937
11
0.0892713779527559
21
0.3008052755905511
0
LINE
8
BLACK
6
CONTINUOUS
10
0.0892713779527559
20
0.3008052755905511
11
0.0898424803149606
21
0.3036762204724409
0
LINE
8
BLACK
6
CONTINUOUS
10
0.0898424803149606
20
0.3036762204724409
11
0.0898425196850394
21
0.3036762992125984
0
LINE
8
BLACK
6
CONTINUOUS
10
0.0898425196850394
20
0.3036762992125984
11
0.0898425196850394
21
0.3246456299212598
0
LINE
8
BLACK
6
CONTINUOUS
10
0.0898425196850394
20
0.3246456299212598
11
0.0898424803149606
21
0.3246456692913386
0
LINE
8
BLACK
6
CONTINUOUS
10
0.0898424803149606
20
0.3246456692913386
11
0.08
21
0.3246456692913386
0
LINE
8
BLACK
6
CONTINUOUS
10
0.08
20
0.3246456692913386
11
0.08
21
0.3046456692913386
0
LINE
8
BLACK
6
CONTINUOUS
10
1.9101575196850393
20
0.3246456692913386
11
1.9101574803149606
21
0.3246456299212598
0
LINE
8
BLACK
6
CONTINUOUS
10
1.9101574803149606
20
0.3246456299212598
11
1.9101574803149606
21
0.3036762204724409
0
LINE
8
BLACK
6
CONTINUOUS
10
1.9101574803149606
20
0.3036762204724409
11
1.9107285826771654
21
0.3008052755905511
0
LINE
8
BLACK
6
CONTINUOUS
10
1.9107285826771654
20
0.3008052755905511
11
1.9107286220472441
21
0.3008051968503937
0
LINE
8
BLACK
6
CONTINUOUS
10
1.9107286220472441
20
0.3008051968503937
11
1.9129038582677165
21
0.2975497244094488
0
LINE
8
BLACK
6
CONTINUOUS
10
1.9129038582677165
20
0.2975497244094488
11
1.9129040157480315
21
0.2975495669291339
0
LINE
8
BLACK
6
CONTINUOUS
10
1.9129040157480315
20
0.2975495669291339
11
1.9161594881889763
21
0.2953743307086614
0
LINE
8
BLACK
6
CONTINUOUS
10
1.9161594881889763
20
0.2953743307086614
11
1.9161595669291338
21
0.2953742913385827
0
LINE
8
BLACK
6
CONTINUOUS
10
1.9161595669291338
20
0.2953742913385827
11
1.9190305118110236
21
0.294803188976378
0
LINE
8
BLACK
6
CONTINUOUS
10
1.9190305118110236
20
0.294803188976378
11
1.9190305905511811
21
0.2948031496062992
0
LINE
8
BLACK
6
CONTINUOUS
10
1.9190305905511811
20
0.2948031496062992
11
1.9399999606299212
21
0.2948031496062992
0
LINE
8
BLACK
6
CONTINUOUS
10
1.9399999606299212
20
0.2948031496062992
11
1.9399999999999999
21
0.294803188976378
0
LINE
8
BLACK
6
CONTINUOUS
10
1.9399999999999999
20
0.294803188976378
11
1.9399999999999999
21
0.3046456692913386
0
LINE
8
BLACK
6
CONTINUOUS
10
1.9399999999999999
20
0.3046456692913386
11
1.9199999999999999
21
0.3046456692913386
0
LINE
8
BLACK
6
CONTINUOUS
10
1.9199999999999999
20
0.3046456692913386
11
1.9199999999999999
21
0.3246456692913386
0
LINE
8
BLACK
6
CONTINUOUS
10
1.9199999999999999
20
0.3246456692913386
11
1.9101575196850393
21
0.3246456692913386
0
LINE
8
BLACK
6
CONTINUOUS
10
1.98
20
0.3046456692913386
11
1.96
21
0.3046456692913386
0
LINE
8
BLACK
6
CONTINUOUS
10
1.96
20
0.3046456692913386
11
1.96
21
0.294803188976378
0
LINE
8
BLACK
6
CONTINUOUS
10
1.96
20
0.294803188976378
11
1.9600000393700787
21
0.2948031496062992
0
LINE
8
BLACK
6
CONTINUOUS
10
1.9600000393700787
20
0.2948031496062992
11
1.9809694094488188
21
0.2948031496062992
0
LINE
8
BLACK
6
CONTINUOUS
10
1.9809694094488188
20
0.2948031496062992
11
1.9809694488188976
21
0.294803188976378
0
LINE
8
BLACK
6
CONTINUOUS
10
1.9809694488188976
20
0.294803188976378
11
1.9838403937007874
21
0.2953742913385827
0
LINE
8
BLACK
6
CONTINUOUS
10
1.9838403937007874
20
0.2953742913385827
11
1.9838404724409449
21
0.2953743307086614
0
LINE
8
BLACK
6
CONTINUOUS
10
1.9838404724409449
20
0.2953743307086614
11
1.9870959448818897
21
0.2975495669291339
0
LINE
8
BLACK
6
CONTINUOUS
10
1.9870959448818897
20
0.2975495669291339
11
1.9870961023622047
21
0.2975497244094488
0
LINE
8
BLACK
6
CONTINUOUS
10
1.9870961023622047
20
0.2975497244094488
11
1.989271338582677
21
0.3008051968503937
0
LINE
8
BLACK
6
CONTINUOUS
10
1.989271338582677
20
0.3008051968503937
11
1.9892713779527558
21
0.3008052755905511
0
LINE
8
BLACK
6
CONTINUOUS
10
1.9892713779527558
20
0.3008052755905511
11
1.9898424803149606
21
0.3036762204724409
0
LINE
8
BLACK
6
CONTINUOUS
10
1.9898424803149606
20
0.3036762204724409
11
1.9898425196850393
21
0.3036762992125984
0
LINE
8
BLACK
6
CONTINUOUS
10
1.9898425196850393
20
0.3036762992125984
11
1.9898425196850393
21
0.3246456299212598
0
LINE
8
BLACK
6
CONTINUOUS
10
1.9898425196850393
20
0.3246456299212598
11
1.9898424803149606
21
0.3246456692913386
0
LINE
8
BLACK
6
CONTINUOUS
10
1.9898424803149606
20
0.3246456692913386
11
1.98
21
0.3246456692913386
0
LINE
8
BLACK
6
CONTINUOUS
10
1.98
20
0.3246456692913386
11
1.98
21
0.3046456692913386
0
LINE
8
BLACK
6
CONTINUOUS
10
0.1042322834645669
20
0.3034046850393701
11
0.1042323228346457
21
0.3034046062992126
0
LINE
8
BLACK
6
CONTINUOUS
10
0.1042323228346457
20
0.3034046062992126
11
0.1048170078740158
21
0.2997126377952756
0
LINE
8
BLACK
6
CONTINUOUS
10
0.1048170078740158
20
0.2997126377952756
11
0.1048170866141732
21
0.2997124409448819
0
LINE
8
BLACK
6
CONTINUOUS
10
0.1048170866141732
20
0.2997124409448819
11
0.1070846456692913
21
0.2952621259842519
0
LINE
8
BLACK
6
CONTINUOUS
10
0.1070846456692913
20
0.2952621259842519
11
0.1106164566929134
21
0.2917303149606299
0
LINE
8
BLACK
6
CONTINUOUS
10
0.1106164566929134
20
0.2917303149606299
11
0.1150667716535433
21
0.2894627559055118
0
LINE
8
BLACK
6
CONTINUOUS
10
0.1150667716535433
20
0.2894627559055118
11
0.118759094488189
21
0.2888779527559055
0
LINE
8
BLACK
6
CONTINUOUS
10
0.118759094488189
20
0.2888779527559055
11
0.1812408661417323
21
0.2888779921259843
0
LINE
8
BLACK
6
CONTINUOUS
10
0.1812408661417323
20
0.2888779921259843
11
0.1812409842519685
21
0.2888779921259843
0
LINE
8
BLACK
6
CONTINUOUS
10
0.1812409842519685
20
0.2888779921259843
11
0.1812410236220472
21
0.288878031496063
0
LINE
8
BLACK
6
CONTINUOUS
10
0.1812410236220472
20
0.288878031496063
11
0.1830870472440945
21
0.2891703937007874
0
LINE
8
BLACK
6
CONTINUOUS
10
0.1830870472440945
20
0.2891703937007874
11
0.184933031496063
21
0.289462716535433
0
LINE
8
BLACK
6
CONTINUOUS
10
0.184933031496063
20
0.289462716535433
11
0.184933031496063
21
0.2894627559055118
0
LINE
8
BLACK
6
CONTINUOUS
10
0.184933031496063
20
0.2894627559055118
11
0.1849332283464567
21
0.2894627559055118
0
LINE
8
BLACK
6
CONTINUOUS
10
0.1849332283464567
20
0.2894627559055118
11
0.1893835433070866
21
0.2917303149606299
0
LINE
8
BLACK
6
CONTINUOUS
10
0.1893835433070866
20
0.2917303149606299
11
0.1929153543307087
21
0.2952621259842519
0
LINE
8
BLACK
6
CONTINUOUS
10
0.1929153543307087
20
0.2952621259842519
11
0.1951829133858268
21
0.2997124409448819
0
LINE
8
BLACK
6
CONTINUOUS
10
0.1951829133858268
20
0.2997124409448819
11
0.1957677165354331
21
0.3034047637795276
0
LINE
8
BLACK
6
CONTINUOUS
10
0.1957677165354331
20
0.3034047637795276
11
0.1957676771653543
21
0.3658865354330709
0
LINE
8
BLACK
6
CONTINUOUS
10
0.1957676771653543
20
0.3658865354330709
11
0.1957676771653543
21
0.3658865748031496
0
LINE
8
BLACK
6
CONTINUOUS
10
0.1957676771653543
20
0.3658865748031496
11
0.1957676771653543
21
0.3658866929133858
0
LINE
8
BLACK
6
CONTINUOUS
10
0.1957676771653543
20
0.3658866929133858
11
0.1957676377952756
21
0.3658867716535433
0
LINE
8
BLACK
6
CONTINUOUS
10
0.1957676377952756
20
0.3658867716535433
11
0.1951829527559055
21
0.3695787401574803
0
LINE
8
BLACK
6
CONTINUOUS
10
0.1951829527559055
20
0.3695787401574803
11
0.1951829133858268
21
0.3695788188976378
0
LINE
8
BLACK
6
CONTINUOUS
10
0.1951829133858268
20
0.3695788188976378
11
0.1951829133858268
21
0.3695788976377953
0
LINE
8
BLACK
6
CONTINUOUS
10
0.1951829133858268
20
0.3695788976377953
11
0.1929153543307087
21
0.3740292125984252
0
LINE
8
BLACK
6
CONTINUOUS
10
0.1929153543307087
20
0.3740292125984252
11
0.1893835433070866
21
0.3775610236220472
0
LINE
8
BLACK
6
CONTINUOUS
10
0.1893835433070866
20
0.3775610236220472
11
0.1849332283464567
21
0.3798285826771653
0
LINE
8
BLACK
6
CONTINUOUS
10
0.1849332283464567
20
0.3798285826771653
11
0.1849332677165354
21
0.3798285826771653
0
LINE
8
BLACK
6
CONTINUOUS
10
0.1849332677165354
20
0.3798285826771653
11
0.1812409842519685
21
0.3804133858267716
0
LINE
8
BLACK
6
CONTINUOUS
10
0.1812409842519685
20
0.3804133858267716
11
0.1187589763779528
21
0.3804133858267716
0
LINE
8
BLACK
6
CONTINUOUS
10
0.1187589763779528
20
0.3804133858267716
11
0.1187588976377953
21
0.3804133464566929
0
LINE
8
BLACK
6
CONTINUOUS
10
0.1187588976377953
20
0.3804133464566929
11
0.1150669291338583
21
0.3798286614173228
0
LINE
8
BLACK
6
CONTINUOUS
10
0.1150669291338583
20
0.3798286614173228
11
0.1150667322834646
21
0.3798285826771653
0
LINE
8
BLACK
6
CONTINUOUS
10
0.1150667322834646
20
0.3798285826771653
11
0.1106164960629921
21
0.377561062992126
0
LINE
8
BLACK
6
CONTINUOUS
10
0.1106164960629921
20
0.377561062992126
11
0.1070846062992126
21
0.3740291732283464
0
LINE
8
BLACK
6
CONTINUOUS
10
0.1070846062992126
20
0.3740291732283464
11
0.1048170866141732
21
0.369578937007874
0
LINE
8
BLACK
6
CONTINUOUS
10
0.1048170866141732
20
0.369578937007874
11
0.1042322834645669
21
0.3658866929133858
0
LINE
8
BLACK
6
CONTINUOUS
10
0.1042322834645669
20
0.3658866929133858
11
0.1042322834645669
21
0.3034046850393701
0
LINE
8
BLACK
6
CONTINUOUS
10
0.2042322834645669
20
0.3034046850393701
11
0.2042323228346457
21
0.3034046062992126
0
LINE
8
BLACK
6
CONTINUOUS
10
0.2042323228346457
20
0.3034046062992126
11
0.2048170078740157
21
0.2997126377952756
0
LINE
8
BLACK
6
CONTINUOUS
10
0.2048170078740157
20
0.2997126377952756
11
0.2048170866141732
21
0.2997124409448819
0
LINE
8
BLACK
6
CONTINUOUS
10
0.2048170866141732
20
0.2997124409448819
11
0.2070846456692913
21
0.2952621259842519
0
LINE
8
BLACK
6
CONTINUOUS
10
0.2070846456692913
20
0.2952621259842519
11
0.2106164566929134
21
0.2917303149606299
0
LINE
8
BLACK
6
CONTINUOUS
10
0.2106164566929134
20
0.2917303149606299
11
0.2150667716535433
21
0.2894627559055118
0
LINE
8
BLACK
6
CONTINUOUS
10
0.2150667716535433
20
0.2894627559055118
11
0.218759094488189
21
0.2888779527559055
0
LINE
8
BLACK
6
CONTINUOUS
10
0.218759094488189
20
0.2888779527559055
11
0.2812408661417323
21
0.2888779921259843
0
LINE
8
BLACK
6
CONTINUOUS
10
0.2812408661417323
20
0.2888779921259843
11
0.2812409842519685
21
0.2888779921259843
0
LINE
8
BLACK
6
CONTINUOUS
10
0.2812409842519685
20
0.2888779921259843
11
0.2812410236220472
21
0.288878031496063
0
LINE
8
BLACK
6
CONTINUOUS
10
0.2812410236220472
20
0.288878031496063
11
0.2830870472440945
21
0.2891703937007874
0
LINE
8
BLACK
6
CONTINUOUS
10
0.2830870472440945
20
0.2891703937007874
11
0.284933031496063
21
0.289462716535433
0
LINE
8
BLACK
6
CONTINUOUS
10
0.284933031496063
20
0.289462716535433
11
0.284933031496063
21
0.2894627559055118
0
LINE
8
BLACK
6
CONTINUOUS
10
0.284933031496063
20
0.2894627559055118
11
0.2849332283464567
21
0.2894627559055118
0
LINE
8
BLACK
6
CONTINUOUS
10
0.2849332283464567
20
0.2894627559055118
11
0.2893835433070866
21
0.2917303149606299
0
LINE
8
BLACK
6
CONTINUOUS
10
0.2893835433070866
20
0.2917303149606299
11
0.2929153543307086
21
0.2952621259842519
0
LINE
8
BLACK
6
CONTINUOUS
10
0.2929153543307086
20
0.2952621259842519
11
0.2951829133858268
21
0.2997124409448819
0
LINE
8
BLACK
6
CONTINUOUS
10
0.2951829133858268
20
0.2997124409448819
11
0.295767716535433
21
0.3034047637795276
0
LINE
8
BLACK
6
CONTINUOUS
10
0.295767716535433
20
0.3034047637795276
11
0.2957676771653543
21
0.3658865354330709
0
LINE
8
BLACK
6
CONTINUOUS
10
0.2957676771653543
20
0.3658865354330709
11
0.2957676771653543
21
0.3658865748031496
0
LINE
8
BLACK
6
CONTINUOUS
10
0.2957676771653543
20
0.3658865748031496
11
0.2957676771653543
21
0.3658866929133858
0
LINE
8
BLACK
6
CONTINUOUS
10
0.2957676771653543
20
0.3658866929133858
11
0.2957676377952756
21
0.3658867716535433
0
LINE
8
BLACK
6
CONTINUOUS
10
0.2957676377952756
20
0.3658867716535433
11
0.2951829527559055
21
0.3695787401574803
0
LINE
8
BLACK
6
CONTINUOUS
10
0.2951829527559055
20
0.3695787401574803
11
0.2951829133858268
21
0.3695788188976378
0
LINE
8
BLACK
6
CONTINUOUS
10
0.2951829133858268
20
0.3695788188976378
11
0.2951829133858268
21
0.3695788976377953
0
LINE
8
BLACK
6
CONTINUOUS
10
0.2951829133858268
20
0.3695788976377953
11
0.2929153543307086
21
0.3740292125984252
0
LINE
8
BLACK
6
CONTINUOUS
10
0.2929153543307086
20
0.3740292125984252
11
0.2893835433070866
21
0.3775610236220472
0
LINE
8
BLACK
6
CONTINUOUS
10
0.2893835433070866
20
0.3775610236220472
11
0.2849332283464567
21
0.3798285826771653
0
LINE
8
BLACK
6
CONTINUOUS
10
0.2849332283464567
20
0.3798285826771653
11
0.2849332677165354
21
0.3798285826771653
0
LINE
8
BLACK
6
CONTINUOUS
10
0.2849332677165354
20
0.3798285826771653
11
0.2812409842519685
21
0.3804133858267716
0
LINE
8
BLACK
6
CONTINUOUS
10
0.2812409842519685
20
0.3804133858267716
11
0.2187589763779527
21
0.3804133858267716
0
LINE
8
BLACK
6
CONTINUOUS
10
0.2187589763779527
20
0.3804133858267716
11
0.2187588976377953
21
0.3804133464566929
0
LINE
8
BLACK
6
CONTINUOUS
10
0.2187588976377953
20
0.3804133464566929
11
0.2150669291338583
21
0.3798286614173228
0
LINE
8
BLACK
6
CONTINUOUS
10
0.2150669291338583
20
0.3798286614173228
11
0.2150667322834646
21
0.3798285826771653
0
LINE
8
BLACK
6
CONTINUOUS
10
0.2150667322834646
20
0.3798285826771653
11
0.2106164960629921
21
0.377561062992126
0
LINE
8
BLACK
6
CONTINUOUS
10
0.2106164960629921
20
0.377561062992126
11
0.2070846062992126
21
0.3740291732283464
0
LINE
8
BLACK
6
CONTINUOUS
10
0.2070846062992126
20
0.3740291732283464
11
0.2048170866141732
21
0.369578937007874
0
LINE
8
BLACK
6
CONTINUOUS
10
0.2048170866141732
20
0.369578937007874
11
0.2042322834645669
21
0.3658866929133858
0
LINE
8
BLACK
6
CONTINUOUS
10
0.2042322834645669
20
0.3658866929133858
11
0.2042322834645669
21
0.3034046850393701
0
LINE
8
BLACK
6
CONTINUOUS
10
1.804232283464567
20
0.3034046850393701
11
1.8042323228346455
21
0.3034046062992126
0
LINE
8
BLACK
6
CONTINUOUS
10
1.8042323228346455
20
0.3034046062992126
11
1.8048170078740158
21
0.2997126377952756
0
LINE
8
BLACK
6
CONTINUOUS
10
1.8048170078740158
20
0.2997126377952756
11
1.8048170866141733
21
0.2997124409448819
0
LINE
8
BLACK
6
CONTINUOUS
10
1.8048170866141733
20
0.2997124409448819
11
1.8070846456692913
21
0.2952621259842519
0
LINE
8
BLACK
6
CONTINUOUS
10
1.8070846456692913
20
0.2952621259842519
11
1.8106164566929133
21
0.2917303149606299
0
LINE
8
BLACK
6
CONTINUOUS
10
1.8106164566929133
20
0.2917303149606299
11
1.8150667716535434
21
0.2894627559055118
0
LINE
8
BLACK
6
CONTINUOUS
10
1.8150667716535434
20
0.2894627559055118
11
1.8187590944881888
21
0.2888779527559055
0
LINE
8
BLACK
6
CONTINUOUS
10
1.8187590944881888
20
0.2888779527559055
11
1.8812408661417321
21
0.2888779921259843
0
LINE
8
BLACK
6
CONTINUOUS
10
1.8812408661417321
20
0.2888779921259843
11
1.8812409842519684
21
0.2888779921259843
0
LINE
8
BLACK
6
CONTINUOUS
10
1.8812409842519684
20
0.2888779921259843
11
1.8812410236220471
21
0.288878031496063
0
LINE
8
BLACK
6
CONTINUOUS
10
1.8812410236220471
20
0.288878031496063
11
1.8830870472440944
21
0.2891703937007874
0
LINE
8
BLACK
6
CONTINUOUS
10
1.8830870472440944
20
0.2891703937007874
11
1.8849330314960628
21
0.289462716535433
0
LINE
8
BLACK
6
CONTINUOUS
10
1.8849330314960628
20
0.289462716535433
11
1.8849330314960628
21
0.2894627559055118
0
LINE
8
BLACK
6
CONTINUOUS
10
1.8849330314960628
20
0.2894627559055118
11
1.8849332283464566
21
0.2894627559055118
0
LINE
8
BLACK
6
CONTINUOUS
10
1.8849332283464566
20
0.2894627559055118
11
1.8893835433070865
21
0.2917303149606299
0
LINE
8
BLACK
6
CONTINUOUS
10
1.8893835433070865
20
0.2917303149606299
11
1.8929153543307087
21
0.2952621259842519
0
LINE
8
BLACK
6
CONTINUOUS
10
1.8929153543307087
20
0.2952621259842519
11
1.8951829133858267
21
0.2997124409448819
0
LINE
8
BLACK
6
CONTINUOUS
10
1.8951829133858267
20
0.2997124409448819
11
1.895767716535433
21
0.3034047637795276
0
LINE
8
BLACK
6
CONTINUOUS
10
1.895767716535433
20
0.3034047637795276
11
1.8957676771653542
21
0.365615157480315
0
LINE
8
BLACK
6
CONTINUOUS
10
1.8957676771653542
20
0.365615157480315
11
1.8957676771653542
21
0.3658865354330709
0
LINE
8
BLACK
6
CONTINUOUS
10
1.8957676771653542
20
0.3658865354330709
11
1.8957676771653542
21
0.3658865748031496
0
LINE
8
BLACK
6
CONTINUOUS
10
1.8957676771653542
20
0.3658865748031496
11
1.8957676771653542
21
0.3658866929133858
0
LINE
8
BLACK
6
CONTINUOUS
10
1.8957676771653542
20
0.3658866929133858
11
1.8957676377952755
21
0.3658867716535433
0
LINE
8
BLACK
6
CONTINUOUS
10
1.8957676377952755
20
0.3658867716535433
11
1.8951829527559054
21
0.3695787401574803
0
LINE
8
BLACK
6
CONTINUOUS
10
1.8951829527559054
20
0.3695787401574803
11
1.8951829133858267
21
0.3695788188976378
0
LINE
8
BLACK
6
CONTINUOUS
10
1.8951829133858267
20
0.3695788188976378
11
1.8951829133858267
21
0.3695788976377953
0
LINE
8
BLACK
6
CONTINUOUS
10
1.8951829133858267
20
0.3695788976377953
11
1.8929153543307087
21
0.3740292125984252
0
LINE
8
BLACK
6
CONTINUOUS
10
1.8929153543307087
20
0.3740292125984252
11
1.8893835433070865
21
0.3775610236220472
0
LINE
8
BLACK
6
CONTINUOUS
10
1.8893835433070865
20
0.3775610236220472
11
1.8849332283464566
21
0.3798285826771653
0
LINE
8
BLACK
6
CONTINUOUS
10
1.8849332283464566
20
0.3798285826771653
11
1.8849332677165354
21
0.3798285826771653
0
LINE
8
BLACK
6
CONTINUOUS
10
1.8849332677165354
20
0.3798285826771653
11
1.8812409842519684
21
0.3804133858267716
0
LINE
8
BLACK
6
CONTINUOUS
10
1.8812409842519684
20
0.3804133858267716
11
1.8187589763779528
21
0.3804133858267716
0
LINE
8
BLACK
6
CONTINUOUS
10
1.8187589763779528
20
0.3804133858267716
11
1.8187588976377953
21
0.3804133464566929
0
LINE
8
BLACK
6
CONTINUOUS
10
1.8187588976377953
20
0.3804133464566929
11
1.8150669291338581
21
0.3798286614173228
0
LINE
8
BLACK
6
CONTINUOUS
10
1.8150669291338581
20
0.3798286614173228
11
1.8150667322834646
21
0.3798285826771653
0
LINE
8
BLACK
6
CONTINUOUS
10
1.8150667322834646
20
0.3798285826771653
11
1.810616496062992
21
0.377561062992126
0
LINE
8
BLACK
6
CONTINUOUS
10
1.810616496062992
20
0.377561062992126
11
1.8070846062992125
21
0.3740291732283464
0
LINE
8
BLACK
6
CONTINUOUS
10
1.8070846062992125
20
0.3740291732283464
11
1.8048170866141733
21
0.369578937007874
0
LINE
8
BLACK
6
CONTINUOUS
10
1.8048170866141733
20
0.369578937007874
11
1.804232283464567
21
0.3658866929133858
0
LINE
8
BLACK
6
CONTINUOUS
10
1.804232283464567
20
0.3658866929133858
11
1.804232283464567
21
0.3034046850393701
0
LINE
8
BLACK
6
CONTINUOUS
10
1.96
20
0.3744881496062992
11
1.96
21
0.3646456692913386
0
LINE
8
BLACK
6
CONTINUOUS
10
1.96
20
0.3646456692913386
11
1.98
21
0.3646456692913386
0
LINE
8
BLACK
6
CONTINUOUS
10
1.98
20
0.3646456692913386
11
1.98
21
0.3446456692913386
0
LINE
8
BLACK
6
CONTINUOUS
10
1.98
20
0.3446456692913386
11
1.9898424803149606
21
0.3446456692913386
0
LINE
8
BLACK
6
CONTINUOUS
10
1.9898424803149606
20
0.3446456692913386
11
1.9898425196850393
21
0.3446457086614173
0
LINE
8
BLACK
6
CONTINUOUS
10
1.9898425196850393
20
0.3446457086614173
11
1.9898425196850393
21
0.3656150787401575
0
LINE
8
BLACK
6
CONTINUOUS
10
1.9898425196850393
20
0.3656150787401575
11
1.9898424803149606
21
0.365615157480315
0
LINE
8
BLACK
6
CONTINUOUS
10
1.9898424803149606
20
0.365615157480315
11
1.9892713779527558
21
0.3684861023622047
0
LINE
8
BLACK
6
CONTINUOUS
10
1.9892713779527558
20
0.3684861023622047
11
1.989271338582677
21
0.3684861811023622
0
LINE
8
BLACK
6
CONTINUOUS
10
1.989271338582677
20
0.3684861811023622
11
1.9870961023622047
21
0.3717416535433071
0
LINE
8
BLACK
6
CONTINUOUS
10
1.9870961023622047
20
0.3717416535433071
11
1.9870959448818897
21
0.371741811023622
0
LINE
8
BLACK
6
CONTINUOUS
10
1.9870959448818897
20
0.371741811023622
11
1.9838404724409449
21
0.3739170472440945
0
LINE
8
BLACK
6
CONTINUOUS
10
1.9838404724409449
20
0.3739170472440945
11
1.9838403937007874
21
0.3739170866141732
0
LINE
8
BLACK
6
CONTINUOUS
10
1.9838403937007874
20
0.3739170866141732
11
1.9809694488188976
21
0.3744881889763779
0
LINE
8
BLACK
6
CONTINUOUS
10
1.9809694488188976
20
0.3744881889763779
11
1.9600000393700787
21
0.3744881889763779
0
LINE
8
BLACK
6
CONTINUOUS
10
1.9600000393700787
20
0.3744881889763779
11
1.96
21
0.3744881496062992
0
LINE
8
BLACK
6
CONTINUOUS
10
0.5133713385826771
20
0.6336906692913385
11
0.5133713779527559
21
0.6336905118110236
0
LINE
8
BLACK
6
CONTINUOUS
10
0.5133713779527559
20
0.6336905118110236
11
0.515716968503937
21
0.6269873228346456
0
LINE
8
BLACK
6
CONTINUOUS
10
0.515716968503937
20
0.6269873228346456
11
0.515716968503937
21
0.6269872834645669
0
LINE
8
BLACK
6
CONTINUOUS
10
0.515716968503937
20
0.6269872834645669
11
0.51949531496063
21
0.620974094488189
0
LINE
8
BLACK
6
CONTINUOUS
10
0.51949531496063
20
0.620974094488189
11
0.5194954330708661
21
0.620973937007874
0
LINE
8
BLACK
6
CONTINUOUS
10
0.5194954330708661
20
0.620973937007874
11
0.5245172440944882
21
0.615952125984252
0
LINE
8
BLACK
6
CONTINUOUS
10
0.5245172440944882
20
0.615952125984252
11
0.5305306299212599
21
0.6121736614173228
0
LINE
8
BLACK
6
CONTINUOUS
10
0.5305306299212599
20
0.6121736614173228
11
0.533214842519685
21
0.6112344094488189
0
LINE
8
BLACK
6
CONTINUOUS
10
0.533214842519685
20
0.6112344094488189
11
0.537233779527559
21
0.6098281102362204
0
LINE
8
BLACK
6
CONTINUOUS
10
0.537233779527559
20
0.6098281102362204
11
0.537233937007874
21
0.6098280708661418
0
LINE
8
BLACK
6
CONTINUOUS
10
0.537233937007874
20
0.6098280708661418
11
0.5372340551181102
21
0.609828031496063
0
LINE
8
BLACK
6
CONTINUOUS
10
0.5372340551181102
20
0.609828031496063
11
0.5442913385826772
21
0.609032874015748
0
LINE
8
BLACK
6
CONTINUOUS
10
0.5442913385826772
20
0.609032874015748
11
0.5513486220472441
21
0.609828031496063
0
LINE
8
BLACK
6
CONTINUOUS
10
0.5513486220472441
20
0.609828031496063
11
0.5580520472440945
21
0.6121736614173228
0
LINE
8
BLACK
6
CONTINUOUS
10
0.5580520472440945
20
0.6121736614173228
11
0.5640654330708661
21
0.615952125984252
0
LINE
8
BLACK
6
CONTINUOUS
10
0.5640654330708661
20
0.615952125984252
11
0.5690872440944882
21
0.620973937007874
0
LINE
8
BLACK
6
CONTINUOUS
10
0.5690872440944882
20
0.620973937007874
11
0.5728657086614173
21
0.6269873228346456
0
LINE
8
BLACK
6
CONTINUOUS
10
0.5728657086614173
20
0.6269873228346456
11
0.5752113385826771
21
0.6336907480314961
0
LINE
8
BLACK
6
CONTINUOUS
10
0.5752113385826771
20
0.6336907480314961
11
0.5760064960629921
21
0.640748031496063
0
LINE
8
BLACK
6
CONTINUOUS
10
0.5760064960629921
20
0.640748031496063
11
0.5752113385826771
21
0.6478053149606299
0
LINE
8
BLACK
6
CONTINUOUS
10
0.5752113385826771
20
0.6478053149606299
11
0.5728657086614173
21
0.6545087401574803
0
LINE
8
BLACK
6
CONTINUOUS
10
0.5728657086614173
20
0.6545087401574803
11
0.5728656692913385
21
0.6545088188976378
0
LINE
8
BLACK
6
CONTINUOUS
10
0.5728656692913385
20
0.6545088188976378
11
0.5703107086614173
21
0.6585750393700788
0
LINE
8
BLACK
6
CONTINUOUS
10
0.5703107086614173
20
0.6585750393700788
11
0.569722125984252
21
0.660910905511811
0
LINE
8
BLACK
6
CONTINUOUS
10
0.569722125984252
20
0.660910905511811
11
0.570618937007874
21
0.6631466141732283
0
LINE
8
BLACK
6
CONTINUOUS
10
0.570618937007874
20
0.6631466141732283
11
0.5708544488188976
21
0.6634043307086614
0
LINE
8
BLACK
6
CONTINUOUS
10
0.5708544488188976
20
0.6634043307086614
11
0.8082881496062992
21
0.9008379527559055
0
LINE
8
BLACK
6
CONTINUOUS
10
0.8082881496062992
20
0.9008379527559055
11
0.8114006299212598
21
0.906228937007874
0
LINE
8
BLACK
6
CONTINUOUS
10
0.8114006299212598
20
0.906228937007874
11
0.8130118110236221
21
0.912241811023622
0
LINE
8
BLACK
6
CONTINUOUS
10
0.8130118110236221
20
0.912241811023622
11
0.8130118110236221
21
0.918466811023622
0
LINE
8
BLACK
6
CONTINUOUS
10
0.8130118110236221
20
0.918466811023622
11
0.8130118110236221
21
1.2539566929133859
0
LINE
8
BLACK
6
CONTINUOUS
10
0.8130118110236221
20
1.2539566929133859
11
0.8137561811023621
21
1.2562476771653543
0
LINE
8
BLACK
6
CONTINUOUS
10
0.8137561811023621
20
1.2562476771653543
11
0.815705
21
1.2576635826771654
0
LINE
8
BLACK
6
CONTINUOUS
10
0.815705
20
1.2576635826771654
11
0.8169094488188976
21
1.2578543307086614
0
LINE
8
BLACK
6
CONTINUOUS
10
0.8169094488188976
20
1.2578543307086614
11
0.9986166929133858
21
1.2578543307086614
0
LINE
8
BLACK
6
CONTINUOUS
10
0.9986166929133858
20
1.2578543307086614
11
0.9986173228346457
21
1.2578542913385826
0
LINE
8
BLACK
6
CONTINUOUS
10
0.9986173228346457
20
1.2578542913385826
11
0.9988560236220472
21
1.2578542913385826
0
LINE
8
BLACK
6
CONTINUOUS
10
0.9988560236220472
20
1.2578542913385826
11
1.0050809055118111
21
1.2578542913385826
0
LINE
8
BLACK
6
CONTINUOUS
10
1.0050809055118111
20
1.2578542913385826
11
1.0050809842519686
21
1.2578542913385826
0
LINE
8
BLACK
6
CONTINUOUS
10
1.0050809842519686
20
1.2578542913385826
11
1.0110938976377952
21
1.2594654724409449
0
LINE
8
BLACK
6
CONTINUOUS
10
1.0110938976377952
20
1.2594654724409449
11
1.0134833464566928
21
1.2608450393700787
0
LINE
8
BLACK
6
CONTINUOUS
10
1.0134833464566928
20
1.2608450393700787
11
1.0164848818897638
21
1.2625779527559056
0
LINE
8
BLACK
6
CONTINUOUS
10
1.0164848818897638
20
1.2625779527559056
11
1.0208866141732282
21
1.26697968503937
0
LINE
8
BLACK
6
CONTINUOUS
10
1.0208866141732282
20
1.26697968503937
11
1.020886653543307
21
1.2669798031496062
0
LINE
8
BLACK
6
CONTINUOUS
10
1.020886653543307
20
1.2669798031496062
11
1.2153036614173227
21
1.461396811023622
0
LINE
8
BLACK
6
CONTINUOUS
10
1.2153036614173227
20
1.461396811023622
11
1.215303779527559
21
1.4613968503937007
0
LINE
8
BLACK
6
CONTINUOUS
10
1.215303779527559
20
1.4613968503937007
11
1.2197055118110236
21
1.4657985826771653
0
LINE
8
BLACK
6
CONTINUOUS
10
1.2197055118110236
20
1.4657985826771653
11
1.2228179921259843
21
1.4711896062992125
0
LINE
8
BLACK
6
CONTINUOUS
10
1.2228179921259843
20
1.4711896062992125
11
1.2244291338582678
21
1.4772024803149606
0
LINE
8
BLACK
6
CONTINUOUS
10
1.2244291338582678
20
1.4772024803149606
11
1.2244291338582678
21
1.4851816929133859
0
LINE
8
BLACK
6
CONTINUOUS
10
1.2244291338582678
20
1.4851816929133859
11
1.2251735039370077
21
1.4874726771653544
0
LINE
8
BLACK
6
CONTINUOUS
10
1.2251735039370077
20
1.4874726771653544
11
1.2255704724409449
21
1.4879375196850393
0
LINE
8
BLACK
6
CONTINUOUS
10
1.2255704724409449
20
1.4879375196850393
11
1.2255754330708661
21
1.4879424409448818
0
LINE
8
BLACK
6
CONTINUOUS
10
1.2255754330708661
20
1.4879424409448818
11
1.2293538976377953
21
1.4939558267716535
0
LINE
8
BLACK
6
CONTINUOUS
10
1.2293538976377953
20
1.4939558267716535
11
1.231699527559055
21
1.5006592519685038
0
LINE
8
BLACK
6
CONTINUOUS
10
1.231699527559055
20
1.5006592519685038
11
1.2324946850393701
21
1.5077165354330708
0
LINE
8
BLACK
6
CONTINUOUS
10
1.2324946850393701
20
1.5077165354330708
11
1.231699527559055
21
1.5147738188976378
0
LINE
8
BLACK
6
CONTINUOUS
10
1.231699527559055
20
1.5147738188976378
11
1.2293538976377953
21
1.5214772440944881
0
LINE
8
BLACK
6
CONTINUOUS
10
1.2293538976377953
20
1.5214772440944881
11
1.2255754330708661
21
1.5274906299212598
0
LINE
8
BLACK
6
CONTINUOUS
10
1.2255754330708661
20
1.5274906299212598
11
1.2255753543307086
21
1.5274907086614173
0
LINE
8
BLACK
6
CONTINUOUS
10
1.2255753543307086
20
1.5274907086614173
11
1.2255751968503936
21
1.5274909055118109
0
LINE
8
BLACK
6
CONTINUOUS
10
1.2255751968503936
20
1.5274909055118109
11
1.2255703937007874
21
1.5274957086614174
0
LINE
8
BLACK
6
CONTINUOUS
10
1.2255703937007874
20
1.5274957086614174
11
1.2255686614173229
21
1.5274991338582677
0
LINE
8
BLACK
6
CONTINUOUS
10
1.2255686614173229
20
1.5274991338582677
11
1.2254390551181102
21
1.5276616141732282
0
LINE
8
BLACK
6
CONTINUOUS
10
1.2254390551181102
20
1.5276616141732282
11
1.2254723228346456
21
1.5276881889763778
0
LINE
8
BLACK
6
CONTINUOUS
10
1.2254723228346456
20
1.5276881889763778
11
1.2244770472440945
21
1.5296421653543306
0
LINE
8
BLACK
6
CONTINUOUS
10
1.2244770472440945
20
1.5296421653543306
11
1.2244291338582678
21
1.5302514173228345
0
LINE
8
BLACK
6
CONTINUOUS
10
1.2244291338582678
20
1.5302514173228345
11
1.2244291338582678
21
1.7747659842519685
0
LINE
8
BLACK
6
CONTINUOUS
10
1.2244291338582678
20
1.7747659842519685
11
1.2228179921259843
21
1.7807788976377952
0
LINE
8
BLACK
6
CONTINUOUS
10
1.2228179921259843
20
1.7807788976377952
11
1.2228179527559055
21
1.7807790157480314
0
LINE
8
BLACK
6
CONTINUOUS
10
1.2228179527559055
20
1.7807790157480314
11
1.2216787007874015
21
1.7827522047244093
0
LINE
8
BLACK
6
CONTINUOUS
10
1.2216787007874015
20
1.7827522047244093
11
1.2216787007874015
21
1.7827522440944881
0
LINE
8
BLACK
6
CONTINUOUS
10
1.2216787007874015
20
1.7827522440944881
11
1.221678622047244
21
1.7827523228346456
0
LINE
8
BLACK
6
CONTINUOUS
10
1.221678622047244
20
1.7827523228346456
11
1.2197056692913386
21
1.7861697244094488
0
LINE
8
BLACK
6
CONTINUOUS
10
1.2197056692913386
20
1.7861697244094488
11
1.2197055511811024
21
1.786169842519685
0
LINE
8
BLACK
6
CONTINUOUS
10
1.2197055511811024
20
1.786169842519685
11
1.2197055118110236
21
1.7861699212598425
0
LINE
8
BLACK
6
CONTINUOUS
10
1.2197055118110236
20
1.7861699212598425
11
1.215303779527559
21
1.7905716535433069
0
LINE
8
BLACK
6
CONTINUOUS
10
1.215303779527559
20
1.7905716535433069
11
1.2153036614173227
21
1.7905717322834644
0
LINE
8
BLACK
6
CONTINUOUS
10
1.2153036614173227
20
1.7905717322834644
11
1.1367918897637794
21
1.8690835039370077
0
LINE
8
BLACK
6
CONTINUOUS
10
1.1367918897637794
20
1.8690835039370077
11
1.1356983070866142
21
1.8712298425196849
0
LINE
8
BLACK
6
CONTINUOUS
10
1.1356983070866142
20
1.8712298425196849
11
1.1356748031496062
21
1.8714031889763778
0
LINE
8
BLACK
6
CONTINUOUS
10
1.1356748031496062
20
1.8714031889763778
11
1.1352507086614172
21
1.8751675196850393
0
LINE
8
BLACK
6
CONTINUOUS
10
1.1352507086614172
20
1.8751675196850393
11
1.1329050787401576
21
1.8818709448818898
0
LINE
8
BLACK
6
CONTINUOUS
10
1.1329050787401576
20
1.8818709448818898
11
1.1291266141732283
21
1.8878843307086615
0
LINE
8
BLACK
6
CONTINUOUS
10
1.1291266141732283
20
1.8878843307086615
11
1.1241048031496064
21
1.8929061417322834
0
LINE
8
BLACK
6
CONTINUOUS
10
1.1241048031496064
20
1.8929061417322834
11
1.1241046850393701
21
1.8929062204724409
0
LINE
8
BLACK
6
CONTINUOUS
10
1.1241046850393701
20
1.8929062204724409
11
1.1241046456692914
21
1.8929062598425197
0
LINE
8
BLACK
6
CONTINUOUS
10
1.1241046456692914
20
1.8929062598425197
11
1.1180914566929134
21
1.8966846062992126
0
LINE
8
BLACK
6
CONTINUOUS
10
1.1180914566929134
20
1.8966846062992126
11
1.1113882283464567
21
1.8990301968503938
0
LINE
8
BLACK
6
CONTINUOUS
10
1.1113882283464567
20
1.8990301968503938
11
1.1113880708661417
21
1.8990302362204723
0
LINE
8
BLACK
6
CONTINUOUS
10
1.1113880708661417
20
1.8990302362204723
11
1.1043307086614174
21
1.8998253937007874
0
LINE
8
BLACK
6
CONTINUOUS
10
1.1043307086614174
20
1.8998253937007874
11
1.0972733070866141
21
1.8990302362204723
0
LINE
8
BLACK
6
CONTINUOUS
10
1.0972733070866141
20
1.8990302362204723
11
1.0972731496062993
21
1.8990301968503938
0
LINE
8
BLACK
6
CONTINUOUS
10
1.0972731496062993
20
1.8990301968503938
11
1.0905699606299213
21
1.8966846062992126
0
LINE
8
BLACK
6
CONTINUOUS
10
1.0905699606299213
20
1.8966846062992126
11
1.0905699212598425
21
1.8966846062992126
0
LINE
8
BLACK
6
CONTINUOUS
10
1.0905699212598425
20
1.8966846062992126
11
1.0845567322834646
21
1.8929062598425197
0
LINE
8
BLACK
6
CONTINUOUS
10
1.0845567322834646
20
1.8929062598425197
11
1.0795346850393701
21
1.8878842125984252
0
LINE
8
BLACK
6
CONTINUOUS
10
1.0795346850393701
20
1.8878842125984252
11
1.0757563385826772
21
1.8818710236220473
0
LINE
8
BLACK
6
CONTINUOUS
10
1.0757563385826772
20
1.8818710236220473
11
1.0757563385826772
21
1.8818709842519685
0
LINE
8
BLACK
6
CONTINUOUS
10
1.0757563385826772
20
1.8818709842519685
11
1.0734107480314961
21
1.8751677952755905
0
LINE
8
BLACK
6
CONTINUOUS
10
1.0734107480314961
20
1.8751677952755905
11
1.0734107086614173
21
1.8751676377952755
0
LINE
8
BLACK
6
CONTINUOUS
10
1.0734107086614173
20
1.8751676377952755
11
1.0726155511811024
21
1.8681102362204725
0
LINE
8
BLACK
6
CONTINUOUS
10
1.0726155511811024
20
1.8681102362204725
11
1.0734107086614173
21
1.8610528740157479
0
LINE
8
BLACK
6
CONTINUOUS
10
1.0734107086614173
20
1.8610528740157479
11
1.0734107480314961
21
1.8610527165354331
0
LINE
8
BLACK
6
CONTINUOUS
10
1.0734107480314961
20
1.8610527165354331
11
1.0757563385826772
21
1.8543495275590551
0
LINE
8
BLACK
6
CONTINUOUS
10
1.0757563385826772
20
1.8543495275590551
11
1.0757563385826772
21
1.8543494881889764
0
LINE
8
BLACK
6
CONTINUOUS
10
1.0757563385826772
20
1.8543494881889764
11
1.0795346850393701
21
1.8483362992125985
0
LINE
8
BLACK
6
CONTINUOUS
10
1.0795346850393701
20
1.8483362992125985
11
1.0795348031496064
21
1.8483361417322834
0
LINE
8
BLACK
6
CONTINUOUS
10
1.0795348031496064
20
1.8483361417322834
11
1.0845566141732284
21
1.8433143307086615
0
LINE
8
BLACK
6
CONTINUOUS
10
1.0845566141732284
20
1.8433143307086615
11
1.09057
21
1.8395358661417323
0
LINE
8
BLACK
6
CONTINUOUS
10
1.09057
20
1.8395358661417323
11
1.0932542125984253
21
1.8385966141732284
0
LINE
8
BLACK
6
CONTINUOUS
10
1.0932542125984253
20
1.8385966141732284
11
1.0972731496062993
21
1.8371903149606299
0
LINE
8
BLACK
6
CONTINUOUS
10
1.0972731496062993
20
1.8371903149606299
11
1.0972733070866141
21
1.8371902755905511
0
LINE
8
BLACK
6
CONTINUOUS
10
1.0972733070866141
20
1.8371902755905511
11
1.0972734251968503
21
1.8371902362204724
0
LINE
8
BLACK
6
CONTINUOUS
10
1.0972734251968503
20
1.8371902362204724
11
1.1010377952755905
21
1.8367661417322834
0
LINE
8
BLACK
6
CONTINUOUS
10
1.1010377952755905
20
1.8367661417322834
11
1.1032309842519685
21
1.8357699212598424
0
LINE
8
BLACK
6
CONTINUOUS
10
1.1032309842519685
20
1.8357699212598424
11
1.1033574409448819
21
1.8356490551181102
0
LINE
8
BLACK
6
CONTINUOUS
10
1.1033574409448819
20
1.8356490551181102
11
1.1760040944881889
21
1.7630024015748031
0
LINE
8
BLACK
6
CONTINUOUS
10
1.1760040944881889
20
1.7630024015748031
11
1.1770976771653543
21
1.7608560629921259
0
LINE
8
BLACK
6
CONTINUOUS
10
1.1770976771653543
20
1.7608560629921259
11
1.1771456692913385
21
1.7602463385826772
0
LINE
8
BLACK
6
CONTINUOUS
10
1.1771456692913385
20
1.7602463385826772
11
1.1771456692913385
21
1.5302671653543307
0
LINE
8
BLACK
6
CONTINUOUS
10
1.1771456692913385
20
1.5302671653543307
11
1.1764012992125985
21
1.5279761811023622
0
LINE
8
BLACK
6
CONTINUOUS
10
1.1764012992125985
20
1.5279761811023622
11
1.1760043700787401
21
1.5275114173228346
0
LINE
8
BLACK
6
CONTINUOUS
10
1.1760043700787401
20
1.5275114173228346
11
1.1759837795275589
21
1.5274908661417324
0
LINE
8
BLACK
6
CONTINUOUS
10
1.1759837795275589
20
1.5274908661417324
11
1.1759835039370079
21
1.5274905118110236
0
LINE
8
BLACK
6
CONTINUOUS
10
1.1759835039370079
20
1.5274905118110236
11
1.172205157480315
21
1.5214773228346457
0
LINE
8
BLACK
6
CONTINUOUS
10
1.172205157480315
20
1.5214773228346457
11
1.172205157480315
21
1.5214772834645669
0
LINE
8
BLACK
6
CONTINUOUS
10
1.172205157480315
20
1.5214772834645669
11
1.1698595669291338
21
1.5147740944881889
0
LINE
8
BLACK
6
CONTINUOUS
10
1.1698595669291338
20
1.5147740944881889
11
1.1698595275590551
21
1.5147739370078739
0
LINE
8
BLACK
6
CONTINUOUS
10
1.1698595275590551
20
1.5147739370078739
11
1.1690643700787402
21
1.5077165354330708
0
LINE
8
BLACK
6
CONTINUOUS
10
1.1690643700787402
20
1.5077165354330708
11
1.1698595275590551
21
1.5006591732283465
0
LINE
8
BLACK
6
CONTINUOUS
10
1.1698595275590551
20
1.5006591732283465
11
1.1698595669291338
21
1.5006590157480315
0
LINE
8
BLACK
6
CONTINUOUS
10
1.1698595669291338
20
1.5006590157480315
11
1.172205157480315
21
1.4939558267716535
0
LINE
8
BLACK
6
CONTINUOUS
10
1.172205157480315
20
1.4939558267716535
11
1.172205157480315
21
1.493955748031496
0
LINE
8
BLACK
6
CONTINUOUS
10
1.172205157480315
20
1.493955748031496
11
1.1739427559055118
21
1.4911903937007873
0
LINE
8
BLACK
6
CONTINUOUS
10
1.1739427559055118
20
1.4911903937007873
11
1.1745313385826772
21
1.488854527559055
0
LINE
8
BLACK
6
CONTINUOUS
10
1.1745313385826772
20
1.488854527559055
11
1.1736344881889764
21
1.4866188188976377
0
LINE
8
BLACK
6
CONTINUOUS
10
1.1736344881889764
20
1.4866188188976377
11
1.1733985826771653
21
1.4863606692913385
0
LINE
8
BLACK
6
CONTINUOUS
10
1.1733985826771653
20
1.4863606692913385
11
0.9933173622047244
21
1.3062793700787401
0
LINE
8
BLACK
6
CONTINUOUS
10
0.9933173622047244
20
1.3062793700787401
11
0.9911710236220472
21
1.3051857874015749
0
LINE
8
BLACK
6
CONTINUOUS
10
0.9911710236220472
20
1.3051857874015749
11
0.9905612992125984
21
1.3051377952755905
0
LINE
8
BLACK
6
CONTINUOUS
10
0.9905612992125984
20
1.3051377952755905
11
0.6347474409448819
21
1.3051377952755905
0
LINE
8
BLACK
6
CONTINUOUS
10
0.6347474409448819
20
1.3051377952755905
11
0.6324564566929134
21
1.3058821653543307
0
LINE
8
BLACK
6
CONTINUOUS
10
0.6324564566929134
20
1.3058821653543307
11
0.6319916141732284
21
1.3062791732283465
0
LINE
8
BLACK
6
CONTINUOUS
10
0.6319916141732284
20
1.3062791732283465
11
0.6319788188976377
21
1.3062919685039369
0
LINE
8
BLACK
6
CONTINUOUS
10
0.6319788188976377
20
1.3062919685039369
11
0.6319787007874016
21
1.3062920472440944
0
LINE
8
BLACK
6
CONTINUOUS
10
0.6319787007874016
20
1.3062920472440944
11
0.6319786614173228
21
1.3062920866141732
0
LINE
8
BLACK
6
CONTINUOUS
10
0.6319786614173228
20
1.3062920866141732
11
0.6259654724409449
21
1.3100704330708661
0
LINE
8
BLACK
6
CONTINUOUS
10
0.6259654724409449
20
1.3100704330708661
11
0.6192622440944882
21
1.3124160236220472
0
LINE
8
BLACK
6
CONTINUOUS
10
0.6192622440944882
20
1.3124160236220472
11
0.6192620866141733
21
1.312416062992126
0
LINE
8
BLACK
6
CONTINUOUS
10
0.6192620866141733
20
1.312416062992126
11
0.6122047244094488
21
1.3132112204724409
0
LINE
8
BLACK
6
CONTINUOUS
10
0.6122047244094488
20
1.3132112204724409
11
0.6051473228346457
21
1.312416062992126
0
LINE
8
BLACK
6
CONTINUOUS
10
0.6051473228346457
20
1.312416062992126
11
0.6051471653543307
21
1.3124160236220472
0
LINE
8
BLACK
6
CONTINUOUS
10
0.6051471653543307
20
1.3124160236220472
11
0.5984439763779528
21
1.3100704330708661
0
LINE
8
BLACK
6
CONTINUOUS
10
0.5984439763779528
20
1.3100704330708661
11
0.598443937007874
21
1.3100704330708661
0
LINE
8
BLACK
6
CONTINUOUS
10
0.598443937007874
20
1.3100704330708661
11
0.5924307480314961
21
1.3062920866141732
0
LINE
8
BLACK
6
CONTINUOUS
10
0.5924307480314961
20
1.3062920866141732
11
0.5874087007874016
21
1.3012700393700787
0
LINE
8
BLACK
6
CONTINUOUS
10
0.5874087007874016
20
1.3012700393700787
11
0.5836303543307086
21
1.2952568503937008
0
LINE
8
BLACK
6
CONTINUOUS
10
0.5836303543307086
20
1.2952568503937008
11
0.5836303543307086
21
1.295256811023622
0
LINE
8
BLACK
6
CONTINUOUS
10
0.5836303543307086
20
1.295256811023622
11
0.5812847637795275
21
1.288553622047244
0
LINE
8
BLACK
6
CONTINUOUS
10
0.5812847637795275
20
1.288553622047244
11
0.5812847244094488
21
1.2885534645669292
0
LINE
8
BLACK
6
CONTINUOUS
10
0.5812847244094488
20
1.2885534645669292
11
0.5804895669291339
21
1.2814960629921259
0
LINE
8
BLACK
6
CONTINUOUS
10
0.5804895669291339
20
1.2814960629921259
11
0.5812847244094488
21
1.2744387007874016
0
LINE
8
BLACK
6
CONTINUOUS
10
0.5812847244094488
20
1.2744387007874016
11
0.5812847637795275
21
1.2744385433070866
0
LINE
8
BLACK
6
CONTINUOUS
10
0.5812847637795275
20
1.2744385433070866
11
0.5836303543307086
21
1.2677353543307086
0
LINE
8
BLACK
6
CONTINUOUS
10
0.5836303543307086
20
1.2677353543307086
11
0.5836303543307086
21
1.2677353149606299
0
LINE
8
BLACK
6
CONTINUOUS
10
0.5836303543307086
20
1.2677353149606299
11
0.5874087007874016
21
1.2617221259842519
0
LINE
8
BLACK
6
CONTINUOUS
10
0.5874087007874016
20
1.2617221259842519
11
0.5874088188976377
21
1.2617219685039369
0
LINE
8
BLACK
6
CONTINUOUS
10
0.5874088188976377
20
1.2617219685039369
11
0.5924306299212598
21
1.2567001574803149
0
LINE
8
BLACK
6
CONTINUOUS
10
0.5924306299212598
20
1.2567001574803149
11
0.5984440157480315
21
1.2529216929133857
0
LINE
8
BLACK
6
CONTINUOUS
10
0.5984440157480315
20
1.2529216929133857
11
0.6011282283464566
21
1.2519824409448819
0
LINE
8
BLACK
6
CONTINUOUS
10
0.6011282283464566
20
1.2519824409448819
11
0.6051471653543307
21
1.2505761417322834
0
LINE
8
BLACK
6
CONTINUOUS
10
0.6051471653543307
20
1.2505761417322834
11
0.6051473228346457
21
1.2505761023622046
0
LINE
8
BLACK
6
CONTINUOUS
10
0.6051473228346457
20
1.2505761023622046
11
0.6051474409448819
21
1.2505760629921259
0
LINE
8
BLACK
6
CONTINUOUS
10
0.6051474409448819
20
1.2505760629921259
11
0.6122047244094488
21
1.249780905511811
0
LINE
8
BLACK
6
CONTINUOUS
10
0.6122047244094488
20
1.249780905511811
11
0.6192620078740158
21
1.2505760629921259
0
LINE
8
BLACK
6
CONTINUOUS
10
0.6192620078740158
20
1.2505760629921259
11
0.6259654330708662
21
1.2529216929133857
0
LINE
8
BLACK
6
CONTINUOUS
10
0.6259654330708662
20
1.2529216929133857
11
0.6319788188976377
21
1.2567001574803149
0
LINE
8
BLACK
6
CONTINUOUS
10
0.6319788188976377
20
1.2567001574803149
11
0.6319914566929133
21
1.2567128346456693
0
LINE
8
BLACK
6
CONTINUOUS
10
0.6319914566929133
20
1.2567128346456693
11
0.6320002755905512
21
1.2567173228346455
0
LINE
8
BLACK
6
CONTINUOUS
10
0.6320002755905512
20
1.2567173228346455
11
0.6321498031496063
21
1.2568365354330708
0
LINE
8
BLACK
6
CONTINUOUS
10
0.6321498031496063
20
1.2568365354330708
11
0.6321742125984252
21
1.2568059448818898
0
LINE
8
BLACK
6
CONTINUOUS
10
0.6321742125984252
20
1.2568059448818898
11
0.634137716535433
21
1.2578063385826772
0
LINE
8
BLACK
6
CONTINUOUS
10
0.634137716535433
20
1.2578063385826772
11
0.6347474409448819
21
1.2578543307086614
0
LINE
8
BLACK
6
CONTINUOUS
10
0.6347474409448819
20
1.2578543307086614
11
0.7618307086614173
21
1.2578543307086614
0
LINE
8
BLACK
6
CONTINUOUS
10
0.7618307086614173
20
1.2578543307086614
11
0.7641216929133858
21
1.2571099606299212
0
LINE
8
BLACK
6
CONTINUOUS
10
0.7641216929133858
20
1.2571099606299212
11
0.7655375984251969
21
1.2551611417322834
0
LINE
8
BLACK
6
CONTINUOUS
10
0.7655375984251969
20
1.2551611417322834
11
0.7657283464566929
21
1.2539566929133859
0
LINE
8
BLACK
6
CONTINUOUS
10
0.7657283464566929
20
1.2539566929133859
11
0.7657283464566929
21
0.9267615748031496
0
LINE
8
BLACK
6
CONTINUOUS
10
0.7657283464566929
20
0.9267615748031496
11
0.7649839763779528
21
0.9244705905511811
0
LINE
8
BLACK
6
CONTINUOUS
10
0.7649839763779528
20
0.9244705905511811
11
0.7645867716535433
21
0.9240055118110236
0
LINE
8
BLACK
6
CONTINUOUS
10
0.7645867716535433
20
0.9240055118110236
11
0.5297749606299212
21
0.6891937007874016
0
LINE
8
BLACK
6
CONTINUOUS
10
0.5297749606299212
20
0.6891937007874016
11
0.5297749212598425
21
0.6891937401574803
0
LINE
8
BLACK
6
CONTINUOUS
10
0.5297749212598425
20
0.6891937401574803
11
0.525373188976378
21
0.684791968503937
0
LINE
8
BLACK
6
CONTINUOUS
10
0.525373188976378
20
0.684791968503937
11
0.5233999606299212
21
0.6813742125984252
0
LINE
8
BLACK
6
CONTINUOUS
10
0.5233999606299212
20
0.6813742125984252
11
0.5222608267716535
21
0.6794012204724409
0
LINE
8
BLACK
6
CONTINUOUS
10
0.5222608267716535
20
0.6794012204724409
11
0.522260748031496
21
0.679401062992126
0
LINE
8
BLACK
6
CONTINUOUS
10
0.522260748031496
20
0.679401062992126
11
0.522260748031496
21
0.6794009842519685
0
LINE
8
BLACK
6
CONTINUOUS
10
0.522260748031496
20
0.6794009842519685
11
0.5206495669291339
21
0.6733880708661417
0
LINE
8
BLACK
6
CONTINUOUS
10
0.5206495669291339
20
0.6733880708661417
11
0.5206495669291339
21
0.6733879921259842
0
LINE
8
BLACK
6
CONTINUOUS
10
0.5206495669291339
20
0.6733879921259842
11
0.5206495669291339
21
0.6668491732283465
0
LINE
8
BLACK
6
CONTINUOUS
10
0.5206495669291339
20
0.6668491732283465
11
0.5206496062992126
21
0.6668486614173228
0
LINE
8
BLACK
6
CONTINUOUS
10
0.5206496062992126
20
0.6668486614173228
11
0.5206496062992126
21
0.6632907874015748
0
LINE
8
BLACK
6
CONTINUOUS
10
0.5206496062992126
20
0.6632907874015748
11
0.5199052362204725
21
0.6609998031496063
0
LINE
8
BLACK
6
CONTINUOUS
10
0.5199052362204725
20
0.6609998031496063
11
0.5195083464566929
21
0.6605350787401575
0
LINE
8
BLACK
6
CONTINUOUS
10
0.5195083464566929
20
0.6605350787401575
11
0.5194956299212599
21
0.6605224015748031
0
LINE
8
BLACK
6
CONTINUOUS
10
0.5194956299212599
20
0.6605224015748031
11
0.51949531496063
21
0.6605220078740157
0
LINE
8
BLACK
6
CONTINUOUS
10
0.51949531496063
20
0.6605220078740157
11
0.515716968503937
21
0.6545088188976378
0
LINE
8
BLACK
6
CONTINUOUS
10
0.515716968503937
20
0.6545088188976378
11
0.515716968503937
21
0.654508779527559
0
LINE
8
BLACK
6
CONTINUOUS
10
0.515716968503937
20
0.654508779527559
11
0.5133713779527559
21
0.6478055905511811
0
LINE
8
BLACK
6
CONTINUOUS
10
0.5133713779527559
20
0.6478055905511811
11
0.5133713385826771
21
0.6478054330708661
0
LINE
8
BLACK
6
CONTINUOUS
10
0.5133713385826771
20
0.6478054330708661
11
0.5125761811023621
21
0.640748031496063
0
LINE
8
BLACK
6
CONTINUOUS
10
0.5125761811023621
20
0.640748031496063
11
0.5133713385826771
21
0.6336906692913385
0
LINE
8
BLACK
6
CONTINUOUS
10
-0.1417520078740157
20
2.070041535433071
11
-0.1417520078740157
21
2.0635027165354329
0
LINE
8
BLACK
6
CONTINUOUS
10
-0.1417520078740157
20
2.0635027165354329
11
-0.141751968503937
21
2.0635022047244096
0
LINE
8
BLACK
6
CONTINUOUS
10
-0.141751968503937
20
2.0635022047244096
11
-0.141751968503937
21
1.0269738976377953
0
LINE
8
BLACK
6
CONTINUOUS
10
-0.141751968503937
20
1.0269738976377953
11
-0.1417520078740157
21
1.026973188976378
0
LINE
8
BLACK
6
CONTINUOUS
10
-0.1417520078740157
20
1.026973188976378
11
-0.1417520078740157
21
1.0267345275590551
0
LINE
8
BLACK
6
CONTINUOUS
10
-0.1417520078740157
20
1.0267345275590551
11
-0.1417520078740157
21
1.0205095669291337
0
LINE
8
BLACK
6
CONTINUOUS
10
-0.1417520078740157
20
1.0205095669291337
11
-0.1401408267716535
21
1.0144966929133858
0
LINE
8
BLACK
6
CONTINUOUS
10
-0.1401408267716535
20
1.0144966929133858
11
-0.1401407480314961
21
1.0144965354330708
0
LINE
8
BLACK
6
CONTINUOUS
10
-0.1401407480314961
20
1.0144965354330708
11
-0.1390015748031496
21
1.0125234251968505
0
LINE
8
BLACK
6
CONTINUOUS
10
-0.1390015748031496
20
1.0125234251968505
11
-0.1390015354330709
21
1.0125234251968505
0
LINE
8
BLACK
6
CONTINUOUS
10
-0.1390015354330709
20
1.0125234251968505
11
-0.1370283464566929
21
1.0091056692913385
0
LINE
8
BLACK
6
CONTINUOUS
10
-0.1370283464566929
20
1.0091056692913385
11
-0.1326266141732284
21
1.0047039370078741
0
LINE
8
BLACK
6
CONTINUOUS
10
-0.1326266141732284
20
1.0047039370078741
11
-0.1326265354330709
21
1.0047038976377953
0
LINE
8
BLACK
6
CONTINUOUS
10
-0.1326265354330709
20
1.0047038976377953
11
-0.0934848818897638
21
0.9655622440944882
0
LINE
8
BLACK
6
CONTINUOUS
10
-0.0934848818897638
20
0.9655622440944882
11
-0.0923912992125984
21
0.963415905511811
0
LINE
8
BLACK
6
CONTINUOUS
10
-0.0923912992125984
20
0.963415905511811
11
-0.0923678346456693
21
0.9632426377952755
0
LINE
8
BLACK
6
CONTINUOUS
10
-0.0923678346456693
20
0.9632426377952755
11
-0.0919436614173228
21
0.9594783464566929
0
LINE
8
BLACK
6
CONTINUOUS
10
-0.0919436614173228
20
0.9594783464566929
11
-0.0919435826771653
21
0.9594779133858268
0
LINE
8
BLACK
6
CONTINUOUS
10
-0.0919435826771653
20
0.9594779133858268
11
-0.0895979921259843
21
0.9527747244094488
0
LINE
8
BLACK
6
CONTINUOUS
10
-0.0895979921259843
20
0.9527747244094488
11
-0.0895979921259843
21
0.95277468503937
0
LINE
8
BLACK
6
CONTINUOUS
10
-0.0895979921259843
20
0.95277468503937
11
-0.0858196456692913
21
0.9467614960629921
0
LINE
8
BLACK
6
CONTINUOUS
10
-0.0858196456692913
20
0.9467614960629921
11
-0.0858195275590551
21
0.9467613385826772
0
LINE
8
BLACK
6
CONTINUOUS
10
-0.0858195275590551
20
0.9467613385826772
11
-0.0807977165354331
21
0.9417395275590551
0
LINE
8
BLACK
6
CONTINUOUS
10
-0.0807977165354331
20
0.9417395275590551
11
-0.0747843307086614
21
0.937961062992126
0
LINE
8
BLACK
6
CONTINUOUS
10
-0.0747843307086614
20
0.937961062992126
11
-0.0721001181102362
21
0.937021811023622
0
LINE
8
BLACK
6
CONTINUOUS
10
-0.0721001181102362
20
0.937021811023622
11
-0.0680811811023622
21
0.9356155118110236
0
LINE
8
BLACK
6
CONTINUOUS
10
-0.0680811811023622
20
0.9356155118110236
11
-0.0680810236220472
21
0.9356154724409449
0
LINE
8
BLACK
6
CONTINUOUS
10
-0.0680810236220472
20
0.9356154724409449
11
-0.068080905511811
21
0.9356154330708661
0
LINE
8
BLACK
6
CONTINUOUS
10
-0.068080905511811
20
0.9356154330708661
11
-0.0610236220472441
21
0.9348202755905511
0
LINE
8
BLACK
6
CONTINUOUS
10
-0.0610236220472441
20
0.9348202755905511
11
-0.0539663385826772
21
0.9356154330708661
0
LINE
8
BLACK
6
CONTINUOUS
10
-0.0539663385826772
20
0.9356154330708661
11
-0.0472629133858268
21
0.937961062992126
0
LINE
8
BLACK
6
CONTINUOUS
10
-0.0472629133858268
20
0.937961062992126
11
-0.0412495275590551
21
0.9417395275590551
0
LINE
8
BLACK
6
CONTINUOUS
10
-0.0412495275590551
20
0.9417395275590551
11
-0.0362277165354331
21
0.9467613385826772
0
LINE
8
BLACK
6
CONTINUOUS
10
-0.0362277165354331
20
0.9467613385826772
11
-0.0324492519685039
21
0.9527747244094488
0
LINE
8
BLACK
6
CONTINUOUS
10
-0.0324492519685039
20
0.9527747244094488
11
-0.0301036220472441
21
0.9594781496062992
0
LINE
8
BLACK
6
CONTINUOUS
10
-0.0301036220472441
20
0.9594781496062992
11
-0.0293084645669291
21
0.9665354330708661
0
LINE
8
BLACK
6
CONTINUOUS
10
-0.0293084645669291
20
0.9665354330708661
11
-0.0301036220472441
21
0.973592716535433
0
LINE
8
BLACK
6
CONTINUOUS
10
-0.0301036220472441
20
0.973592716535433
11
-0.0324492519685039
21
0.9802961417322834
0
LINE
8
BLACK
6
CONTINUOUS
10
-0.0324492519685039
20
0.9802961417322834
11
-0.0362277165354331
21
0.9863095275590551
0
LINE
8
BLACK
6
CONTINUOUS
10
-0.0362277165354331
20
0.9863095275590551
11
-0.0386103937007874
21
0.9886922047244094
0
LINE
8
BLACK
6
CONTINUOUS
10
-0.0386103937007874
20
0.9886922047244094
11
-0.0402994881889764
21
0.9889597244094488
0
LINE
8
BLACK
6
CONTINUOUS
10
-0.0402994881889764
20
0.9889597244094488
11
-0.0446895275590551
21
0.9911965748031496
0
LINE
8
BLACK
6
CONTINUOUS
10
-0.0446895275590551
20
0.9911965748031496
11
-0.0481735039370079
21
0.9946805511811023
0
LINE
8
BLACK
6
CONTINUOUS
10
-0.0481735039370079
20
0.9946805511811023
11
-0.0486372834645669
21
0.9955907480314961
0
LINE
8
BLACK
6
CONTINUOUS
10
-0.0486372834645669
20
0.9955907480314961
11
-0.0539661023622047
21
0.9974553937007874
0
LINE
8
BLACK
6
CONTINUOUS
10
-0.0539661023622047
20
0.9974553937007874
11
-0.0539665354330709
21
0.9974554724409449
0
LINE
8
BLACK
6
CONTINUOUS
10
-0.0539665354330709
20
0.9974554724409449
11
-0.0577308267716535
21
0.9978796456692913
0
LINE
8
BLACK
6
CONTINUOUS
10
-0.0577308267716535
20
0.9978796456692913
11
-0.0599240157480315
21
0.9988758661417323
0
LINE
8
BLACK
6
CONTINUOUS
10
-0.0599240157480315
20
0.9988758661417323
11
-0.0600504330708661
21
0.9989966929133858
0
LINE
8
BLACK
6
CONTINUOUS
10
-0.0600504330708661
20
0.9989966929133858
11
-0.0933269291338583
21
1.0322732283464566
0
LINE
8
BLACK
6
CONTINUOUS
10
-0.0933269291338583
20
1.0322732283464566
11
-0.0944205118110236
21
1.0344195669291338
0
LINE
8
BLACK
6
CONTINUOUS
10
-0.0944205118110236
20
1.0344195669291338
11
-0.0944685039370079
21
1.0350292913385826
0
LINE
8
BLACK
6
CONTINUOUS
10
-0.0944685039370079
20
1.0350292913385826
11
-0.0944685039370079
21
2.0509260629921258
0
LINE
8
BLACK
6
CONTINUOUS
10
-0.0944685039370079
20
2.0509260629921258
11
-0.0944685039370079
21
2.055521929133858
0
LINE
8
BLACK
6
CONTINUOUS
10
-0.0944685039370079
20
2.055521929133858
11
-0.0937241338582677
21
2.0578129133858267
0
LINE
8
BLACK
6
CONTINUOUS
10
-0.0937241338582677
20
2.0578129133858267
11
-0.0933269291338583
21
2.0582779921259844
0
LINE
8
BLACK
6
CONTINUOUS
10
-0.0933269291338583
20
2.0582779921259844
11
0.032273188976378
21
2.1838781102362206
0
LINE
8
BLACK
6
CONTINUOUS
10
0.032273188976378
20
2.1838781102362206
11
0.0344195275590551
21
2.1849716929133858
0
LINE
8
BLACK
6
CONTINUOUS
10
0.0344195275590551
20
2.1849716929133858
11
0.0350292519685039
21
2.1850196850393702
0
LINE
8
BLACK
6
CONTINUOUS
10
0.0350292519685039
20
2.1850196850393702
11
0.3352308661417323
21
2.1850196850393702
0
LINE
8
BLACK
6
CONTINUOUS
10
0.3352308661417323
20
2.1850196850393702
11
0.3352314960629921
21
2.1850196456692914
0
LINE
8
BLACK
6
CONTINUOUS
10
0.3352314960629921
20
2.1850196456692914
11
0.3354701968503937
21
2.1850196456692914
0
LINE
8
BLACK
6
CONTINUOUS
10
0.3354701968503937
20
2.1850196456692914
11
0.3416950787401575
21
2.1850196456692914
0
LINE
8
BLACK
6
CONTINUOUS
10
0.3416950787401575
20
2.1850196456692914
11
0.3416951574803149
21
2.1850196456692914
0
LINE
8
BLACK
6
CONTINUOUS
10
0.3416951574803149
20
2.1850196456692914
11
0.3477080708661417
21
2.1866308267716534
0
LINE
8
BLACK
6
CONTINUOUS
10
0.3477080708661417
20
2.1866308267716534
11
0.3497892519685039
21
2.187832401574803
0
LINE
8
BLACK
6
CONTINUOUS
10
0.3497892519685039
20
2.187832401574803
11
0.3497893307086614
21
2.1878324803149605
0
LINE
8
BLACK
6
CONTINUOUS
10
0.3497893307086614
20
2.1878324803149605
11
0.3497894094488189
21
2.1878324803149605
0
LINE
8
BLACK
6
CONTINUOUS
10
0.3497894094488189
20
2.1878324803149605
11
0.3517706692913386
21
2.188976377952756
0
LINE
8
BLACK
6
CONTINUOUS
10
0.3517706692913386
20
2.188976377952756
11
0.3530990551181102
21
2.1897433070866139
0
LINE
8
BLACK
6
CONTINUOUS
10
0.3530990551181102
20
2.1897433070866139
11
0.3575007874015748
21
2.1941450393700785
0
LINE
8
BLACK
6
CONTINUOUS
10
0.3575007874015748
20
2.1941450393700785
11
0.3575008267716535
21
2.1941451574803148
0
LINE
8
BLACK
6
CONTINUOUS
10
0.3575008267716535
20
2.1941451574803148
11
0.4496267716535433
21
2.2862710236220471
0
LINE
8
BLACK
6
CONTINUOUS
10
0.4496267716535433
20
2.2862710236220471
11
0.452739251968504
21
2.2916620472440945
0
LINE
8
BLACK
6
CONTINUOUS
10
0.452739251968504
20
2.2916620472440945
11
0.4543504330708661
21
2.2976749212598424
0
LINE
8
BLACK
6
CONTINUOUS
10
0.4543504330708661
20
2.2976749212598424
11
0.4543504330708661
21
2.2979724803149604
0
LINE
8
BLACK
6
CONTINUOUS
10
0.4543504330708661
20
2.2979724803149604
11
0.4550948031496063
21
2.3002634645669291
0
LINE
8
BLACK
6
CONTINUOUS
10
0.4550948031496063
20
2.3002634645669291
11
0.4570436220472441
21
2.3016793700787401
0
LINE
8
BLACK
6
CONTINUOUS
10
0.4570436220472441
20
2.3016793700787401
11
0.4582480708661417
21
2.3018701181102363
0
LINE
8
BLACK
6
CONTINUOUS
10
0.4582480708661417
20
2.3018701181102363
11
0.4619496456692913
21
2.3018701181102363
0
LINE
8
BLACK
6
CONTINUOUS
10
0.4619496456692913
20
2.3018701181102363
11
0.4619496850393701
21
2.3018701574803151
0
LINE
8
BLACK
6
CONTINUOUS
10
0.4619496850393701
20
2.3018701574803151
11
0.4637957086614173
21
2.3021625196850395
0
LINE
8
BLACK
6
CONTINUOUS
10
0.4637957086614173
20
2.3021625196850395
11
0.4656416929133858
21
2.3024548425196851
0
LINE
8
BLACK
6
CONTINUOUS
10
0.4656416929133858
20
2.3024548425196851
11
0.4656416929133858
21
2.3024548818897639
0
LINE
8
BLACK
6
CONTINUOUS
10
0.4656416929133858
20
2.3024548818897639
11
0.4656418897637795
21
2.3024548818897639
0
LINE
8
BLACK
6
CONTINUOUS
10
0.4656418897637795
20
2.3024548818897639
11
0.4700922047244094
21
2.3047224409448819
0
LINE
8
BLACK
6
CONTINUOUS
10
0.4700922047244094
20
2.3047224409448819
11
0.4736240157480315
21
2.3082542519685041
0
LINE
8
BLACK
6
CONTINUOUS
10
0.4736240157480315
20
2.3082542519685041
11
0.4758915748031496
21
2.312704566929134
0
LINE
8
BLACK
6
CONTINUOUS
10
0.4758915748031496
20
2.312704566929134
11
0.4764763779527559
21
2.3163968897637797
0
LINE
8
BLACK
6
CONTINUOUS
10
0.4764763779527559
20
2.3163968897637797
11
0.4764763385826771
21
2.378878661417323
0
LINE
8
BLACK
6
CONTINUOUS
10
0.4764763385826771
20
2.378878661417323
11
0.4764763385826771
21
2.3788787007874017
0
LINE
8
BLACK
6
CONTINUOUS
10
0.4764763385826771
20
2.3788787007874017
11
0.4764763385826771
21
2.3788788188976375
0
LINE
8
BLACK
6
CONTINUOUS
10
0.4764763385826771
20
2.3788788188976375
11
0.4764762992125984
21
2.378878897637795
0
LINE
8
BLACK
6
CONTINUOUS
10
0.4764762992125984
20
2.378878897637795
11
0.4758916141732283
21
2.3825708661417324
0
LINE
8
BLACK
6
CONTINUOUS
10
0.4758916141732283
20
2.3825708661417324
11
0.4758915748031496
21
2.3825709448818899
0
LINE
8
BLACK
6
CONTINUOUS
10
0.4758915748031496
20
2.3825709448818899
11
0.4758915748031496
21
2.382571023622047
0
LINE
8
BLACK
6
CONTINUOUS
10
0.4758915748031496
20
2.382571023622047
11
0.4736240157480315
21
2.3870213385826773
0
LINE
8
BLACK
6
CONTINUOUS
10
0.4736240157480315
20
2.3870213385826773
11
0.4700922047244094
21
2.3905531496062991
0
LINE
8
BLACK
6
CONTINUOUS
10
0.4700922047244094
20
2.3905531496062991
11
0.4656418897637795
21
2.3928207086614171
0
LINE
8
BLACK
6
CONTINUOUS
10
0.4656418897637795
20
2.3928207086614171
11
0.4656419291338583
21
2.3928207086614171
0
LINE
8
BLACK
6
CONTINUOUS
10
0.4656419291338583
20
2.3928207086614171
11
0.4619496850393701
21
2.3934055118110238
0
LINE
8
BLACK
6
CONTINUOUS
10
0.4619496850393701
20
2.3934055118110238
11
0.4619495669291339
21
2.3934055118110238
0
LINE
8
BLACK
6
CONTINUOUS
10
0.4619495669291339
20
2.3934055118110238
11
0.458248031496063
21
2.3934055118110238
0
LINE
8
BLACK
6
CONTINUOUS
10
0.458248031496063
20
2.3934055118110238
11
0.4559570472440945
21
2.3941498818897635
0
LINE
8
BLACK
6
CONTINUOUS
10
0.4559570472440945
20
2.3941498818897635
11
0.4545411417322834
21
2.3960987007874017
0
LINE
8
BLACK
6
CONTINUOUS
10
0.4545411417322834
20
2.3960987007874017
11
0.4543503937007874
21
2.3973031496062993
0
LINE
8
BLACK
6
CONTINUOUS
10
0.4543503937007874
20
2.3973031496062993
11
0.4543503937007874
21
2.3979724803149605
0
LINE
8
BLACK
6
CONTINUOUS
10
0.4543503937007874
20
2.3979724803149605
11
0.4550947637795276
21
2.4002634645669292
0
LINE
8
BLACK
6
CONTINUOUS
10
0.4550947637795276
20
2.4002634645669292
11
0.4570435826771653
21
2.4016793700787402
0
LINE
8
BLACK
6
CONTINUOUS
10
0.4570435826771653
20
2.4016793700787402
11
0.458248031496063
21
2.401870118110236
0
LINE
8
BLACK
6
CONTINUOUS
10
0.458248031496063
20
2.401870118110236
11
0.4619496456692913
21
2.401870118110236
0
LINE
8
BLACK
6
CONTINUOUS
10
0.4619496456692913
20
2.401870118110236
11
0.4619496850393701
21
2.4018701574803147
0
LINE
8
BLACK
6
CONTINUOUS
10
0.4619496850393701
20
2.4018701574803147
11
0.4637957086614173
21
2.4021625196850391
0
LINE
8
BLACK
6
CONTINUOUS
10
0.4637957086614173
20
2.4021625196850391
11
0.4656416929133858
21
2.4024548425196848
0
LINE
8
BLACK
6
CONTINUOUS
10
0.4656416929133858
20
2.4024548425196848
11
0.4656416929133858
21
2.4024548818897635
0
LINE
8
BLACK
6
CONTINUOUS
10
0.4656416929133858
20
2.4024548818897635
11
0.4656418897637795
21
2.4024548818897635
0
LINE
8
BLACK
6
CONTINUOUS
10
0.4656418897637795
20
2.4024548818897635
11
0.4700922047244094
21
2.404722440944882
0
LINE
8
BLACK
6
CONTINUOUS
10
0.4700922047244094
20
2.404722440944882
11
0.4736240157480315
21
2.4082542519685037
0
LINE
8
BLACK
6
CONTINUOUS
10
0.4736240157480315
20
2.4082542519685037
11
0.4758915748031496
21
2.4127045669291336
0
LINE
8
BLACK
6
CONTINUOUS
10
0.4758915748031496
20
2.4127045669291336
11
0.4764763779527559
21
2.4163968897637793
0
LINE
8
BLACK
6
CONTINUOUS
10
0.4764763779527559
20
2.4163968897637793
11
0.4764763385826771
21
2.4788786614173226
0
LINE
8
BLACK
6
CONTINUOUS
10
0.4764763385826771
20
2.4788786614173226
11
0.4764763385826771
21
2.4788787007874014
0
LINE
8
BLACK
6
CONTINUOUS
10
0.4764763385826771
20
2.4788787007874014
11
0.4764763385826771
21
2.4788788188976376
0
LINE
8
BLACK
6
CONTINUOUS
10
0.4764763385826771
20
2.4788788188976376
11
0.4764762992125984
21
2.4788788976377951
0
LINE
8
BLACK
6
CONTINUOUS
10
0.4764762992125984
20
2.4788788976377951
11
0.4758916141732283
21
2.4825708661417321
0
LINE
8
BLACK
6
CONTINUOUS
10
0.4758916141732283
20
2.4825708661417321
11
0.4758915748031496
21
2.4825709448818896
0
LINE
8
BLACK
6
CONTINUOUS
10
0.4758915748031496
20
2.4825709448818896
11
0.4758915748031496
21
2.4825710236220471
0
LINE
8
BLACK
6
CONTINUOUS
10
0.4758915748031496
20
2.4825710236220471
11
0.4736240157480315
21
2.4870213385826769
0
LINE
8
BLACK
6
CONTINUOUS
10
0.4736240157480315
20
2.4870213385826769
11
0.4700922047244094
21
2.4905531496062991
0
LINE
8
BLACK
6
CONTINUOUS
10
0.4700922047244094
20
2.4905531496062991
11
0.4656418897637795
21
2.4928207086614171
0
LINE
8
BLACK
6
CONTINUOUS
10
0.4656418897637795
20
2.4928207086614171
11
0.4656419291338583
21
2.4928207086614171
0
LINE
8
BLACK
6
CONTINUOUS
10
0.4656419291338583
20
2.4928207086614171
11
0.4619496456692913
21
2.4934055118110234
0
LINE
8
BLACK
6
CONTINUOUS
10
0.4619496456692913
20
2.4934055118110234
11
0.3994676377952756
21
2.4934055118110234
0
LINE
8
BLACK
6
CONTINUOUS
10
0.3994676377952756
20
2.4934055118110234
11
0.3994675590551181
21
2.4934054724409447
0
LINE
8
BLACK
6
CONTINUOUS
10
0.3994675590551181
20
2.4934054724409447
11
0.3957755905511811
21
2.4928207874015746
0
LINE
8
BLACK
6
CONTINUOUS
10
0.3957755905511811
20
2.4928207874015746
11
0.3957753937007874
21
2.4928207086614171
0
LINE
8
BLACK
6
CONTINUOUS
10
0.3957753937007874
20
2.4928207086614171
11
0.3913251574803149
21
2.4905531889763779
0
LINE
8
BLACK
6
CONTINUOUS
10
0.3913251574803149
20
2.4905531889763779
11
0.3877932677165354
21
2.4870212992125982
0
LINE
8
BLACK
6
CONTINUOUS
10
0.3877932677165354
20
2.4870212992125982
11
0.385525748031496
21
2.4825710629921258
0
LINE
8
BLACK
6
CONTINUOUS
10
0.385525748031496
20
2.4825710629921258
11
0.3849409448818897
21
2.4788788188976376
0
LINE
8
BLACK
6
CONTINUOUS
10
0.3849409448818897
20
2.4788788188976376
11
0.3849409448818897
21
2.4163968110236218
0
LINE
8
BLACK
6
CONTINUOUS
10
0.3849409448818897
20
2.4163968110236218
11
0.3849409842519685
21
2.4163967322834643
0
LINE
8
BLACK
6
CONTINUOUS
10
0.3849409842519685
20
2.4163967322834643
11
0.3855256692913386
21
2.4127047637795274
0
LINE
8
BLACK
6
CONTINUOUS
10
0.3855256692913386
20
2.4127047637795274
11
0.385525748031496
21
2.4127045669291336
0
LINE
8
BLACK
6
CONTINUOUS
10
0.385525748031496
20
2.4127045669291336
11
0.3877933070866142
21
2.4082542519685037
0
LINE
8
BLACK
6
CONTINUOUS
10
0.3877933070866142
20
2.4082542519685037
11
0.3913251181102362
21
2.404722440944882
0
LINE
8
BLACK
6
CONTINUOUS
10
0.3913251181102362
20
2.404722440944882
11
0.3957754330708662
21
2.4024548818897635
0
LINE
8
BLACK
6
CONTINUOUS
10
0.3957754330708662
20
2.4024548818897635
11
0.3994677559055118
21
2.4018700787401572
0
LINE
8
BLACK
6
CONTINUOUS
10
0.3994677559055118
20
2.4018700787401572
11
0.4031692913385826
21
2.401870118110236
0
LINE
8
BLACK
6
CONTINUOUS
10
0.4031692913385826
20
2.401870118110236
11
0.4054602362204724
21
2.4011257480314958
0
LINE
8
BLACK
6
CONTINUOUS
10
0.4054602362204724
20
2.4011257480314958
11
0.4068761417322835
21
2.3991769685039368
0
LINE
8
BLACK
6
CONTINUOUS
10
0.4068761417322835
20
2.3991769685039368
11
0.4070669291338583
21
2.3979724803149605
0
LINE
8
BLACK
6
CONTINUOUS
10
0.4070669291338583
20
2.3979724803149605
11
0.4070669291338583
21
2.3973031496062993
0
LINE
8
BLACK
6
CONTINUOUS
10
0.4070669291338583
20
2.3973031496062993
11
0.4063225590551181
21
2.3950121653543306
0
LINE
8
BLACK
6
CONTINUOUS
10
0.4063225590551181
20
2.3950121653543306
11
0.4043737401574803
21
2.3935962598425196
0
LINE
8
BLACK
6
CONTINUOUS
10
0.4043737401574803
20
2.3935962598425196
11
0.4031693307086614
21
2.3934055118110238
0
LINE
8
BLACK
6
CONTINUOUS
10
0.4031693307086614
20
2.3934055118110238
11
0.3994676771653543
21
2.3934055118110238
0
LINE
8
BLACK
6
CONTINUOUS
10
0.3994676771653543
20
2.3934055118110238
11
0.3994675590551181
21
2.393405472440945
0
LINE
8
BLACK
6
CONTINUOUS
10
0.3994675590551181
20
2.393405472440945
11
0.3957755905511811
21
2.3928207874015746
0
LINE
8
BLACK
6
CONTINUOUS
10
0.3957755905511811
20
2.3928207874015746
11
0.3957753937007874
21
2.3928207086614171
0
LINE
8
BLACK
6
CONTINUOUS
10
0.3957753937007874
20
2.3928207086614171
11
0.3913251574803149
21
2.3905531889763778
0
LINE
8
BLACK
6
CONTINUOUS
10
0.3913251574803149
20
2.3905531889763778
11
0.3877932677165354
21
2.3870212992125985
0
LINE
8
BLACK
6
CONTINUOUS
10
0.3877932677165354
20
2.3870212992125985
11
0.385525748031496
21
2.3825710629921257
0
LINE
8
BLACK
6
CONTINUOUS
10
0.385525748031496
20
2.3825710629921257
11
0.3849409448818897
21
2.3788788188976375
0
LINE
8
BLACK
6
CONTINUOUS
10
0.3849409448818897
20
2.3788788188976375
11
0.3849409448818897
21
2.3163968110236222
0
LINE
8
BLACK
6
CONTINUOUS
10
0.3849409448818897
20
2.3163968110236222
11
0.3849409842519685
21
2.3163967322834647
0
LINE
8
BLACK
6
CONTINUOUS
10
0.3849409842519685
20
2.3163967322834647
11
0.3855256692913386
21
2.3127047637795277
0
LINE
8
BLACK
6
CONTINUOUS
10
0.3855256692913386
20
2.3127047637795277
11
0.385525748031496
21
2.312704566929134
0
LINE
8
BLACK
6
CONTINUOUS
10
0.385525748031496
20
2.312704566929134
11
0.3877933070866142
21
2.3082542519685041
0
LINE
8
BLACK
6
CONTINUOUS
10
0.3877933070866142
20
2.3082542519685041
11
0.3913251181102362
21
2.3047224409448819
0
LINE
8
BLACK
6
CONTINUOUS
10
0.3913251181102362
20
2.3047224409448819
11
0.393093031496063
21
2.3038216535433071
0
LINE
8
BLACK
6
CONTINUOUS
10
0.393093031496063
20
2.3038216535433071
11
0.3947962598425197
21
2.3021184251968503
0
LINE
8
BLACK
6
CONTINUOUS
10
0.3947962598425197
20
2.3021184251968503
11
0.3951731102362205
21
2.2997392125984253
0
LINE
8
BLACK
6
CONTINUOUS
10
0.3951731102362205
20
2.2997392125984253
11
0.3940795275590551
21
2.2975928740157481
0
LINE
8
BLACK
6
CONTINUOUS
10
0.3940795275590551
20
2.2975928740157481
11
0.3940795275590551
21
2.2975928346456693
0
LINE
8
BLACK
6
CONTINUOUS
10
0.3940795275590551
20
2.2975928346456693
11
0.3299315354330709
21
2.2334447244094489
0
LINE
8
BLACK
6
CONTINUOUS
10
0.3299315354330709
20
2.2334447244094489
11
0.3277851968503937
21
2.2323511417322832
0
LINE
8
BLACK
6
CONTINUOUS
10
0.3277851968503937
20
2.2323511417322832
11
0.3271754724409449
21
2.2323031496062993
0
LINE
8
BLACK
6
CONTINUOUS
10
0.3271754724409449
20
2.2323031496062993
11
0.0269738582677165
21
2.2323031496062993
0
LINE
8
BLACK
6
CONTINUOUS
10
0.0269738582677165
20
2.2323031496062993
11
0.0269732283464567
21
2.232303188976378
0
LINE
8
BLACK
6
CONTINUOUS
10
0.0269732283464567
20
2.232303188976378
11
0.0267345275590551
21
2.232303188976378
0
LINE
8
BLACK
6
CONTINUOUS
10
0.0267345275590551
20
2.232303188976378
11
0.0205095669291339
21
2.232303188976378
0
LINE
8
BLACK
6
CONTINUOUS
10
0.0205095669291339
20
2.232303188976378
11
0.0144966535433071
21
2.2306920078740156
0
LINE
8
BLACK
6
CONTINUOUS
10
0.0144966535433071
20
2.2306920078740156
11
0.0144965748031496
21
2.2306920078740156
0
LINE
8
BLACK
6
CONTINUOUS
10
0.0144965748031496
20
2.2306920078740156
11
0.0144964173228346
21
2.2306919291338581
0
LINE
8
BLACK
6
CONTINUOUS
10
0.0144964173228346
20
2.2306919291338581
11
0.0125234251968504
21
2.2295527952755907
0
LINE
8
BLACK
6
CONTINUOUS
10
0.0125234251968504
20
2.2295527952755907
11
0.0091056692913386
21
2.2275795669291338
0
LINE
8
BLACK
6
CONTINUOUS
10
0.0091056692913386
20
2.2275795669291338
11
0.0047038976377953
21
2.2231778346456692
0
LINE
8
BLACK
6
CONTINUOUS
10
0.0047038976377953
20
2.2231778346456692
11
0.004703937007874
21
2.2231777952755905
0
LINE
8
BLACK
6
CONTINUOUS
10
0.004703937007874
20
2.2231777952755905
11
0.0047038582677165
21
2.2231777165354329
0
LINE
8
BLACK
6
CONTINUOUS
10
0.0047038582677165
20
2.2231777165354329
11
-0.1326265354330709
21
2.0858473228346455
0
LINE
8
BLACK
6
CONTINUOUS
10
-0.1326265354330709
20
2.0858473228346455
11
-0.1326266141732284
21
2.085847244094488
0
LINE
8
BLACK
6
CONTINUOUS
10
-0.1326266141732284
20
2.085847244094488
11
-0.1326266535433071
21
2.0858472834645667
0
LINE
8
BLACK
6
CONTINUOUS
10
-0.1326266535433071
20
2.0858472834645667
11
-0.1370283464566929
21
2.0814455905511808
0
LINE
8
BLACK
6
CONTINUOUS
10
-0.1370283464566929
20
2.0814455905511808
11
-0.1382503543307086
21
2.0793289370078738
0
LINE
8
BLACK
6
CONTINUOUS
10
-0.1382503543307086
20
2.0793289370078738
11
-0.1382503937007874
21
2.0793289763779526
0
LINE
8
BLACK
6
CONTINUOUS
10
-0.1382503937007874
20
2.0793289763779526
11
-0.1401407480314961
21
2.0760547637795277
0
LINE
8
BLACK
6
CONTINUOUS
10
-0.1401407480314961
20
2.0760547637795277
11
-0.1401408267716535
21
2.0760546062992127
0
LINE
8
BLACK
6
CONTINUOUS
10
-0.1401408267716535
20
2.0760546062992127
11
-0.1401408267716535
21
2.0760545275590552
0
LINE
8
BLACK
6
CONTINUOUS
10
-0.1401408267716535
20
2.0760545275590552
11
-0.1417520078740157
21
2.0700416141732285
0
LINE
8
BLACK
6
CONTINUOUS
10
-0.1417520078740157
20
2.0700416141732285
11
-0.1417520078740157
21
2.070041535433071
0
LINE
8
BLACK
6
CONTINUOUS
10
0.7994675590551181
20
2.396161377952756
11
0.7957755905511811
21
2.3955766929133859
0
LINE
8
BLACK
6
CONTINUOUS
10
0.7957755905511811
20
2.3955766929133859
11
0.7957753937007874
21
2.3955766141732284
0
LINE
8
BLACK
6
CONTINUOUS
10
0.7957753937007874
20
2.3955766141732284
11
0.791325157480315
21
2.3933090944881887
0
LINE
8
BLACK
6
CONTINUOUS
10
0.791325157480315
20
2.3933090944881887
11
0.7877932677165355
21
2.3897772047244095
0
LINE
8
BLACK
6
CONTINUOUS
10
0.7877932677165355
20
2.3897772047244095
11
0.785525748031496
21
2.3853269685039371
0
LINE
8
BLACK
6
CONTINUOUS
10
0.785525748031496
20
2.3853269685039371
11
0.7849409448818897
21
2.3816347244094489
0
LINE
8
BLACK
6
CONTINUOUS
10
0.7849409448818897
20
2.3816347244094489
11
0.7849409448818897
21
2.3554229921259844
0
LINE
8
BLACK
6
CONTINUOUS
10
0.7849409448818897
20
2.3554229921259844
11
0.7841965748031496
21
2.3531320078740157
0
LINE
8
BLACK
6
CONTINUOUS
10
0.7841965748031496
20
2.3531320078740157
11
0.7837993700787401
21
2.352666929133858
0
LINE
8
BLACK
6
CONTINUOUS
10
0.7837993700787401
20
2.352666929133858
11
0.6781605511811023
21
2.2470281496062992
0
LINE
8
BLACK
6
CONTINUOUS
10
0.6781605511811023
20
2.2470281496062992
11
0.6760142125984252
21
2.245934566929134
0
LINE
8
BLACK
6
CONTINUOUS
10
0.6760142125984252
20
2.245934566929134
11
0.675840905511811
21
2.2459111023622045
0
LINE
8
BLACK
6
CONTINUOUS
10
0.675840905511811
20
2.2459111023622045
11
0.6720767716535433
21
2.2454870078740159
0
LINE
8
BLACK
6
CONTINUOUS
10
0.6720767716535433
20
2.2454870078740159
11
0.6720762992125984
21
2.2454868897637796
0
LINE
8
BLACK
6
CONTINUOUS
10
0.6720762992125984
20
2.2454868897637796
11
0.6653731102362205
21
2.2431412992125983
0
LINE
8
BLACK
6
CONTINUOUS
10
0.6653731102362205
20
2.2431412992125983
11
0.6653730708661417
21
2.2431412992125983
0
LINE
8
BLACK
6
CONTINUOUS
10
0.6653730708661417
20
2.2431412992125983
11
0.6593598818897638
21
2.2393629527559056
0
LINE
8
BLACK
6
CONTINUOUS
10
0.6593598818897638
20
2.2393629527559056
11
0.6543378346456693
21
2.2343409055118109
0
LINE
8
BLACK
6
CONTINUOUS
10
0.6543378346456693
20
2.2343409055118109
11
0.6505594881889764
21
2.2283277165354329
0
LINE
8
BLACK
6
CONTINUOUS
10
0.6505594881889764
20
2.2283277165354329
11
0.6505594881889764
21
2.2283276771653542
0
LINE
8
BLACK
6
CONTINUOUS
10
0.6505594881889764
20
2.2283276771653542
11
0.6482138976377952
21
2.2216244881889762
0
LINE
8
BLACK
6
CONTINUOUS
10
0.6482138976377952
20
2.2216244881889762
11
0.6482138582677165
21
2.2216243307086612
0
LINE
8
BLACK
6
CONTINUOUS
10
0.6482138582677165
20
2.2216243307086612
11
0.6474187007874016
21
2.2145669291338583
0
LINE
8
BLACK
6
CONTINUOUS
10
0.6474187007874016
20
2.2145669291338583
11
0.6482138582677165
21
2.2075095669291338
0
LINE
8
BLACK
6
CONTINUOUS
10
0.6482138582677165
20
2.2075095669291338
11
0.6482138976377952
21
2.2075094094488188
0
LINE
8
BLACK
6
CONTINUOUS
10
0.6482138976377952
20
2.2075094094488188
11
0.6505594881889764
21
2.2008062204724408
0
LINE
8
BLACK
6
CONTINUOUS
10
0.6505594881889764
20
2.2008062204724408
11
0.6505594881889764
21
2.200806181102362
0
LINE
8
BLACK
6
CONTINUOUS
10
0.6505594881889764
20
2.200806181102362
11
0.6543378346456693
21
2.1947929921259841
0
LINE
8
BLACK
6
CONTINUOUS
10
0.6543378346456693
20
2.1947929921259841
11
0.6543379527559054
21
2.1947928346456691
0
LINE
8
BLACK
6
CONTINUOUS
10
0.6543379527559054
20
2.1947928346456691
11
0.6593597637795275
21
2.1897710236220473
0
LINE
8
BLACK
6
CONTINUOUS
10
0.6593597637795275
20
2.1897710236220473
11
0.659359842519685
21
2.1897709842519686
0
LINE
8
BLACK
6
CONTINUOUS
10
0.659359842519685
20
2.1897709842519686
11
0.6593598818897638
21
2.1897709448818898
0
LINE
8
BLACK
6
CONTINUOUS
10
0.6593598818897638
20
2.1897709448818898
11
0.6643573228346457
21
2.1866308267716534
0
LINE
8
BLACK
6
CONTINUOUS
10
0.6643573228346457
20
2.1866308267716534
11
0.6653731496062992
21
2.1859925590551179
0
LINE
8
BLACK
6
CONTINUOUS
10
0.6653731496062992
20
2.1859925590551179
11
0.6680573622047244
21
2.1850533070866143
0
LINE
8
BLACK
6
CONTINUOUS
10
0.6680573622047244
20
2.1850533070866143
11
0.6720762992125984
21
2.1836470078740158
0
LINE
8
BLACK
6
CONTINUOUS
10
0.6720762992125984
20
2.1836470078740158
11
0.6720764566929134
21
2.183646968503937
0
LINE
8
BLACK
6
CONTINUOUS
10
0.6720764566929134
20
2.183646968503937
11
0.6720765748031496
21
2.1836469291338583
0
LINE
8
BLACK
6
CONTINUOUS
10
0.6720765748031496
20
2.1836469291338583
11
0.6791338582677166
21
2.1828517716535432
0
LINE
8
BLACK
6
CONTINUOUS
10
0.6791338582677166
20
2.1828517716535432
11
0.6861911417322835
21
2.1836469291338583
0
LINE
8
BLACK
6
CONTINUOUS
10
0.6861911417322835
20
2.1836469291338583
11
0.6928945669291339
21
2.1859925590551179
0
LINE
8
BLACK
6
CONTINUOUS
10
0.6928945669291339
20
2.1859925590551179
11
0.6989079527559054
21
2.1897710236220473
0
LINE
8
BLACK
6
CONTINUOUS
10
0.6989079527559054
20
2.1897710236220473
11
0.7039297637795275
21
2.1947928346456691
0
LINE
8
BLACK
6
CONTINUOUS
10
0.7039297637795275
20
2.1947928346456691
11
0.7077082283464566
21
2.2008062204724408
0
LINE
8
BLACK
6
CONTINUOUS
10
0.7077082283464566
20
2.2008062204724408
11
0.7100538582677165
21
2.2075096456692913
0
LINE
8
BLACK
6
CONTINUOUS
10
0.7100538582677165
20
2.2075096456692913
11
0.7104779527559055
21
2.2112741338582675
0
LINE
8
BLACK
6
CONTINUOUS
10
0.7104779527559055
20
2.2112741338582675
11
0.7114741732283465
21
2.213467283464567
0
LINE
8
BLACK
6
CONTINUOUS
10
0.7114741732283465
20
2.213467283464567
11
0.7115941732283464
21
2.213592874015748
0
LINE
8
BLACK
6
CONTINUOUS
10
0.7115941732283464
20
2.213592874015748
11
0.7782872440944881
21
2.280285905511811
0
LINE
8
BLACK
6
CONTINUOUS
10
0.7782872440944881
20
2.280285905511811
11
0.7804335826771653
21
2.2813794881889762
0
LINE
8
BLACK
6
CONTINUOUS
10
0.7804335826771653
20
2.2813794881889762
11
0.7828127952755906
21
2.2810026771653544
0
LINE
8
BLACK
6
CONTINUOUS
10
0.7828127952755906
20
2.2810026771653544
11
0.7845161417322835
21
2.2792993307086613
0
LINE
8
BLACK
6
CONTINUOUS
10
0.7845161417322835
20
2.2792993307086613
11
0.7849409448818897
21
2.277529842519685
0
LINE
8
BLACK
6
CONTINUOUS
10
0.7849409448818897
20
2.277529842519685
11
0.7849409448818897
21
2.2554229921259843
0
LINE
8
BLACK
6
CONTINUOUS
10
0.7849409448818897
20
2.2554229921259843
11
0.7841965748031496
21
2.2531320078740156
0
LINE
8
BLACK
6
CONTINUOUS
10
0.7841965748031496
20
2.2531320078740156
11
0.7837993700787401
21
2.2526669291338584
0
LINE
8
BLACK
6
CONTINUOUS
10
0.7837993700787401
20
2.2526669291338584
11
0.6862711023622047
21
2.1551386614173227
0
LINE
8
BLACK
6
CONTINUOUS
10
0.6862711023622047
20
2.1551386614173227
11
0.6862710236220473
21
2.1551385826771652
0
LINE
8
BLACK
6
CONTINUOUS
10
0.6862710236220473
20
2.1551385826771652
11
0.6862709842519685
21
2.1551386220472439
0
LINE
8
BLACK
6
CONTINUOUS
10
0.6862709842519685
20
2.1551386220472439
11
0.6818692519685039
21
2.1507368503937005
0
LINE
8
BLACK
6
CONTINUOUS
10
0.6818692519685039
20
2.1507368503937005
11
0.6804412598425197
21
2.148263464566929
0
LINE
8
BLACK
6
CONTINUOUS
10
0.6804412598425197
20
2.148263464566929
11
0.6787568897637795
21
2.1453461023622045
0
LINE
8
BLACK
6
CONTINUOUS
10
0.6787568897637795
20
2.1453461023622045
11
0.6787568110236221
21
2.1453459448818899
0
LINE
8
BLACK
6
CONTINUOUS
10
0.6787568110236221
20
2.1453459448818899
11
0.6787568110236221
21
2.1453458661417324
0
LINE
8
BLACK
6
CONTINUOUS
10
0.6787568110236221
20
2.1453458661417324
11
0.6771456299212598
21
2.1393329527559053
0
LINE
8
BLACK
6
CONTINUOUS
10
0.6771456299212598
20
2.1393329527559053
11
0.6771456299212598
21
2.1393328740157478
0
LINE
8
BLACK
6
CONTINUOUS
10
0.6771456299212598
20
2.1393328740157478
11
0.6771456299212598
21
2.1327940551181102
0
LINE
8
BLACK
6
CONTINUOUS
10
0.6771456299212598
20
2.1327940551181102
11
0.6771456692913386
21
2.1327935433070864
0
LINE
8
BLACK
6
CONTINUOUS
10
0.6771456692913386
20
2.1327935433070864
11
0.6771456692913386
21
2.0693503937007875
0
LINE
8
BLACK
6
CONTINUOUS
10
0.6771456692913386
20
2.0693503937007875
11
0.6764012992125984
21
2.0670594094488188
0
LINE
8
BLACK
6
CONTINUOUS
10
0.6764012992125984
20
2.0670594094488188
11
0.6744524803149606
21
2.0656435039370078
0
LINE
8
BLACK
6
CONTINUOUS
10
0.6744524803149606
20
2.0656435039370078
11
0.6732480314960629
21
2.0654527559055116
0
LINE
8
BLACK
6
CONTINUOUS
10
0.6732480314960629
20
2.0654527559055116
11
0.6183652755905512
21
2.0654527559055116
0
LINE
8
BLACK
6
CONTINUOUS
10
0.6183652755905512
20
2.0654527559055116
11
0.6183651968503937
21
2.0654527165354328
0
LINE
8
BLACK
6
CONTINUOUS
10
0.6183651968503937
20
2.0654527165354328
11
0.6146732283464567
21
2.0648680314960628
0
LINE
8
BLACK
6
CONTINUOUS
10
0.6146732283464567
20
2.0648680314960628
11
0.614673031496063
21
2.0648679527559053
0
LINE
8
BLACK
6
CONTINUOUS
10
0.614673031496063
20
2.0648679527559053
11
0.6102227952755905
21
2.062600433070866
0
LINE
8
BLACK
6
CONTINUOUS
10
0.6102227952755905
20
2.062600433070866
11
0.606690905511811
21
2.0590685433070868
0
LINE
8
BLACK
6
CONTINUOUS
10
0.606690905511811
20
2.0590685433070868
11
0.6044233858267717
21
2.054618307086614
0
LINE
8
BLACK
6
CONTINUOUS
10
0.6044233858267717
20
2.054618307086614
11
0.6038385826771654
21
2.0509260629921258
0
LINE
8
BLACK
6
CONTINUOUS
10
0.6038385826771654
20
2.0509260629921258
11
0.6038385826771654
21
1.9884440551181102
0
LINE
8
BLACK
6
CONTINUOUS
10
0.6038385826771654
20
1.9884440551181102
11
0.6044090944881889
21
1.9848419685039369
0
LINE
8
BLACK
6
CONTINUOUS
10
0.6044090944881889
20
1.9848419685039369
11
0.6040322440944882
21
1.9824627559055117
0
LINE
8
BLACK
6
CONTINUOUS
10
0.6040322440944882
20
1.9824627559055117
11
0.6023288976377953
21
1.9807594488188975
0
LINE
8
BLACK
6
CONTINUOUS
10
0.6023288976377953
20
1.9807594488188975
11
0.6005594488188977
21
1.9803346456692912
0
LINE
8
BLACK
6
CONTINUOUS
10
0.6005594488188977
20
1.9803346456692912
11
0.5924286614173229
21
1.9803346456692912
0
LINE
8
BLACK
6
CONTINUOUS
10
0.5924286614173229
20
1.9803346456692912
11
0.5901376771653544
21
1.9810790157480314
0
LINE
8
BLACK
6
CONTINUOUS
10
0.5901376771653544
20
1.9810790157480314
11
0.5887217716535433
21
1.9830278346456693
0
LINE
8
BLACK
6
CONTINUOUS
10
0.5887217716535433
20
1.9830278346456693
11
0.5887217716535433
21
1.9854367322834645
0
LINE
8
BLACK
6
CONTINUOUS
10
0.5887217716535433
20
1.9854367322834645
11
0.5888276377952756
21
1.9857236220472441
0
LINE
8
BLACK
6
CONTINUOUS
10
0.5888276377952756
20
1.9857236220472441
11
0.5888776377952756
21
1.9858444488188975
0
LINE
8
BLACK
6
CONTINUOUS
10
0.5888776377952756
20
1.9858444488188975
11
0.589448779527559
21
1.9887155905511811
0
LINE
8
BLACK
6
CONTINUOUS
10
0.589448779527559
20
1.9887155905511811
11
0.5894488188976378
21
1.9887156692913386
0
LINE
8
BLACK
6
CONTINUOUS
10
0.5894488188976378
20
1.9887156692913386
11
0.5894488188976378
21
2.0096850000000002
0
LINE
8
BLACK
6
CONTINUOUS
10
0.5894488188976378
20
2.0096850000000002
11
0.589448779527559
21
2.0096850393700785
0
LINE
8
BLACK
6
CONTINUOUS
10
0.589448779527559
20
2.0096850393700785
11
0.5796062992125984
21
2.0096850393700785
0
LINE
8
BLACK
6
CONTINUOUS
10
0.5796062992125984
20
2.0096850393700785
11
0.5796062992125984
21
1.9896850393700787
0
LINE
8
BLACK
6
CONTINUOUS
10
0.5796062992125984
20
1.9896850393700787
11
0.5196062992125984
21
1.9896850393700787
0
LINE
8
BLACK
6
CONTINUOUS
10
0.5196062992125984
20
1.9896850393700787
11
0.5196062992125984
21
2.0096850393700785
0
LINE
8
BLACK
6
CONTINUOUS
10
0.5196062992125984
20
2.0096850393700785
11
0.5097638188976378
21
2.0096850393700785
0
LINE
8
BLACK
6
CONTINUOUS
10
0.5097638188976378
20
2.0096850393700785
11
0.509763779527559
21
2.0096850000000002
0
LINE
8
BLACK
6
CONTINUOUS
10
0.509763779527559
20
2.0096850000000002
11
0.509763779527559
21
1.9887155905511811
0
LINE
8
BLACK
6
CONTINUOUS
10
0.509763779527559
20
1.9887155905511811
11
0.5103348818897637
21
1.9858446456692913
0
LINE
8
BLACK
6
CONTINUOUS
10
0.5103348818897637
20
1.9858446456692913
11
0.5103349212598425
21
1.9858445669291338
0
LINE
8
BLACK
6
CONTINUOUS
10
0.5103349212598425
20
1.9858445669291338
11
0.5125101574803149
21
1.982589094488189
0
LINE
8
BLACK
6
CONTINUOUS
10
0.5125101574803149
20
1.982589094488189
11
0.5125103149606299
21
1.982588937007874
0
LINE
8
BLACK
6
CONTINUOUS
10
0.5125103149606299
20
1.982588937007874
11
0.5160851574803149
21
1.9802002755905512
0
LINE
8
BLACK
6
CONTINUOUS
10
0.5160851574803149
20
1.9802002755905512
11
0.5160377165354331
21
1.9801293307086614
0
LINE
8
BLACK
6
CONTINUOUS
10
0.5160377165354331
20
1.9801293307086614
11
0.5174791338582677
21
1.9788983464566929
0
LINE
8
BLACK
6
CONTINUOUS
10
0.5174791338582677
20
1.9788983464566929
11
0.5180415748031496
21
1.9765560629921259
0
LINE
8
BLACK
6
CONTINUOUS
10
0.5180415748031496
20
1.9765560629921259
11
0.5174561811023622
21
1.9747880314960629
0
LINE
8
BLACK
6
CONTINUOUS
10
0.5174561811023622
20
1.9747880314960629
11
0.5147327165354331
21
1.9704537007874015
0
LINE
8
BLACK
6
CONTINUOUS
10
0.5147327165354331
20
1.9704537007874015
11
0.512387125984252
21
1.9637504724409449
0
LINE
8
BLACK
6
CONTINUOUS
10
0.512387125984252
20
1.9637504724409449
11
0.5123870866141732
21
1.9637503149606299
0
LINE
8
BLACK
6
CONTINUOUS
10
0.5123870866141732
20
1.9637503149606299
11
0.5115919291338582
21
1.9566929133858266
0
LINE
8
BLACK
6
CONTINUOUS
10
0.5115919291338582
20
1.9566929133858266
11
0.5123870866141732
21
1.9496355511811023
0
LINE
8
BLACK
6
CONTINUOUS
10
0.5123870866141732
20
1.9496355511811023
11
0.512387125984252
21
1.9496353937007873
0
LINE
8
BLACK
6
CONTINUOUS
10
0.512387125984252
20
1.9496353937007873
11
0.5147327165354331
21
1.9429322047244093
0
LINE
8
BLACK
6
CONTINUOUS
10
0.5147327165354331
20
1.9429322047244093
11
0.5147327165354331
21
1.9429321653543306
0
LINE
8
BLACK
6
CONTINUOUS
10
0.5147327165354331
20
1.9429321653543306
11
0.518511062992126
21
1.9369189763779526
0
LINE
8
BLACK
6
CONTINUOUS
10
0.518511062992126
20
1.9369189763779526
11
0.5185111811023622
21
1.9369188188976378
0
LINE
8
BLACK
6
CONTINUOUS
10
0.5185111811023622
20
1.9369188188976378
11
0.5235329921259843
21
1.9318970078740156
0
LINE
8
BLACK
6
CONTINUOUS
10
0.5235329921259843
20
1.9318970078740156
11
0.5235330708661418
21
1.9318969685039369
0
LINE
8
BLACK
6
CONTINUOUS
10
0.5235330708661418
20
1.9318969685039369
11
0.5235331102362205
21
1.9318969291338581
0
LINE
8
BLACK
6
CONTINUOUS
10
0.5235331102362205
20
1.9318969291338581
11
0.5279618110236221
21
1.9291141732283463
0
LINE
8
BLACK
6
CONTINUOUS
10
0.5279618110236221
20
1.9291141732283463
11
0.5295463779527559
21
1.9281185433070867
0
LINE
8
BLACK
6
CONTINUOUS
10
0.5295463779527559
20
1.9281185433070867
11
0.532230590551181
21
1.9271792913385826
0
LINE
8
BLACK
6
CONTINUOUS
10
0.532230590551181
20
1.9271792913385826
11
0.5362495275590551
21
1.9257729921259843
0
LINE
8
BLACK
6
CONTINUOUS
10
0.5362495275590551
20
1.9257729921259843
11
0.5362496850393701
21
1.9257729527559055
0
LINE
8
BLACK
6
CONTINUOUS
10
0.5362496850393701
20
1.9257729527559055
11
0.5362498031496062
21
1.9257729133858268
0
LINE
8
BLACK
6
CONTINUOUS
10
0.5362498031496062
20
1.9257729133858268
11
0.5433070866141733
21
1.9249777559055117
0
LINE
8
BLACK
6
CONTINUOUS
10
0.5433070866141733
20
1.9249777559055117
11
0.5503643700787402
21
1.9257729133858268
0
LINE
8
BLACK
6
CONTINUOUS
10
0.5503643700787402
20
1.9257729133858268
11
0.5570677952755906
21
1.9281185433070867
0
LINE
8
BLACK
6
CONTINUOUS
10
0.5570677952755906
20
1.9281185433070867
11
0.5630811811023622
21
1.9318970078740156
0
LINE
8
BLACK
6
CONTINUOUS
10
0.5630811811023622
20
1.9318970078740156
11
0.5630938188976378
21
1.93190968503937
0
LINE
8
BLACK
6
CONTINUOUS
10
0.5630938188976378
20
1.93190968503937
11
0.5631026377952756
21
1.9319141732283465
0
LINE
8
BLACK
6
CONTINUOUS
10
0.5631026377952756
20
1.9319141732283465
11
0.5632521653543306
21
1.9320333858267715
0
LINE
8
BLACK
6
CONTINUOUS
10
0.5632521653543306
20
1.9320333858267715
11
0.5632765748031496
21
1.9320027952755905
0
LINE
8
BLACK
6
CONTINUOUS
10
0.5632765748031496
20
1.9320027952755905
11
0.5652400787401575
21
1.9330031889763779
0
LINE
8
BLACK
6
CONTINUOUS
10
0.5652400787401575
20
1.9330031889763779
11
0.5658498031496063
21
1.9330511811023621
0
LINE
8
BLACK
6
CONTINUOUS
10
0.5658498031496063
20
1.9330511811023621
11
0.6186954330708662
21
1.9330511811023621
0
LINE
8
BLACK
6
CONTINUOUS
10
0.6186954330708662
20
1.9330511811023621
11
0.618696062992126
21
1.9330511417322833
0
LINE
8
BLACK
6
CONTINUOUS
10
0.618696062992126
20
1.9330511417322833
11
0.6189347637795275
21
1.9330511417322833
0
LINE
8
BLACK
6
CONTINUOUS
10
0.6189347637795275
20
1.9330511417322833
11
0.6251596456692913
21
1.9330511417322833
0
LINE
8
BLACK
6
CONTINUOUS
10
0.6251596456692913
20
1.9330511417322833
11
0.6251597244094488
21
1.9330511417322833
0
LINE
8
BLACK
6
CONTINUOUS
10
0.6251597244094488
20
1.9330511417322833
11
0.6311726377952755
21
1.9346623228346456
0
LINE
8
BLACK
6
CONTINUOUS
10
0.6311726377952755
20
1.9346623228346456
11
0.6335620866141732
21
1.9360418897637794
0
LINE
8
BLACK
6
CONTINUOUS
10
0.6335620866141732
20
1.9360418897637794
11
0.636563622047244
21
1.9377748031496063
0
LINE
8
BLACK
6
CONTINUOUS
10
0.636563622047244
20
1.9377748031496063
11
0.6409653543307087
21
1.9421765354330709
0
LINE
8
BLACK
6
CONTINUOUS
10
0.6409653543307087
20
1.9421765354330709
11
0.6409653937007874
21
1.9421766535433072
0
LINE
8
BLACK
6
CONTINUOUS
10
0.6409653937007874
20
1.9421766535433072
11
0.6601855511811023
21
1.961396811023622
0
LINE
8
BLACK
6
CONTINUOUS
10
0.6601855511811023
20
1.961396811023622
11
0.6601856692913386
21
1.9613968503937007
0
LINE
8
BLACK
6
CONTINUOUS
10
0.6601856692913386
20
1.9613968503937007
11
0.6645874015748031
21
1.9657985826771653
0
LINE
8
BLACK
6
CONTINUOUS
10
0.6645874015748031
20
1.9657985826771653
11
0.6658170866141732
21
1.9679285433070866
0
LINE
8
BLACK
6
CONTINUOUS
10
0.6658170866141732
20
1.9679285433070866
11
0.6672738582677166
21
1.970451653543307
0
LINE
8
BLACK
6
CONTINUOUS
10
0.6672738582677166
20
1.970451653543307
11
0.6672744094488189
21
1.9704527559055118
0
LINE
8
BLACK
6
CONTINUOUS
10
0.6672744094488189
20
1.9704527559055118
11
0.6672749606299212
21
1.9704536220472439
0
LINE
8
BLACK
6
CONTINUOUS
10
0.6672749606299212
20
1.9704536220472439
11
0.6676998818897638
21
1.9711895669291337
0
LINE
8
BLACK
6
CONTINUOUS
10
0.6676998818897638
20
1.9711895669291337
11
0.6676999606299212
21
1.9711899212598425
0
LINE
8
BLACK
6
CONTINUOUS
10
0.6676999606299212
20
1.9711899212598425
11
0.6677975984251968
21
1.9714255511811023
0
LINE
8
BLACK
6
CONTINUOUS
10
0.6677975984251968
20
1.9714255511811023
11
0.6678897637795276
21
1.9713874015748032
0
LINE
8
BLACK
6
CONTINUOUS
10
0.6678897637795276
20
1.9713874015748032
11
0.6689685826771653
21
1.9730487007874016
0
LINE
8
BLACK
6
CONTINUOUS
10
0.6689685826771653
20
1.9730487007874016
11
0.6712174409448819
21
1.9739120078740158
0
LINE
8
BLACK
6
CONTINUOUS
10
0.6712174409448819
20
1.9739120078740158
11
0.6714215354330708
21
1.9739173622047244
0
LINE
8
BLACK
6
CONTINUOUS
10
0.6714215354330708
20
1.9739173622047244
11
0.6732480314960629
21
1.9739173622047244
0
LINE
8
BLACK
6
CONTINUOUS
10
0.6732480314960629
20
1.9739173622047244
11
0.6755390157480314
21
1.9731729921259842
0
LINE
8
BLACK
6
CONTINUOUS
10
0.6755390157480314
20
1.9731729921259842
11
0.6769549212598425
21
1.9712241732283464
0
LINE
8
BLACK
6
CONTINUOUS
10
0.6769549212598425
20
1.9712241732283464
11
0.6771456692913386
21
1.9700197244094488
0
LINE
8
BLACK
6
CONTINUOUS
10
0.6771456692913386
20
1.9700197244094488
11
0.6771456692913386
21
1.7003835826771654
0
LINE
8
BLACK
6
CONTINUOUS
10
0.6771456692913386
20
1.7003835826771654
11
0.6764012992125984
21
1.6980925984251969
0
LINE
8
BLACK
6
CONTINUOUS
10
0.6764012992125984
20
1.6980925984251969
11
0.6760040551181102
21
1.6976275196850392
0
LINE
8
BLACK
6
CONTINUOUS
10
0.6760040551181102
20
1.6976275196850392
11
0.6722550393700787
21
1.6938785433070866
0
LINE
8
BLACK
6
CONTINUOUS
10
0.6722550393700787
20
1.6938785433070866
11
0.6701087007874016
21
1.6927849606299212
0
LINE
8
BLACK
6
CONTINUOUS
10
0.6701087007874016
20
1.6927849606299212
11
0.6699354330708661
21
1.692761496062992
0
LINE
8
BLACK
6
CONTINUOUS
10
0.6699354330708661
20
1.692761496062992
11
0.6661712598425197
21
1.6923374015748032
0
LINE
8
BLACK
6
CONTINUOUS
10
0.6661712598425197
20
1.6923374015748032
11
0.6661707874015748
21
1.6923372834645669
0
LINE
8
BLACK
6
CONTINUOUS
10
0.6661707874015748
20
1.6923372834645669
11
0.6594675984251969
21
1.6899916929133858
0
LINE
8
BLACK
6
CONTINUOUS
10
0.6594675984251969
20
1.6899916929133858
11
0.6594675590551181
21
1.6899916929133858
0
LINE
8
BLACK
6
CONTINUOUS
10
0.6594675590551181
20
1.6899916929133858
11
0.6534543700787402
21
1.6862133464566929
0
LINE
8
BLACK
6
CONTINUOUS
10
0.6534543700787402
20
1.6862133464566929
11
0.6484323228346457
21
1.6811912992125984
0
LINE
8
BLACK
6
CONTINUOUS
10
0.6484323228346457
20
1.6811912992125984
11
0.6446539763779527
21
1.6751781102362204
0
LINE
8
BLACK
6
CONTINUOUS
10
0.6446539763779527
20
1.6751781102362204
11
0.6446539763779527
21
1.6751780708661417
0
LINE
8
BLACK
6
CONTINUOUS
10
0.6446539763779527
20
1.6751780708661417
11
0.6423083858267716
21
1.6684748818897637
0
LINE
8
BLACK
6
CONTINUOUS
10
0.6423083858267716
20
1.6684748818897637
11
0.6423083464566929
21
1.6684747244094489
0
LINE
8
BLACK
6
CONTINUOUS
10
0.6423083464566929
20
1.6684747244094489
11
0.641513188976378
21
1.6614173228346456
0
LINE
8
BLACK
6
CONTINUOUS
10
0.641513188976378
20
1.6614173228346456
11
0.6423083464566929
21
1.6543599606299213
0
LINE
8
BLACK
6
CONTINUOUS
10
0.6423083464566929
20
1.6543599606299213
11
0.6423083858267716
21
1.6543598031496063
0
LINE
8
BLACK
6
CONTINUOUS
10
0.6423083858267716
20
1.6543598031496063
11
0.6446539763779527
21
1.6476566141732283
0
LINE
8
BLACK
6
CONTINUOUS
10
0.6446539763779527
20
1.6476566141732283
11
0.6446539763779527
21
1.6476565748031495
0
LINE
8
BLACK
6
CONTINUOUS
10
0.6446539763779527
20
1.6476565748031495
11
0.6484323228346457
21
1.6416433858267716
0
LINE
8
BLACK
6
CONTINUOUS
10
0.6484323228346457
20
1.6416433858267716
11
0.6484324409448818
21
1.6416432283464566
0
LINE
8
BLACK
6
CONTINUOUS
10
0.6484324409448818
20
1.6416432283464566
11
0.6534542519685039
21
1.6366214173228346
0
LINE
8
BLACK
6
CONTINUOUS
10
0.6534542519685039
20
1.6366214173228346
11
0.6594676377952756
21
1.6328429527559054
0
LINE
8
BLACK
6
CONTINUOUS
10
0.6594676377952756
20
1.6328429527559054
11
0.6621518503937007
21
1.6319037007874015
0
LINE
8
BLACK
6
CONTINUOUS
10
0.6621518503937007
20
1.6319037007874015
11
0.6661707874015748
21
1.6304974015748031
0
LINE
8
BLACK
6
CONTINUOUS
10
0.6661707874015748
20
1.6304974015748031
11
0.6661709448818898
21
1.6304973622047243
0
LINE
8
BLACK
6
CONTINUOUS
10
0.6661709448818898
20
1.6304973622047243
11
0.6661710629921259
21
1.6304973228346455
0
LINE
8
BLACK
6
CONTINUOUS
10
0.6661710629921259
20
1.6304973228346455
11
0.6732283464566929
21
1.6297021653543307
0
LINE
8
BLACK
6
CONTINUOUS
10
0.6732283464566929
20
1.6297021653543307
11
0.6802856299212598
21
1.6304973228346455
0
LINE
8
BLACK
6
CONTINUOUS
10
0.6802856299212598
20
1.6304973228346455
11
0.6869890551181103
21
1.6328429527559054
0
LINE
8
BLACK
6
CONTINUOUS
10
0.6869890551181103
20
1.6328429527559054
11
0.6930024409448818
21
1.6366214173228346
0
LINE
8
BLACK
6
CONTINUOUS
10
0.6930024409448818
20
1.6366214173228346
11
0.6980242519685039
21
1.6416432283464566
0
LINE
8
BLACK
6
CONTINUOUS
10
0.6980242519685039
20
1.6416432283464566
11
0.701802716535433
21
1.6476566141732283
0
LINE
8
BLACK
6
CONTINUOUS
10
0.701802716535433
20
1.6476566141732283
11
0.7041483464566929
21
1.6543600393700788
0
LINE
8
BLACK
6
CONTINUOUS
10
0.7041483464566929
20
1.6543600393700788
11
0.7045724409448819
21
1.658124527559055
0
LINE
8
BLACK
6
CONTINUOUS
10
0.7045724409448819
20
1.658124527559055
11
0.7055686614173228
21
1.6603176771653543
0
LINE
8
BLACK
6
CONTINUOUS
10
0.7055686614173228
20
1.6603176771653543
11
0.7056886614173228
21
1.6604432677165355
0
LINE
8
BLACK
6
CONTINUOUS
10
0.7056886614173228
20
1.6604432677165355
11
0.7153036614173228
21
1.6700582283464567
0
LINE
8
BLACK
6
CONTINUOUS
10
0.7153036614173228
20
1.6700582283464567
11
0.7153037795275591
21
1.6700582677165354
0
LINE
8
BLACK
6
CONTINUOUS
10
0.7153037795275591
20
1.6700582677165354
11
0.7197055118110236
21
1.6744600000000001
0
LINE
8
BLACK
6
CONTINUOUS
10
0.7197055118110236
20
1.6744600000000001
11
0.7228179921259842
21
1.6798510236220472
0
LINE
8
BLACK
6
CONTINUOUS
10
0.7228179921259842
20
1.6798510236220472
11
0.7244291338582677
21
1.6858638976377953
0
LINE
8
BLACK
6
CONTINUOUS
10
0.7244291338582677
20
1.6858638976377953
11
0.7244291338582677
21
1.9700197244094488
0
LINE
8
BLACK
6
CONTINUOUS
10
0.7244291338582677
20
1.9700197244094488
11
0.7251735039370079
21
1.9723107086614173
0
LINE
8
BLACK
6
CONTINUOUS
10
0.7251735039370079
20
1.9723107086614173
11
0.7271223228346456
21
1.9737266141732284
0
LINE
8
BLACK
6
CONTINUOUS
10
0.7271223228346456
20
1.9737266141732284
11
0.7283267716535433
21
1.9739173622047244
0
LINE
8
BLACK
6
CONTINUOUS
10
0.7283267716535433
20
1.9739173622047244
11
0.7808472834645669
21
1.9739173622047244
0
LINE
8
BLACK
6
CONTINUOUS
10
0.7808472834645669
20
1.9739173622047244
11
0.7808473228346456
21
1.9739174015748031
0
LINE
8
BLACK
6
CONTINUOUS
10
0.7808473228346456
20
1.9739174015748031
11
0.7826933464566929
21
1.9742097637795275
0
LINE
8
BLACK
6
CONTINUOUS
10
0.7826933464566929
20
1.9742097637795275
11
0.7845393307086614
21
1.9745020866141731
0
LINE
8
BLACK
6
CONTINUOUS
10
0.7845393307086614
20
1.9745020866141731
11
0.7845393307086614
21
1.9745021259842519
0
LINE
8
BLACK
6
CONTINUOUS
10
0.7845393307086614
20
1.9745021259842519
11
0.7845395275590551
21
1.9745021259842519
0
LINE
8
BLACK
6
CONTINUOUS
10
0.7845395275590551
20
1.9745021259842519
11
0.7889898425196851
21
1.9767696850393701
0
LINE
8
BLACK
6
CONTINUOUS
10
0.7889898425196851
20
1.9767696850393701
11
0.7925216535433071
21
1.9803014960629921
0
LINE
8
BLACK
6
CONTINUOUS
10
0.7925216535433071
20
1.9803014960629921
11
0.7947892125984252
21
1.984751811023622
0
LINE
8
BLACK
6
CONTINUOUS
10
0.7947892125984252
20
1.984751811023622
11
0.7953740157480315
21
1.9884441338582677
0
LINE
8
BLACK
6
CONTINUOUS
10
0.7953740157480315
20
1.9884441338582677
11
0.7953739763779527
21
2.0509259055118112
0
LINE
8
BLACK
6
CONTINUOUS
10
0.7953739763779527
20
2.0509259055118112
11
0.7953739763779527
21
2.0509259448818895
0
LINE
8
BLACK
6
CONTINUOUS
10
0.7953739763779527
20
2.0509259448818895
11
0.7953739763779527
21
2.0509260629921258
0
LINE
8
BLACK
6
CONTINUOUS
10
0.7953739763779527
20
2.0509260629921258
11
0.795373937007874
21
2.0509261417322833
0
LINE
8
BLACK
6
CONTINUOUS
10
0.795373937007874
20
2.0509261417322833
11
0.7947892519685039
21
2.0546181102362202
0
LINE
8
BLACK
6
CONTINUOUS
10
0.7947892519685039
20
2.0546181102362202
11
0.7947892125984252
21
2.0546181889763777
0
LINE
8
BLACK
6
CONTINUOUS
10
0.7947892125984252
20
2.0546181889763777
11
0.7947892125984252
21
2.0546182677165352
0
LINE
8
BLACK
6
CONTINUOUS
10
0.7947892125984252
20
2.0546182677165352
11
0.7925216535433071
21
2.0590685826771655
0
LINE
8
BLACK
6
CONTINUOUS
10
0.7925216535433071
20
2.0590685826771655
11
0.7907407086614173
21
2.0608495275590553
0
LINE
8
BLACK
6
CONTINUOUS
10
0.7907407086614173
20
2.0608495275590553
11
0.7896472047244094
21
2.0629957480314962
0
LINE
8
BLACK
6
CONTINUOUS
10
0.7896472047244094
20
2.0629957480314962
11
0.7900240157480315
21
2.0653749606299212
0
LINE
8
BLACK
6
CONTINUOUS
10
0.7900240157480315
20
2.0653749606299212
11
0.7907408267716535
21
2.0663615354330709
0
LINE
8
BLACK
6
CONTINUOUS
10
0.7907408267716535
20
2.0663615354330709
11
0.8098322834645669
21
2.0854529133858266
0
LINE
8
BLACK
6
CONTINUOUS
10
0.8098322834645669
20
2.0854529133858266
11
0.8119785826771654
21
2.0865464960629923
0
LINE
8
BLACK
6
CONTINUOUS
10
0.8119785826771654
20
2.0865464960629923
11
0.8125883070866141
21
2.0865944881889762
0
LINE
8
BLACK
6
CONTINUOUS
10
0.8125883070866141
20
2.0865944881889762
11
0.842962874015748
21
2.0865944881889762
0
LINE
8
BLACK
6
CONTINUOUS
10
0.842962874015748
20
2.0865944881889762
11
0.8452538582677165
21
2.085850118110236
0
LINE
8
BLACK
6
CONTINUOUS
10
0.8452538582677165
20
2.085850118110236
11
0.8466697637795275
21
2.0839012992125983
0
LINE
8
BLACK
6
CONTINUOUS
10
0.8466697637795275
20
2.0839012992125983
11
0.8466697637795275
21
2.0814924015748031
0
LINE
8
BLACK
6
CONTINUOUS
10
0.8466697637795275
20
2.0814924015748031
11
0.8457188976377953
21
2.0799407874015747
0
LINE
8
BLACK
6
CONTINUOUS
10
0.8457188976377953
20
2.0799407874015747
11
0.8323723622047244
21
2.0665943307086612
0
LINE
8
BLACK
6
CONTINUOUS
10
0.8323723622047244
20
2.0665943307086612
11
0.830226062992126
21
2.065500748031496
0
LINE
8
BLACK
6
CONTINUOUS
10
0.830226062992126
20
2.065500748031496
11
0.8296163385826771
21
2.0654527559055116
0
LINE
8
BLACK
6
CONTINUOUS
10
0.8296163385826771
20
2.0654527559055116
11
0.8183653149606299
21
2.0654527559055116
0
LINE
8
BLACK
6
CONTINUOUS
10
0.8183653149606299
20
2.0654527559055116
11
0.8183651968503937
21
2.0654527165354328
0
LINE
8
BLACK
6
CONTINUOUS
10
0.8183651968503937
20
2.0654527165354328
11
0.8146732283464567
21
2.0648680314960628
0
LINE
8
BLACK
6
CONTINUOUS
10
0.8146732283464567
20
2.0648680314960628
11
0.814673031496063
21
2.0648679527559053
0
LINE
8
BLACK
6
CONTINUOUS
10
0.814673031496063
20
2.0648679527559053
11
0.8102227952755905
21
2.062600433070866
0
LINE
8
BLACK
6
CONTINUOUS
10
0.8102227952755905
20
2.062600433070866
11
0.806690905511811
21
2.0590685433070868
0
LINE
8
BLACK
6
CONTINUOUS
10
0.806690905511811
20
2.0590685433070868
11
0.8044233858267716
21
2.054618307086614
0
LINE
8
BLACK
6
CONTINUOUS
10
0.8044233858267716
20
2.054618307086614
11
0.8038385826771653
21
2.0509260629921258
0
LINE
8
BLACK
6
CONTINUOUS
10
0.8038385826771653
20
2.0509260629921258
11
0.8038385826771653
21
1.9884440551181102
0
LINE
8
BLACK
6
CONTINUOUS
10
0.8038385826771653
20
1.9884440551181102
11
0.8038386220472441
21
1.9884439763779527
0
LINE
8
BLACK
6
CONTINUOUS
10
0.8038386220472441
20
1.9884439763779527
11
0.8044233070866141
21
1.9847520078740157
0
LINE
8
BLACK
6
CONTINUOUS
10
0.8044233070866141
20
1.9847520078740157
11
0.8044233858267716
21
1.984751811023622
0
LINE
8
BLACK
6
CONTINUOUS
10
0.8044233858267716
20
1.984751811023622
11
0.8066909448818897
21
1.9803014960629921
0
LINE
8
BLACK
6
CONTINUOUS
10
0.8066909448818897
20
1.9803014960629921
11
0.8102227559055117
21
1.9767696850393701
0
LINE
8
BLACK
6
CONTINUOUS
10
0.8102227559055117
20
1.9767696850393701
11
0.8146730708661417
21
1.9745021259842519
0
LINE
8
BLACK
6
CONTINUOUS
10
0.8146730708661417
20
1.9745021259842519
11
0.8183653937007874
21
1.9739173228346456
0
LINE
8
BLACK
6
CONTINUOUS
10
0.8183653937007874
20
1.9739173228346456
11
0.8808471653543307
21
1.9739173622047244
0
LINE
8
BLACK
6
CONTINUOUS
10
0.8808471653543307
20
1.9739173622047244
11
0.8808472834645669
21
1.9739173622047244
0
LINE
8
BLACK
6
CONTINUOUS
10
0.8808472834645669
20
1.9739173622047244
11
0.8808473228346456
21
1.9739174015748031
0
LINE
8
BLACK
6
CONTINUOUS
10
0.8808473228346456
20
1.9739174015748031
11
0.8826933464566928
21
1.9742097637795275
0
LINE
8
BLACK
6
CONTINUOUS
10
0.8826933464566928
20
1.9742097637795275
11
0.8845393307086614
21
1.9745020866141731
0
LINE
8
BLACK
6
CONTINUOUS
10
0.8845393307086614
20
1.9745020866141731
11
0.8845393307086614
21
1.9745021259842519
0
LINE
8
BLACK
6
CONTINUOUS
10
0.8845393307086614
20
1.9745021259842519
11
0.8845395275590551
21
1.9745021259842519
0
LINE
8
BLACK
6
CONTINUOUS
10
0.8845395275590551
20
1.9745021259842519
11
0.888989842519685
21
1.9767696850393701
0
LINE
8
BLACK
6
CONTINUOUS
10
0.888989842519685
20
1.9767696850393701
11
0.892521653543307
21
1.9803014960629921
0
LINE
8
BLACK
6
CONTINUOUS
10
0.892521653543307
20
1.9803014960629921
11
0.8947892125984251
21
1.984751811023622
0
LINE
8
BLACK
6
CONTINUOUS
10
0.8947892125984251
20
1.984751811023622
11
0.8953740157480314
21
1.9884441338582677
0
LINE
8
BLACK
6
CONTINUOUS
10
0.8953740157480314
20
1.9884441338582677
11
0.8953739763779527
21
2.0492323228346456
0
LINE
8
BLACK
6
CONTINUOUS
10
0.8953739763779527
20
2.0492323228346456
11
0.8961183464566929
21
2.0515232677165356
0
LINE
8
BLACK
6
CONTINUOUS
10
0.8961183464566929
20
2.0515232677165356
11
0.8980671653543307
21
2.0529391732283466
0
LINE
8
BLACK
6
CONTINUOUS
10
0.8980671653543307
20
2.0529391732283466
11
0.8992716141732283
21
2.0531299212598424
0
LINE
8
BLACK
6
CONTINUOUS
10
0.8992716141732283
20
2.0531299212598424
11
0.8999409448818897
21
2.0531299212598424
0
LINE
8
BLACK
6
CONTINUOUS
10
0.8999409448818897
20
2.0531299212598424
11
0.9022319291338583
21
2.0523855511811022
0
LINE
8
BLACK
6
CONTINUOUS
10
0.9022319291338583
20
2.0523855511811022
11
0.9036478346456692
21
2.0504367322834645
0
LINE
8
BLACK
6
CONTINUOUS
10
0.9036478346456692
20
2.0504367322834645
11
0.9038385826771653
21
2.0492322834645669
0
LINE
8
BLACK
6
CONTINUOUS
10
0.9038385826771653
20
2.0492322834645669
11
0.9038385826771653
21
1.9884440551181102
0
LINE
8
BLACK
6
CONTINUOUS
10
0.9038385826771653
20
1.9884440551181102
11
0.9038386220472441
21
1.9884439763779527
0
LINE
8
BLACK
6
CONTINUOUS
10
0.9038386220472441
20
1.9884439763779527
11
0.9044233070866141
21
1.9847520078740157
0
LINE
8
BLACK
6
CONTINUOUS
10
0.9044233070866141
20
1.9847520078740157
11
0.9044233858267716
21
1.984751811023622
0
LINE
8
BLACK
6
CONTINUOUS
10
0.9044233858267716
20
1.984751811023622
11
0.9066909448818897
21
1.9803014960629921
0
LINE
8
BLACK
6
CONTINUOUS
10
0.9066909448818897
20
1.9803014960629921
11
0.9102227559055118
21
1.9767696850393701
0
LINE
8
BLACK
6
CONTINUOUS
10
0.9102227559055118
20
1.9767696850393701
11
0.9146730708661417
21
1.9745021259842519
0
LINE
8
BLACK
6
CONTINUOUS
10
0.9146730708661417
20
1.9745021259842519
11
0.9183653937007874
21
1.9739173228346456
0
LINE
8
BLACK
6
CONTINUOUS
10
0.9183653937007874
20
1.9739173228346456
11
0.9808471653543307
21
1.9739173622047244
0
LINE
8
BLACK
6
CONTINUOUS
10
0.9808471653543307
20
1.9739173622047244
11
0.980847283464567
21
1.9739173622047244
0
LINE
8
BLACK
6
CONTINUOUS
10
0.980847283464567
20
1.9739173622047244
11
0.9808473228346456
21
1.9739174015748031
0
LINE
8
BLACK
6
CONTINUOUS
10
0.9808473228346456
20
1.9739174015748031
11
0.9826933464566929
21
1.9742097637795275
0
LINE
8
BLACK
6
CONTINUOUS
10
0.9826933464566929
20
1.9742097637795275
11
0.9845393307086614
21
1.9745020866141731
0
LINE
8
BLACK
6
CONTINUOUS
10
0.9845393307086614
20
1.9745020866141731
11
0.9845393307086614
21
1.9745021259842519
0
LINE
8
BLACK
6
CONTINUOUS
10
0.9845393307086614
20
1.9745021259842519
11
0.984539527559055
21
1.9745021259842519
0
LINE
8
BLACK
6
CONTINUOUS
10
0.984539527559055
20
1.9745021259842519
11
0.988989842519685
21
1.9767696850393701
0
LINE
8
BLACK
6
CONTINUOUS
10
0.988989842519685
20
1.9767696850393701
11
0.992521653543307
21
1.9803014960629921
0
LINE
8
BLACK
6
CONTINUOUS
10
0.992521653543307
20
1.9803014960629921
11
0.9947892125984251
21
1.984751811023622
0
LINE
8
BLACK
6
CONTINUOUS
10
0.9947892125984251
20
1.984751811023622
11
0.9953740157480315
21
1.9884441338582677
0
LINE
8
BLACK
6
CONTINUOUS
10
0.9953740157480315
20
1.9884441338582677
11
0.9953739763779528
21
2.0492323228346456
0
LINE
8
BLACK
6
CONTINUOUS
10
0.9953739763779528
20
2.0492323228346456
11
0.9961183464566928
21
2.0515232677165356
0
LINE
8
BLACK
6
CONTINUOUS
10
0.9961183464566928
20
2.0515232677165356
11
0.9980671653543307
21
2.0529391732283466
0
LINE
8
BLACK
6
CONTINUOUS
10
0.9980671653543307
20
2.0529391732283466
11
0.9992716141732283
21
2.0531299212598424
0
LINE
8
BLACK
6
CONTINUOUS
10
0.9992716141732283
20
2.0531299212598424
11
0.9999409448818898
21
2.0531299212598424
0
LINE
8
BLACK
6
CONTINUOUS
10
0.9999409448818898
20
2.0531299212598424
11
1.0022319291338582
21
2.0523855511811022
0
LINE
8
BLACK
6
CONTINUOUS
10
1.0022319291338582
20
2.0523855511811022
11
1.0036478346456692
21
2.0504367322834645
0
LINE
8
BLACK
6
CONTINUOUS
10
1.0036478346456692
20
2.0504367322834645
11
1.0038385826771654
21
2.0492322834645669
0
LINE
8
BLACK
6
CONTINUOUS
10
1.0038385826771654
20
2.0492322834645669
11
1.0038385826771654
21
1.9884440551181102
0
LINE
8
BLACK
6
CONTINUOUS
10
1.0038385826771654
20
1.9884440551181102
11
1.0038386220472442
21
1.9884439763779527
0
LINE
8
BLACK
6
CONTINUOUS
10
1.0038386220472442
20
1.9884439763779527
11
1.0044233070866142
21
1.9847520078740157
0
LINE
8
BLACK
6
CONTINUOUS
10
1.0044233070866142
20
1.9847520078740157
11
1.0044233858267717
21
1.984751811023622
0
LINE
8
BLACK
6
CONTINUOUS
10
1.0044233858267717
20
1.984751811023622
11
1.0066909448818897
21
1.9803014960629921
0
LINE
8
BLACK
6
CONTINUOUS
10
1.0066909448818897
20
1.9803014960629921
11
1.0102227559055117
21
1.9767696850393701
0
LINE
8
BLACK
6
CONTINUOUS
10
1.0102227559055117
20
1.9767696850393701
11
1.0146730708661418
21
1.9745021259842519
0
LINE
8
BLACK
6
CONTINUOUS
10
1.0146730708661418
20
1.9745021259842519
11
1.0183653937007873
21
1.9739173228346456
0
LINE
8
BLACK
6
CONTINUOUS
10
1.0183653937007873
20
1.9739173228346456
11
1.056388031496063
21
1.9739173622047244
0
LINE
8
BLACK
6
CONTINUOUS
10
1.056388031496063
20
1.9739173622047244
11
1.0586790157480315
21
1.9731729921259842
0
LINE
8
BLACK
6
CONTINUOUS
10
1.0586790157480315
20
1.9731729921259842
11
1.0591440944881889
21
1.9727757874015748
0
LINE
8
BLACK
6
CONTINUOUS
10
1.0591440944881889
20
1.9727757874015748
11
1.0936802362204725
21
1.9382396456692912
0
LINE
8
BLACK
6
CONTINUOUS
10
1.0936802362204725
20
1.9382396456692912
11
1.09368031496063
21
1.9382395275590552
0
LINE
8
BLACK
6
CONTINUOUS
10
1.09368031496063
20
1.9382395275590552
11
1.0980820472440944
21
1.9338377952755905
0
LINE
8
BLACK
6
CONTINUOUS
10
1.0980820472440944
20
1.9338377952755905
11
1.1010835826771654
21
1.9321048818897637
0
LINE
8
BLACK
6
CONTINUOUS
10
1.1010835826771654
20
1.9321048818897637
11
1.102763031496063
21
1.9311352362204723
0
LINE
8
BLACK
6
CONTINUOUS
10
1.102763031496063
20
1.9311352362204723
11
1.103472874015748
21
1.9307253937007873
0
LINE
8
BLACK
6
CONTINUOUS
10
1.103472874015748
20
1.9307253937007873
11
1.1034729133858268
21
1.9307253937007873
0
LINE
8
BLACK
6
CONTINUOUS
10
1.1034729133858268
20
1.9307253937007873
11
1.103473031496063
21
1.9307253149606298
0
LINE
8
BLACK
6
CONTINUOUS
10
1.103473031496063
20
1.9307253149606298
11
1.1094859448818897
21
1.9291141732283463
0
LINE
8
BLACK
6
CONTINUOUS
10
1.1094859448818897
20
1.9291141732283463
11
1.1157109055118111
21
1.9291141732283463
0
LINE
8
BLACK
6
CONTINUOUS
10
1.1157109055118111
20
1.9291141732283463
11
1.1231265748031496
21
1.9291141732283463
0
LINE
8
BLACK
6
CONTINUOUS
10
1.1231265748031496
20
1.9291141732283463
11
1.1254175590551181
21
1.9283698031496062
0
LINE
8
BLACK
6
CONTINUOUS
10
1.1254175590551181
20
1.9283698031496062
11
1.1258823622047245
21
1.9279728346456693
0
LINE
8
BLACK
6
CONTINUOUS
10
1.1258823622047245
20
1.9279728346456693
11
1.1258951968503936
21
1.9279599999999999
0
LINE
8
BLACK
6
CONTINUOUS
10
1.1258951968503936
20
1.9279599999999999
11
1.1258952755905511
21
1.9279599606299211
0
LINE
8
BLACK
6
CONTINUOUS
10
1.1258952755905511
20
1.9279599606299211
11
1.1258953149606299
21
1.9279599212598424
0
LINE
8
BLACK
6
CONTINUOUS
10
1.1258953149606299
20
1.9279599212598424
11
1.130641377952756
21
1.9249777559055117
0
LINE
8
BLACK
6
CONTINUOUS
10
1.130641377952756
20
1.9249777559055117
11
1.1319085826771653
21
1.9241815354330709
0
LINE
8
BLACK
6
CONTINUOUS
10
1.1319085826771653
20
1.9241815354330709
11
1.1345927952755905
21
1.9232422834645668
0
LINE
8
BLACK
6
CONTINUOUS
10
1.1345927952755905
20
1.9232422834645668
11
1.1386117322834646
21
1.9218359842519686
0
LINE
8
BLACK
6
CONTINUOUS
10
1.1386117322834646
20
1.9218359842519686
11
1.1386118897637796
21
1.9218359448818898
0
LINE
8
BLACK
6
CONTINUOUS
10
1.1386118897637796
20
1.9218359448818898
11
1.1386120078740156
21
1.921835905511811
0
LINE
8
BLACK
6
CONTINUOUS
10
1.1386120078740156
20
1.921835905511811
11
1.1456692913385826
21
1.9210407480314959
0
LINE
8
BLACK
6
CONTINUOUS
10
1.1456692913385826
20
1.9210407480314959
11
1.1527265748031497
21
1.921835905511811
0
LINE
8
BLACK
6
CONTINUOUS
10
1.1527265748031497
20
1.921835905511811
11
1.15943
21
1.9241815354330709
0
LINE
8
BLACK
6
CONTINUOUS
10
1.15943
20
1.9241815354330709
11
1.1654433858267716
21
1.9279599999999999
0
LINE
8
BLACK
6
CONTINUOUS
10
1.1654433858267716
20
1.9279599999999999
11
1.1704651968503936
21
1.9329818110236221
0
LINE
8
BLACK
6
CONTINUOUS
10
1.1704651968503936
20
1.9329818110236221
11
1.1742436614173228
21
1.9389951968503936
0
LINE
8
BLACK
6
CONTINUOUS
10
1.1742436614173228
20
1.9389951968503936
11
1.1765892913385827
21
1.9456986220472441
0
LINE
8
BLACK
6
CONTINUOUS
10
1.1765892913385827
20
1.9456986220472441
11
1.1773844488188976
21
1.9527559055118109
0
LINE
8
BLACK
6
CONTINUOUS
10
1.1773844488188976
20
1.9527559055118109
11
1.1765892913385827
21
1.9598131889763779
0
LINE
8
BLACK
6
CONTINUOUS
10
1.1765892913385827
20
1.9598131889763779
11
1.1761473622047245
21
1.9610761023622048
0
LINE
8
BLACK
6
CONTINUOUS
10
1.1761473622047245
20
1.9610761023622048
11
1.1752115748031495
21
1.9637504724409449
0
LINE
8
BLACK
6
CONTINUOUS
10
1.1752115748031495
20
1.9637504724409449
11
1.1742436614173228
21
1.9665166141732282
0
LINE
8
BLACK
6
CONTINUOUS
10
1.1742436614173228
20
1.9665166141732282
11
1.1713074803149606
21
1.9711894881889764
0
LINE
8
BLACK
6
CONTINUOUS
10
1.1713074803149606
20
1.9711894881889764
11
1.1704652755905511
21
1.9725298818897636
0
LINE
8
BLACK
6
CONTINUOUS
10
1.1704652755905511
20
1.9725298818897636
11
1.1704652362204724
21
1.9725299212598424
0
LINE
8
BLACK
6
CONTINUOUS
10
1.1704652362204724
20
1.9725299212598424
11
1.1704651968503936
21
1.9725299999999999
0
LINE
8
BLACK
6
CONTINUOUS
10
1.1704651968503936
20
1.9725299999999999
11
1.1698062598425196
21
1.9731889370078739
0
LINE
8
BLACK
6
CONTINUOUS
10
1.1698062598425196
20
1.9731889370078739
11
1.1687127559055117
21
1.9753351574803149
0
LINE
8
BLACK
6
CONTINUOUS
10
1.1687127559055117
20
1.9753351574803149
11
1.1690895669291339
21
1.9777143700787401
0
LINE
8
BLACK
6
CONTINUOUS
10
1.1690895669291339
20
1.9777143700787401
11
1.1707929133858268
21
1.979417716535433
0
LINE
8
BLACK
6
CONTINUOUS
10
1.1707929133858268
20
1.979417716535433
11
1.1725624015748031
21
1.9798425196850393
0
LINE
8
BLACK
6
CONTINUOUS
10
1.1725624015748031
20
1.9798425196850393
11
1.1805757086614173
21
1.9798425196850393
0
LINE
8
BLACK
6
CONTINUOUS
10
1.1805757086614173
20
1.9798425196850393
11
1.180575748031496
21
1.9798425590551181
0
LINE
8
BLACK
6
CONTINUOUS
10
1.180575748031496
20
1.9798425590551181
11
1.1834466929133858
21
1.9804136614173229
0
LINE
8
BLACK
6
CONTINUOUS
10
1.1834466929133858
20
1.9804136614173229
11
1.1834467716535433
21
1.9804137007874014
0
LINE
8
BLACK
6
CONTINUOUS
10
1.1834467716535433
20
1.9804137007874014
11
1.1867022440944881
21
1.982588937007874
0
LINE
8
BLACK
6
CONTINUOUS
10
1.1867022440944881
20
1.982588937007874
11
1.1867024015748031
21
1.982589094488189
0
LINE
8
BLACK
6
CONTINUOUS
10
1.1867024015748031
20
1.982589094488189
11
1.1888776377952757
21
1.9858445669291338
0
LINE
8
BLACK
6
CONTINUOUS
10
1.1888776377952757
20
1.9858445669291338
11
1.1888776771653542
21
1.9858446456692913
0
LINE
8
BLACK
6
CONTINUOUS
10
1.1888776771653542
20
1.9858446456692913
11
1.189448779527559
21
1.9887155905511811
0
LINE
8
BLACK
6
CONTINUOUS
10
1.189448779527559
20
1.9887155905511811
11
1.1894488188976378
21
1.9887156692913386
0
LINE
8
BLACK
6
CONTINUOUS
10
1.1894488188976378
20
1.9887156692913386
11
1.1894488188976378
21
2.0096850000000002
0
LINE
8
BLACK
6
CONTINUOUS
10
1.1894488188976378
20
2.0096850000000002
11
1.189448779527559
21
2.0096850393700785
0
LINE
8
BLACK
6
CONTINUOUS
10
1.189448779527559
20
2.0096850393700785
11
1.1796062992125984
21
2.0096850393700785
0
LINE
8
BLACK
6
CONTINUOUS
10
1.1796062992125984
20
2.0096850393700785
11
1.1796062992125984
21
1.9896850393700787
0
LINE
8
BLACK
6
CONTINUOUS
10
1.1796062992125984
20
1.9896850393700787
11
1.1196062992125984
21
1.9896850393700787
0
LINE
8
BLACK
6
CONTINUOUS
10
1.1196062992125984
20
1.9896850393700787
11
1.1196062992125984
21
2.0096850393700785
0
LINE
8
BLACK
6
CONTINUOUS
10
1.1196062992125984
20
2.0096850393700785
11
1.1097638188976378
21
2.0096850393700785
0
LINE
8
BLACK
6
CONTINUOUS
10
1.1097638188976378
20
2.0096850393700785
11
1.109763779527559
21
2.0096850000000002
0
LINE
8
BLACK
6
CONTINUOUS
10
1.109763779527559
20
2.0096850000000002
11
1.109763779527559
21
1.9984347637795274
0
LINE
8
BLACK
6
CONTINUOUS
10
1.109763779527559
20
1.9984347637795274
11
1.1090194094488188
21
1.9961437795275589
0
LINE
8
BLACK
6
CONTINUOUS
10
1.1090194094488188
20
1.9961437795275589
11
1.1070705905511811
21
1.9947278740157479
0
LINE
8
BLACK
6
CONTINUOUS
10
1.1070705905511811
20
1.9947278740157479
11
1.1046616929133859
21
1.9947278740157479
0
LINE
8
BLACK
6
CONTINUOUS
10
1.1046616929133859
20
1.9947278740157479
11
1.1031100787401575
21
1.9956787007874015
0
LINE
8
BLACK
6
CONTINUOUS
10
1.1031100787401575
20
1.9956787007874015
11
1.0965155511811024
21
2.0022732283464566
0
LINE
8
BLACK
6
CONTINUOUS
10
1.0965155511811024
20
2.0022732283464566
11
1.095421968503937
21
2.0044195669291338
0
LINE
8
BLACK
6
CONTINUOUS
10
1.095421968503937
20
2.0044195669291338
11
1.0953739763779526
21
2.0050292913385825
0
LINE
8
BLACK
6
CONTINUOUS
10
1.0953739763779526
20
2.0050292913385825
11
1.0953739763779526
21
2.0492322834645669
0
LINE
8
BLACK
6
CONTINUOUS
10
1.0953739763779526
20
2.0492322834645669
11
1.0961183464566928
21
2.0515232677165356
0
LINE
8
BLACK
6
CONTINUOUS
10
1.0961183464566928
20
2.0515232677165356
11
1.0980671653543306
21
2.0529391732283466
0
LINE
8
BLACK
6
CONTINUOUS
10
1.0980671653543306
20
2.0529391732283466
11
1.0992716141732284
21
2.0531299212598424
0
LINE
8
BLACK
6
CONTINUOUS
10
1.0992716141732284
20
2.0531299212598424
11
1.1058661417322835
21
2.0531299212598424
0
LINE
8
BLACK
6
CONTINUOUS
10
1.1058661417322835
20
2.0531299212598424
11
1.108157125984252
21
2.0523855511811022
0
LINE
8
BLACK
6
CONTINUOUS
10
1.108157125984252
20
2.0523855511811022
11
1.109573031496063
21
2.0504367322834645
0
LINE
8
BLACK
6
CONTINUOUS
10
1.109573031496063
20
2.0504367322834645
11
1.109763779527559
21
2.0492322834645669
0
LINE
8
BLACK
6
CONTINUOUS
10
1.109763779527559
20
2.0492322834645669
11
1.109763779527559
21
2.0296850787401572
0
LINE
8
BLACK
6
CONTINUOUS
10
1.109763779527559
20
2.0296850787401572
11
1.1097638188976378
21
2.0296850393700785
0
LINE
8
BLACK
6
CONTINUOUS
10
1.1097638188976378
20
2.0296850393700785
11
1.1196062992125984
21
2.0296850393700785
0
LINE
8
BLACK
6
CONTINUOUS
10
1.1196062992125984
20
2.0296850393700785
11
1.1196062992125984
21
2.0496850393700785
0
LINE
8
BLACK
6
CONTINUOUS
10
1.1196062992125984
20
2.0496850393700785
11
1.1796062992125984
21
2.0496850393700785
0
LINE
8
BLACK
6
CONTINUOUS
10
1.1796062992125984
20
2.0496850393700785
11
1.1796062992125984
21
2.0296850393700785
0
LINE
8
BLACK
6
CONTINUOUS
10
1.1796062992125984
20
2.0296850393700785
11
1.189448779527559
21
2.0296850393700785
0
LINE
8
BLACK
6
CONTINUOUS
10
1.189448779527559
20
2.0296850393700785
11
1.1894488188976378
21
2.0296850787401572
0
LINE
8
BLACK
6
CONTINUOUS
10
1.1894488188976378
20
2.0296850787401572
11
1.1894488188976378
21
2.0492322834645669
0
LINE
8
BLACK
6
CONTINUOUS
10
1.1894488188976378
20
2.0492322834645669
11
1.1901931889763779
21
2.0515232677165356
0
LINE
8
BLACK
6
CONTINUOUS
10
1.1901931889763779
20
2.0515232677165356
11
1.1921420078740157
21
2.0529391732283466
0
LINE
8
BLACK
6
CONTINUOUS
10
1.1921420078740157
20
2.0529391732283466
11
1.1933464566929133
21
2.0531299212598424
0
LINE
8
BLACK
6
CONTINUOUS
10
1.1933464566929133
20
2.0531299212598424
11
1.2058661417322833
21
2.0531299212598424
0
LINE
8
BLACK
6
CONTINUOUS
10
1.2058661417322833
20
2.0531299212598424
11
1.2081571259842518
21
2.0523855511811022
0
LINE
8
BLACK
6
CONTINUOUS
10
1.2081571259842518
20
2.0523855511811022
11
1.2095730314960629
21
2.0504367322834645
0
LINE
8
BLACK
6
CONTINUOUS
10
1.2095730314960629
20
2.0504367322834645
11
1.2097637795275591
21
2.0492322834645669
0
LINE
8
BLACK
6
CONTINUOUS
10
1.2097637795275591
20
2.0492322834645669
11
1.2097637795275591
21
2.0296850787401572
0
LINE
8
BLACK
6
CONTINUOUS
10
1.2097637795275591
20
2.0296850787401572
11
1.2097638188976378
21
2.0296850393700785
0
LINE
8
BLACK
6
CONTINUOUS
10
1.2097638188976378
20
2.0296850393700785
11
1.2196062992125984
21
2.0296850393700785
0
LINE
8
BLACK
6
CONTINUOUS
10
1.2196062992125984
20
2.0296850393700785
11
1.2196062992125984
21
2.0496850393700785
0
LINE
8
BLACK
6
CONTINUOUS
10
1.2196062992125984
20
2.0496850393700785
11
1.2796062992125985
21
2.0496850393700785
0
LINE
8
BLACK
6
CONTINUOUS
10
1.2796062992125985
20
2.0496850393700785
11
1.2796062992125985
21
2.0296850393700785
0
LINE
8
BLACK
6
CONTINUOUS
10
1.2796062992125985
20
2.0296850393700785
11
1.2894487795275591
21
2.0296850393700785
0
LINE
8
BLACK
6
CONTINUOUS
10
1.2894487795275591
20
2.0296850393700785
11
1.2894488188976378
21
2.0296850787401572
0
LINE
8
BLACK
6
CONTINUOUS
10
1.2894488188976378
20
2.0296850787401572
11
1.2894488188976378
21
2.0492322834645669
0
LINE
8
BLACK
6
CONTINUOUS
10
1.2894488188976378
20
2.0492322834645669
11
1.290193188976378
21
2.0515232677165356
0
LINE
8
BLACK
6
CONTINUOUS
10
1.290193188976378
20
2.0515232677165356
11
1.2921420078740158
21
2.0529391732283466
0
LINE
8
BLACK
6
CONTINUOUS
10
1.2921420078740158
20
2.0529391732283466
11
1.2933464566929134
21
2.0531299212598424
0
LINE
8
BLACK
6
CONTINUOUS
10
1.2933464566929134
20
2.0531299212598424
11
1.2999409448818897
21
2.0531299212598424
0
LINE
8
BLACK
6
CONTINUOUS
10
1.2999409448818897
20
2.0531299212598424
11
1.3022319291338582
21
2.0523855511811022
0
LINE
8
BLACK
6
CONTINUOUS
10
1.3022319291338582
20
2.0523855511811022
11
1.3036478346456692
21
2.0504367322834645
0
LINE
8
BLACK
6
CONTINUOUS
10
1.3036478346456692
20
2.0504367322834645
11
1.3038385826771652
21
2.0492322834645669
0
LINE
8
BLACK
6
CONTINUOUS
10
1.3038385826771652
20
2.0492322834645669
11
1.3038385826771652
21
1.9884440551181102
0
LINE
8
BLACK
6
CONTINUOUS
10
1.3038385826771652
20
1.9884440551181102
11
1.303838622047244
21
1.9884439763779527
0
LINE
8
BLACK
6
CONTINUOUS
10
1.303838622047244
20
1.9884439763779527
11
1.3044233070866142
21
1.9847520078740157
0
LINE
8
BLACK
6
CONTINUOUS
10
1.3044233070866142
20
1.9847520078740157
11
1.3044233858267715
21
1.984751811023622
0
LINE
8
BLACK
6
CONTINUOUS
10
1.3044233858267715
20
1.984751811023622
11
1.3066909448818897
21
1.9803014960629921
0
LINE
8
BLACK
6
CONTINUOUS
10
1.3066909448818897
20
1.9803014960629921
11
1.3102227559055117
21
1.9767696850393701
0
LINE
8
BLACK
6
CONTINUOUS
10
1.3102227559055117
20
1.9767696850393701
11
1.3146730708661416
21
1.9745021259842519
0
LINE
8
BLACK
6
CONTINUOUS
10
1.3146730708661416
20
1.9745021259842519
11
1.3183653937007873
21
1.9739173228346456
0
LINE
8
BLACK
6
CONTINUOUS
10
1.3183653937007873
20
1.9739173228346456
11
1.3808471653543306
21
1.9739173622047244
0
LINE
8
BLACK
6
CONTINUOUS
10
1.3808471653543306
20
1.9739173622047244
11
1.3808472834645669
21
1.9739173622047244
0
LINE
8
BLACK
6
CONTINUOUS
10
1.3808472834645669
20
1.9739173622047244
11
1.3808473228346456
21
1.9739174015748031
0
LINE
8
BLACK
6
CONTINUOUS
10
1.3808473228346456
20
1.9739174015748031
11
1.3826933464566928
21
1.9742097637795275
0
LINE
8
BLACK
6
CONTINUOUS
10
1.3826933464566928
20
1.9742097637795275
11
1.3845393307086613
21
1.9745020866141731
0
LINE
8
BLACK
6
CONTINUOUS
10
1.3845393307086613
20
1.9745020866141731
11
1.3845393307086613
21
1.9745021259842519
0
LINE
8
BLACK
6
CONTINUOUS
10
1.3845393307086613
20
1.9745021259842519
11
1.3845395275590551
21
1.9745021259842519
0
LINE
8
BLACK
6
CONTINUOUS
10
1.3845395275590551
20
1.9745021259842519
11
1.3889898425196849
21
1.9767696850393701
0
LINE
8
BLACK
6
CONTINUOUS
10
1.3889898425196849
20
1.9767696850393701
11
1.3925216535433071
21
1.9803014960629921
0
LINE
8
BLACK
6
CONTINUOUS
10
1.3925216535433071
20
1.9803014960629921
11
1.3947892125984251
21
1.984751811023622
0
LINE
8
BLACK
6
CONTINUOUS
10
1.3947892125984251
20
1.984751811023622
11
1.3953740157480314
21
1.9884441338582677
0
LINE
8
BLACK
6
CONTINUOUS
10
1.3953740157480314
20
1.9884441338582677
11
1.3953739763779527
21
2.0506545275590549
0
LINE
8
BLACK
6
CONTINUOUS
10
1.3953739763779527
20
2.0506545275590549
11
1.3953739763779527
21
2.0509259055118112
0
LINE
8
BLACK
6
CONTINUOUS
10
1.3953739763779527
20
2.0509259055118112
11
1.3953739763779527
21
2.0509259448818895
0
LINE
8
BLACK
6
CONTINUOUS
10
1.3953739763779527
20
2.0509259448818895
11
1.3953739763779527
21
2.0509260629921258
0
LINE
8
BLACK
6
CONTINUOUS
10
1.3953739763779527
20
2.0509260629921258
11
1.3953739370078739
21
2.0509261417322833
0
LINE
8
BLACK
6
CONTINUOUS
10
1.3953739370078739
20
2.0509261417322833
11
1.3947892519685039
21
2.0546181102362202
0
LINE
8
BLACK
6
CONTINUOUS
10
1.3947892519685039
20
2.0546181102362202
11
1.3947892125984251
21
2.0546181889763777
0
LINE
8
BLACK
6
CONTINUOUS
10
1.3947892125984251
20
2.0546181889763777
11
1.3947892125984251
21
2.0546182677165352
0
LINE
8
BLACK
6
CONTINUOUS
10
1.3947892125984251
20
2.0546182677165352
11
1.3925216535433071
21
2.0590685826771655
0
LINE
8
BLACK
6
CONTINUOUS
10
1.3925216535433071
20
2.0590685826771655
11
1.3889898425196849
21
2.0626003937007873
0
LINE
8
BLACK
6
CONTINUOUS
10
1.3889898425196849
20
2.0626003937007873
11
1.3845395275590551
21
2.0648679527559053
0
LINE
8
BLACK
6
CONTINUOUS
10
1.3845395275590551
20
2.0648679527559053
11
1.3845395669291338
21
2.0648679527559053
0
LINE
8
BLACK
6
CONTINUOUS
10
1.3845395669291338
20
2.0648679527559053
11
1.3808473228346456
21
2.0654527559055116
0
LINE
8
BLACK
6
CONTINUOUS
10
1.3808473228346456
20
2.0654527559055116
11
1.3808472047244094
21
2.0654527559055116
0
LINE
8
BLACK
6
CONTINUOUS
10
1.3808472047244094
20
2.0654527559055116
11
1.3563284251968504
21
2.0654527559055116
0
LINE
8
BLACK
6
CONTINUOUS
10
1.3563284251968504
20
2.0654527559055116
11
1.3540374409448819
21
2.0661971259842518
0
LINE
8
BLACK
6
CONTINUOUS
10
1.3540374409448819
20
2.0661971259842518
11
1.3526215354330708
21
2.0681459448818895
0
LINE
8
BLACK
6
CONTINUOUS
10
1.3526215354330708
20
2.0681459448818895
11
1.3526215354330708
21
2.0705548425196851
0
LINE
8
BLACK
6
CONTINUOUS
10
1.3526215354330708
20
2.0705548425196851
11
1.3535723622047244
21
2.0721064566929135
0
LINE
8
BLACK
6
CONTINUOUS
10
1.3535723622047244
20
2.0721064566929135
11
1.3680603937007874
21
2.0865944881889762
0
LINE
8
BLACK
6
CONTINUOUS
10
1.3680603937007874
20
2.0865944881889762
11
1.3885320078740158
21
2.1070661023622046
0
LINE
8
BLACK
6
CONTINUOUS
10
1.3885320078740158
20
2.1070661023622046
11
1.388532125984252
21
2.1070661417322833
0
LINE
8
BLACK
6
CONTINUOUS
10
1.388532125984252
20
2.1070661417322833
11
1.3929338582677164
21
2.111467874015748
0
LINE
8
BLACK
6
CONTINUOUS
10
1.3929338582677164
20
2.111467874015748
11
1.3949673228346455
21
2.1149899606299214
0
LINE
8
BLACK
6
CONTINUOUS
10
1.3949673228346455
20
2.1149899606299214
11
1.3956203149606299
21
2.1161209448818896
0
LINE
8
BLACK
6
CONTINUOUS
10
1.3956203149606299
20
2.1161209448818896
11
1.3956208661417322
21
2.1161220472440943
0
LINE
8
BLACK
6
CONTINUOUS
10
1.3956208661417322
20
2.1161220472440943
11
1.3956214173228345
21
2.1161229133858268
0
LINE
8
BLACK
6
CONTINUOUS
10
1.3956214173228345
20
2.1161229133858268
11
1.3960463385826771
21
2.1168588582677166
0
LINE
8
BLACK
6
CONTINUOUS
10
1.3960463385826771
20
2.1168588582677166
11
1.3976575196850394
21
2.1228717716535432
0
LINE
8
BLACK
6
CONTINUOUS
10
1.3976575196850394
20
2.1228717716535432
11
1.3976575196850394
21
2.1290967322834646
0
LINE
8
BLACK
6
CONTINUOUS
10
1.3976575196850394
20
2.1290967322834646
11
1.3976575196850394
21
2.1293353937007873
0
LINE
8
BLACK
6
CONTINUOUS
10
1.3976575196850394
20
2.1293353937007873
11
1.3976574803149606
21
2.1293361023622048
0
LINE
8
BLACK
6
CONTINUOUS
10
1.3976574803149606
20
2.1293361023622048
11
1.3976574803149606
21
2.1664336614173227
0
LINE
8
BLACK
6
CONTINUOUS
10
1.3976574803149606
20
2.1664336614173227
11
1.3984018503937008
21
2.1687246456692915
0
LINE
8
BLACK
6
CONTINUOUS
10
1.3984018503937008
20
2.1687246456692915
11
1.3987988188976377
21
2.1691894881889762
0
LINE
8
BLACK
6
CONTINUOUS
10
1.3987988188976377
20
2.1691894881889762
11
1.3988116535433071
21
2.1692022834645668
0
LINE
8
BLACK
6
CONTINUOUS
10
1.3988116535433071
20
2.1692022834645668
11
1.4025901181102363
21
2.1752156692913385
0
LINE
8
BLACK
6
CONTINUOUS
10
1.4025901181102363
20
2.1752156692913385
11
1.4049357480314961
21
2.181919094488189
0
LINE
8
BLACK
6
CONTINUOUS
10
1.4049357480314961
20
2.181919094488189
11
1.405730905511811
21
2.188976377952756
0
LINE
8
BLACK
6
CONTINUOUS
10
1.405730905511811
20
2.188976377952756
11
1.4049357480314961
21
2.1960336614173226
0
LINE
8
BLACK
6
CONTINUOUS
10
1.4049357480314961
20
2.1960336614173226
11
1.4025901181102363
21
2.2027370866141731
0
LINE
8
BLACK
6
CONTINUOUS
10
1.4025901181102363
20
2.2027370866141731
11
1.4010357480314961
21
2.2052108267716535
0
LINE
8
BLACK
6
CONTINUOUS
10
1.4010357480314961
20
2.2052108267716535
11
1.3988117322834646
21
2.2087503543307085
0
LINE
8
BLACK
6
CONTINUOUS
10
1.3988117322834646
20
2.2087503543307085
11
1.3988116929133858
21
2.2087503937007873
0
LINE
8
BLACK
6
CONTINUOUS
10
1.3988116929133858
20
2.2087503937007873
11
1.3988116535433071
21
2.2087504724409448
0
LINE
8
BLACK
6
CONTINUOUS
10
1.3988116535433071
20
2.2087504724409448
11
1.3947233464566928
21
2.212838779527559
0
LINE
8
BLACK
6
CONTINUOUS
10
1.3947233464566928
20
2.212838779527559
11
1.3936298425196849
21
2.214985
0
LINE
8
BLACK
6
CONTINUOUS
10
1.3936298425196849
20
2.214985
11
1.3940066535433071
21
2.217364212598425
0
LINE
8
BLACK
6
CONTINUOUS
10
1.3940066535433071
20
2.217364212598425
11
1.3941790551181101
21
2.2176681102362203
0
LINE
8
BLACK
6
CONTINUOUS
10
1.3941790551181101
20
2.2176681102362203
11
1.3947161023622048
21
2.2185227559055116
0
LINE
8
BLACK
6
CONTINUOUS
10
1.3947161023622048
20
2.2185227559055116
11
1.3970617322834646
21
2.2252261811023621
0
LINE
8
BLACK
6
CONTINUOUS
10
1.3970617322834646
20
2.2252261811023621
11
1.3978568897637795
21
2.2322834645669292
0
LINE
8
BLACK
6
CONTINUOUS
10
1.3978568897637795
20
2.2322834645669292
11
1.3970617322834646
21
2.2393407480314962
0
LINE
8
BLACK
6
CONTINUOUS
10
1.3970617322834646
20
2.2393407480314962
11
1.3947161023622048
21
2.2460441732283463
0
LINE
8
BLACK
6
CONTINUOUS
10
1.3947161023622048
20
2.2460441732283463
11
1.3909376377952756
21
2.252057559055118
0
LINE
8
BLACK
6
CONTINUOUS
10
1.3909376377952756
20
2.252057559055118
11
1.3859158267716536
21
2.2570793700787402
0
LINE
8
BLACK
6
CONTINUOUS
10
1.3859158267716536
20
2.2570793700787402
11
1.3859157086614173
21
2.2570794488188977
0
LINE
8
BLACK
6
CONTINUOUS
10
1.3859157086614173
20
2.2570794488188977
11
1.3859156692913386
21
2.2570794881889764
0
LINE
8
BLACK
6
CONTINUOUS
10
1.3859156692913386
20
2.2570794881889764
11
1.3799024803149607
21
2.2608578346456691
0
LINE
8
BLACK
6
CONTINUOUS
10
1.3799024803149607
20
2.2608578346456691
11
1.3731992519685039
21
2.2632034251968505
0
LINE
8
BLACK
6
CONTINUOUS
10
1.3731992519685039
20
2.2632034251968505
11
1.3731990944881889
21
2.2632034645669292
0
LINE
8
BLACK
6
CONTINUOUS
10
1.3731990944881889
20
2.2632034645669292
11
1.3661417322834646
21
2.2639986220472439
0
LINE
8
BLACK
6
CONTINUOUS
10
1.3661417322834646
20
2.2639986220472439
11
1.3590843307086613
21
2.2632034645669292
0
LINE
8
BLACK
6
CONTINUOUS
10
1.3590843307086613
20
2.2632034645669292
11
1.3590841732283465
21
2.2632034251968505
0
LINE
8
BLACK
6
CONTINUOUS
10
1.3590841732283465
20
2.2632034251968505
11
1.3523809842519685
21
2.2608578346456691
0
LINE
8
BLACK
6
CONTINUOUS
10
1.3523809842519685
20
2.2608578346456691
11
1.3523809448818898
21
2.2608578346456691
0
LINE
8
BLACK
6
CONTINUOUS
10
1.3523809448818898
20
2.2608578346456691
11
1.3463677559055118
21
2.2570794881889764
0
LINE
8
BLACK
6
CONTINUOUS
10
1.3463677559055118
20
2.2570794881889764
11
1.3413457086614173
21
2.2520574409448817
0
LINE
8
BLACK
6
CONTINUOUS
10
1.3413457086614173
20
2.2520574409448817
11
1.3375673622047244
21
2.2460442519685038
0
LINE
8
BLACK
6
CONTINUOUS
10
1.3375673622047244
20
2.2460442519685038
11
1.3375673622047244
21
2.246044212598425
0
LINE
8
BLACK
6
CONTINUOUS
10
1.3375673622047244
20
2.246044212598425
11
1.3352217716535433
21
2.239341023622047
0
LINE
8
BLACK
6
CONTINUOUS
10
1.3352217716535433
20
2.239341023622047
11
1.335221653543307
21
2.2393405511811024
0
LINE
8
BLACK
6
CONTINUOUS
10
1.335221653543307
20
2.2393405511811024
11
1.334797559055118
21
2.2355764173228345
0
LINE
8
BLACK
6
CONTINUOUS
10
1.334797559055118
20
2.2355764173228345
11
1.3338013385826772
21
2.233383188976378
0
LINE
8
BLACK
6
CONTINUOUS
10
1.3338013385826772
20
2.233383188976378
11
1.3336805118110235
21
2.2332568110236219
0
LINE
8
BLACK
6
CONTINUOUS
10
1.3336805118110235
20
2.2332568110236219
11
1.3280033858267717
21
2.2275796456692913
0
LINE
8
BLACK
6
CONTINUOUS
10
1.3280033858267717
20
2.2275796456692913
11
1.3280033858267717
21
2.2275796062992126
0
LINE
8
BLACK
6
CONTINUOUS
10
1.3280033858267717
20
2.2275796062992126
11
1.3280033070866142
21
2.2275795275590551
0
LINE
8
BLACK
6
CONTINUOUS
10
1.3280033070866142
20
2.2275795275590551
11
1.3280032677165354
21
2.2275795669291338
0
LINE
8
BLACK
6
CONTINUOUS
10
1.3280032677165354
20
2.2275795669291338
11
1.3236015748031495
21
2.223177874015748
0
LINE
8
BLACK
6
CONTINUOUS
10
1.3236015748031495
20
2.223177874015748
11
1.3222935039370078
21
2.2209121653543304
0
LINE
8
BLACK
6
CONTINUOUS
10
1.3222935039370078
20
2.2209121653543304
11
1.3204855118110237
21
2.2177807086614174
0
LINE
8
BLACK
6
CONTINUOUS
10
1.3204855118110237
20
2.2177807086614174
11
1.3186953543307087
21
2.2161688976377953
0
LINE
8
BLACK
6
CONTINUOUS
10
1.3186953543307087
20
2.2161688976377953
11
1.31629968503937
21
2.2159171259842521
0
LINE
8
BLACK
6
CONTINUOUS
10
1.31629968503937
20
2.2159171259842521
11
1.3162431889763779
21
2.2159295669291339
0
LINE
8
BLACK
6
CONTINUOUS
10
1.3162431889763779
20
2.2159295669291339
11
1.3161128346456692
21
2.2159593307086616
0
LINE
8
BLACK
6
CONTINUOUS
10
1.3161128346456692
20
2.2159593307086616
11
1.3090551181102361
21
2.216754527559055
0
LINE
8
BLACK
6
CONTINUOUS
10
1.3090551181102361
20
2.216754527559055
11
1.3019977165354331
21
2.2159593700787399
0
LINE
8
BLACK
6
CONTINUOUS
10
1.3019977165354331
20
2.2159593700787399
11
1.301997559055118
21
2.2159593307086616
0
LINE
8
BLACK
6
CONTINUOUS
10
1.301997559055118
20
2.2159593307086616
11
1.29529437007874
21
2.2136137401574802
0
LINE
8
BLACK
6
CONTINUOUS
10
1.29529437007874
20
2.2136137401574802
11
1.2952943307086613
21
2.2136137401574802
0
LINE
8
BLACK
6
CONTINUOUS
10
1.2952943307086613
20
2.2136137401574802
11
1.2912281496062992
21
2.2110587795275589
0
LINE
8
BLACK
6
CONTINUOUS
10
1.2912281496062992
20
2.2110587795275589
11
1.2888922834645669
21
2.2104701968503937
0
LINE
8
BLACK
6
CONTINUOUS
10
1.2888922834645669
20
2.2104701968503937
11
1.2866565748031495
21
2.2113670078740157
0
LINE
8
BLACK
6
CONTINUOUS
10
1.2866565748031495
20
2.2113670078740157
11
1.2863984251968503
21
2.2116029527559053
0
LINE
8
BLACK
6
CONTINUOUS
10
1.2863984251968503
20
2.2116029527559053
11
1.231122874015748
21
2.2668785039370078
0
LINE
8
BLACK
6
CONTINUOUS
10
1.231122874015748
20
2.2668785039370078
11
1.2311228346456693
21
2.2668785826771654
0
LINE
8
BLACK
6
CONTINUOUS
10
1.2311228346456693
20
2.2668785826771654
11
1.2267211023622047
21
2.27128031496063
0
LINE
8
BLACK
6
CONTINUOUS
10
1.2267211023622047
20
2.27128031496063
11
1.2233033070866142
21
2.2732535433070864
0
LINE
8
BLACK
6
CONTINUOUS
10
1.2233033070866142
20
2.2732535433070864
11
1.2233032677165354
21
2.2732535826771652
0
LINE
8
BLACK
6
CONTINUOUS
10
1.2233032677165354
20
2.2732535826771652
11
1.2213302362204723
21
2.274392716535433
0
LINE
8
BLACK
6
CONTINUOUS
10
1.2213302362204723
20
2.274392716535433
11
1.2213301181102363
21
2.2743927952755905
0
LINE
8
BLACK
6
CONTINUOUS
10
1.2213301181102363
20
2.2743927952755905
11
1.2153172047244094
21
2.2760039763779525
0
LINE
8
BLACK
6
CONTINUOUS
10
1.2153172047244094
20
2.2760039763779525
11
1.2090922440944882
21
2.2760039763779525
0
LINE
8
BLACK
6
CONTINUOUS
10
1.2090922440944882
20
2.2760039763779525
11
1.2088535433070866
21
2.2760039763779525
0
LINE
8
BLACK
6
CONTINUOUS
10
1.2088535433070866
20
2.2760039763779525
11
1.2088529133858268
21
2.2760039370078742
0
LINE
8
BLACK
6
CONTINUOUS
10
1.2088529133858268
20
2.2760039370078742
11
0.8803739763779528
21
2.2760039370078742
0
LINE
8
BLACK
6
CONTINUOUS
10
0.8803739763779528
20
2.2760039370078742
11
0.8780829921259843
21
2.2767483070866139
0
LINE
8
BLACK
6
CONTINUOUS
10
0.8780829921259843
20
2.2767483070866139
11
0.8766670866141733
21
2.2786971259842521
0
LINE
8
BLACK
6
CONTINUOUS
10
0.8766670866141733
20
2.2786971259842521
11
0.8764763385826772
21
2.2799015748031497
0
LINE
8
BLACK
6
CONTINUOUS
10
0.8764763385826772
20
2.2799015748031497
11
0.8764763385826772
21
2.2816347244094488
0
LINE
8
BLACK
6
CONTINUOUS
10
0.8764763385826772
20
2.2816347244094488
11
0.8764762992125984
21
2.2816348031496063
0
LINE
8
BLACK
6
CONTINUOUS
10
0.8764762992125984
20
2.2816348031496063
11
0.8758916141732284
21
2.2853267716535433
0
LINE
8
BLACK
6
CONTINUOUS
10
0.8758916141732284
20
2.2853267716535433
11
0.8758915748031496
21
2.2853268503937008
0
LINE
8
BLACK
6
CONTINUOUS
10
0.8758915748031496
20
2.2853268503937008
11
0.8758915748031496
21
2.2853269291338583
0
LINE
8
BLACK
6
CONTINUOUS
10
0.8758915748031496
20
2.2853269291338583
11
0.8736240157480315
21
2.2897772440944881
0
LINE
8
BLACK
6
CONTINUOUS
10
0.8736240157480315
20
2.2897772440944881
11
0.8700922047244094
21
2.2933090551181103
0
LINE
8
BLACK
6
CONTINUOUS
10
0.8700922047244094
20
2.2933090551181103
11
0.8656418897637795
21
2.2955766141732283
0
LINE
8
BLACK
6
CONTINUOUS
10
0.8656418897637795
20
2.2955766141732283
11
0.8656419291338583
21
2.2955766141732283
0
LINE
8
BLACK
6
CONTINUOUS
10
0.8656419291338583
20
2.2955766141732283
11
0.8619496850393701
21
2.2961614173228346
0
LINE
8
BLACK
6
CONTINUOUS
10
0.8619496850393701
20
2.2961614173228346
11
0.8035724803149606
21
2.2961614173228346
0
LINE
8
BLACK
6
CONTINUOUS
10
0.8035724803149606
20
2.2961614173228346
11
0.8012814960629921
21
2.2969057874015748
0
LINE
8
BLACK
6
CONTINUOUS
10
0.8012814960629921
20
2.2969057874015748
11
0.7998655905511811
21
2.2988546062992126
0
LINE
8
BLACK
6
CONTINUOUS
10
0.7998655905511811
20
2.2988546062992126
11
0.7998655905511811
21
2.3012635039370077
0
LINE
8
BLACK
6
CONTINUOUS
10
0.7998655905511811
20
2.3012635039370077
11
0.8008164173228346
21
2.3028151181102361
0
LINE
8
BLACK
6
CONTINUOUS
10
0.8008164173228346
20
2.3028151181102361
11
0.8014858661417322
21
2.3034845275590552
0
LINE
8
BLACK
6
CONTINUOUS
10
0.8014858661417322
20
2.3034845275590552
11
0.8036322440944882
21
2.3045780708661416
0
LINE
8
BLACK
6
CONTINUOUS
10
0.8036322440944882
20
2.3045780708661416
11
0.8042418503937008
21
2.3046260236220473
0
LINE
8
BLACK
6
CONTINUOUS
10
0.8042418503937008
20
2.3046260236220473
11
0.8619496456692913
21
2.3046260236220473
0
LINE
8
BLACK
6
CONTINUOUS
10
0.8619496456692913
20
2.3046260236220473
11
0.8619496850393701
21
2.304626062992126
0
LINE
8
BLACK
6
CONTINUOUS
10
0.8619496850393701
20
2.304626062992126
11
0.8637957086614173
21
2.3049184251968504
0
LINE
8
BLACK
6
CONTINUOUS
10
0.8637957086614173
20
2.3049184251968504
11
0.8656416929133858
21
2.3052107480314961
0
LINE
8
BLACK
6
CONTINUOUS
10
0.8656416929133858
20
2.3052107480314961
11
0.8656416929133858
21
2.3052107874015748
0
LINE
8
BLACK
6
CONTINUOUS
10
0.8656416929133858
20
2.3052107874015748
11
0.8656418897637795
21
2.3052107874015748
0
LINE
8
BLACK
6
CONTINUOUS
10
0.8656418897637795
20
2.3052107874015748
11
0.8700922047244094
21
2.3074783464566928
0
LINE
8
BLACK
6
CONTINUOUS
10
0.8700922047244094
20
2.3074783464566928
11
0.8736240157480315
21
2.311010157480315
0
LINE
8
BLACK
6
CONTINUOUS
10
0.8736240157480315
20
2.311010157480315
11
0.8758915748031496
21
2.3154604724409449
0
LINE
8
BLACK
6
CONTINUOUS
10
0.8758915748031496
20
2.3154604724409449
11
0.8764763779527559
21
2.3191527952755906
0
LINE
8
BLACK
6
CONTINUOUS
10
0.8764763779527559
20
2.3191527952755906
11
0.8764763385826772
21
2.3786072834645671
0
LINE
8
BLACK
6
CONTINUOUS
10
0.8764763385826772
20
2.3786072834645671
11
0.8764763385826772
21
2.3816345669291339
0
LINE
8
BLACK
6
CONTINUOUS
10
0.8764763385826772
20
2.3816345669291339
11
0.8764763385826772
21
2.3816346062992126
0
LINE
8
BLACK
6
CONTINUOUS
10
0.8764763385826772
20
2.3816346062992126
11
0.8764763385826772
21
2.3816347244094489
0
LINE
8
BLACK
6
CONTINUOUS
10
0.8764763385826772
20
2.3816347244094489
11
0.8764762992125984
21
2.3816348031496064
0
LINE
8
BLACK
6
CONTINUOUS
10
0.8764762992125984
20
2.3816348031496064
11
0.8758916141732284
21
2.3853267716535433
0
LINE
8
BLACK
6
CONTINUOUS
10
0.8758916141732284
20
2.3853267716535433
11
0.8758915748031496
21
2.3853268503937008
0
LINE
8
BLACK
6
CONTINUOUS
10
0.8758915748031496
20
2.3853268503937008
11
0.8758915748031496
21
2.3853269291338584
0
LINE
8
BLACK
6
CONTINUOUS
10
0.8758915748031496
20
2.3853269291338584
11
0.8736240157480315
21
2.3897772440944882
0
LINE
8
BLACK
6
CONTINUOUS
10
0.8736240157480315
20
2.3897772440944882
11
0.8700922047244094
21
2.39330905511811
0
LINE
8
BLACK
6
CONTINUOUS
10
0.8700922047244094
20
2.39330905511811
11
0.8656418897637795
21
2.3955766141732284
0
LINE
8
BLACK
6
CONTINUOUS
10
0.8656418897637795
20
2.3955766141732284
11
0.8656419291338583
21
2.3955766141732284
0
LINE
8
BLACK
6
CONTINUOUS
10
0.8656419291338583
20
2.3955766141732284
11
0.8619496456692913
21
2.3961614173228347
0
LINE
8
BLACK
6
CONTINUOUS
10
0.8619496456692913
20
2.3961614173228347
11
0.7994676377952755
21
2.3961614173228347
0
LINE
8
BLACK
6
CONTINUOUS
10
0.7994676377952755
20
2.3961614173228347
11
0.7994675590551181
21
2.396161377952756
0
LINE
8
BLACK
6
CONTINUOUS
10
1.4888776771653542
20
2.0535254724409446
11
1.4888776377952755
21
2.0535255511811021
0
LINE
8
BLACK
6
CONTINUOUS
10
1.4888776377952755
20
2.0535255511811021
11
1.4867024015748032
21
2.0567810236220474
0
LINE
8
BLACK
6
CONTINUOUS
10
1.4867024015748032
20
2.0567810236220474
11
1.4867022440944881
21
2.056781181102362
0
LINE
8
BLACK
6
CONTINUOUS
10
1.4867022440944881
20
2.056781181102362
11
1.4834467716535433
21
2.0589564173228347
0
LINE
8
BLACK
6
CONTINUOUS
10
1.4834467716535433
20
2.0589564173228347
11
1.4834466929133858
21
2.0589564566929135
0
LINE
8
BLACK
6
CONTINUOUS
10
1.4834466929133858
20
2.0589564566929135
11
1.4805757480314961
21
2.0595275590551179
0
LINE
8
BLACK
6
CONTINUOUS
10
1.4805757480314961
20
2.0595275590551179
11
1.4596063385826772
21
2.0595275590551179
0
LINE
8
BLACK
6
CONTINUOUS
10
1.4596063385826772
20
2.0595275590551179
11
1.4596062992125984
21
2.0595275196850391
0
LINE
8
BLACK
6
CONTINUOUS
10
1.4596062992125984
20
2.0595275196850391
11
1.4596062992125984
21
2.0496850393700785
0
LINE
8
BLACK
6
CONTINUOUS
10
1.4596062992125984
20
2.0496850393700785
11
1.4796062992125985
21
2.0496850393700785
0
LINE
8
BLACK
6
CONTINUOUS
10
1.4796062992125985
20
2.0496850393700785
11
1.4796062992125985
21
2.0296850393700785
0
LINE
8
BLACK
6
CONTINUOUS
10
1.4796062992125985
20
2.0296850393700785
11
1.4894487795275591
21
2.0296850393700785
0
LINE
8
BLACK
6
CONTINUOUS
10
1.4894487795275591
20
2.0296850393700785
11
1.4894488188976378
21
2.0296850787401572
0
LINE
8
BLACK
6
CONTINUOUS
10
1.4894488188976378
20
2.0296850787401572
11
1.4894488188976378
21
2.0506544488188978
0
LINE
8
BLACK
6
CONTINUOUS
10
1.4894488188976378
20
2.0506544488188978
11
1.4894487795275591
21
2.0506545275590549
0
LINE
8
BLACK
6
CONTINUOUS
10
1.4894487795275591
20
2.0506545275590549
11
1.4893947637795275
21
2.0509260629921258
0
LINE
8
BLACK
6
CONTINUOUS
10
1.4893947637795275
20
2.0509260629921258
11
1.4888776771653542
21
2.0535254724409446
0
LINE
8
BLACK
6
CONTINUOUS
10
1.7888776771653543
20
2.0535254724409446
11
1.7888776377952755
21
2.0535255511811021
0
LINE
8
BLACK
6
CONTINUOUS
10
1.7888776377952755
20
2.0535255511811021
11
1.7867024015748032
21
2.0567810236220474
0
LINE
8
BLACK
6
CONTINUOUS
10
1.7867024015748032
20
2.0567810236220474
11
1.7867022440944882
21
2.056781181102362
0
LINE
8
BLACK
6
CONTINUOUS
10
1.7867022440944882
20
2.056781181102362
11
1.7834467716535434
21
2.0589564173228347
0
LINE
8
BLACK
6
CONTINUOUS
10
1.7834467716535434
20
2.0589564173228347
11
1.7834466929133859
21
2.0589564566929135
0
LINE
8
BLACK
6
CONTINUOUS
10
1.7834466929133859
20
2.0589564566929135
11
1.7805757480314961
21
2.0595275590551179
0
LINE
8
BLACK
6
CONTINUOUS
10
1.7805757480314961
20
2.0595275590551179
11
1.7596063385826772
21
2.0595275590551179
0
LINE
8
BLACK
6
CONTINUOUS
10
1.7596063385826772
20
2.0595275590551179
11
1.7596062992125985
21
2.0595275196850391
0
LINE
8
BLACK
6
CONTINUOUS
10
1.7596062992125985
20
2.0595275196850391
11
1.7596062992125985
21
2.0496850393700785
0
LINE
8
BLACK
6
CONTINUOUS
10
1.7596062992125985
20
2.0496850393700785
11
1.7796062992125983
21
2.0496850393700785
0
LINE
8
BLACK
6
CONTINUOUS
10
1.7796062992125983
20
2.0496850393700785
11
1.7796062992125983
21
2.0296850393700785
0
LINE
8
BLACK
6
CONTINUOUS
10
1.7796062992125983
20
2.0296850393700785
11
1.7894487795275591
21
2.0296850393700785
0
LINE
8
BLACK
6
CONTINUOUS
10
1.7894487795275591
20
2.0296850393700785
11
1.7894488188976378
21
2.0296850787401572
0
LINE
8
BLACK
6
CONTINUOUS
10
1.7894488188976378
20
2.0296850787401572
11
1.7894488188976378
21
2.0506544488188978
0
LINE
8
BLACK
6
CONTINUOUS
10
1.7894488188976378
20
2.0506544488188978
11
1.7894487795275591
21
2.0506545275590549
0
LINE
8
BLACK
6
CONTINUOUS
10
1.7894487795275591
20
2.0506545275590549
11
1.7893947637795276
21
2.0509260629921258
0
LINE
8
BLACK
6
CONTINUOUS
10
1.7893947637795276
20
2.0509260629921258
11
1.7888776771653543
21
2.0535254724409446
0
LINE
8
BLACK
6
CONTINUOUS
10
1.2097638188976378
20
2.0096850393700785
11
1.2097637795275591
21
2.0096850000000002
0
LINE
8
BLACK
6
CONTINUOUS
10
1.2097637795275591
20
2.0096850000000002
11
1.2097637795275591
21
1.9887155905511811
0
LINE
8
BLACK
6
CONTINUOUS
10
1.2097637795275591
20
1.9887155905511811
11
1.2103348818897637
21
1.9858446456692913
0
LINE
8
BLACK
6
CONTINUOUS
10
1.2103348818897637
20
1.9858446456692913
11
1.2103349212598424
21
1.9858445669291338
0
LINE
8
BLACK
6
CONTINUOUS
10
1.2103349212598424
20
1.9858445669291338
11
1.212510157480315
21
1.982589094488189
0
LINE
8
BLACK
6
CONTINUOUS
10
1.212510157480315
20
1.982589094488189
11
1.21251031496063
21
1.982588937007874
0
LINE
8
BLACK
6
CONTINUOUS
10
1.21251031496063
20
1.982588937007874
11
1.2157657874015748
21
1.9804137007874014
0
LINE
8
BLACK
6
CONTINUOUS
10
1.2157657874015748
20
1.9804137007874014
11
1.2157658661417323
21
1.9804136614173229
0
LINE
8
BLACK
6
CONTINUOUS
10
1.2157658661417323
20
1.9804136614173229
11
1.2186368110236221
21
1.9798425590551181
0
LINE
8
BLACK
6
CONTINUOUS
10
1.2186368110236221
20
1.9798425590551181
11
1.2186368897637796
21
1.9798425196850393
0
LINE
8
BLACK
6
CONTINUOUS
10
1.2186368897637796
20
1.9798425196850393
11
1.2396062598425197
21
1.9798425196850393
0
LINE
8
BLACK
6
CONTINUOUS
10
1.2396062598425197
20
1.9798425196850393
11
1.2396062992125985
21
1.9798425590551181
0
LINE
8
BLACK
6
CONTINUOUS
10
1.2396062992125985
20
1.9798425590551181
11
1.2396062992125985
21
1.9896850393700787
0
LINE
8
BLACK
6
CONTINUOUS
10
1.2396062992125985
20
1.9896850393700787
11
1.2196062992125984
21
1.9896850393700787
0
LINE
8
BLACK
6
CONTINUOUS
10
1.2196062992125984
20
1.9896850393700787
11
1.2196062992125984
21
2.0096850393700785
0
LINE
8
BLACK
6
CONTINUOUS
10
1.2196062992125984
20
2.0096850393700785
11
1.2097638188976378
21
2.0096850393700785
0
LINE
8
BLACK
6
CONTINUOUS
10
1.2796062992125985
20
1.9896850393700787
11
1.2596062992125985
21
1.9896850393700787
0
LINE
8
BLACK
6
CONTINUOUS
10
1.2596062992125985
20
1.9896850393700787
11
1.2596062992125985
21
1.9798425590551181
0
LINE
8
BLACK
6
CONTINUOUS
10
1.2596062992125985
20
1.9798425590551181
11
1.2596063385826772
21
1.9798425196850393
0
LINE
8
BLACK
6
CONTINUOUS
10
1.2596063385826772
20
1.9798425196850393
11
1.2805757086614173
21
1.9798425196850393
0
LINE
8
BLACK
6
CONTINUOUS
10
1.2805757086614173
20
1.9798425196850393
11
1.2805757480314961
21
1.9798425590551181
0
LINE
8
BLACK
6
CONTINUOUS
10
1.2805757480314961
20
1.9798425590551181
11
1.2834466929133859
21
1.9804136614173229
0
LINE
8
BLACK
6
CONTINUOUS
10
1.2834466929133859
20
1.9804136614173229
11
1.2834467716535434
21
1.9804137007874014
0
LINE
8
BLACK
6
CONTINUOUS
10
1.2834467716535434
20
1.9804137007874014
11
1.2867022440944882
21
1.982588937007874
0
LINE
8
BLACK
6
CONTINUOUS
10
1.2867022440944882
20
1.982588937007874
11
1.2867024015748032
21
1.982589094488189
0
LINE
8
BLACK
6
CONTINUOUS
10
1.2867024015748032
20
1.982589094488189
11
1.2888776377952755
21
1.9858445669291338
0
LINE
8
BLACK
6
CONTINUOUS
10
1.2888776377952755
20
1.9858445669291338
11
1.2888776771653543
21
1.9858446456692913
0
LINE
8
BLACK
6
CONTINUOUS
10
1.2888776771653543
20
1.9858446456692913
11
1.2894487795275591
21
1.9887155905511811
0
LINE
8
BLACK
6
CONTINUOUS
10
1.2894487795275591
20
1.9887155905511811
11
1.2894488188976378
21
1.9887156692913386
0
LINE
8
BLACK
6
CONTINUOUS
10
1.2894488188976378
20
1.9887156692913386
11
1.2894488188976378
21
2.0096850000000002
0
LINE
8
BLACK
6
CONTINUOUS
10
1.2894488188976378
20
2.0096850000000002
11
1.2894487795275591
21
2.0096850393700785
0
LINE
8
BLACK
6
CONTINUOUS
10
1.2894487795275591
20
2.0096850393700785
11
1.2796062992125985
21
2.0096850393700785
0
LINE
8
BLACK
6
CONTINUOUS
10
1.2796062992125985
20
2.0096850393700785
11
1.2796062992125985
21
1.9896850393700787
0
LINE
8
BLACK
6
CONTINUOUS
10
1.4097638188976378
20
2.0096850393700785
11
1.409763779527559
21
2.0096850000000002
0
LINE
8
BLACK
6
CONTINUOUS
10
1.409763779527559
20
2.0096850000000002
11
1.409763779527559
21
1.9887155905511811
0
LINE
8
BLACK
6
CONTINUOUS
10
1.409763779527559
20
1.9887155905511811
11
1.4103348818897639
21
1.9858446456692913
0
LINE
8
BLACK
6
CONTINUOUS
10
1.4103348818897639
20
1.9858446456692913
11
1.4103349212598424
21
1.9858445669291338
0
LINE
8
BLACK
6
CONTINUOUS
10
1.4103349212598424
20
1.9858445669291338
11
1.4125101574803149
21
1.982589094488189
0
LINE
8
BLACK
6
CONTINUOUS
10
1.4125101574803149
20
1.982589094488189
11
1.41251031496063
21
1.982588937007874
0
LINE
8
BLACK
6
CONTINUOUS
10
1.41251031496063
20
1.982588937007874
11
1.4157657874015748
21
1.9804137007874014
0
LINE
8
BLACK
6
CONTINUOUS
10
1.4157657874015748
20
1.9804137007874014
11
1.4157658661417323
21
1.9804136614173229
0
LINE
8
BLACK
6
CONTINUOUS
10
1.4157658661417323
20
1.9804136614173229
11
1.418636811023622
21
1.9798425590551181
0
LINE
8
BLACK
6
CONTINUOUS
10
1.418636811023622
20
1.9798425590551181
11
1.4186368897637796
21
1.9798425196850393
0
LINE
8
BLACK
6
CONTINUOUS
10
1.4186368897637796
20
1.9798425196850393
11
1.4396062598425197
21
1.9798425196850393
0
LINE
8
BLACK
6
CONTINUOUS
10
1.4396062598425197
20
1.9798425196850393
11
1.4396062992125984
21
1.9798425590551181
0
LINE
8
BLACK
6
CONTINUOUS
10
1.4396062992125984
20
1.9798425590551181
11
1.4396062992125984
21
1.9896850393700787
0
LINE
8
BLACK
6
CONTINUOUS
10
1.4396062992125984
20
1.9896850393700787
11
1.4196062992125984
21
1.9896850393700787
0
LINE
8
BLACK
6
CONTINUOUS
10
1.4196062992125984
20
1.9896850393700787
11
1.4196062992125984
21
2.0096850393700785
0
LINE
8
BLACK
6
CONTINUOUS
10
1.4196062992125984
20
2.0096850393700785
11
1.4097638188976378
21
2.0096850393700785
0
LINE
8
BLACK
6
CONTINUOUS
10
1.4796062992125985
20
1.9896850393700787
11
1.4596062992125984
21
1.9896850393700787
0
LINE
8
BLACK
6
CONTINUOUS
10
1.4596062992125984
20
1.9896850393700787
11
1.4596062992125984
21
1.9798425590551181
0
LINE
8
BLACK
6
CONTINUOUS
10
1.4596062992125984
20
1.9798425590551181
11
1.4596063385826772
21
1.9798425196850393
0
LINE
8
BLACK
6
CONTINUOUS
10
1.4596063385826772
20
1.9798425196850393
11
1.4805757086614173
21
1.9798425196850393
0
LINE
8
BLACK
6
CONTINUOUS
10
1.4805757086614173
20
1.9798425196850393
11
1.4805757480314961
21
1.9798425590551181
0
LINE
8
BLACK
6
CONTINUOUS
10
1.4805757480314961
20
1.9798425590551181
11
1.4834466929133858
21
1.9804136614173229
0
LINE
8
BLACK
6
CONTINUOUS
10
1.4834466929133858
20
1.9804136614173229
11
1.4834467716535433
21
1.9804137007874014
0
LINE
8
BLACK
6
CONTINUOUS
10
1.4834467716535433
20
1.9804137007874014
11
1.4867022440944881
21
1.982588937007874
0
LINE
8
BLACK
6
CONTINUOUS
10
1.4867022440944881
20
1.982588937007874
11
1.4867024015748032
21
1.982589094488189
0
LINE
8
BLACK
6
CONTINUOUS
10
1.4867024015748032
20
1.982589094488189
11
1.4888776377952755
21
1.9858445669291338
0
LINE
8
BLACK
6
CONTINUOUS
10
1.4888776377952755
20
1.9858445669291338
11
1.4888776771653542
21
1.9858446456692913
0
LINE
8
BLACK
6
CONTINUOUS
10
1.4888776771653542
20
1.9858446456692913
11
1.4894487795275591
21
1.9887155905511811
0
LINE
8
BLACK
6
CONTINUOUS
10
1.4894487795275591
20
1.9887155905511811
11
1.4894488188976378
21
1.9887156692913386
0
LINE
8
BLACK
6
CONTINUOUS
10
1.4894488188976378
20
1.9887156692913386
11
1.4894488188976378
21
2.0096850000000002
0
LINE
8
BLACK
6
CONTINUOUS
10
1.4894488188976378
20
2.0096850000000002
11
1.4894487795275591
21
2.0096850393700785
0
LINE
8
BLACK
6
CONTINUOUS
10
1.4894487795275591
20
2.0096850393700785
11
1.4796062992125985
21
2.0096850393700785
0
LINE
8
BLACK
6
CONTINUOUS
10
1.4796062992125985
20
2.0096850393700785
11
1.4796062992125985
21
1.9896850393700787
0
LINE
8
BLACK
6
CONTINUOUS
10
1.6097638188976378
20
2.0096850393700785
11
1.609763779527559
21
2.0096850000000002
0
LINE
8
BLACK
6
CONTINUOUS
10
1.609763779527559
20
2.0096850000000002
11
1.609763779527559
21
1.9887155905511811
0
LINE
8
BLACK
6
CONTINUOUS
10
1.609763779527559
20
1.9887155905511811
11
1.6103348818897638
21
1.9858446456692913
0
LINE
8
BLACK
6
CONTINUOUS
10
1.6103348818897638
20
1.9858446456692913
11
1.6103349212598426
21
1.9858445669291338
0
LINE
8
BLACK
6
CONTINUOUS
10
1.6103349212598426
20
1.9858445669291338
11
1.6125101574803149
21
1.982589094488189
0
LINE
8
BLACK
6
CONTINUOUS
10
1.6125101574803149
20
1.982589094488189
11
1.6125103149606299
21
1.982588937007874
0
LINE
8
BLACK
6
CONTINUOUS
10
1.6125103149606299
20
1.982588937007874
11
1.6157657874015747
21
1.9804137007874014
0
LINE
8
BLACK
6
CONTINUOUS
10
1.6157657874015747
20
1.9804137007874014
11
1.6157658661417322
21
1.9804136614173229
0
LINE
8
BLACK
6
CONTINUOUS
10
1.6157658661417322
20
1.9804136614173229
11
1.618636811023622
21
1.9798425590551181
0
LINE
8
BLACK
6
CONTINUOUS
10
1.618636811023622
20
1.9798425590551181
11
1.6186368897637795
21
1.9798425196850393
0
LINE
8
BLACK
6
CONTINUOUS
10
1.6186368897637795
20
1.9798425196850393
11
1.6396062598425196
21
1.9798425196850393
0
LINE
8
BLACK
6
CONTINUOUS
10
1.6396062598425196
20
1.9798425196850393
11
1.6396062992125984
21
1.9798425590551181
0
LINE
8
BLACK
6
CONTINUOUS
10
1.6396062992125984
20
1.9798425590551181
11
1.6396062992125984
21
1.9896850393700787
0
LINE
8
BLACK
6
CONTINUOUS
10
1.6396062992125984
20
1.9896850393700787
11
1.6196062992125984
21
1.9896850393700787
0
LINE
8
BLACK
6
CONTINUOUS
10
1.6196062992125984
20
1.9896850393700787
11
1.6196062992125984
21
2.0096850393700785
0
LINE
8
BLACK
6
CONTINUOUS
10
1.6196062992125984
20
2.0096850393700785
11
1.6097638188976378
21
2.0096850393700785
0
LINE
8
BLACK
6
CONTINUOUS
10
1.6796062992125984
20
1.9896850393700787
11
1.6596062992125984
21
1.9896850393700787
0
LINE
8
BLACK
6
CONTINUOUS
10
1.6596062992125984
20
1.9896850393700787
11
1.6596062992125984
21
1.9798425590551181
0
LINE
8
BLACK
6
CONTINUOUS
10
1.6596062992125984
20
1.9798425590551181
11
1.6596063385826771
21
1.9798425196850393
0
LINE
8
BLACK
6
CONTINUOUS
10
1.6596063385826771
20
1.9798425196850393
11
1.6805757086614173
21
1.9798425196850393
0
LINE
8
BLACK
6
CONTINUOUS
10
1.6805757086614173
20
1.9798425196850393
11
1.680575748031496
21
1.9798425590551181
0
LINE
8
BLACK
6
CONTINUOUS
10
1.680575748031496
20
1.9798425590551181
11
1.6834466929133858
21
1.9804136614173229
0
LINE
8
BLACK
6
CONTINUOUS
10
1.6834466929133858
20
1.9804136614173229
11
1.6834467716535433
21
1.9804137007874014
0
LINE
8
BLACK
6
CONTINUOUS
10
1.6834467716535433
20
1.9804137007874014
11
1.6867022440944881
21
1.982588937007874
0
LINE
8
BLACK
6
CONTINUOUS
10
1.6867022440944881
20
1.982588937007874
11
1.6867024015748031
21
1.982589094488189
0
LINE
8
BLACK
6
CONTINUOUS
10
1.6867024015748031
20
1.982589094488189
11
1.6888776377952754
21
1.9858445669291338
0
LINE
8
BLACK
6
CONTINUOUS
10
1.6888776377952754
20
1.9858445669291338
11
1.6888776771653542
21
1.9858446456692913
0
LINE
8
BLACK
6
CONTINUOUS
10
1.6888776771653542
20
1.9858446456692913
11
1.689448779527559
21
1.9887155905511811
0
LINE
8
BLACK
6
CONTINUOUS
10
1.689448779527559
20
1.9887155905511811
11
1.6894488188976378
21
1.9887156692913386
0
LINE
8
BLACK
6
CONTINUOUS
10
1.6894488188976378
20
1.9887156692913386
11
1.6894488188976378
21
2.0096850000000002
0
LINE
8
BLACK
6
CONTINUOUS
10
1.6894488188976378
20
2.0096850000000002
11
1.689448779527559
21
2.0096850393700785
0
LINE
8
BLACK
6
CONTINUOUS
10
1.689448779527559
20
2.0096850393700785
11
1.6796062992125984
21
2.0096850393700785
0
LINE
8
BLACK
6
CONTINUOUS
10
1.6796062992125984
20
2.0096850393700785
11
1.6796062992125984
21
1.9896850393700787
0
LINE
8
BLACK
6
CONTINUOUS
10
1.7097638188976378
20
2.0096850393700785
11
1.7097637795275591
21
2.0096850000000002
0
LINE
8
BLACK
6
CONTINUOUS
10
1.7097637795275591
20
2.0096850000000002
11
1.7097637795275591
21
1.9887155905511811
0
LINE
8
BLACK
6
CONTINUOUS
10
1.7097637795275591
20
1.9887155905511811
11
1.7103348818897637
21
1.9858446456692913
0
LINE
8
BLACK
6
CONTINUOUS
10
1.7103348818897637
20
1.9858446456692913
11
1.7103349212598424
21
1.9858445669291338
0
LINE
8
BLACK
6
CONTINUOUS
10
1.7103349212598424
20
1.9858445669291338
11
1.712510157480315
21
1.982589094488189
0
LINE
8
BLACK
6
CONTINUOUS
10
1.712510157480315
20
1.982589094488189
11
1.7125103149606298
21
1.982588937007874
0
LINE
8
BLACK
6
CONTINUOUS
10
1.7125103149606298
20
1.982588937007874
11
1.7157657874015748
21
1.9804137007874014
0
LINE
8
BLACK
6
CONTINUOUS
10
1.7157657874015748
20
1.9804137007874014
11
1.7157658661417323
21
1.9804136614173229
0
LINE
8
BLACK
6
CONTINUOUS
10
1.7157658661417323
20
1.9804136614173229
11
1.7186368110236221
21
1.9798425590551181
0
LINE
8
BLACK
6
CONTINUOUS
10
1.7186368110236221
20
1.9798425590551181
11
1.7186368897637796
21
1.9798425196850393
0
LINE
8
BLACK
6
CONTINUOUS
10
1.7186368897637796
20
1.9798425196850393
11
1.7396062598425197
21
1.9798425196850393
0
LINE
8
BLACK
6
CONTINUOUS
10
1.7396062598425197
20
1.9798425196850393
11
1.7396062992125985
21
1.9798425590551181
0
LINE
8
BLACK
6
CONTINUOUS
10
1.7396062992125985
20
1.9798425590551181
11
1.7396062992125985
21
1.9896850393700787
0
LINE
8
BLACK
6
CONTINUOUS
10
1.7396062992125985
20
1.9896850393700787
11
1.7196062992125984
21
1.9896850393700787
0
LINE
8
BLACK
6
CONTINUOUS
10
1.7196062992125984
20
1.9896850393700787
11
1.7196062992125984
21
2.0096850393700785
0
LINE
8
BLACK
6
CONTINUOUS
10
1.7196062992125984
20
2.0096850393700785
11
1.7097638188976378
21
2.0096850393700785
0
LINE
8
BLACK
6
CONTINUOUS
10
1.7796062992125983
20
1.9896850393700787
11
1.7596062992125985
21
1.9896850393700787
0
LINE
8
BLACK
6
CONTINUOUS
10
1.7596062992125985
20
1.9896850393700787
11
1.7596062992125985
21
1.9798425590551181
0
LINE
8
BLACK
6
CONTINUOUS
10
1.7596062992125985
20
1.9798425590551181
11
1.7596063385826772
21
1.9798425196850393
0
LINE
8
BLACK
6
CONTINUOUS
10
1.7596063385826772
20
1.9798425196850393
11
1.7805757086614173
21
1.9798425196850393
0
LINE
8
BLACK
6
CONTINUOUS
10
1.7805757086614173
20
1.9798425196850393
11
1.7805757480314961
21
1.9798425590551181
0
LINE
8
BLACK
6
CONTINUOUS
10
1.7805757480314961
20
1.9798425590551181
11
1.7834466929133859
21
1.9804136614173229
0
LINE
8
BLACK
6
CONTINUOUS
10
1.7834466929133859
20
1.9804136614173229
11
1.7834467716535434
21
1.9804137007874014
0
LINE
8
BLACK
6
CONTINUOUS
10
1.7834467716535434
20
1.9804137007874014
11
1.7867022440944882
21
1.982588937007874
0
LINE
8
BLACK
6
CONTINUOUS
10
1.7867022440944882
20
1.982588937007874
11
1.7867024015748032
21
1.982589094488189
0
LINE
8
BLACK
6
CONTINUOUS
10
1.7867024015748032
20
1.982589094488189
11
1.7888776377952755
21
1.9858445669291338
0
LINE
8
BLACK
6
CONTINUOUS
10
1.7888776377952755
20
1.9858445669291338
11
1.7888776771653543
21
1.9858446456692913
0
LINE
8
BLACK
6
CONTINUOUS
10
1.7888776771653543
20
1.9858446456692913
11
1.7894487795275591
21
1.9887155905511811
0
LINE
8
BLACK
6
CONTINUOUS
10
1.7894487795275591
20
1.9887155905511811
11
1.7894488188976378
21
1.9887156692913386
0
LINE
8
BLACK
6
CONTINUOUS
10
1.7894488188976378
20
1.9887156692913386
11
1.7894488188976378
21
2.0096850000000002
0
LINE
8
BLACK
6
CONTINUOUS
10
1.7894488188976378
20
2.0096850000000002
11
1.7894487795275591
21
2.0096850393700785
0
LINE
8
BLACK
6
CONTINUOUS
10
1.7894487795275591
20
2.0096850393700785
11
1.7796062992125983
21
2.0096850393700785
0
LINE
8
BLACK
6
CONTINUOUS
10
1.7796062992125983
20
2.0096850393700785
11
1.7796062992125983
21
1.9896850393700787
0
LINE
8
BLACK
6
CONTINUOUS
10
0.0038385826771654
20
1.9884440551181102
11
0.0038386220472441
21
1.9884439763779527
0
LINE
8
BLACK
6
CONTINUOUS
10
0.0038386220472441
20
1.9884439763779527
11
0.0044233070866142
21
1.9847520078740157
0
LINE
8
BLACK
6
CONTINUOUS
10
0.0044233070866142
20
1.9847520078740157
11
0.0044233858267717
21
1.984751811023622
0
LINE
8
BLACK
6
CONTINUOUS
10
0.0044233858267717
20
1.984751811023622
11
0.0066909448818898
21
1.9803014960629921
0
LINE
8
BLACK
6
CONTINUOUS
10
0.0066909448818898
20
1.9803014960629921
11
0.0102227559055118
21
1.9767696850393701
0
LINE
8
BLACK
6
CONTINUOUS
10
0.0102227559055118
20
1.9767696850393701
11
0.0146730708661417
21
1.9745021259842519
0
LINE
8
BLACK
6
CONTINUOUS
10
0.0146730708661417
20
1.9745021259842519
11
0.0183653937007874
21
1.9739173228346456
0
LINE
8
BLACK
6
CONTINUOUS
10
0.0183653937007874
20
1.9739173228346456
11
0.0808471653543307
21
1.9739173622047244
0
LINE
8
BLACK
6
CONTINUOUS
10
0.0808471653543307
20
1.9739173622047244
11
0.0808472834645669
21
1.9739173622047244
0
LINE
8
BLACK
6
CONTINUOUS
10
0.0808472834645669
20
1.9739173622047244
11
0.0808473228346457
21
1.9739174015748031
0
LINE
8
BLACK
6
CONTINUOUS
10
0.0808473228346457
20
1.9739174015748031
11
0.0826933464566929
21
1.9742097637795275
0
LINE
8
BLACK
6
CONTINUOUS
10
0.0826933464566929
20
1.9742097637795275
11
0.0845393307086614
21
1.9745020866141731
0
LINE
8
BLACK
6
CONTINUOUS
10
0.0845393307086614
20
1.9745020866141731
11
0.0845393307086614
21
1.9745021259842519
0
LINE
8
BLACK
6
CONTINUOUS
10
0.0845393307086614
20
1.9745021259842519
11
0.0845395275590551
21
1.9745021259842519
0
LINE
8
BLACK
6
CONTINUOUS
10
0.0845395275590551
20
1.9745021259842519
11
0.088989842519685
21
1.9767696850393701
0
LINE
8
BLACK
6
CONTINUOUS
10
0.088989842519685
20
1.9767696850393701
11
0.0925216535433071
21
1.9803014960629921
0
LINE
8
BLACK
6
CONTINUOUS
10
0.0925216535433071
20
1.9803014960629921
11
0.0947892125984252
21
1.984751811023622
0
LINE
8
BLACK
6
CONTINUOUS
10
0.0947892125984252
20
1.984751811023622
11
0.0953740157480315
21
1.9884441338582677
0
LINE
8
BLACK
6
CONTINUOUS
10
0.0953740157480315
20
1.9884441338582677
11
0.0953739763779528
21
2.0509259055118112
0
LINE
8
BLACK
6
CONTINUOUS
10
0.0953739763779528
20
2.0509259055118112
11
0.0953739763779528
21
2.0509259448818895
0
LINE
8
BLACK
6
CONTINUOUS
10
0.0953739763779528
20
2.0509259448818895
11
0.0953739763779528
21
2.0509260629921258
0
LINE
8
BLACK
6
CONTINUOUS
10
0.0953739763779528
20
2.0509260629921258
11
0.095373937007874
21
2.0509261417322833
0
LINE
8
BLACK
6
CONTINUOUS
10
0.095373937007874
20
2.0509261417322833
11
0.0947892519685039
21
2.0546181102362202
0
LINE
8
BLACK
6
CONTINUOUS
10
0.0947892519685039
20
2.0546181102362202
11
0.0947892125984252
21
2.0546181889763777
0
LINE
8
BLACK
6
CONTINUOUS
10
0.0947892125984252
20
2.0546181889763777
11
0.0947892125984252
21
2.0546182677165352
0
LINE
8
BLACK
6
CONTINUOUS
10
0.0947892125984252
20
2.0546182677165352
11
0.0925216535433071
21
2.0590685826771655
0
LINE
8
BLACK
6
CONTINUOUS
10
0.0925216535433071
20
2.0590685826771655
11
0.088989842519685
21
2.0626003937007873
0
LINE
8
BLACK
6
CONTINUOUS
10
0.088989842519685
20
2.0626003937007873
11
0.0845395275590551
21
2.0648679527559053
0
LINE
8
BLACK
6
CONTINUOUS
10
0.0845395275590551
20
2.0648679527559053
11
0.0845395669291338
21
2.0648679527559053
0
LINE
8
BLACK
6
CONTINUOUS
10
0.0845395669291338
20
2.0648679527559053
11
0.0808472834645669
21
2.0654527559055116
0
LINE
8
BLACK
6
CONTINUOUS
10
0.0808472834645669
20
2.0654527559055116
11
0.0183652755905512
21
2.0654527559055116
0
LINE
8
BLACK
6
CONTINUOUS
10
0.0183652755905512
20
2.0654527559055116
11
0.0183651968503937
21
2.0654527165354328
0
LINE
8
BLACK
6
CONTINUOUS
10
0.0183651968503937
20
2.0654527165354328
11
0.0146732283464567
21
2.0648680314960628
0
LINE
8
BLACK
6
CONTINUOUS
10
0.0146732283464567
20
2.0648680314960628
11
0.014673031496063
21
2.0648679527559053
0
LINE
8
BLACK
6
CONTINUOUS
10
0.014673031496063
20
2.0648679527559053
11
0.0102227952755906
21
2.062600433070866
0
LINE
8
BLACK
6
CONTINUOUS
10
0.0102227952755906
20
2.062600433070866
11
0.006690905511811
21
2.0590685433070868
0
LINE
8
BLACK
6
CONTINUOUS
10
0.006690905511811
20
2.0590685433070868
11
0.0044233858267717
21
2.054618307086614
0
LINE
8
BLACK
6
CONTINUOUS
10
0.0044233858267717
20
2.054618307086614
11
0.0038385826771654
21
2.0509260629921258
0
LINE
8
BLACK
6
CONTINUOUS
10
0.0038385826771654
20
2.0509260629921258
11
0.0038385826771654
21
1.9884440551181102
0
LINE
8
BLACK
6
CONTINUOUS
10
0.1038385826771654
20
1.9884440551181102
11
0.1038386220472441
21
1.9884439763779527
0
LINE
8
BLACK
6
CONTINUOUS
10
0.1038386220472441
20
1.9884439763779527
11
0.1044233070866142
21
1.9847520078740157
0
LINE
8
BLACK
6
CONTINUOUS
10
0.1044233070866142
20
1.9847520078740157
11
0.1044233858267716
21
1.984751811023622
0
LINE
8
BLACK
6
CONTINUOUS
10
0.1044233858267716
20
1.984751811023622
11
0.1066909448818898
21
1.9803014960629921
0
LINE
8
BLACK
6
CONTINUOUS
10
0.1066909448818898
20
1.9803014960629921
11
0.1102227559055118
21
1.9767696850393701
0
LINE
8
BLACK
6
CONTINUOUS
10
0.1102227559055118
20
1.9767696850393701
11
0.1146730708661417
21
1.9745021259842519
0
LINE
8
BLACK
6
CONTINUOUS
10
0.1146730708661417
20
1.9745021259842519
11
0.1183653937007874
21
1.9739173228346456
0
LINE
8
BLACK
6
CONTINUOUS
10
0.1183653937007874
20
1.9739173228346456
11
0.1808471653543307
21
1.9739173622047244
0
LINE
8
BLACK
6
CONTINUOUS
10
0.1808471653543307
20
1.9739173622047244
11
0.1808472834645669
21
1.9739173622047244
0
LINE
8
BLACK
6
CONTINUOUS
10
0.1808472834645669
20
1.9739173622047244
11
0.1808473228346457
21
1.9739174015748031
0
LINE
8
BLACK
6
CONTINUOUS
10
0.1808473228346457
20
1.9739174015748031
11
0.1826933464566929
21
1.9742097637795275
0
LINE
8
BLACK
6
CONTINUOUS
10
0.1826933464566929
20
1.9742097637795275
11
0.1845393307086614
21
1.9745020866141731
0
LINE
8
BLACK
6
CONTINUOUS
10
0.1845393307086614
20
1.9745020866141731
11
0.1845393307086614
21
1.9745021259842519
0
LINE
8
BLACK
6
CONTINUOUS
10
0.1845393307086614
20
1.9745021259842519
11
0.1845395275590551
21
1.9745021259842519
0
LINE
8
BLACK
6
CONTINUOUS
10
0.1845395275590551
20
1.9745021259842519
11
0.188989842519685
21
1.9767696850393701
0
LINE
8
BLACK
6
CONTINUOUS
10
0.188989842519685
20
1.9767696850393701
11
0.1925216535433071
21
1.9803014960629921
0
LINE
8
BLACK
6
CONTINUOUS
10
0.1925216535433071
20
1.9803014960629921
11
0.1947892125984252
21
1.984751811023622
0
LINE
8
BLACK
6
CONTINUOUS
10
0.1947892125984252
20
1.984751811023622
11
0.1953740157480315
21
1.9884441338582677
0
LINE
8
BLACK
6
CONTINUOUS
10
0.1953740157480315
20
1.9884441338582677
11
0.1953739763779528
21
2.0509259055118112
0
LINE
8
BLACK
6
CONTINUOUS
10
0.1953739763779528
20
2.0509259055118112
11
0.1953739763779528
21
2.0509259448818895
0
LINE
8
BLACK
6
CONTINUOUS
10
0.1953739763779528
20
2.0509259448818895
11
0.1953739763779528
21
2.0509260629921258
0
LINE
8
BLACK
6
CONTINUOUS
10
0.1953739763779528
20
2.0509260629921258
11
0.195373937007874
21
2.0509261417322833
0
LINE
8
BLACK
6
CONTINUOUS
10
0.195373937007874
20
2.0509261417322833
11
0.1947892519685039
21
2.0546181102362202
0
LINE
8
BLACK
6
CONTINUOUS
10
0.1947892519685039
20
2.0546181102362202
11
0.1947892125984252
21
2.0546181889763777
0
LINE
8
BLACK
6
CONTINUOUS
10
0.1947892125984252
20
2.0546181889763777
11
0.1947892125984252
21
2.0546182677165352
0
LINE
8
BLACK
6
CONTINUOUS
10
0.1947892125984252
20
2.0546182677165352
11
0.1925216535433071
21
2.0590685826771655
0
LINE
8
BLACK
6
CONTINUOUS
10
0.1925216535433071
20
2.0590685826771655
11
0.188989842519685
21
2.0626003937007873
0
LINE
8
BLACK
6
CONTINUOUS
10
0.188989842519685
20
2.0626003937007873
11
0.1845395275590551
21
2.0648679527559053
0
LINE
8
BLACK
6
CONTINUOUS
10
0.1845395275590551
20
2.0648679527559053
11
0.1845395669291338
21
2.0648679527559053
0
LINE
8
BLACK
6
CONTINUOUS
10
0.1845395669291338
20
2.0648679527559053
11
0.1808472834645669
21
2.0654527559055116
0
LINE
8
BLACK
6
CONTINUOUS
10
0.1808472834645669
20
2.0654527559055116
11
0.1183652755905512
21
2.0654527559055116
0
LINE
8
BLACK
6
CONTINUOUS
10
0.1183652755905512
20
2.0654527559055116
11
0.1183651968503937
21
2.0654527165354328
0
LINE
8
BLACK
6
CONTINUOUS
10
0.1183651968503937
20
2.0654527165354328
11
0.1146732283464567
21
2.0648680314960628
0
LINE
8
BLACK
6
CONTINUOUS
10
0.1146732283464567
20
2.0648680314960628
11
0.114673031496063
21
2.0648679527559053
0
LINE
8
BLACK
6
CONTINUOUS
10
0.114673031496063
20
2.0648679527559053
11
0.1102227952755905
21
2.062600433070866
0
LINE
8
BLACK
6
CONTINUOUS
10
0.1102227952755905
20
2.062600433070866
11
0.106690905511811
21
2.0590685433070868
0
LINE
8
BLACK
6
CONTINUOUS
10
0.106690905511811
20
2.0590685433070868
11
0.1044233858267716
21
2.054618307086614
0
LINE
8
BLACK
6
CONTINUOUS
10
0.1044233858267716
20
2.054618307086614
11
0.1038385826771654
21
2.0509260629921258
0
LINE
8
BLACK
6
CONTINUOUS
10
0.1038385826771654
20
2.0509260629921258
11
0.1038385826771654
21
1.9884440551181102
0
LINE
8
BLACK
6
CONTINUOUS
10
0.2038385826771653
20
1.9884440551181102
11
0.2038386220472441
21
1.9884439763779527
0
LINE
8
BLACK
6
CONTINUOUS
10
0.2038386220472441
20
1.9884439763779527
11
0.2044233070866142
21
1.9847520078740157
0
LINE
8
BLACK
6
CONTINUOUS
10
0.2044233070866142
20
1.9847520078740157
11
0.2044233858267716
21
1.984751811023622
0
LINE
8
BLACK
6
CONTINUOUS
10
0.2044233858267716
20
1.984751811023622
11
0.2066909448818898
21
1.9803014960629921
0
LINE
8
BLACK
6
CONTINUOUS
10
0.2066909448818898
20
1.9803014960629921
11
0.2102227559055118
21
1.9767696850393701
0
LINE
8
BLACK
6
CONTINUOUS
10
0.2102227559055118
20
1.9767696850393701
11
0.2146730708661417
21
1.9745021259842519
0
LINE
8
BLACK
6
CONTINUOUS
10
0.2146730708661417
20
1.9745021259842519
11
0.2183653937007874
21
1.9739173228346456
0
LINE
8
BLACK
6
CONTINUOUS
10
0.2183653937007874
20
1.9739173228346456
11
0.2808471653543307
21
1.9739173622047244
0
LINE
8
BLACK
6
CONTINUOUS
10
0.2808471653543307
20
1.9739173622047244
11
0.2808472834645669
21
1.9739173622047244
0
LINE
8
BLACK
6
CONTINUOUS
10
0.2808472834645669
20
1.9739173622047244
11
0.2808473228346456
21
1.9739174015748031
0
LINE
8
BLACK
6
CONTINUOUS
10
0.2808473228346456
20
1.9739174015748031
11
0.2826933464566929
21
1.9742097637795275
0
LINE
8
BLACK
6
CONTINUOUS
10
0.2826933464566929
20
1.9742097637795275
11
0.2845393307086614
21
1.9745020866141731
0
LINE
8
BLACK
6
CONTINUOUS
10
0.2845393307086614
20
1.9745020866141731
11
0.2845393307086614
21
1.9745021259842519
0
LINE
8
BLACK
6
CONTINUOUS
10
0.2845393307086614
20
1.9745021259842519
11
0.2845395275590551
21
1.9745021259842519
0
LINE
8
BLACK
6
CONTINUOUS
10
0.2845395275590551
20
1.9745021259842519
11
0.288989842519685
21
1.9767696850393701
0
LINE
8
BLACK
6
CONTINUOUS
10
0.288989842519685
20
1.9767696850393701
11
0.2925216535433071
21
1.9803014960629921
0
LINE
8
BLACK
6
CONTINUOUS
10
0.2925216535433071
20
1.9803014960629921
11
0.2947892125984252
21
1.984751811023622
0
LINE
8
BLACK
6
CONTINUOUS
10
0.2947892125984252
20
1.984751811023622
11
0.2953740157480315
21
1.9884441338582677
0
LINE
8
BLACK
6
CONTINUOUS
10
0.2953740157480315
20
1.9884441338582677
11
0.2953739763779528
21
2.0509259055118112
0
LINE
8
BLACK
6
CONTINUOUS
10
0.2953739763779528
20
2.0509259055118112
11
0.2953739763779528
21
2.0509259448818895
0
LINE
8
BLACK
6
CONTINUOUS
10
0.2953739763779528
20
2.0509259448818895
11
0.2953739763779528
21
2.0509260629921258
0
LINE
8
BLACK
6
CONTINUOUS
10
0.2953739763779528
20
2.0509260629921258
11
0.295373937007874
21
2.0509261417322833
0
LINE
8
BLACK
6
CONTINUOUS
10
0.295373937007874
20
2.0509261417322833
11
0.2947892519685039
21
2.0546181102362202
0
LINE
8
BLACK
6
CONTINUOUS
10
0.2947892519685039
20
2.0546181102362202
11
0.2947892125984252
21
2.0546181889763777
0
LINE
8
BLACK
6
CONTINUOUS
10
0.2947892125984252
20
2.0546181889763777
11
0.2947892125984252
21
2.0546182677165352
0
LINE
8
BLACK
6
CONTINUOUS
10
0.2947892125984252
20
2.0546182677165352
11
0.2925216535433071
21
2.0590685826771655
0
LINE
8
BLACK
6
CONTINUOUS
10
0.2925216535433071
20
2.0590685826771655
11
0.288989842519685
21
2.0626003937007873
0
LINE
8
BLACK
6
CONTINUOUS
10
0.288989842519685
20
2.0626003937007873
11
0.2845395275590551
21
2.0648679527559053
0
LINE
8
BLACK
6
CONTINUOUS
10
0.2845395275590551
20
2.0648679527559053
11
0.2845395669291338
21
2.0648679527559053
0
LINE
8
BLACK
6
CONTINUOUS
10
0.2845395669291338
20
2.0648679527559053
11
0.2808472834645669
21
2.0654527559055116
0
LINE
8
BLACK
6
CONTINUOUS
10
0.2808472834645669
20
2.0654527559055116
11
0.2183652755905512
21
2.0654527559055116
0
LINE
8
BLACK
6
CONTINUOUS
10
0.2183652755905512
20
2.0654527559055116
11
0.2183651968503937
21
2.0654527165354328
0
LINE
8
BLACK
6
CONTINUOUS
10
0.2183651968503937
20
2.0654527165354328
11
0.2146732283464567
21
2.0648680314960628
0
LINE
8
BLACK
6
CONTINUOUS
10
0.2146732283464567
20
2.0648680314960628
11
0.214673031496063
21
2.0648679527559053
0
LINE
8
BLACK
6
CONTINUOUS
10
0.214673031496063
20
2.0648679527559053
11
0.2102227952755905
21
2.062600433070866
0
LINE
8
BLACK
6
CONTINUOUS
10
0.2102227952755905
20
2.062600433070866
11
0.206690905511811
21
2.0590685433070868
0
LINE
8
BLACK
6
CONTINUOUS
10
0.206690905511811
20
2.0590685433070868
11
0.2044233858267716
21
2.054618307086614
0
LINE
8
BLACK
6
CONTINUOUS
10
0.2044233858267716
20
2.054618307086614
11
0.2038385826771653
21
2.0509260629921258
0
LINE
8
BLACK
6
CONTINUOUS
10
0.2038385826771653
20
2.0509260629921258
11
0.2038385826771653
21
1.9884440551181102
0
LINE
8
BLACK
6
CONTINUOUS
10
0.3038385826771653
20
1.9884440551181102
11
0.3038386220472441
21
1.9884439763779527
0
LINE
8
BLACK
6
CONTINUOUS
10
0.3038386220472441
20
1.9884439763779527
11
0.3044233070866142
21
1.9847520078740157
0
LINE
8
BLACK
6
CONTINUOUS
10
0.3044233070866142
20
1.9847520078740157
11
0.3044233858267716
21
1.984751811023622
0
LINE
8
BLACK
6
CONTINUOUS
10
0.3044233858267716
20
1.984751811023622
11
0.3066909448818897
21
1.9803014960629921
0
LINE
8
BLACK
6
CONTINUOUS
10
0.3066909448818897
20
1.9803014960629921
11
0.3102227559055118
21
1.9767696850393701
0
LINE
8
BLACK
6
CONTINUOUS
10
0.3102227559055118
20
1.9767696850393701
11
0.3146730708661417
21
1.9745021259842519
0
LINE
8
BLACK
6
CONTINUOUS
10
0.3146730708661417
20
1.9745021259842519
11
0.3183653937007874
21
1.9739173228346456
0
LINE
8
BLACK
6
CONTINUOUS
10
0.3183653937007874
20
1.9739173228346456
11
0.3808471653543307
21
1.9739173622047244
0
LINE
8
BLACK
6
CONTINUOUS
10
0.3808471653543307
20
1.9739173622047244
11
0.3808472834645669
21
1.9739173622047244
0
LINE
8
BLACK
6
CONTINUOUS
10
0.3808472834645669
20
1.9739173622047244
11
0.3808473228346457
21
1.9739174015748031
0
LINE
8
BLACK
6
CONTINUOUS
10
0.3808473228346457
20
1.9739174015748031
11
0.3826933464566929
21
1.9742097637795275
0
LINE
8
BLACK
6
CONTINUOUS
10
0.3826933464566929
20
1.9742097637795275
11
0.3845393307086614
21
1.9745020866141731
0
LINE
8
BLACK
6
CONTINUOUS
10
0.3845393307086614
20
1.9745020866141731
11
0.3845393307086614
21
1.9745021259842519
0
LINE
8
BLACK
6
CONTINUOUS
10
0.3845393307086614
20
1.9745021259842519
11
0.3845395275590551
21
1.9745021259842519
0
LINE
8
BLACK
6
CONTINUOUS
10
0.3845395275590551
20
1.9745021259842519
11
0.388989842519685
21
1.9767696850393701
0
LINE
8
BLACK
6
CONTINUOUS
10
0.388989842519685
20
1.9767696850393701
11
0.3925216535433071
21
1.9803014960629921
0
LINE
8
BLACK
6
CONTINUOUS
10
0.3925216535433071
20
1.9803014960629921
11
0.3947892125984252
21
1.984751811023622
0
LINE
8
BLACK
6
CONTINUOUS
10
0.3947892125984252
20
1.984751811023622
11
0.3953740157480315
21
1.9884441338582677
0
LINE
8
BLACK
6
CONTINUOUS
10
0.3953740157480315
20
1.9884441338582677
11
0.3953739763779527
21
2.0509259055118112
0
LINE
8
BLACK
6
CONTINUOUS
10
0.3953739763779527
20
2.0509259055118112
11
0.3953739763779527
21
2.0509259448818895
0
LINE
8
BLACK
6
CONTINUOUS
10
0.3953739763779527
20
2.0509259448818895
11
0.3953739763779527
21
2.0509260629921258
0
LINE
8
BLACK
6
CONTINUOUS
10
0.3953739763779527
20
2.0509260629921258
11
0.395373937007874
21
2.0509261417322833
0
LINE
8
BLACK
6
CONTINUOUS
10
0.395373937007874
20
2.0509261417322833
11
0.394789251968504
21
2.0546181102362202
0
LINE
8
BLACK
6
CONTINUOUS
10
0.394789251968504
20
2.0546181102362202
11
0.3947892125984252
21
2.0546181889763777
0
LINE
8
BLACK
6
CONTINUOUS
10
0.3947892125984252
20
2.0546181889763777
11
0.3947892125984252
21
2.0546182677165352
0
LINE
8
BLACK
6
CONTINUOUS
10
0.3947892125984252
20
2.0546182677165352
11
0.3925216535433071
21
2.0590685826771655
0
LINE
8
BLACK
6
CONTINUOUS
10
0.3925216535433071
20
2.0590685826771655
11
0.388989842519685
21
2.0626003937007873
0
LINE
8
BLACK
6
CONTINUOUS
10
0.388989842519685
20
2.0626003937007873
11
0.3845395275590551
21
2.0648679527559053
0
LINE
8
BLACK
6
CONTINUOUS
10
0.3845395275590551
20
2.0648679527559053
11
0.3845395669291338
21
2.0648679527559053
0
LINE
8
BLACK
6
CONTINUOUS
10
0.3845395669291338
20
2.0648679527559053
11
0.3808472834645669
21
2.0654527559055116
0
LINE
8
BLACK
6
CONTINUOUS
10
0.3808472834645669
20
2.0654527559055116
11
0.3183652755905512
21
2.0654527559055116
0
LINE
8
BLACK
6
CONTINUOUS
10
0.3183652755905512
20
2.0654527559055116
11
0.3183651968503937
21
2.0654527165354328
0
LINE
8
BLACK
6
CONTINUOUS
10
0.3183651968503937
20
2.0654527165354328
11
0.3146732283464567
21
2.0648680314960628
0
LINE
8
BLACK
6
CONTINUOUS
10
0.3146732283464567
20
2.0648680314960628
11
0.314673031496063
21
2.0648679527559053
0
LINE
8
BLACK
6
CONTINUOUS
10
0.314673031496063
20
2.0648679527559053
11
0.3102227952755905
21
2.062600433070866
0
LINE
8
BLACK
6
CONTINUOUS
10
0.3102227952755905
20
2.062600433070866
11
0.306690905511811
21
2.0590685433070868
0
LINE
8
BLACK
6
CONTINUOUS
10
0.306690905511811
20
2.0590685433070868
11
0.3044233858267716
21
2.054618307086614
0
LINE
8
BLACK
6
CONTINUOUS
10
0.3044233858267716
20
2.054618307086614
11
0.3038385826771653
21
2.0509260629921258
0
LINE
8
BLACK
6
CONTINUOUS
10
0.3038385826771653
20
2.0509260629921258
11
0.3038385826771653
21
1.9884440551181102
0
LINE
8
BLACK
6
CONTINUOUS
10
0.4038385826771653
20
1.9884440551181102
11
0.4038386220472441
21
1.9884439763779527
0
LINE
8
BLACK
6
CONTINUOUS
10
0.4038386220472441
20
1.9884439763779527
11
0.4044233070866142
21
1.9847520078740157
0
LINE
8
BLACK
6
CONTINUOUS
10
0.4044233070866142
20
1.9847520078740157
11
0.4044233858267716
21
1.984751811023622
0
LINE
8
BLACK
6
CONTINUOUS
10
0.4044233858267716
20
1.984751811023622
11
0.4066909448818898
21
1.9803014960629921
0
LINE
8
BLACK
6
CONTINUOUS
10
0.4066909448818898
20
1.9803014960629921
11
0.4102227559055118
21
1.9767696850393701
0
LINE
8
BLACK
6
CONTINUOUS
10
0.4102227559055118
20
1.9767696850393701
11
0.4146730708661417
21
1.9745021259842519
0
LINE
8
BLACK
6
CONTINUOUS
10
0.4146730708661417
20
1.9745021259842519
11
0.4183653937007874
21
1.9739173228346456
0
LINE
8
BLACK
6
CONTINUOUS
10
0.4183653937007874
20
1.9739173228346456
11
0.4808471653543307
21
1.9739173622047244
0
LINE
8
BLACK
6
CONTINUOUS
10
0.4808471653543307
20
1.9739173622047244
11
0.4808472834645669
21
1.9739173622047244
0
LINE
8
BLACK
6
CONTINUOUS
10
0.4808472834645669
20
1.9739173622047244
11
0.4808473228346457
21
1.9739174015748031
0
LINE
8
BLACK
6
CONTINUOUS
10
0.4808473228346457
20
1.9739174015748031
11
0.4826933464566929
21
1.9742097637795275
0
LINE
8
BLACK
6
CONTINUOUS
10
0.4826933464566929
20
1.9742097637795275
11
0.4845393307086614
21
1.9745020866141731
0
LINE
8
BLACK
6
CONTINUOUS
10
0.4845393307086614
20
1.9745020866141731
11
0.4845393307086614
21
1.9745021259842519
0
LINE
8
BLACK
6
CONTINUOUS
10
0.4845393307086614
20
1.9745021259842519
11
0.4845395275590551
21
1.9745021259842519
0
LINE
8
BLACK
6
CONTINUOUS
10
0.4845395275590551
20
1.9745021259842519
11
0.488989842519685
21
1.9767696850393701
0
LINE
8
BLACK
6
CONTINUOUS
10
0.488989842519685
20
1.9767696850393701
11
0.4925216535433071
21
1.9803014960629921
0
LINE
8
BLACK
6
CONTINUOUS
10
0.4925216535433071
20
1.9803014960629921
11
0.4947892125984252
21
1.984751811023622
0
LINE
8
BLACK
6
CONTINUOUS
10
0.4947892125984252
20
1.984751811023622
11
0.4953740157480315
21
1.9884441338582677
0
LINE
8
BLACK
6
CONTINUOUS
10
0.4953740157480315
20
1.9884441338582677
11
0.4953739763779527
21
2.0506545275590549
0
LINE
8
BLACK
6
CONTINUOUS
10
0.4953739763779527
20
2.0506545275590549
11
0.4953739763779527
21
2.0509259055118112
0
LINE
8
BLACK
6
CONTINUOUS
10
0.4953739763779527
20
2.0509259055118112
11
0.4953739763779527
21
2.0509259448818895
0
LINE
8
BLACK
6
CONTINUOUS
10
0.4953739763779527
20
2.0509259448818895
11
0.4953739763779527
21
2.0509260629921258
0
LINE
8
BLACK
6
CONTINUOUS
10
0.4953739763779527
20
2.0509260629921258
11
0.495373937007874
21
2.0509261417322833
0
LINE
8
BLACK
6
CONTINUOUS
10
0.495373937007874
20
2.0509261417322833
11
0.4947892519685039
21
2.0546181102362202
0
LINE
8
BLACK
6
CONTINUOUS
10
0.4947892519685039
20
2.0546181102362202
11
0.4947892125984252
21
2.0546181889763777
0
LINE
8
BLACK
6
CONTINUOUS
10
0.4947892125984252
20
2.0546181889763777
11
0.4947892125984252
21
2.0546182677165352
0
LINE
8
BLACK
6
CONTINUOUS
10
0.4947892125984252
20
2.0546182677165352
11
0.4925216535433071
21
2.0590685826771655
0
LINE
8
BLACK
6
CONTINUOUS
10
0.4925216535433071
20
2.0590685826771655
11
0.488989842519685
21
2.0626003937007873
0
LINE
8
BLACK
6
CONTINUOUS
10
0.488989842519685
20
2.0626003937007873
11
0.4845395275590551
21
2.0648679527559053
0
LINE
8
BLACK
6
CONTINUOUS
10
0.4845395275590551
20
2.0648679527559053
11
0.4845395669291339
21
2.0648679527559053
0
LINE
8
BLACK
6
CONTINUOUS
10
0.4845395669291339
20
2.0648679527559053
11
0.4808472834645669
21
2.0654527559055116
0
LINE
8
BLACK
6
CONTINUOUS
10
0.4808472834645669
20
2.0654527559055116
11
0.4183652755905511
21
2.0654527559055116
0
LINE
8
BLACK
6
CONTINUOUS
10
0.4183652755905511
20
2.0654527559055116
11
0.4183651968503937
21
2.0654527165354328
0
LINE
8
BLACK
6
CONTINUOUS
10
0.4183651968503937
20
2.0654527165354328
11
0.4146732283464567
21
2.0648680314960628
0
LINE
8
BLACK
6
CONTINUOUS
10
0.4146732283464567
20
2.0648680314960628
11
0.414673031496063
21
2.0648679527559053
0
LINE
8
BLACK
6
CONTINUOUS
10
0.414673031496063
20
2.0648679527559053
11
0.4102227952755905
21
2.062600433070866
0
LINE
8
BLACK
6
CONTINUOUS
10
0.4102227952755905
20
2.062600433070866
11
0.406690905511811
21
2.0590685433070868
0
LINE
8
BLACK
6
CONTINUOUS
10
0.406690905511811
20
2.0590685433070868
11
0.4044233858267716
21
2.054618307086614
0
LINE
8
BLACK
6
CONTINUOUS
10
0.4044233858267716
20
2.054618307086614
11
0.4038385826771653
21
2.0509260629921258
0
LINE
8
BLACK
6
CONTINUOUS
10
0.4038385826771653
20
2.0509260629921258
11
0.4038385826771653
21
1.9884440551181102
0
LINE
8
BLACK
6
CONTINUOUS
10
1.5038385826771654
20
1.9884440551181102
11
1.5038386220472442
21
1.9884439763779527
0
LINE
8
BLACK
6
CONTINUOUS
10
1.5038386220472442
20
1.9884439763779527
11
1.5044233070866142
21
1.9847520078740157
0
LINE
8
BLACK
6
CONTINUOUS
10
1.5044233070866142
20
1.9847520078740157
11
1.5044233858267717
21
1.984751811023622
0
LINE
8
BLACK
6
CONTINUOUS
10
1.5044233858267717
20
1.984751811023622
11
1.5066909448818897
21
1.9803014960629921
0
LINE
8
BLACK
6
CONTINUOUS
10
1.5066909448818897
20
1.9803014960629921
11
1.5102227559055117
21
1.9767696850393701
0
LINE
8
BLACK
6
CONTINUOUS
10
1.5102227559055117
20
1.9767696850393701
11
1.5146730708661418
21
1.9745021259842519
0
LINE
8
BLACK
6
CONTINUOUS
10
1.5146730708661418
20
1.9745021259842519
11
1.5183653937007873
21
1.9739173228346456
0
LINE
8
BLACK
6
CONTINUOUS
10
1.5183653937007873
20
1.9739173228346456
11
1.5808471653543306
21
1.9739173622047244
0
LINE
8
BLACK
6
CONTINUOUS
10
1.5808471653543306
20
1.9739173622047244
11
1.5808472834645668
21
1.9739173622047244
0
LINE
8
BLACK
6
CONTINUOUS
10
1.5808472834645668
20
1.9739173622047244
11
1.5808473228346456
21
1.9739174015748031
0
LINE
8
BLACK
6
CONTINUOUS
10
1.5808473228346456
20
1.9739174015748031
11
1.5826933464566928
21
1.9742097637795275
0
LINE
8
BLACK
6
CONTINUOUS
10
1.5826933464566928
20
1.9742097637795275
11
1.5845393307086615
21
1.9745020866141731
0
LINE
8
BLACK
6
CONTINUOUS
10
1.5845393307086615
20
1.9745020866141731
11
1.5845393307086615
21
1.9745021259842519
0
LINE
8
BLACK
6
CONTINUOUS
10
1.5845393307086615
20
1.9745021259842519
11
1.584539527559055
21
1.9745021259842519
0
LINE
8
BLACK
6
CONTINUOUS
10
1.584539527559055
20
1.9745021259842519
11
1.5889898425196851
21
1.9767696850393701
0
LINE
8
BLACK
6
CONTINUOUS
10
1.5889898425196851
20
1.9767696850393701
11
1.5925216535433071
21
1.9803014960629921
0
LINE
8
BLACK
6
CONTINUOUS
10
1.5925216535433071
20
1.9803014960629921
11
1.5947892125984251
21
1.984751811023622
0
LINE
8
BLACK
6
CONTINUOUS
10
1.5947892125984251
20
1.984751811023622
11
1.5953740157480314
21
1.9884441338582677
0
LINE
8
BLACK
6
CONTINUOUS
10
1.5953740157480314
20
1.9884441338582677
11
1.5953739763779526
21
2.0506545275590549
0
LINE
8
BLACK
6
CONTINUOUS
10
1.5953739763779526
20
2.0506545275590549
11
1.5953739763779526
21
2.0509259055118112
0
LINE
8
BLACK
6
CONTINUOUS
10
1.5953739763779526
20
2.0509259055118112
11
1.5953739763779526
21
2.0509259448818895
0
LINE
8
BLACK
6
CONTINUOUS
10
1.5953739763779526
20
2.0509259448818895
11
1.5953739763779526
21
2.0509260629921258
0
LINE
8
BLACK
6
CONTINUOUS
10
1.5953739763779526
20
2.0509260629921258
11
1.5953739370078739
21
2.0509261417322833
0
LINE
8
BLACK
6
CONTINUOUS
10
1.5953739370078739
20
2.0509261417322833
11
1.5947892519685039
21
2.0546181102362202
0
LINE
8
BLACK
6
CONTINUOUS
10
1.5947892519685039
20
2.0546181102362202
11
1.5947892125984251
21
2.0546181889763777
0
LINE
8
BLACK
6
CONTINUOUS
10
1.5947892125984251
20
2.0546181889763777
11
1.5947892125984251
21
2.0546182677165352
0
LINE
8
BLACK
6
CONTINUOUS
10
1.5947892125984251
20
2.0546182677165352
11
1.5925216535433071
21
2.0590685826771655
0
LINE
8
BLACK
6
CONTINUOUS
10
1.5925216535433071
20
2.0590685826771655
11
1.5889898425196851
21
2.0626003937007873
0
LINE
8
BLACK
6
CONTINUOUS
10
1.5889898425196851
20
2.0626003937007873
11
1.584539527559055
21
2.0648679527559053
0
LINE
8
BLACK
6
CONTINUOUS
10
1.584539527559055
20
2.0648679527559053
11
1.5845395669291338
21
2.0648679527559053
0
LINE
8
BLACK
6
CONTINUOUS
10
1.5845395669291338
20
2.0648679527559053
11
1.5808472834645668
21
2.0654527559055116
0
LINE
8
BLACK
6
CONTINUOUS
10
1.5808472834645668
20
2.0654527559055116
11
1.5183652755905512
21
2.0654527559055116
0
LINE
8
BLACK
6
CONTINUOUS
10
1.5183652755905512
20
2.0654527559055116
11
1.5183651968503937
21
2.0654527165354328
0
LINE
8
BLACK
6
CONTINUOUS
10
1.5183651968503937
20
2.0654527165354328
11
1.5146732283464566
21
2.0648680314960628
0
LINE
8
BLACK
6
CONTINUOUS
10
1.5146732283464566
20
2.0648680314960628
11
1.514673031496063
21
2.0648679527559053
0
LINE
8
BLACK
6
CONTINUOUS
10
1.514673031496063
20
2.0648679527559053
11
1.5102227952755904
21
2.062600433070866
0
LINE
8
BLACK
6
CONTINUOUS
10
1.5102227952755904
20
2.062600433070866
11
1.506690905511811
21
2.0590685433070868
0
LINE
8
BLACK
6
CONTINUOUS
10
1.506690905511811
20
2.0590685433070868
11
1.5044233858267717
21
2.054618307086614
0
LINE
8
BLACK
6
CONTINUOUS
10
1.5044233858267717
20
2.054618307086614
11
1.5038385826771654
21
2.0509260629921258
0
LINE
8
BLACK
6
CONTINUOUS
10
1.5038385826771654
20
2.0509260629921258
11
1.5038385826771654
21
1.9884440551181102
0
LINE
8
BLACK
6
CONTINUOUS
10
1.8038385826771652
20
1.9884440551181102
11
1.803838622047244
21
1.9884439763779527
0
LINE
8
BLACK
6
CONTINUOUS
10
1.803838622047244
20
1.9884439763779527
11
1.804423307086614
21
1.9847520078740157
0
LINE
8
BLACK
6
CONTINUOUS
10
1.804423307086614
20
1.9847520078740157
11
1.8044233858267715
21
1.984751811023622
0
LINE
8
BLACK
6
CONTINUOUS
10
1.8044233858267715
20
1.984751811023622
11
1.8066909448818897
21
1.9803014960629921
0
LINE
8
BLACK
6
CONTINUOUS
10
1.8066909448818897
20
1.9803014960629921
11
1.8102227559055117
21
1.9767696850393701
0
LINE
8
BLACK
6
CONTINUOUS
10
1.8102227559055117
20
1.9767696850393701
11
1.8146730708661416
21
1.9745021259842519
0
LINE
8
BLACK
6
CONTINUOUS
10
1.8146730708661416
20
1.9745021259842519
11
1.8183653937007873
21
1.9739173228346456
0
LINE
8
BLACK
6
CONTINUOUS
10
1.8183653937007873
20
1.9739173228346456
11
1.8808471653543306
21
1.9739173622047244
0
LINE
8
BLACK
6
CONTINUOUS
10
1.8808471653543306
20
1.9739173622047244
11
1.8808472834645669
21
1.9739173622047244
0
LINE
8
BLACK
6
CONTINUOUS
10
1.8808472834645669
20
1.9739173622047244
11
1.8808473228346456
21
1.9739174015748031
0
LINE
8
BLACK
6
CONTINUOUS
10
1.8808473228346456
20
1.9739174015748031
11
1.8826933464566928
21
1.9742097637795275
0
LINE
8
BLACK
6
CONTINUOUS
10
1.8826933464566928
20
1.9742097637795275
11
1.8845393307086613
21
1.9745020866141731
0
LINE
8
BLACK
6
CONTINUOUS
10
1.8845393307086613
20
1.9745020866141731
11
1.8845393307086613
21
1.9745021259842519
0
LINE
8
BLACK
6
CONTINUOUS
10
1.8845393307086613
20
1.9745021259842519
11
1.8845395275590551
21
1.9745021259842519
0
LINE
8
BLACK
6
CONTINUOUS
10
1.8845395275590551
20
1.9745021259842519
11
1.8889898425196849
21
1.9767696850393701
0
LINE
8
BLACK
6
CONTINUOUS
10
1.8889898425196849
20
1.9767696850393701
11
1.8925216535433071
21
1.9803014960629921
0
LINE
8
BLACK
6
CONTINUOUS
10
1.8925216535433071
20
1.9803014960629921
11
1.8947892125984251
21
1.984751811023622
0
LINE
8
BLACK
6
CONTINUOUS
10
1.8947892125984251
20
1.984751811023622
11
1.8953740157480314
21
1.9884441338582677
0
LINE
8
BLACK
6
CONTINUOUS
10
1.8953740157480314
20
1.9884441338582677
11
1.8953739763779527
21
2.0509259055118112
0
LINE
8
BLACK
6
CONTINUOUS
10
1.8953739763779527
20
2.0509259055118112
11
1.8953739763779527
21
2.0509259448818895
0
LINE
8
BLACK
6
CONTINUOUS
10
1.8953739763779527
20
2.0509259448818895
11
1.8953739763779527
21
2.0509260629921258
0
LINE
8
BLACK
6
CONTINUOUS
10
1.8953739763779527
20
2.0509260629921258
11
1.8953739370078739
21
2.0509261417322833
0
LINE
8
BLACK
6
CONTINUOUS
10
1.8953739370078739
20
2.0509261417322833
11
1.8947892519685039
21
2.0546181102362202
0
LINE
8
BLACK
6
CONTINUOUS
10
1.8947892519685039
20
2.0546181102362202
11
1.8947892125984251
21
2.0546181889763777
0
LINE
8
BLACK
6
CONTINUOUS
10
1.8947892125984251
20
2.0546181889763777
11
1.8947892125984251
21
2.0546182677165352
0
LINE
8
BLACK
6
CONTINUOUS
10
1.8947892125984251
20
2.0546182677165352
11
1.8925216535433071
21
2.0590685826771655
0
LINE
8
BLACK
6
CONTINUOUS
10
1.8925216535433071
20
2.0590685826771655
11
1.8889898425196849
21
2.0626003937007873
0
LINE
8
BLACK
6
CONTINUOUS
10
1.8889898425196849
20
2.0626003937007873
11
1.8845395275590551
21
2.0648679527559053
0
LINE
8
BLACK
6
CONTINUOUS
10
1.8845395275590551
20
2.0648679527559053
11
1.8845395669291338
21
2.0648679527559053
0
LINE
8
BLACK
6
CONTINUOUS
10
1.8845395669291338
20
2.0648679527559053
11
1.8808472834645669
21
2.0654527559055116
0
LINE
8
BLACK
6
CONTINUOUS
10
1.8808472834645669
20
2.0654527559055116
11
1.8183652755905511
21
2.0654527559055116
0
LINE
8
BLACK
6
CONTINUOUS
10
1.8183652755905511
20
2.0654527559055116
11
1.8183651968503936
21
2.0654527165354328
0
LINE
8
BLACK
6
CONTINUOUS
10
1.8183651968503936
20
2.0654527165354328
11
1.8146732283464566
21
2.0648680314960628
0
LINE
8
BLACK
6
CONTINUOUS
10
1.8146732283464566
20
2.0648680314960628
11
1.8146730314960628
21
2.0648679527559053
0
LINE
8
BLACK
6
CONTINUOUS
10
1.8146730314960628
20
2.0648679527559053
11
1.8102227952755905
21
2.062600433070866
0
LINE
8
BLACK
6
CONTINUOUS
10
1.8102227952755905
20
2.062600433070866
11
1.806690905511811
21
2.0590685433070868
0
LINE
8
BLACK
6
CONTINUOUS
10
1.806690905511811
20
2.0590685433070868
11
1.8044233858267715
21
2.054618307086614
0
LINE
8
BLACK
6
CONTINUOUS
10
1.8044233858267715
20
2.054618307086614
11
1.8038385826771652
21
2.0509260629921258
0
LINE
8
BLACK
6
CONTINUOUS
10
1.8038385826771652
20
2.0509260629921258
11
1.8038385826771652
21
1.9884440551181102
0
LINE
8
BLACK
6
CONTINUOUS
10
1.9038385826771653
20
1.9884440551181102
11
1.9038386220472441
21
1.9884439763779527
0
LINE
8
BLACK
6
CONTINUOUS
10
1.9038386220472441
20
1.9884439763779527
11
1.9044233070866141
21
1.9847520078740157
0
LINE
8
BLACK
6
CONTINUOUS
10
1.9044233070866141
20
1.9847520078740157
11
1.9044233858267716
21
1.984751811023622
0
LINE
8
BLACK
6
CONTINUOUS
10
1.9044233858267716
20
1.984751811023622
11
1.9066909448818896
21
1.9803014960629921
0
LINE
8
BLACK
6
CONTINUOUS
10
1.9066909448818896
20
1.9803014960629921
11
1.9102227559055118
21
1.9767696850393701
0
LINE
8
BLACK
6
CONTINUOUS
10
1.9102227559055118
20
1.9767696850393701
11
1.9146730708661417
21
1.9745021259842519
0
LINE
8
BLACK
6
CONTINUOUS
10
1.9146730708661417
20
1.9745021259842519
11
1.9183653937007874
21
1.9739173228346456
0
LINE
8
BLACK
6
CONTINUOUS
10
1.9183653937007874
20
1.9739173228346456
11
1.9808471653543307
21
1.9739173622047244
0
LINE
8
BLACK
6
CONTINUOUS
10
1.9808471653543307
20
1.9739173622047244
11
1.980847283464567
21
1.9739173622047244
0
LINE
8
BLACK
6
CONTINUOUS
10
1.980847283464567
20
1.9739173622047244
11
1.9808473228346457
21
1.9739174015748031
0
LINE
8
BLACK
6
CONTINUOUS
10
1.9808473228346457
20
1.9739174015748031
11
1.9826933464566929
21
1.9742097637795275
0
LINE
8
BLACK
6
CONTINUOUS
10
1.9826933464566929
20
1.9742097637795275
11
1.9845393307086614
21
1.9745020866141731
0
LINE
8
BLACK
6
CONTINUOUS
10
1.9845393307086614
20
1.9745020866141731
11
1.9845393307086614
21
1.9745021259842519
0
LINE
8
BLACK
6
CONTINUOUS
10
1.9845393307086614
20
1.9745021259842519
11
1.9845395275590552
21
1.9745021259842519
0
LINE
8
BLACK
6
CONTINUOUS
10
1.9845395275590552
20
1.9745021259842519
11
1.988989842519685
21
1.9767696850393701
0
LINE
8
BLACK
6
CONTINUOUS
10
1.988989842519685
20
1.9767696850393701
11
1.992521653543307
21
1.9803014960629921
0
LINE
8
BLACK
6
CONTINUOUS
10
1.992521653543307
20
1.9803014960629921
11
1.9947892125984252
21
1.984751811023622
0
LINE
8
BLACK
6
CONTINUOUS
10
1.9947892125984252
20
1.984751811023622
11
1.9953740157480315
21
1.9884441338582677
0
LINE
8
BLACK
6
CONTINUOUS
10
1.9953740157480315
20
1.9884441338582677
11
1.9953739763779528
21
2.0509259055118112
0
LINE
8
BLACK
6
CONTINUOUS
10
1.9953739763779528
20
2.0509259055118112
11
1.9953739763779528
21
2.0509259448818895
0
LINE
8
BLACK
6
CONTINUOUS
10
1.9953739763779528
20
2.0509259448818895
11
1.9953739763779528
21
2.0509260629921258
0
LINE
8
BLACK
6
CONTINUOUS
10
1.9953739763779528
20
2.0509260629921258
11
1.995373937007874
21
2.0509261417322833
0
LINE
8
BLACK
6
CONTINUOUS
10
1.995373937007874
20
2.0509261417322833
11
1.994789251968504
21
2.0546181102362202
0
LINE
8
BLACK
6
CONTINUOUS
10
1.994789251968504
20
2.0546181102362202
11
1.9947892125984252
21
2.0546181889763777
0
LINE
8
BLACK
6
CONTINUOUS
10
1.9947892125984252
20
2.0546181889763777
11
1.9947892125984252
21
2.0546182677165352
0
LINE
8
BLACK
6
CONTINUOUS
10
1.9947892125984252
20
2.0546182677165352
11
1.992521653543307
21
2.0590685826771655
0
LINE
8
BLACK
6
CONTINUOUS
10
1.992521653543307
20
2.0590685826771655
11
1.988989842519685
21
2.0626003937007873
0
LINE
8
BLACK
6
CONTINUOUS
10
1.988989842519685
20
2.0626003937007873
11
1.9845395275590552
21
2.0648679527559053
0
LINE
8
BLACK
6
CONTINUOUS
10
1.9845395275590552
20
2.0648679527559053
11
1.9845395669291339
21
2.0648679527559053
0
LINE
8
BLACK
6
CONTINUOUS
10
1.9845395669291339
20
2.0648679527559053
11
1.980847283464567
21
2.0654527559055116
0
LINE
8
BLACK
6
CONTINUOUS
10
1.980847283464567
20
2.0654527559055116
11
1.9183652755905511
21
2.0654527559055116
0
LINE
8
BLACK
6
CONTINUOUS
10
1.9183652755905511
20
2.0654527559055116
11
1.9183651968503936
21
2.0654527165354328
0
LINE
8
BLACK
6
CONTINUOUS
10
1.9183651968503936
20
2.0654527165354328
11
1.9146732283464567
21
2.0648680314960628
0
LINE
8
BLACK
6
CONTINUOUS
10
1.9146732283464567
20
2.0648680314960628
11
1.9146730314960629
21
2.0648679527559053
0
LINE
8
BLACK
6
CONTINUOUS
10
1.9146730314960629
20
2.0648679527559053
11
1.9102227952755906
21
2.062600433070866
0
LINE
8
BLACK
6
CONTINUOUS
10
1.9102227952755906
20
2.062600433070866
11
1.9066909055118111
21
2.0590685433070868
0
LINE
8
BLACK
6
CONTINUOUS
10
1.9066909055118111
20
2.0590685433070868
11
1.9044233858267716
21
2.054618307086614
0
LINE
8
BLACK
6
CONTINUOUS
10
1.9044233858267716
20
2.054618307086614
11
1.9038385826771653
21
2.0509260629921258
0
LINE
8
BLACK
6
CONTINUOUS
10
1.9038385826771653
20
2.0509260629921258
11
1.9038385826771653
21
1.9884440551181102
0
LINE
8
BLACK
6
CONTINUOUS
10
1.6596062992125984
20
2.0595275196850391
11
1.6596062992125984
21
2.0496850393700785
0
LINE
8
BLACK
6
CONTINUOUS
10
1.6596062992125984
20
2.0496850393700785
11
1.6796062992125984
21
2.0496850393700785
0
LINE
8
BLACK
6
CONTINUOUS
10
1.6796062992125984
20
2.0496850393700785
11
1.6796062992125984
21
2.0296850393700785
0
LINE
8
BLACK
6
CONTINUOUS
10
1.6796062992125984
20
2.0296850393700785
11
1.689448779527559
21
2.0296850393700785
0
LINE
8
BLACK
6
CONTINUOUS
10
1.689448779527559
20
2.0296850393700785
11
1.6894488188976378
21
2.0296850787401572
0
LINE
8
BLACK
6
CONTINUOUS
10
1.6894488188976378
20
2.0296850787401572
11
1.6894488188976378
21
2.0506544488188978
0
LINE
8
BLACK
6
CONTINUOUS
10
1.6894488188976378
20
2.0506544488188978
11
1.689448779527559
21
2.0506545275590549
0
LINE
8
BLACK
6
CONTINUOUS
10
1.689448779527559
20
2.0506545275590549
11
1.6888776771653542
21
2.0535254724409446
0
LINE
8
BLACK
6
CONTINUOUS
10
1.6888776771653542
20
2.0535254724409446
11
1.6888776377952754
21
2.0535255511811021
0
LINE
8
BLACK
6
CONTINUOUS
10
1.6888776377952754
20
2.0535255511811021
11
1.6867024015748031
21
2.0567810236220474
0
LINE
8
BLACK
6
CONTINUOUS
10
1.6867024015748031
20
2.0567810236220474
11
1.6867022440944881
21
2.056781181102362
0
LINE
8
BLACK
6
CONTINUOUS
10
1.6867022440944881
20
2.056781181102362
11
1.6834467716535433
21
2.0589564173228347
0
LINE
8
BLACK
6
CONTINUOUS
10
1.6834467716535433
20
2.0589564173228347
11
1.6834466929133858
21
2.0589564566929135
0
LINE
8
BLACK
6
CONTINUOUS
10
1.6834466929133858
20
2.0589564566929135
11
1.680575748031496
21
2.0595275590551179
0
LINE
8
BLACK
6
CONTINUOUS
10
1.680575748031496
20
2.0595275590551179
11
1.6596063385826771
21
2.0595275590551179
0
LINE
8
BLACK
6
CONTINUOUS
10
1.6596063385826771
20
2.0595275590551179
11
1.6596062992125984
21
2.0595275196850391
0
LINE
8
BLACK
6
CONTINUOUS
10
0.5596062992125984
20
2.0595275196850391
11
0.5596062992125984
21
2.0496850393700785
0
LINE
8
BLACK
6
CONTINUOUS
10
0.5596062992125984
20
2.0496850393700785
11
0.5796062992125984
21
2.0496850393700785
0
LINE
8
BLACK
6
CONTINUOUS
10
0.5796062992125984
20
2.0496850393700785
11
0.5796062992125984
21
2.0296850393700785
0
LINE
8
BLACK
6
CONTINUOUS
10
0.5796062992125984
20
2.0296850393700785
11
0.589448779527559
21
2.0296850393700785
0
LINE
8
BLACK
6
CONTINUOUS
10
0.589448779527559
20
2.0296850393700785
11
0.5894488188976378
21
2.0296850787401572
0
LINE
8
BLACK
6
CONTINUOUS
10
0.5894488188976378
20
2.0296850787401572
11
0.5894488188976378
21
2.0506544488188978
0
LINE
8
BLACK
6
CONTINUOUS
10
0.5894488188976378
20
2.0506544488188978
11
0.589448779527559
21
2.0506545275590549
0
LINE
8
BLACK
6
CONTINUOUS
10
0.589448779527559
20
2.0506545275590549
11
0.5888776771653543
21
2.0535254724409446
0
LINE
8
BLACK
6
CONTINUOUS
10
0.5888776771653543
20
2.0535254724409446
11
0.5888776377952756
21
2.0535255511811021
0
LINE
8
BLACK
6
CONTINUOUS
10
0.5888776377952756
20
2.0535255511811021
11
0.5867024015748031
21
2.0567810236220474
0
LINE
8
BLACK
6
CONTINUOUS
10
0.5867024015748031
20
2.0567810236220474
11
0.5867022440944881
21
2.056781181102362
0
LINE
8
BLACK
6
CONTINUOUS
10
0.5867022440944881
20
2.056781181102362
11
0.5834467716535433
21
2.0589564173228347
0
LINE
8
BLACK
6
CONTINUOUS
10
0.5834467716535433
20
2.0589564173228347
11
0.5834466929133858
21
2.0589564566929135
0
LINE
8
BLACK
6
CONTINUOUS
10
0.5834466929133858
20
2.0589564566929135
11
0.580575748031496
21
2.0595275590551179
0
LINE
8
BLACK
6
CONTINUOUS
10
0.580575748031496
20
2.0595275590551179
11
0.5596063385826772
21
2.0595275590551179
0
LINE
8
BLACK
6
CONTINUOUS
10
0.5596063385826772
20
2.0595275590551179
11
0.5596062992125984
21
2.0595275196850391
0
LINE
8
BLACK
6
CONTINUOUS
10
1.3589564173228346
20
2.4814782283464565
11
1.3589563779527558
21
2.481478307086614
0
LINE
8
BLACK
6
CONTINUOUS
10
1.3589563779527558
20
2.481478307086614
11
1.3567811417322835
21
2.4847337795275588
0
LINE
8
BLACK
6
CONTINUOUS
10
1.3567811417322835
20
2.4847337795275588
11
1.3567809842519685
21
2.4847339370078738
0
LINE
8
BLACK
6
CONTINUOUS
10
1.3567809842519685
20
2.4847339370078738
11
1.3535255118110237
21
2.4869091732283466
0
LINE
8
BLACK
6
CONTINUOUS
10
1.3535255118110237
20
2.4869091732283466
11
1.3535254330708661
21
2.4869092125984253
0
LINE
8
BLACK
6
CONTINUOUS
10
1.3535254330708661
20
2.4869092125984253
11
1.3506544881889764
21
2.4874803149606297
0
LINE
8
BLACK
6
CONTINUOUS
10
1.3506544881889764
20
2.4874803149606297
11
1.3296850787401575
21
2.4874803149606297
0
LINE
8
BLACK
6
CONTINUOUS
10
1.3296850787401575
20
2.4874803149606297
11
1.3296850393700788
21
2.487480275590551
0
LINE
8
BLACK
6
CONTINUOUS
10
1.3296850393700788
20
2.487480275590551
11
1.3296850393700788
21
2.4776377952755904
0
LINE
8
BLACK
6
CONTINUOUS
10
1.3296850393700788
20
2.4776377952755904
11
1.3496850393700788
21
2.4776377952755904
0
LINE
8
BLACK
6
CONTINUOUS
10
1.3496850393700788
20
2.4776377952755904
11
1.3496850393700788
21
2.4576377952755903
0
LINE
8
BLACK
6
CONTINUOUS
10
1.3496850393700788
20
2.4576377952755903
11
1.3595275196850394
21
2.4576377952755903
0
LINE
8
BLACK
6
CONTINUOUS
10
1.3595275196850394
20
2.4576377952755903
11
1.3595275590551181
21
2.4576378346456691
0
LINE
8
BLACK
6
CONTINUOUS
10
1.3595275590551181
20
2.4576378346456691
11
1.3595275590551181
21
2.4786072047244092
0
LINE
8
BLACK
6
CONTINUOUS
10
1.3595275590551181
20
2.4786072047244092
11
1.3595275196850394
21
2.4786072834645667
0
LINE
8
BLACK
6
CONTINUOUS
10
1.3595275196850394
20
2.4786072834645667
11
1.3594735039370078
21
2.4788788188976376
0
LINE
8
BLACK
6
CONTINUOUS
10
1.3594735039370078
20
2.4788788188976376
11
1.3589564173228346
21
2.4814782283464565
0
LINE
8
BLACK
6
CONTINUOUS
10
1.4739173228346456
20
2.4163968110236218
11
1.4739173622047244
21
2.4163967322834643
0
LINE
8
BLACK
6
CONTINUOUS
10
1.4739173622047244
20
2.4163967322834643
11
1.4745020472440944
21
2.4127047637795274
0
LINE
8
BLACK
6
CONTINUOUS
10
1.4745020472440944
20
2.4127047637795274
11
1.4745021259842519
21
2.4127045669291336
0
LINE
8
BLACK
6
CONTINUOUS
10
1.4745021259842519
20
2.4127045669291336
11
1.4767696850393701
21
2.4082542519685037
0
LINE
8
BLACK
6
CONTINUOUS
10
1.4767696850393701
20
2.4082542519685037
11
1.4803014960629921
21
2.404722440944882
0
LINE
8
BLACK
6
CONTINUOUS
10
1.4803014960629921
20
2.404722440944882
11
1.484751811023622
21
2.4024548818897635
0
LINE
8
BLACK
6
CONTINUOUS
10
1.484751811023622
20
2.4024548818897635
11
1.4884441338582677
21
2.4018700787401572
0
LINE
8
BLACK
6
CONTINUOUS
10
1.4884441338582677
20
2.4018700787401572
11
1.4921456692913386
21
2.401870118110236
0
LINE
8
BLACK
6
CONTINUOUS
10
1.4921456692913386
20
2.401870118110236
11
1.4944366141732284
21
2.4011257480314958
0
LINE
8
BLACK
6
CONTINUOUS
10
1.4944366141732284
20
2.4011257480314958
11
1.4958525196850394
21
2.3991769685039368
0
LINE
8
BLACK
6
CONTINUOUS
10
1.4958525196850394
20
2.3991769685039368
11
1.4960433070866141
21
2.3979724803149605
0
LINE
8
BLACK
6
CONTINUOUS
10
1.4960433070866141
20
2.3979724803149605
11
1.4960433070866141
21
2.3973031496062993
0
LINE
8
BLACK
6
CONTINUOUS
10
1.4960433070866141
20
2.3973031496062993
11
1.495298937007874
21
2.3950121653543306
0
LINE
8
BLACK
6
CONTINUOUS
10
1.495298937007874
20
2.3950121653543306
11
1.4933501181102362
21
2.3935962598425196
0
LINE
8
BLACK
6
CONTINUOUS
10
1.4933501181102362
20
2.3935962598425196
11
1.4921457086614174
21
2.3934055118110238
0
LINE
8
BLACK
6
CONTINUOUS
10
1.4921457086614174
20
2.3934055118110238
11
1.4884440551181102
21
2.3934055118110238
0
LINE
8
BLACK
6
CONTINUOUS
10
1.4884440551181102
20
2.3934055118110238
11
1.4884439370078739
21
2.393405472440945
0
LINE
8
BLACK
6
CONTINUOUS
10
1.4884439370078739
20
2.393405472440945
11
1.484751968503937
21
2.3928207874015746
0
LINE
8
BLACK
6
CONTINUOUS
10
1.484751968503937
20
2.3928207874015746
11
1.4847517716535432
21
2.3928207086614171
0
LINE
8
BLACK
6
CONTINUOUS
10
1.4847517716535432
20
2.3928207086614171
11
1.4803015354330709
21
2.3905531889763778
0
LINE
8
BLACK
6
CONTINUOUS
10
1.4803015354330709
20
2.3905531889763778
11
1.4767696456692914
21
2.3870212992125985
0
LINE
8
BLACK
6
CONTINUOUS
10
1.4767696456692914
20
2.3870212992125985
11
1.4745021259842519
21
2.3825710629921257
0
LINE
8
BLACK
6
CONTINUOUS
10
1.4745021259842519
20
2.3825710629921257
11
1.4739173228346456
21
2.3788788188976375
0
LINE
8
BLACK
6
CONTINUOUS
10
1.4739173228346456
20
2.3788788188976375
11
1.4739173228346456
21
2.3163968110236222
0
LINE
8
BLACK
6
CONTINUOUS
10
1.4739173228346456
20
2.3163968110236222
11
1.4739173622047244
21
2.3163967322834647
0
LINE
8
BLACK
6
CONTINUOUS
10
1.4739173622047244
20
2.3163967322834647
11
1.4745020472440944
21
2.3127047637795277
0
LINE
8
BLACK
6
CONTINUOUS
10
1.4745020472440944
20
2.3127047637795277
11
1.4745021259842519
21
2.312704566929134
0
LINE
8
BLACK
6
CONTINUOUS
10
1.4745021259842519
20
2.312704566929134
11
1.4767696850393701
21
2.3082542519685041
0
LINE
8
BLACK
6
CONTINUOUS
10
1.4767696850393701
20
2.3082542519685041
11
1.4803014960629921
21
2.3047224409448819
0
LINE
8
BLACK
6
CONTINUOUS
10
1.4803014960629921
20
2.3047224409448819
11
1.484751811023622
21
2.3024548818897639
0
LINE
8
BLACK
6
CONTINUOUS
10
1.484751811023622
20
2.3024548818897639
11
1.4884441338582677
21
2.3018700787401576
0
LINE
8
BLACK
6
CONTINUOUS
10
1.4884441338582677
20
2.3018700787401576
11
1.4921456692913386
21
2.3018701181102363
0
LINE
8
BLACK
6
CONTINUOUS
10
1.4921456692913386
20
2.3018701181102363
11
1.4944366141732284
21
2.3011257480314962
0
LINE
8
BLACK
6
CONTINUOUS
10
1.4944366141732284
20
2.3011257480314962
11
1.4958525196850394
21
2.2991769685039372
0
LINE
8
BLACK
6
CONTINUOUS
10
1.4958525196850394
20
2.2991769685039372
11
1.4960433070866141
21
2.2979724803149604
0
LINE
8
BLACK
6
CONTINUOUS
10
1.4960433070866141
20
2.2979724803149604
11
1.4960433070866141
21
2.2730368897637794
0
LINE
8
BLACK
6
CONTINUOUS
10
1.4960433070866141
20
2.2730368897637794
11
1.4960432677165354
21
2.2730361811023623
0
LINE
8
BLACK
6
CONTINUOUS
10
1.4960432677165354
20
2.2730361811023623
11
1.4960432677165354
21
2.2727975196850392
0
LINE
8
BLACK
6
CONTINUOUS
10
1.4960432677165354
20
2.2727975196850392
11
1.4960432677165354
21
2.2665725590551182
0
LINE
8
BLACK
6
CONTINUOUS
10
1.4960432677165354
20
2.2665725590551182
11
1.4975745669291338
21
2.2608578346456691
0
LINE
8
BLACK
6
CONTINUOUS
10
1.4975745669291338
20
2.2608578346456691
11
1.4976544488188976
21
2.2605596850393699
0
LINE
8
BLACK
6
CONTINUOUS
10
1.4976544488188976
20
2.2605596850393699
11
1.4976545275590551
21
2.2605595275590549
0
LINE
8
BLACK
6
CONTINUOUS
10
1.4976545275590551
20
2.2605595275590549
11
1.4987937007874015
21
2.2585864173228347
0
LINE
8
BLACK
6
CONTINUOUS
10
1.4987937007874015
20
2.2585864173228347
11
1.4987937401574802
21
2.2585864173228347
0
LINE
8
BLACK
6
CONTINUOUS
10
1.4987937401574802
20
2.2585864173228347
11
1.5007669291338583
21
2.255168661417323
0
LINE
8
BLACK
6
CONTINUOUS
10
1.5007669291338583
20
2.255168661417323
11
1.5051686614173228
21
2.2507669291338583
0
LINE
8
BLACK
6
CONTINUOUS
10
1.5051686614173228
20
2.2507669291338583
11
1.5051687401574803
21
2.2507668897637796
0
LINE
8
BLACK
6
CONTINUOUS
10
1.5051687401574803
20
2.2507668897637796
11
1.5795070078740157
21
2.176428622047244
0
LINE
8
BLACK
6
CONTINUOUS
10
1.5795070078740157
20
2.176428622047244
11
1.5795070866141732
21
2.1764285039370077
0
LINE
8
BLACK
6
CONTINUOUS
10
1.5795070866141732
20
2.1764285039370077
11
1.5839088188976378
21
2.1720267716535431
0
LINE
8
BLACK
6
CONTINUOUS
10
1.5839088188976378
20
2.1720267716535431
11
1.5839088976377953
21
2.1720267322834643
0
LINE
8
BLACK
6
CONTINUOUS
10
1.5839088976377953
20
2.1720267322834643
11
1.5865130314960629
21
2.1705232283464566
0
LINE
8
BLACK
6
CONTINUOUS
10
1.5865130314960629
20
2.1705232283464566
11
1.5865131889763779
21
2.1705231496062991
0
LINE
8
BLACK
6
CONTINUOUS
10
1.5865131889763779
20
2.1705231496062991
11
1.586513464566929
21
2.1705229921259841
0
LINE
8
BLACK
6
CONTINUOUS
10
1.586513464566929
20
2.1705229921259841
11
1.5892998031496062
21
2.1689142913385826
0
LINE
8
BLACK
6
CONTINUOUS
10
1.5892998031496062
20
2.1689142913385826
11
1.5953127165354331
21
2.1673031496062993
0
LINE
8
BLACK
6
CONTINUOUS
10
1.5953127165354331
20
2.1673031496062993
11
1.6015376771653542
21
2.1673031496062993
0
LINE
8
BLACK
6
CONTINUOUS
10
1.6015376771653542
20
2.1673031496062993
11
1.7451738188976378
21
2.1673031496062993
0
LINE
8
BLACK
6
CONTINUOUS
10
1.7451738188976378
20
2.1673031496062993
11
1.7474648031496063
21
2.1665587795275592
0
LINE
8
BLACK
6
CONTINUOUS
10
1.7474648031496063
20
2.1665587795275592
11
1.7479296062992125
21
2.1661618110236218
0
LINE
8
BLACK
6
CONTINUOUS
10
1.7479296062992125
20
2.1661618110236218
11
1.7479424409448818
21
2.1661489763779529
0
LINE
8
BLACK
6
CONTINUOUS
10
1.7479424409448818
20
2.1661489763779529
11
1.7539558267716535
21
2.1623705118110235
0
LINE
8
BLACK
6
CONTINUOUS
10
1.7539558267716535
20
2.1623705118110235
11
1.7566400393700787
21
2.1614312598425198
0
LINE
8
BLACK
6
CONTINUOUS
10
1.7566400393700787
20
2.1614312598425198
11
1.7606589763779528
21
2.1600249606299213
0
LINE
8
BLACK
6
CONTINUOUS
10
1.7606589763779528
20
2.1600249606299213
11
1.7606591338582678
21
2.1600249212598426
0
LINE
8
BLACK
6
CONTINUOUS
10
1.7606591338582678
20
2.1600249212598426
11
1.7606592519685038
21
2.1600248818897638
0
LINE
8
BLACK
6
CONTINUOUS
10
1.7606592519685038
20
2.1600248818897638
11
1.7677165354330708
21
2.1592297244094487
0
LINE
8
BLACK
6
CONTINUOUS
10
1.7677165354330708
20
2.1592297244094487
11
1.7747738188976379
21
2.1600248818897638
0
LINE
8
BLACK
6
CONTINUOUS
10
1.7747738188976379
20
2.1600248818897638
11
1.7814772440944882
21
2.1623705118110235
0
LINE
8
BLACK
6
CONTINUOUS
10
1.7814772440944882
20
2.1623705118110235
11
1.7874906299212598
21
2.1661489763779529
0
LINE
8
BLACK
6
CONTINUOUS
10
1.7874906299212598
20
2.1661489763779529
11
1.7925124409448818
21
2.1711707874015747
0
LINE
8
BLACK
6
CONTINUOUS
10
1.7925124409448818
20
2.1711707874015747
11
1.796290905511811
21
2.1771841732283463
0
LINE
8
BLACK
6
CONTINUOUS
10
1.796290905511811
20
2.1771841732283463
11
1.7986365354330709
21
2.1838875984251969
0
LINE
8
BLACK
6
CONTINUOUS
10
1.7986365354330709
20
2.1838875984251969
11
1.7994316929133858
21
2.1909448818897639
0
LINE
8
BLACK
6
CONTINUOUS
10
1.7994316929133858
20
2.1909448818897639
11
1.7986365354330709
21
2.1980021653543305
0
LINE
8
BLACK
6
CONTINUOUS
10
1.7986365354330709
20
2.1980021653543305
11
1.796290905511811
21
2.204705590551181
0
LINE
8
BLACK
6
CONTINUOUS
10
1.796290905511811
20
2.204705590551181
11
1.7959734251968504
21
2.2052108267716535
0
LINE
8
BLACK
6
CONTINUOUS
10
1.7959734251968504
20
2.2052108267716535
11
1.7925125196850393
21
2.2107188582677164
0
LINE
8
BLACK
6
CONTINUOUS
10
1.7925125196850393
20
2.2107188582677164
11
1.7925124803149606
21
2.2107188976377952
0
LINE
8
BLACK
6
CONTINUOUS
10
1.7925124803149606
20
2.2107188976377952
11
1.7925124409448818
21
2.2107189763779527
0
LINE
8
BLACK
6
CONTINUOUS
10
1.7925124409448818
20
2.2107189763779527
11
1.7874906299212598
21
2.2157407874015749
0
LINE
8
BLACK
6
CONTINUOUS
10
1.7874906299212598
20
2.2157407874015749
11
1.7874905118110236
21
2.2157408661417324
0
LINE
8
BLACK
6
CONTINUOUS
10
1.7874905118110236
20
2.2157408661417324
11
1.7874904724409448
21
2.2157409055118111
0
LINE
8
BLACK
6
CONTINUOUS
10
1.7874904724409448
20
2.2157409055118111
11
1.7814772834645669
21
2.2195192519685039
0
LINE
8
BLACK
6
CONTINUOUS
10
1.7814772834645669
20
2.2195192519685039
11
1.7747740551181101
21
2.2218648425196852
0
LINE
8
BLACK
6
CONTINUOUS
10
1.7747740551181101
20
2.2218648425196852
11
1.7747738976377951
21
2.2218648818897639
0
LINE
8
BLACK
6
CONTINUOUS
10
1.7747738976377951
20
2.2218648818897639
11
1.7677165354330708
21
2.2226600393700786
0
LINE
8
BLACK
6
CONTINUOUS
10
1.7677165354330708
20
2.2226600393700786
11
1.7606591338582678
21
2.2218648818897639
0
LINE
8
BLACK
6
CONTINUOUS
10
1.7606591338582678
20
2.2218648818897639
11
1.7606589763779528
21
2.2218648425196852
0
LINE
8
BLACK
6
CONTINUOUS
10
1.7606589763779528
20
2.2218648425196852
11
1.7539557874015748
21
2.2195192519685039
0
LINE
8
BLACK
6
CONTINUOUS
10
1.7539557874015748
20
2.2195192519685039
11
1.753955748031496
21
2.2195192519685039
0
LINE
8
BLACK
6
CONTINUOUS
10
1.753955748031496
20
2.2195192519685039
11
1.7479425590551181
21
2.2157409055118111
0
LINE
8
BLACK
6
CONTINUOUS
10
1.7479425590551181
20
2.2157409055118111
11
1.7479424409448818
21
2.2157408267716536
0
LINE
8
BLACK
6
CONTINUOUS
10
1.7479424409448818
20
2.2157408267716536
11
1.7479424409448818
21
2.2157407874015749
0
LINE
8
BLACK
6
CONTINUOUS
10
1.7479424409448818
20
2.2157407874015749
11
1.7479297637795275
21
2.2157281496062993
0
LINE
8
BLACK
6
CONTINUOUS
10
1.7479297637795275
20
2.2157281496062993
11
1.7479209448818898
21
2.2157236614173228
0
LINE
8
BLACK
6
CONTINUOUS
10
1.7479209448818898
20
2.2157236614173228
11
1.7477714566929134
21
2.2156044094488188
0
LINE
8
BLACK
6
CONTINUOUS
10
1.7477714566929134
20
2.2156044094488188
11
1.7477470078740156
21
2.2156350393700786
0
LINE
8
BLACK
6
CONTINUOUS
10
1.7477470078740156
20
2.2156350393700786
11
1.7457835433070865
21
2.2146346062992124
0
LINE
8
BLACK
6
CONTINUOUS
10
1.7457835433070865
20
2.2146346062992124
11
1.7451738188976378
21
2.2145866141732284
0
LINE
8
BLACK
6
CONTINUOUS
10
1.7451738188976378
20
2.2145866141732284
11
1.6098324015748031
21
2.2145866141732284
0
LINE
8
BLACK
6
CONTINUOUS
10
1.6098324015748031
20
2.2145866141732284
11
1.6075414173228346
21
2.2153309842519686
0
LINE
8
BLACK
6
CONTINUOUS
10
1.6075414173228346
20
2.2153309842519686
11
1.6070763385826772
21
2.215728188976378
0
LINE
8
BLACK
6
CONTINUOUS
10
1.6070763385826772
20
2.215728188976378
11
1.5444683464566928
21
2.2783361811023624
0
LINE
8
BLACK
6
CONTINUOUS
10
1.5444683464566928
20
2.2783361811023624
11
1.5433747637795274
21
2.2804825196850391
0
LINE
8
BLACK
6
CONTINUOUS
10
1.5433747637795274
20
2.2804825196850391
11
1.5433267716535433
21
2.2810922440944883
0
LINE
8
BLACK
6
CONTINUOUS
10
1.5433267716535433
20
2.2810922440944883
11
1.5433267716535433
21
2.2979724803149604
0
LINE
8
BLACK
6
CONTINUOUS
10
1.5433267716535433
20
2.2979724803149604
11
1.5440711417322834
21
2.3002634645669291
0
LINE
8
BLACK
6
CONTINUOUS
10
1.5440711417322834
20
2.3002634645669291
11
1.5460199606299212
21
2.3016793700787401
0
LINE
8
BLACK
6
CONTINUOUS
10
1.5460199606299212
20
2.3016793700787401
11
1.5472244094488188
21
2.3018701181102363
0
LINE
8
BLACK
6
CONTINUOUS
10
1.5472244094488188
20
2.3018701181102363
11
1.5509260236220472
21
2.3018701181102363
0
LINE
8
BLACK
6
CONTINUOUS
10
1.5509260236220472
20
2.3018701181102363
11
1.550926062992126
21
2.3018701574803151
0
LINE
8
BLACK
6
CONTINUOUS
10
1.550926062992126
20
2.3018701574803151
11
1.5527720866141732
21
2.3021625196850395
0
LINE
8
BLACK
6
CONTINUOUS
10
1.5527720866141732
20
2.3021625196850395
11
1.5546180708661417
21
2.3024548425196851
0
LINE
8
BLACK
6
CONTINUOUS
10
1.5546180708661417
20
2.3024548425196851
11
1.5546180708661417
21
2.3024548818897639
0
LINE
8
BLACK
6
CONTINUOUS
10
1.5546180708661417
20
2.3024548818897639
11
1.5546182677165354
21
2.3024548818897639
0
LINE
8
BLACK
6
CONTINUOUS
10
1.5546182677165354
20
2.3024548818897639
11
1.5590685826771653
21
2.3047224409448819
0
LINE
8
BLACK
6
CONTINUOUS
10
1.5590685826771653
20
2.3047224409448819
11
1.5626003937007873
21
2.3082542519685041
0
LINE
8
BLACK
6
CONTINUOUS
10
1.5626003937007873
20
2.3082542519685041
11
1.5648679527559055
21
2.312704566929134
0
LINE
8
BLACK
6
CONTINUOUS
10
1.5648679527559055
20
2.312704566929134
11
1.5654527559055118
21
2.3163968897637797
0
LINE
8
BLACK
6
CONTINUOUS
10
1.5654527559055118
20
2.3163968897637797
11
1.5654527165354331
21
2.378878661417323
0
LINE
8
BLACK
6
CONTINUOUS
10
1.5654527165354331
20
2.378878661417323
11
1.5654527165354331
21
2.3788787007874017
0
LINE
8
BLACK
6
CONTINUOUS
10
1.5654527165354331
20
2.3788787007874017
11
1.5654527165354331
21
2.3788788188976375
0
LINE
8
BLACK
6
CONTINUOUS
10
1.5654527165354331
20
2.3788788188976375
11
1.5654526771653543
21
2.378878897637795
0
LINE
8
BLACK
6
CONTINUOUS
10
1.5654526771653543
20
2.378878897637795
11
1.5648679921259843
21
2.3825708661417324
0
LINE
8
BLACK
6
CONTINUOUS
10
1.5648679921259843
20
2.3825708661417324
11
1.5648679527559055
21
2.3825709448818899
0
LINE
8
BLACK
6
CONTINUOUS
10
1.5648679527559055
20
2.3825709448818899
11
1.5648679527559055
21
2.382571023622047
0
LINE
8
BLACK
6
CONTINUOUS
10
1.5648679527559055
20
2.382571023622047
11
1.5626003937007873
21
2.3870213385826773
0
LINE
8
BLACK
6
CONTINUOUS
10
1.5626003937007873
20
2.3870213385826773
11
1.5590685826771653
21
2.3905531496062991
0
LINE
8
BLACK
6
CONTINUOUS
10
1.5590685826771653
20
2.3905531496062991
11
1.5546182677165354
21
2.3928207086614171
0
LINE
8
BLACK
6
CONTINUOUS
10
1.5546182677165354
20
2.3928207086614171
11
1.5546183070866142
21
2.3928207086614171
0
LINE
8
BLACK
6
CONTINUOUS
10
1.5546183070866142
20
2.3928207086614171
11
1.550926062992126
21
2.3934055118110238
0
LINE
8
BLACK
6
CONTINUOUS
10
1.550926062992126
20
2.3934055118110238
11
1.5509259448818897
21
2.3934055118110238
0
LINE
8
BLACK
6
CONTINUOUS
10
1.5509259448818897
20
2.3934055118110238
11
1.5472244094488188
21
2.3934055118110238
0
LINE
8
BLACK
6
CONTINUOUS
10
1.5472244094488188
20
2.3934055118110238
11
1.5449334251968503
21
2.3941498818897635
0
LINE
8
BLACK
6
CONTINUOUS
10
1.5449334251968503
20
2.3941498818897635
11
1.5435175196850393
21
2.3960987007874017
0
LINE
8
BLACK
6
CONTINUOUS
10
1.5435175196850393
20
2.3960987007874017
11
1.5433267716535433
21
2.3973031496062993
0
LINE
8
BLACK
6
CONTINUOUS
10
1.5433267716535433
20
2.3973031496062993
11
1.5433267716535433
21
2.3979724803149605
0
LINE
8
BLACK
6
CONTINUOUS
10
1.5433267716535433
20
2.3979724803149605
11
1.5440711417322834
21
2.4002634645669292
0
LINE
8
BLACK
6
CONTINUOUS
10
1.5440711417322834
20
2.4002634645669292
11
1.5460199606299212
21
2.4016793700787402
0
LINE
8
BLACK
6
CONTINUOUS
10
1.5460199606299212
20
2.4016793700787402
11
1.5472244094488188
21
2.401870118110236
0
LINE
8
BLACK
6
CONTINUOUS
10
1.5472244094488188
20
2.401870118110236
11
1.5509260236220472
21
2.401870118110236
0
LINE
8
BLACK
6
CONTINUOUS
10
1.5509260236220472
20
2.401870118110236
11
1.550926062992126
21
2.4018701574803147
0
LINE
8
BLACK
6
CONTINUOUS
10
1.550926062992126
20
2.4018701574803147
11
1.5527720866141732
21
2.4021625196850391
0
LINE
8
BLACK
6
CONTINUOUS
10
1.5527720866141732
20
2.4021625196850391
11
1.5546180708661417
21
2.4024548425196848
0
LINE
8
BLACK
6
CONTINUOUS
10
1.5546180708661417
20
2.4024548425196848
11
1.5546180708661417
21
2.4024548818897635
0
LINE
8
BLACK
6
CONTINUOUS
10
1.5546180708661417
20
2.4024548818897635
11
1.5546182677165354
21
2.4024548818897635
0
LINE
8
BLACK
6
CONTINUOUS
10
1.5546182677165354
20
2.4024548818897635
11
1.5590685826771653
21
2.404722440944882
0
LINE
8
BLACK
6
CONTINUOUS
10
1.5590685826771653
20
2.404722440944882
11
1.5626003937007873
21
2.4082542519685037
0
LINE
8
BLACK
6
CONTINUOUS
10
1.5626003937007873
20
2.4082542519685037
11
1.5648679527559055
21
2.4127045669291336
0
LINE
8
BLACK
6
CONTINUOUS
10
1.5648679527559055
20
2.4127045669291336
11
1.5654527559055118
21
2.4163968897637793
0
LINE
8
BLACK
6
CONTINUOUS
10
1.5654527559055118
20
2.4163968897637793
11
1.5654527165354331
21
2.4788786614173226
0
LINE
8
BLACK
6
CONTINUOUS
10
1.5654527165354331
20
2.4788786614173226
11
1.5654527165354331
21
2.4788787007874014
0
LINE
8
BLACK
6
CONTINUOUS
10
1.5654527165354331
20
2.4788787007874014
11
1.5654527165354331
21
2.4788788188976376
0
LINE
8
BLACK
6
CONTINUOUS
10
1.5654527165354331
20
2.4788788188976376
11
1.5654526771653543
21
2.4788788976377951
0
LINE
8
BLACK
6
CONTINUOUS
10
1.5654526771653543
20
2.4788788976377951
11
1.5648679921259843
21
2.4825708661417321
0
LINE
8
BLACK
6
CONTINUOUS
10
1.5648679921259843
20
2.4825708661417321
11
1.5648679527559055
21
2.4825709448818896
0
LINE
8
BLACK
6
CONTINUOUS
10
1.5648679527559055
20
2.4825709448818896
11
1.5648679527559055
21
2.4825710236220471
0
LINE
8
BLACK
6
CONTINUOUS
10
1.5648679527559055
20
2.4825710236220471
11
1.5626003937007873
21
2.4870213385826769
0
LINE
8
BLACK
6
CONTINUOUS
10
1.5626003937007873
20
2.4870213385826769
11
1.5590685826771653
21
2.4905531496062991
0
LINE
8
BLACK
6
CONTINUOUS
10
1.5590685826771653
20
2.4905531496062991
11
1.5546182677165354
21
2.4928207086614171
0
LINE
8
BLACK
6
CONTINUOUS
10
1.5546182677165354
20
2.4928207086614171
11
1.5546183070866142
21
2.4928207086614171
0
LINE
8
BLACK
6
CONTINUOUS
10
1.5546183070866142
20
2.4928207086614171
11
1.5509260236220472
21
2.4934055118110234
0
LINE
8
BLACK
6
CONTINUOUS
10
1.5509260236220472
20
2.4934055118110234
11
1.4884440157480314
21
2.4934055118110234
0
LINE
8
BLACK
6
CONTINUOUS
10
1.4884440157480314
20
2.4934055118110234
11
1.4884439370078739
21
2.4934054724409447
0
LINE
8
BLACK
6
CONTINUOUS
10
1.4884439370078739
20
2.4934054724409447
11
1.484751968503937
21
2.4928207874015746
0
LINE
8
BLACK
6
CONTINUOUS
10
1.484751968503937
20
2.4928207874015746
11
1.4847517716535432
21
2.4928207086614171
0
LINE
8
BLACK
6
CONTINUOUS
10
1.4847517716535432
20
2.4928207086614171
11
1.4803015354330709
21
2.4905531889763779
0
LINE
8
BLACK
6
CONTINUOUS
10
1.4803015354330709
20
2.4905531889763779
11
1.4767696456692914
21
2.4870212992125982
0
LINE
8
BLACK
6
CONTINUOUS
10
1.4767696456692914
20
2.4870212992125982
11
1.4745021259842519
21
2.4825710629921258
0
LINE
8
BLACK
6
CONTINUOUS
10
1.4745021259842519
20
2.4825710629921258
11
1.4739173228346456
21
2.4788788188976376
0
LINE
8
BLACK
6
CONTINUOUS
10
1.4739173228346456
20
2.4788788188976376
11
1.4739173228346456
21
2.4163968110236218
0
LINE
8
BLACK
6
CONTINUOUS
10
0.1994675590551181
20
2.393405472440945
11
0.1957755905511811
21
2.3928207874015746
0
LINE
8
BLACK
6
CONTINUOUS
10
0.1957755905511811
20
2.3928207874015746
11
0.1957753937007874
21
2.3928207086614171
0
LINE
8
BLACK
6
CONTINUOUS
10
0.1957753937007874
20
2.3928207086614171
11
0.191325157480315
21
2.3905531889763778
0
LINE
8
BLACK
6
CONTINUOUS
10
0.191325157480315
20
2.3905531889763778
11
0.1877932677165354
21
2.3870212992125985
0
LINE
8
BLACK
6
CONTINUOUS
10
0.1877932677165354
20
2.3870212992125985
11
0.185525748031496
21
2.3825710629921257
0
LINE
8
BLACK
6
CONTINUOUS
10
0.185525748031496
20
2.3825710629921257
11
0.1849409448818898
21
2.3788788188976375
0
LINE
8
BLACK
6
CONTINUOUS
10
0.1849409448818898
20
2.3788788188976375
11
0.1849409448818898
21
2.3163968110236222
0
LINE
8
BLACK
6
CONTINUOUS
10
0.1849409448818898
20
2.3163968110236222
11
0.1849409842519685
21
2.3163967322834647
0
LINE
8
BLACK
6
CONTINUOUS
10
0.1849409842519685
20
2.3163967322834647
11
0.1855256692913386
21
2.3127047637795277
0
LINE
8
BLACK
6
CONTINUOUS
10
0.1855256692913386
20
2.3127047637795277
11
0.185525748031496
21
2.312704566929134
0
LINE
8
BLACK
6
CONTINUOUS
10
0.185525748031496
20
2.312704566929134
11
0.1877933070866142
21
2.3082542519685041
0
LINE
8
BLACK
6
CONTINUOUS
10
0.1877933070866142
20
2.3082542519685041
11
0.1913251181102362
21
2.3047224409448819
0
LINE
8
BLACK
6
CONTINUOUS
10
0.1913251181102362
20
2.3047224409448819
11
0.1957754330708661
21
2.3024548818897639
0
LINE
8
BLACK
6
CONTINUOUS
10
0.1957754330708661
20
2.3024548818897639
11
0.1994677559055118
21
2.3018700787401576
0
LINE
8
BLACK
6
CONTINUOUS
10
0.1994677559055118
20
2.3018700787401576
11
0.2619495275590551
21
2.3018701181102363
0
LINE
8
BLACK
6
CONTINUOUS
10
0.2619495275590551
20
2.3018701181102363
11
0.2619496456692914
21
2.3018701181102363
0
LINE
8
BLACK
6
CONTINUOUS
10
0.2619496456692914
20
2.3018701181102363
11
0.2619496850393701
21
2.3018701574803151
0
LINE
8
BLACK
6
CONTINUOUS
10
0.2619496850393701
20
2.3018701574803151
11
0.2637957086614173
21
2.3021625196850395
0
LINE
8
BLACK
6
CONTINUOUS
10
0.2637957086614173
20
2.3021625196850395
11
0.2656416929133858
21
2.3024548425196851
0
LINE
8
BLACK
6
CONTINUOUS
10
0.2656416929133858
20
2.3024548425196851
11
0.2656416929133858
21
2.3024548818897639
0
LINE
8
BLACK
6
CONTINUOUS
10
0.2656416929133858
20
2.3024548818897639
11
0.2656418897637795
21
2.3024548818897639
0
LINE
8
BLACK
6
CONTINUOUS
10
0.2656418897637795
20
2.3024548818897639
11
0.2700922047244094
21
2.3047224409448819
0
LINE
8
BLACK
6
CONTINUOUS
10
0.2700922047244094
20
2.3047224409448819
11
0.2736240157480315
21
2.3082542519685041
0
LINE
8
BLACK
6
CONTINUOUS
10
0.2736240157480315
20
2.3082542519685041
11
0.2758915748031496
21
2.312704566929134
0
LINE
8
BLACK
6
CONTINUOUS
10
0.2758915748031496
20
2.312704566929134
11
0.2764763779527559
21
2.3163968897637797
0
LINE
8
BLACK
6
CONTINUOUS
10
0.2764763779527559
20
2.3163968897637797
11
0.2764763385826772
21
2.378878661417323
0
LINE
8
BLACK
6
CONTINUOUS
10
0.2764763385826772
20
2.378878661417323
11
0.2764763385826772
21
2.3788787007874017
0
LINE
8
BLACK
6
CONTINUOUS
10
0.2764763385826772
20
2.3788787007874017
11
0.2764763385826772
21
2.3788788188976375
0
LINE
8
BLACK
6
CONTINUOUS
10
0.2764763385826772
20
2.3788788188976375
11
0.2764762992125984
21
2.378878897637795
0
LINE
8
BLACK
6
CONTINUOUS
10
0.2764762992125984
20
2.378878897637795
11
0.2758916141732283
21
2.3825708661417324
0
LINE
8
BLACK
6
CONTINUOUS
10
0.2758916141732283
20
2.3825708661417324
11
0.2758915748031496
21
2.3825709448818899
0
LINE
8
BLACK
6
CONTINUOUS
10
0.2758915748031496
20
2.3825709448818899
11
0.2758915748031496
21
2.382571023622047
0
LINE
8
BLACK
6
CONTINUOUS
10
0.2758915748031496
20
2.382571023622047
11
0.2736240157480315
21
2.3870213385826773
0
LINE
8
BLACK
6
CONTINUOUS
10
0.2736240157480315
20
2.3870213385826773
11
0.2700922047244094
21
2.3905531496062991
0
LINE
8
BLACK
6
CONTINUOUS
10
0.2700922047244094
20
2.3905531496062991
11
0.2656418897637795
21
2.3928207086614171
0
LINE
8
BLACK
6
CONTINUOUS
10
0.2656418897637795
20
2.3928207086614171
11
0.2656419291338583
21
2.3928207086614171
0
LINE
8
BLACK
6
CONTINUOUS
10
0.2656419291338583
20
2.3928207086614171
11
0.2619496456692914
21
2.3934055118110238
0
LINE
8
BLACK
6
CONTINUOUS
10
0.2619496456692914
20
2.3934055118110238
11
0.1994676377952756
21
2.3934055118110238
0
LINE
8
BLACK
6
CONTINUOUS
10
0.1994676377952756
20
2.3934055118110238
11
0.1994675590551181
21
2.393405472440945
0
LINE
8
BLACK
6
CONTINUOUS
10
1.0101375196850393
20
2.3814782283464568
11
1.0101374803149605
21
2.3814783070866139
0
LINE
8
BLACK
6
CONTINUOUS
10
1.0101374803149605
20
2.3814783070866139
11
1.0079622440944882
21
2.3847337795275592
0
LINE
8
BLACK
6
CONTINUOUS
10
1.0079622440944882
20
2.3847337795275592
11
1.0079620866141732
21
2.3847339370078742
0
LINE
8
BLACK
6
CONTINUOUS
10
1.0079620866141732
20
2.3847339370078742
11
1.0047066141732284
21
2.3869091732283465
0
LINE
8
BLACK
6
CONTINUOUS
10
1.0047066141732284
20
2.3869091732283465
11
1.0047065354330709
21
2.3869092125984253
0
LINE
8
BLACK
6
CONTINUOUS
10
1.0047065354330709
20
2.3869092125984253
11
1.0018355905511811
21
2.3874803149606301
0
LINE
8
BLACK
6
CONTINUOUS
10
1.0018355905511811
20
2.3874803149606301
11
0.9808661811023622
21
2.3874803149606301
0
LINE
8
BLACK
6
CONTINUOUS
10
0.9808661811023622
20
2.3874803149606301
11
0.9808661417322835
21
2.3874802755905513
0
LINE
8
BLACK
6
CONTINUOUS
10
0.9808661417322835
20
2.3874802755905513
11
0.9808661417322835
21
2.3776377952755907
0
LINE
8
BLACK
6
CONTINUOUS
10
0.9808661417322835
20
2.3776377952755907
11
1.0008661417322835
21
2.3776377952755907
0
LINE
8
BLACK
6
CONTINUOUS
10
1.0008661417322835
20
2.3776377952755907
11
1.0008661417322835
21
2.3576377952755907
0
LINE
8
BLACK
6
CONTINUOUS
10
1.0008661417322835
20
2.3576377952755907
11
1.0107086220472441
21
2.3576377952755907
0
LINE
8
BLACK
6
CONTINUOUS
10
1.0107086220472441
20
2.3576377952755907
11
1.0107086614173229
21
2.3576378346456695
0
LINE
8
BLACK
6
CONTINUOUS
10
1.0107086614173229
20
2.3576378346456695
11
1.0107086614173229
21
2.3786072047244096
0
LINE
8
BLACK
6
CONTINUOUS
10
1.0107086614173229
20
2.3786072047244096
11
1.0107086220472441
21
2.3786072834645671
0
LINE
8
BLACK
6
CONTINUOUS
10
1.0107086220472441
20
2.3786072834645671
11
1.0106546062992126
21
2.3788788188976375
0
LINE
8
BLACK
6
CONTINUOUS
10
1.0106546062992126
20
2.3788788188976375
11
1.0101375196850393
21
2.3814782283464568
0
LINE
8
BLACK
6
CONTINUOUS
10
1.3589564173228346
20
2.3814782283464568
11
1.3589563779527558
21
2.3814783070866139
0
LINE
8
BLACK
6
CONTINUOUS
10
1.3589563779527558
20
2.3814783070866139
11
1.3567811417322835
21
2.3847337795275592
0
LINE
8
BLACK
6
CONTINUOUS
10
1.3567811417322835
20
2.3847337795275592
11
1.3567809842519685
21
2.3847339370078742
0
LINE
8
BLACK
6
CONTINUOUS
10
1.3567809842519685
20
2.3847339370078742
11
1.3535255118110237
21
2.3869091732283465
0
LINE
8
BLACK
6
CONTINUOUS
10
1.3535255118110237
20
2.3869091732283465
11
1.3535254330708661
21
2.3869092125984253
0
LINE
8
BLACK
6
CONTINUOUS
10
1.3535254330708661
20
2.3869092125984253
11
1.3506544881889764
21
2.3874803149606301
0
LINE
8
BLACK
6
CONTINUOUS
10
1.3506544881889764
20
2.3874803149606301
11
1.3296850787401575
21
2.3874803149606301
0
LINE
8
BLACK
6
CONTINUOUS
10
1.3296850787401575
20
2.3874803149606301
11
1.3296850393700788
21
2.3874802755905513
0
LINE
8
BLACK
6
CONTINUOUS
10
1.3296850393700788
20
2.3874802755905513
11
1.3296850393700788
21
2.3776377952755907
0
LINE
8
BLACK
6
CONTINUOUS
10
1.3296850393700788
20
2.3776377952755907
11
1.3496850393700788
21
2.3776377952755907
0
LINE
8
BLACK
6
CONTINUOUS
10
1.3496850393700788
20
2.3776377952755907
11
1.3496850393700788
21
2.3576377952755907
0
LINE
8
BLACK
6
CONTINUOUS
10
1.3496850393700788
20
2.3576377952755907
11
1.3595275196850394
21
2.3576377952755907
0
LINE
8
BLACK
6
CONTINUOUS
10
1.3595275196850394
20
2.3576377952755907
11
1.3595275590551181
21
2.3576378346456695
0
LINE
8
BLACK
6
CONTINUOUS
10
1.3595275590551181
20
2.3576378346456695
11
1.3595275590551181
21
2.3786072047244096
0
LINE
8
BLACK
6
CONTINUOUS
10
1.3595275590551181
20
2.3786072047244096
11
1.3595275196850394
21
2.3786072834645671
0
LINE
8
BLACK
6
CONTINUOUS
10
1.3595275196850394
20
2.3786072834645671
11
1.3594735039370078
21
2.3788788188976375
0
LINE
8
BLACK
6
CONTINUOUS
10
1.3594735039370078
20
2.3788788188976375
11
1.3589564173228346
21
2.3814782283464568
0
LINE
8
BLACK
6
CONTINUOUS
10
0.9310236614173228
20
2.3376377952755907
11
0.9310236220472441
21
2.3376377559055119
0
LINE
8
BLACK
6
CONTINUOUS
10
0.9310236220472441
20
2.3376377559055119
11
0.9310236220472441
21
2.3166683464566931
0
LINE
8
BLACK
6
CONTINUOUS
10
0.9310236220472441
20
2.3166683464566931
11
0.9315947244094488
21
2.3137974015748033
0
LINE
8
BLACK
6
CONTINUOUS
10
0.9315947244094488
20
2.3137974015748033
11
0.9315947637795275
21
2.3137973228346458
0
LINE
8
BLACK
6
CONTINUOUS
10
0.9315947637795275
20
2.3137973228346458
11
0.93377
21
2.3105418503937005
0
LINE
8
BLACK
6
CONTINUOUS
10
0.93377
20
2.3105418503937005
11
0.9337701574803149
21
2.310541692913386
0
LINE
8
BLACK
6
CONTINUOUS
10
0.9337701574803149
20
2.310541692913386
11
0.9370256299212598
21
2.3083664566929132
0
LINE
8
BLACK
6
CONTINUOUS
10
0.9370256299212598
20
2.3083664566929132
11
0.9370257086614173
21
2.3083664173228344
0
LINE
8
BLACK
6
CONTINUOUS
10
0.9370257086614173
20
2.3083664173228344
11
0.9398966535433071
21
2.3077953149606301
0
LINE
8
BLACK
6
CONTINUOUS
10
0.9398966535433071
20
2.3077953149606301
11
0.9398967322834646
21
2.3077952755905513
0
LINE
8
BLACK
6
CONTINUOUS
10
0.9398967322834646
20
2.3077952755905513
11
0.9608661023622047
21
2.3077952755905513
0
LINE
8
BLACK
6
CONTINUOUS
10
0.9608661023622047
20
2.3077952755905513
11
0.9608661417322835
21
2.3077953149606301
0
LINE
8
BLACK
6
CONTINUOUS
10
0.9608661417322835
20
2.3077953149606301
11
0.9608661417322835
21
2.3176377952755907
0
LINE
8
BLACK
6
CONTINUOUS
10
0.9608661417322835
20
2.3176377952755907
11
0.9408661417322834
21
2.3176377952755907
0
LINE
8
BLACK
6
CONTINUOUS
10
0.9408661417322834
20
2.3176377952755907
11
0.9408661417322834
21
2.3376377952755907
0
LINE
8
BLACK
6
CONTINUOUS
10
0.9408661417322834
20
2.3376377952755907
11
0.9310236614173228
21
2.3376377952755907
0
LINE
8
BLACK
6
CONTINUOUS
10
1.0008661417322835
20
2.3176377952755907
11
0.9808661417322835
21
2.3176377952755907
0
LINE
8
BLACK
6
CONTINUOUS
10
0.9808661417322835
20
2.3176377952755907
11
0.9808661417322835
21
2.3077953149606301
0
LINE
8
BLACK
6
CONTINUOUS
10
0.9808661417322835
20
2.3077953149606301
11
0.9808661811023622
21
2.3077952755905513
0
LINE
8
BLACK
6
CONTINUOUS
10
0.9808661811023622
20
2.3077952755905513
11
1.0018355511811023
21
2.3077952755905513
0
LINE
8
BLACK
6
CONTINUOUS
10
1.0018355511811023
20
2.3077952755905513
11
1.0018355905511811
21
2.3077953149606301
0
LINE
8
BLACK
6
CONTINUOUS
10
1.0018355905511811
20
2.3077953149606301
11
1.0047065354330709
21
2.3083664173228344
0
LINE
8
BLACK
6
CONTINUOUS
10
1.0047065354330709
20
2.3083664173228344
11
1.0047066141732284
21
2.3083664566929132
0
LINE
8
BLACK
6
CONTINUOUS
10
1.0047066141732284
20
2.3083664566929132
11
1.0079620866141732
21
2.310541692913386
0
LINE
8
BLACK
6
CONTINUOUS
10
1.0079620866141732
20
2.310541692913386
11
1.0079622440944882
21
2.3105418503937005
0
LINE
8
BLACK
6
CONTINUOUS
10
1.0079622440944882
20
2.3105418503937005
11
1.0101374803149605
21
2.3137973228346458
0
LINE
8
BLACK
6
CONTINUOUS
10
1.0101374803149605
20
2.3137973228346458
11
1.0101375196850393
21
2.3137974015748033
0
LINE
8
BLACK
6
CONTINUOUS
10
1.0101375196850393
20
2.3137974015748033
11
1.0107086220472441
21
2.3166683464566931
0
LINE
8
BLACK
6
CONTINUOUS
10
1.0107086220472441
20
2.3166683464566931
11
1.0107086614173229
21
2.3166684251968501
0
LINE
8
BLACK
6
CONTINUOUS
10
1.0107086614173229
20
2.3166684251968501
11
1.0107086614173229
21
2.3376377559055119
0
LINE
8
BLACK
6
CONTINUOUS
10
1.0107086614173229
20
2.3376377559055119
11
1.0107086220472441
21
2.3376377952755907
0
LINE
8
BLACK
6
CONTINUOUS
10
1.0107086220472441
20
2.3376377952755907
11
1.0008661417322835
21
2.3376377952755907
0
LINE
8
BLACK
6
CONTINUOUS
10
1.0008661417322835
20
2.3376377952755907
11
1.0008661417322835
21
2.3176377952755907
0
LINE
8
BLACK
6
CONTINUOUS
10
1.1310236614173228
20
2.3376377952755907
11
1.131023622047244
21
2.3376377559055119
0
LINE
8
BLACK
6
CONTINUOUS
10
1.131023622047244
20
2.3376377559055119
11
1.131023622047244
21
2.3166683464566931
0
LINE
8
BLACK
6
CONTINUOUS
10
1.131023622047244
20
2.3166683464566931
11
1.1315947244094489
21
2.3137974015748033
0
LINE
8
BLACK
6
CONTINUOUS
10
1.1315947244094489
20
2.3137974015748033
11
1.1315947637795276
21
2.3137973228346458
0
LINE
8
BLACK
6
CONTINUOUS
10
1.1315947637795276
20
2.3137973228346458
11
1.1337699999999999
21
2.3105418503937005
0
LINE
8
BLACK
6
CONTINUOUS
10
1.1337699999999999
20
2.3105418503937005
11
1.133770157480315
21
2.310541692913386
0
LINE
8
BLACK
6
CONTINUOUS
10
1.133770157480315
20
2.310541692913386
11
1.1370256299212598
21
2.3083664566929132
0
LINE
8
BLACK
6
CONTINUOUS
10
1.1370256299212598
20
2.3083664566929132
11
1.1370257086614173
21
2.3083664173228344
0
LINE
8
BLACK
6
CONTINUOUS
10
1.1370257086614173
20
2.3083664173228344
11
1.139896653543307
21
2.3077953149606301
0
LINE
8
BLACK
6
CONTINUOUS
10
1.139896653543307
20
2.3077953149606301
11
1.1398967322834646
21
2.3077952755905513
0
LINE
8
BLACK
6
CONTINUOUS
10
1.1398967322834646
20
2.3077952755905513
11
1.1608661023622047
21
2.3077952755905513
0
LINE
8
BLACK
6
CONTINUOUS
10
1.1608661023622047
20
2.3077952755905513
11
1.1608661417322834
21
2.3077953149606301
0
LINE
8
BLACK
6
CONTINUOUS
10
1.1608661417322834
20
2.3077953149606301
11
1.1608661417322834
21
2.3176377952755907
0
LINE
8
BLACK
6
CONTINUOUS
10
1.1608661417322834
20
2.3176377952755907
11
1.1408661417322834
21
2.3176377952755907
0
LINE
8
BLACK
6
CONTINUOUS
10
1.1408661417322834
20
2.3176377952755907
11
1.1408661417322834
21
2.3376377952755907
0
LINE
8
BLACK
6
CONTINUOUS
10
1.1408661417322834
20
2.3376377952755907
11
1.1310236614173228
21
2.3376377952755907
0
LINE
8
BLACK
6
CONTINUOUS
10
1.2008661417322835
20
2.3176377952755907
11
1.1808661417322834
21
2.3176377952755907
0
LINE
8
BLACK
6
CONTINUOUS
10
1.1808661417322834
20
2.3176377952755907
11
1.1808661417322834
21
2.3077953149606301
0
LINE
8
BLACK
6
CONTINUOUS
10
1.1808661417322834
20
2.3077953149606301
11
1.1808661811023622
21
2.3077952755905513
0
LINE
8
BLACK
6
CONTINUOUS
10
1.1808661811023622
20
2.3077952755905513
11
1.2018355511811023
21
2.3077952755905513
0
LINE
8
BLACK
6
CONTINUOUS
10
1.2018355511811023
20
2.3077952755905513
11
1.2018355905511811
21
2.3077953149606301
0
LINE
8
BLACK
6
CONTINUOUS
10
1.2018355905511811
20
2.3077953149606301
11
1.2047065354330708
21
2.3083664173228344
0
LINE
8
BLACK
6
CONTINUOUS
10
1.2047065354330708
20
2.3083664173228344
11
1.2047066141732283
21
2.3083664566929132
0
LINE
8
BLACK
6
CONTINUOUS
10
1.2047066141732283
20
2.3083664566929132
11
1.2079620866141731
21
2.310541692913386
0
LINE
8
BLACK
6
CONTINUOUS
10
1.2079620866141731
20
2.310541692913386
11
1.2079622440944882
21
2.3105418503937005
0
LINE
8
BLACK
6
CONTINUOUS
10
1.2079622440944882
20
2.3105418503937005
11
1.2101374803149607
21
2.3137973228346458
0
LINE
8
BLACK
6
CONTINUOUS
10
1.2101374803149607
20
2.3137973228346458
11
1.2101375196850392
21
2.3137974015748033
0
LINE
8
BLACK
6
CONTINUOUS
10
1.2101375196850392
20
2.3137974015748033
11
1.2107086220472441
21
2.3166683464566931
0
LINE
8
BLACK
6
CONTINUOUS
10
1.2107086220472441
20
2.3166683464566931
11
1.2107086614173228
21
2.3166684251968501
0
LINE
8
BLACK
6
CONTINUOUS
10
1.2107086614173228
20
2.3166684251968501
11
1.2107086614173228
21
2.3376377559055119
0
LINE
8
BLACK
6
CONTINUOUS
10
1.2107086614173228
20
2.3376377559055119
11
1.2107086220472441
21
2.3376377952755907
0
LINE
8
BLACK
6
CONTINUOUS
10
1.2107086220472441
20
2.3376377952755907
11
1.2008661417322835
21
2.3376377952755907
0
LINE
8
BLACK
6
CONTINUOUS
10
1.2008661417322835
20
2.3376377952755907
11
1.2008661417322835
21
2.3176377952755907
0
LINE
8
BLACK
6
CONTINUOUS
10
1.2798425590551181
20
2.3376377952755907
11
1.2798425196850394
21
2.3376377559055119
0
LINE
8
BLACK
6
CONTINUOUS
10
1.2798425196850394
20
2.3376377559055119
11
1.2798425196850394
21
2.3166683464566931
0
LINE
8
BLACK
6
CONTINUOUS
10
1.2798425196850394
20
2.3166683464566931
11
1.280413622047244
21
2.3137974015748033
0
LINE
8
BLACK
6
CONTINUOUS
10
1.280413622047244
20
2.3137974015748033
11
1.2804136614173227
21
2.3137973228346458
0
LINE
8
BLACK
6
CONTINUOUS
10
1.2804136614173227
20
2.3137973228346458
11
1.2825888976377953
21
2.3105418503937005
0
LINE
8
BLACK
6
CONTINUOUS
10
1.2825888976377953
20
2.3105418503937005
11
1.2825890551181103
21
2.310541692913386
0
LINE
8
BLACK
6
CONTINUOUS
10
1.2825890551181103
20
2.310541692913386
11
1.2858445275590551
21
2.3083664566929132
0
LINE
8
BLACK
6
CONTINUOUS
10
1.2858445275590551
20
2.3083664566929132
11
1.2858446062992126
21
2.3083664173228344
0
LINE
8
BLACK
6
CONTINUOUS
10
1.2858446062992126
20
2.3083664173228344
11
1.2887155511811024
21
2.3077953149606301
0
LINE
8
BLACK
6
CONTINUOUS
10
1.2887155511811024
20
2.3077953149606301
11
1.2887156299212599
21
2.3077952755905513
0
LINE
8
BLACK
6
CONTINUOUS
10
1.2887156299212599
20
2.3077952755905513
11
1.309685
21
2.3077952755905513
0
LINE
8
BLACK
6
CONTINUOUS
10
1.309685
20
2.3077952755905513
11
1.3096850393700787
21
2.3077953149606301
0
LINE
8
BLACK
6
CONTINUOUS
10
1.3096850393700787
20
2.3077953149606301
11
1.3096850393700787
21
2.3176377952755907
0
LINE
8
BLACK
6
CONTINUOUS
10
1.3096850393700787
20
2.3176377952755907
11
1.2896850393700787
21
2.3176377952755907
0
LINE
8
BLACK
6
CONTINUOUS
10
1.2896850393700787
20
2.3176377952755907
11
1.2896850393700787
21
2.3376377952755907
0
LINE
8
BLACK
6
CONTINUOUS
10
1.2896850393700787
20
2.3376377952755907
11
1.2798425590551181
21
2.3376377952755907
0
LINE
8
BLACK
6
CONTINUOUS
10
1.3496850393700788
20
2.3176377952755907
11
1.3296850393700788
21
2.3176377952755907
0
LINE
8
BLACK
6
CONTINUOUS
10
1.3296850393700788
20
2.3176377952755907
11
1.3296850393700788
21
2.3077953149606301
0
LINE
8
BLACK
6
CONTINUOUS
10
1.3296850393700788
20
2.3077953149606301
11
1.3296850787401575
21
2.3077952755905513
0
LINE
8
BLACK
6
CONTINUOUS
10
1.3296850787401575
20
2.3077952755905513
11
1.3506544488188976
21
2.3077952755905513
0
LINE
8
BLACK
6
CONTINUOUS
10
1.3506544488188976
20
2.3077952755905513
11
1.3506544881889764
21
2.3077953149606301
0
LINE
8
BLACK
6
CONTINUOUS
10
1.3506544881889764
20
2.3077953149606301
11
1.3535254330708661
21
2.3083664173228344
0
LINE
8
BLACK
6
CONTINUOUS
10
1.3535254330708661
20
2.3083664173228344
11
1.3535255118110237
21
2.3083664566929132
0
LINE
8
BLACK
6
CONTINUOUS
10
1.3535255118110237
20
2.3083664566929132
11
1.3567809842519685
21
2.310541692913386
0
LINE
8
BLACK
6
CONTINUOUS
10
1.3567809842519685
20
2.310541692913386
11
1.3567811417322835
21
2.3105418503937005
0
LINE
8
BLACK
6
CONTINUOUS
10
1.3567811417322835
20
2.3105418503937005
11
1.3589563779527558
21
2.3137973228346458
0
LINE
8
BLACK
6
CONTINUOUS
10
1.3589563779527558
20
2.3137973228346458
11
1.3589564173228346
21
2.3137974015748033
0
LINE
8
BLACK
6
CONTINUOUS
10
1.3589564173228346
20
2.3137974015748033
11
1.3595275196850394
21
2.3166683464566931
0
LINE
8
BLACK
6
CONTINUOUS
10
1.3595275196850394
20
2.3166683464566931
11
1.3595275590551181
21
2.3166684251968501
0
LINE
8
BLACK
6
CONTINUOUS
10
1.3595275590551181
20
2.3166684251968501
11
1.3595275590551181
21
2.3376377559055119
0
LINE
8
BLACK
6
CONTINUOUS
10
1.3595275590551181
20
2.3376377559055119
11
1.3595275196850394
21
2.3376377952755907
0
LINE
8
BLACK
6
CONTINUOUS
10
1.3595275196850394
20
2.3376377952755907
11
1.3496850393700788
21
2.3376377952755907
0
LINE
8
BLACK
6
CONTINUOUS
10
1.3496850393700788
20
2.3376377952755907
11
1.3496850393700788
21
2.3176377952755907
0
LINE
8
BLACK
6
CONTINUOUS
10
1.679842559055118
20
2.3376377952755907
11
1.6798425196850393
21
2.3376377559055119
0
LINE
8
BLACK
6
CONTINUOUS
10
1.6798425196850393
20
2.3376377559055119
11
1.6798425196850393
21
2.3166683464566931
0
LINE
8
BLACK
6
CONTINUOUS
10
1.6798425196850393
20
2.3166683464566931
11
1.6804136220472441
21
2.3137974015748033
0
LINE
8
BLACK
6
CONTINUOUS
10
1.6804136220472441
20
2.3137974015748033
11
1.6804136614173228
21
2.3137973228346458
0
LINE
8
BLACK
6
CONTINUOUS
10
1.6804136614173228
20
2.3137973228346458
11
1.6825888976377952
21
2.3105418503937005
0
LINE
8
BLACK
6
CONTINUOUS
10
1.6825888976377952
20
2.3105418503937005
11
1.6825890551181102
21
2.310541692913386
0
LINE
8
BLACK
6
CONTINUOUS
10
1.6825890551181102
20
2.310541692913386
11
1.685844527559055
21
2.3083664566929132
0
LINE
8
BLACK
6
CONTINUOUS
10
1.685844527559055
20
2.3083664566929132
11
1.6858446062992125
21
2.3083664173228344
0
LINE
8
BLACK
6
CONTINUOUS
10
1.6858446062992125
20
2.3083664173228344
11
1.6887155511811023
21
2.3077953149606301
0
LINE
8
BLACK
6
CONTINUOUS
10
1.6887155511811023
20
2.3077953149606301
11
1.6887156299212598
21
2.3077952755905513
0
LINE
8
BLACK
6
CONTINUOUS
10
1.6887156299212598
20
2.3077952755905513
11
1.7096849999999999
21
2.3077952755905513
0
LINE
8
BLACK
6
CONTINUOUS
10
1.7096849999999999
20
2.3077952755905513
11
1.7096850393700787
21
2.3077953149606301
0
LINE
8
BLACK
6
CONTINUOUS
10
1.7096850393700787
20
2.3077953149606301
11
1.7096850393700787
21
2.3176377952755907
0
LINE
8
BLACK
6
CONTINUOUS
10
1.7096850393700787
20
2.3176377952755907
11
1.6896850393700786
21
2.3176377952755907
0
LINE
8
BLACK
6
CONTINUOUS
10
1.6896850393700786
20
2.3176377952755907
11
1.6896850393700786
21
2.3376377952755907
0
LINE
8
BLACK
6
CONTINUOUS
10
1.6896850393700786
20
2.3376377952755907
11
1.679842559055118
21
2.3376377952755907
0
LINE
8
BLACK
6
CONTINUOUS
10
1.7496850393700787
20
2.3176377952755907
11
1.7296850393700787
21
2.3176377952755907
0
LINE
8
BLACK
6
CONTINUOUS
10
1.7296850393700787
20
2.3176377952755907
11
1.7296850393700787
21
2.3077953149606301
0
LINE
8
BLACK
6
CONTINUOUS
10
1.7296850393700787
20
2.3077953149606301
11
1.7296850787401574
21
2.3077952755905513
0
LINE
8
BLACK
6
CONTINUOUS
10
1.7296850787401574
20
2.3077952755905513
11
1.7506544488188975
21
2.3077952755905513
0
LINE
8
BLACK
6
CONTINUOUS
10
1.7506544488188975
20
2.3077952755905513
11
1.7506544881889763
21
2.3077953149606301
0
LINE
8
BLACK
6
CONTINUOUS
10
1.7506544881889763
20
2.3077953149606301
11
1.7535254330708661
21
2.3083664173228344
0
LINE
8
BLACK
6
CONTINUOUS
10
1.7535254330708661
20
2.3083664173228344
11
1.7535255118110236
21
2.3083664566929132
0
LINE
8
BLACK
6
CONTINUOUS
10
1.7535255118110236
20
2.3083664566929132
11
1.7567809842519684
21
2.310541692913386
0
LINE
8
BLACK
6
CONTINUOUS
10
1.7567809842519684
20
2.310541692913386
11
1.7567811417322834
21
2.3105418503937005
0
LINE
8
BLACK
6
CONTINUOUS
10
1.7567811417322834
20
2.3105418503937005
11
1.7589563779527559
21
2.3137973228346458
0
LINE
8
BLACK
6
CONTINUOUS
10
1.7589563779527559
20
2.3137973228346458
11
1.7589564173228347
21
2.3137974015748033
0
LINE
8
BLACK
6
CONTINUOUS
10
1.7589564173228347
20
2.3137974015748033
11
1.7595275196850393
21
2.3166683464566931
0
LINE
8
BLACK
6
CONTINUOUS
10
1.7595275196850393
20
2.3166683464566931
11
1.759527559055118
21
2.3166684251968501
0
LINE
8
BLACK
6
CONTINUOUS
10
1.759527559055118
20
2.3166684251968501
11
1.759527559055118
21
2.3376377559055119
0
LINE
8
BLACK
6
CONTINUOUS
10
1.759527559055118
20
2.3376377559055119
11
1.7595275196850393
21
2.3376377952755907
0
LINE
8
BLACK
6
CONTINUOUS
10
1.7595275196850393
20
2.3376377952755907
11
1.7496850393700787
21
2.3376377952755907
0
LINE
8
BLACK
6
CONTINUOUS
10
1.7496850393700787
20
2.3376377952755907
11
1.7496850393700787
21
2.3176377952755907
0
LINE
8
BLACK
6
CONTINUOUS
10
0.2849409448818898
20
2.3163968110236222
11
0.2849409842519685
21
2.3163967322834647
0
LINE
8
BLACK
6
CONTINUOUS
10
0.2849409842519685
20
2.3163967322834647
11
0.2855256692913386
21
2.3127047637795277
0
LINE
8
BLACK
6
CONTINUOUS
10
0.2855256692913386
20
2.3127047637795277
11
0.2855257480314961
21
2.312704566929134
0
LINE
8
BLACK
6
CONTINUOUS
10
0.2855257480314961
20
2.312704566929134
11
0.2877933070866142
21
2.3082542519685041
0
LINE
8
BLACK
6
CONTINUOUS
10
0.2877933070866142
20
2.3082542519685041
11
0.2913251181102362
21
2.3047224409448819
0
LINE
8
BLACK
6
CONTINUOUS
10
0.2913251181102362
20
2.3047224409448819
11
0.2957754330708661
21
2.3024548818897639
0
LINE
8
BLACK
6
CONTINUOUS
10
0.2957754330708661
20
2.3024548818897639
11
0.2994677559055118
21
2.3018700787401576
0
LINE
8
BLACK
6
CONTINUOUS
10
0.2994677559055118
20
2.3018700787401576
11
0.3619495275590551
21
2.3018701181102363
0
LINE
8
BLACK
6
CONTINUOUS
10
0.3619495275590551
20
2.3018701181102363
11
0.3619496456692913
21
2.3018701181102363
0
LINE
8
BLACK
6
CONTINUOUS
10
0.3619496456692913
20
2.3018701181102363
11
0.3619496850393701
21
2.3018701574803151
0
LINE
8
BLACK
6
CONTINUOUS
10
0.3619496850393701
20
2.3018701574803151
11
0.3637957086614173
21
2.3021625196850395
0
LINE
8
BLACK
6
CONTINUOUS
10
0.3637957086614173
20
2.3021625196850395
11
0.3656416929133858
21
2.3024548425196851
0
LINE
8
BLACK
6
CONTINUOUS
10
0.3656416929133858
20
2.3024548425196851
11
0.3656416929133858
21
2.3024548818897639
0
LINE
8
BLACK
6
CONTINUOUS
10
0.3656416929133858
20
2.3024548818897639
11
0.3656418897637795
21
2.3024548818897639
0
LINE
8
BLACK
6
CONTINUOUS
10
0.3656418897637795
20
2.3024548818897639
11
0.3700922047244095
21
2.3047224409448819
0
LINE
8
BLACK
6
CONTINUOUS
10
0.3700922047244095
20
2.3047224409448819
11
0.3736240157480315
21
2.3082542519685041
0
LINE
8
BLACK
6
CONTINUOUS
10
0.3736240157480315
20
2.3082542519685041
11
0.3758915748031496
21
2.312704566929134
0
LINE
8
BLACK
6
CONTINUOUS
10
0.3758915748031496
20
2.312704566929134
11
0.3764763779527559
21
2.3163968897637797
0
LINE
8
BLACK
6
CONTINUOUS
10
0.3764763779527559
20
2.3163968897637797
11
0.3764763385826772
21
2.378878661417323
0
LINE
8
BLACK
6
CONTINUOUS
10
0.3764763385826772
20
2.378878661417323
11
0.3764763385826772
21
2.3788787007874017
0
LINE
8
BLACK
6
CONTINUOUS
10
0.3764763385826772
20
2.3788787007874017
11
0.3764763385826772
21
2.3788788188976375
0
LINE
8
BLACK
6
CONTINUOUS
10
0.3764763385826772
20
2.3788788188976375
11
0.3764762992125984
21
2.378878897637795
0
LINE
8
BLACK
6
CONTINUOUS
10
0.3764762992125984
20
2.378878897637795
11
0.3758916141732284
21
2.3825708661417324
0
LINE
8
BLACK
6
CONTINUOUS
10
0.3758916141732284
20
2.3825708661417324
11
0.3758915748031496
21
2.3825709448818899
0
LINE
8
BLACK
6
CONTINUOUS
10
0.3758915748031496
20
2.3825709448818899
11
0.3758915748031496
21
2.382571023622047
0
LINE
8
BLACK
6
CONTINUOUS
10
0.3758915748031496
20
2.382571023622047
11
0.3736240157480315
21
2.3870213385826773
0
LINE
8
BLACK
6
CONTINUOUS
10
0.3736240157480315
20
2.3870213385826773
11
0.3700922047244095
21
2.3905531496062991
0
LINE
8
BLACK
6
CONTINUOUS
10
0.3700922047244095
20
2.3905531496062991
11
0.3656418897637795
21
2.3928207086614171
0
LINE
8
BLACK
6
CONTINUOUS
10
0.3656418897637795
20
2.3928207086614171
11
0.3656419291338582
21
2.3928207086614171
0
LINE
8
BLACK
6
CONTINUOUS
10
0.3656419291338582
20
2.3928207086614171
11
0.3619496456692913
21
2.3934055118110238
0
LINE
8
BLACK
6
CONTINUOUS
10
0.3619496456692913
20
2.3934055118110238
11
0.2994676377952756
21
2.3934055118110238
0
LINE
8
BLACK
6
CONTINUOUS
10
0.2994676377952756
20
2.3934055118110238
11
0.2994675590551181
21
2.393405472440945
0
LINE
8
BLACK
6
CONTINUOUS
10
0.2994675590551181
20
2.393405472440945
11
0.2957755905511811
21
2.3928207874015746
0
LINE
8
BLACK
6
CONTINUOUS
10
0.2957755905511811
20
2.3928207874015746
11
0.2957753937007874
21
2.3928207086614171
0
LINE
8
BLACK
6
CONTINUOUS
10
0.2957753937007874
20
2.3928207086614171
11
0.291325157480315
21
2.3905531889763778
0
LINE
8
BLACK
6
CONTINUOUS
10
0.291325157480315
20
2.3905531889763778
11
0.2877932677165354
21
2.3870212992125985
0
LINE
8
BLACK
6
CONTINUOUS
10
0.2877932677165354
20
2.3870212992125985
11
0.2855257480314961
21
2.3825710629921257
0
LINE
8
BLACK
6
CONTINUOUS
10
0.2855257480314961
20
2.3825710629921257
11
0.2849409448818898
21
2.3788788188976375
0
LINE
8
BLACK
6
CONTINUOUS
10
0.2849409448818898
20
2.3788788188976375
11
0.2849409448818898
21
2.3163968110236222
0
LINE
8
BLACK
6
CONTINUOUS
10
0.5243110236220472
20
2.3163968110236222
11
0.5243110629921259
21
2.3163967322834647
0
LINE
8
BLACK
6
CONTINUOUS
10
0.5243110629921259
20
2.3163967322834647
11
0.5248957480314961
21
2.3127047637795277
0
LINE
8
BLACK
6
CONTINUOUS
10
0.5248957480314961
20
2.3127047637795277
11
0.5248958267716536
21
2.312704566929134
0
LINE
8
BLACK
6
CONTINUOUS
10
0.5248958267716536
20
2.312704566929134
11
0.5271633858267717
21
2.3082542519685041
0
LINE
8
BLACK
6
CONTINUOUS
10
0.5271633858267717
20
2.3082542519685041
11
0.5306951968503937
21
2.3047224409448819
0
LINE
8
BLACK
6
CONTINUOUS
10
0.5306951968503937
20
2.3047224409448819
11
0.5351455118110237
21
2.3024548818897639
0
LINE
8
BLACK
6
CONTINUOUS
10
0.5351455118110237
20
2.3024548818897639
11
0.5388378346456693
21
2.3018700787401576
0
LINE
8
BLACK
6
CONTINUOUS
10
0.5388378346456693
20
2.3018700787401576
11
0.6013196062992126
21
2.3018701181102363
0
LINE
8
BLACK
6
CONTINUOUS
10
0.6013196062992126
20
2.3018701181102363
11
0.6013197244094488
21
2.3018701181102363
0
LINE
8
BLACK
6
CONTINUOUS
10
0.6013197244094488
20
2.3018701181102363
11
0.6013197637795276
21
2.3018701574803151
0
LINE
8
BLACK
6
CONTINUOUS
10
0.6013197637795276
20
2.3018701574803151
11
0.6031657874015748
21
2.3021625196850395
0
LINE
8
BLACK
6
CONTINUOUS
10
0.6031657874015748
20
2.3021625196850395
11
0.6050117716535433
21
2.3024548425196851
0
LINE
8
BLACK
6
CONTINUOUS
10
0.6050117716535433
20
2.3024548425196851
11
0.6050117716535433
21
2.3024548818897639
0
LINE
8
BLACK
6
CONTINUOUS
10
0.6050117716535433
20
2.3024548818897639
11
0.605011968503937
21
2.3024548818897639
0
LINE
8
BLACK
6
CONTINUOUS
10
0.605011968503937
20
2.3024548818897639
11
0.6094622834645669
21
2.3047224409448819
0
LINE
8
BLACK
6
CONTINUOUS
10
0.6094622834645669
20
2.3047224409448819
11
0.612994094488189
21
2.3082542519685041
0
LINE
8
BLACK
6
CONTINUOUS
10
0.612994094488189
20
2.3082542519685041
11
0.6152616535433071
21
2.312704566929134
0
LINE
8
BLACK
6
CONTINUOUS
10
0.6152616535433071
20
2.312704566929134
11
0.6158464566929134
21
2.3163968897637797
0
LINE
8
BLACK
6
CONTINUOUS
10
0.6158464566929134
20
2.3163968897637797
11
0.6158464173228346
21
2.378878661417323
0
LINE
8
BLACK
6
CONTINUOUS
10
0.6158464173228346
20
2.378878661417323
11
0.6158464173228346
21
2.3788787007874017
0
LINE
8
BLACK
6
CONTINUOUS
10
0.6158464173228346
20
2.3788787007874017
11
0.6158464173228346
21
2.3788788188976375
0
LINE
8
BLACK
6
CONTINUOUS
10
0.6158464173228346
20
2.3788788188976375
11
0.6158463779527559
21
2.378878897637795
0
LINE
8
BLACK
6
CONTINUOUS
10
0.6158463779527559
20
2.378878897637795
11
0.6152616929133858
21
2.3825708661417324
0
LINE
8
BLACK
6
CONTINUOUS
10
0.6152616929133858
20
2.3825708661417324
11
0.6152616535433071
21
2.3825709448818899
0
LINE
8
BLACK
6
CONTINUOUS
10
0.6152616535433071
20
2.3825709448818899
11
0.6152616535433071
21
2.382571023622047
0
LINE
8
BLACK
6
CONTINUOUS
10
0.6152616535433071
20
2.382571023622047
11
0.612994094488189
21
2.3870213385826773
0
LINE
8
BLACK
6
CONTINUOUS
10
0.612994094488189
20
2.3870213385826773
11
0.6094622834645669
21
2.3905531496062991
0
LINE
8
BLACK
6
CONTINUOUS
10
0.6094622834645669
20
2.3905531496062991
11
0.605011968503937
21
2.3928207086614171
0
LINE
8
BLACK
6
CONTINUOUS
10
0.605011968503937
20
2.3928207086614171
11
0.6050120078740158
21
2.3928207086614171
0
LINE
8
BLACK
6
CONTINUOUS
10
0.6050120078740158
20
2.3928207086614171
11
0.6013197244094488
21
2.3934055118110238
0
LINE
8
BLACK
6
CONTINUOUS
10
0.6013197244094488
20
2.3934055118110238
11
0.5388377165354331
21
2.3934055118110238
0
LINE
8
BLACK
6
CONTINUOUS
10
0.5388377165354331
20
2.3934055118110238
11
0.5388376377952756
21
2.393405472440945
0
LINE
8
BLACK
6
CONTINUOUS
10
0.5388376377952756
20
2.393405472440945
11
0.5351456692913386
21
2.3928207874015746
0
LINE
8
BLACK
6
CONTINUOUS
10
0.5351456692913386
20
2.3928207874015746
11
0.5351454724409449
21
2.3928207086614171
0
LINE
8
BLACK
6
CONTINUOUS
10
0.5351454724409449
20
2.3928207086614171
11
0.5306952362204724
21
2.3905531889763778
0
LINE
8
BLACK
6
CONTINUOUS
10
0.5306952362204724
20
2.3905531889763778
11
0.5271633464566929
21
2.3870212992125985
0
LINE
8
BLACK
6
CONTINUOUS
10
0.5271633464566929
20
2.3870212992125985
11
0.5248958267716536
21
2.3825710629921257
0
LINE
8
BLACK
6
CONTINUOUS
10
0.5248958267716536
20
2.3825710629921257
11
0.5243110236220472
21
2.3788788188976375
0
LINE
8
BLACK
6
CONTINUOUS
10
0.5243110236220472
20
2.3788788188976375
11
0.5243110236220472
21
2.3163968110236222
0
LINE
8
BLACK
6
CONTINUOUS
10
0.6243110236220473
20
2.4163968110236218
11
0.624311062992126
21
2.4163967322834643
0
LINE
8
BLACK
6
CONTINUOUS
10
0.624311062992126
20
2.4163967322834643
11
0.6248957480314961
21
2.4127047637795274
0
LINE
8
BLACK
6
CONTINUOUS
10
0.6248957480314961
20
2.4127047637795274
11
0.6248958267716536
21
2.4127045669291336
0
LINE
8
BLACK
6
CONTINUOUS
10
0.6248958267716536
20
2.4127045669291336
11
0.6271633858267717
21
2.4082542519685037
0
LINE
8
BLACK
6
CONTINUOUS
10
0.6271633858267717
20
2.4082542519685037
11
0.6306951968503937
21
2.404722440944882
0
LINE
8
BLACK
6
CONTINUOUS
10
0.6306951968503937
20
2.404722440944882
11
0.6351455118110236
21
2.4024548818897635
0
LINE
8
BLACK
6
CONTINUOUS
10
0.6351455118110236
20
2.4024548818897635
11
0.6388378346456692
21
2.4018700787401572
0
LINE
8
BLACK
6
CONTINUOUS
10
0.6388378346456692
20
2.4018700787401572
11
0.6425393700787402
21
2.401870118110236
0
LINE
8
BLACK
6
CONTINUOUS
10
0.6425393700787402
20
2.401870118110236
11
0.6448303149606299
21
2.4011257480314958
0
LINE
8
BLACK
6
CONTINUOUS
10
0.6448303149606299
20
2.4011257480314958
11
0.646246220472441
21
2.3991769685039368
0
LINE
8
BLACK
6
CONTINUOUS
10
0.646246220472441
20
2.3991769685039368
11
0.6464370078740157
21
2.3979724803149605
0
LINE
8
BLACK
6
CONTINUOUS
10
0.6464370078740157
20
2.3979724803149605
11
0.6464370078740157
21
2.3973031496062993
0
LINE
8
BLACK
6
CONTINUOUS
10
0.6464370078740157
20
2.3973031496062993
11
0.6456926377952755
21
2.3950121653543306
0
LINE
8
BLACK
6
CONTINUOUS
10
0.6456926377952755
20
2.3950121653543306
11
0.6437438188976378
21
2.3935962598425196
0
LINE
8
BLACK
6
CONTINUOUS
10
0.6437438188976378
20
2.3935962598425196
11
0.6425394094488189
21
2.3934055118110238
0
LINE
8
BLACK
6
CONTINUOUS
10
0.6425394094488189
20
2.3934055118110238
11
0.6388377559055118
21
2.3934055118110238
0
LINE
8
BLACK
6
CONTINUOUS
10
0.6388377559055118
20
2.3934055118110238
11
0.6388376377952756
21
2.393405472440945
0
LINE
8
BLACK
6
CONTINUOUS
10
0.6388376377952756
20
2.393405472440945
11
0.6351456692913385
21
2.3928207874015746
0
LINE
8
BLACK
6
CONTINUOUS
10
0.6351456692913385
20
2.3928207874015746
11
0.6351454724409449
21
2.3928207086614171
0
LINE
8
BLACK
6
CONTINUOUS
10
0.6351454724409449
20
2.3928207086614171
11
0.6306952362204724
21
2.3905531889763778
0
LINE
8
BLACK
6
CONTINUOUS
10
0.6306952362204724
20
2.3905531889763778
11
0.6271633464566929
21
2.3870212992125985
0
LINE
8
BLACK
6
CONTINUOUS
10
0.6271633464566929
20
2.3870212992125985
11
0.6248958267716536
21
2.3825710629921257
0
LINE
8
BLACK
6
CONTINUOUS
10
0.6248958267716536
20
2.3825710629921257
11
0.6243110236220473
21
2.3788788188976375
0
LINE
8
BLACK
6
CONTINUOUS
10
0.6243110236220473
20
2.3788788188976375
11
0.6243110236220473
21
2.3163968110236222
0
LINE
8
BLACK
6
CONTINUOUS
10
0.6243110236220473
20
2.3163968110236222
11
0.624311062992126
21
2.3163967322834647
0
LINE
8
BLACK
6
CONTINUOUS
10
0.624311062992126
20
2.3163967322834647
11
0.6248957480314961
21
2.3127047637795277
0
LINE
8
BLACK
6
CONTINUOUS
10
0.6248957480314961
20
2.3127047637795277
11
0.6248958267716536
21
2.312704566929134
0
LINE
8
BLACK
6
CONTINUOUS
10
0.6248958267716536
20
2.312704566929134
11
0.6271633858267717
21
2.3082542519685041
0
LINE
8
BLACK
6
CONTINUOUS
10
0.6271633858267717
20
2.3082542519685041
11
0.6306951968503937
21
2.3047224409448819
0
LINE
8
BLACK
6
CONTINUOUS
10
0.6306951968503937
20
2.3047224409448819
11
0.6351455118110236
21
2.3024548818897639
0
LINE
8
BLACK
6
CONTINUOUS
10
0.6351455118110236
20
2.3024548818897639
11
0.6388378346456692
21
2.3018700787401576
0
LINE
8
BLACK
6
CONTINUOUS
10
0.6388378346456692
20
2.3018700787401576
11
0.7013196062992125
21
2.3018701181102363
0
LINE
8
BLACK
6
CONTINUOUS
10
0.7013196062992125
20
2.3018701181102363
11
0.7013197244094488
21
2.3018701181102363
0
LINE
8
BLACK
6
CONTINUOUS
10
0.7013197244094488
20
2.3018701181102363
11
0.7013197637795275
21
2.3018701574803151
0
LINE
8
BLACK
6
CONTINUOUS
10
0.7013197637795275
20
2.3018701574803151
11
0.7031657874015748
21
2.3021625196850395
0
LINE
8
BLACK
6
CONTINUOUS
10
0.7031657874015748
20
2.3021625196850395
11
0.7050117716535433
21
2.3024548425196851
0
LINE
8
BLACK
6
CONTINUOUS
10
0.7050117716535433
20
2.3024548425196851
11
0.7050117716535433
21
2.3024548818897639
0
LINE
8
BLACK
6
CONTINUOUS
10
0.7050117716535433
20
2.3024548818897639
11
0.705011968503937
21
2.3024548818897639
0
LINE
8
BLACK
6
CONTINUOUS
10
0.705011968503937
20
2.3024548818897639
11
0.709462283464567
21
2.3047224409448819
0
LINE
8
BLACK
6
CONTINUOUS
10
0.709462283464567
20
2.3047224409448819
11
0.712994094488189
21
2.3082542519685041
0
LINE
8
BLACK
6
CONTINUOUS
10
0.712994094488189
20
2.3082542519685041
11
0.7152616535433071
21
2.312704566929134
0
LINE
8
BLACK
6
CONTINUOUS
10
0.7152616535433071
20
2.312704566929134
11
0.7158464566929134
21
2.3163968897637797
0
LINE
8
BLACK
6
CONTINUOUS
10
0.7158464566929134
20
2.3163968897637797
11
0.7158464173228346
21
2.378878661417323
0
LINE
8
BLACK
6
CONTINUOUS
10
0.7158464173228346
20
2.378878661417323
11
0.7158464173228346
21
2.3788787007874017
0
LINE
8
BLACK
6
CONTINUOUS
10
0.7158464173228346
20
2.3788787007874017
11
0.7158464173228346
21
2.3788788188976375
0
LINE
8
BLACK
6
CONTINUOUS
10
0.7158464173228346
20
2.3788788188976375
11
0.7158463779527559
21
2.378878897637795
0
LINE
8
BLACK
6
CONTINUOUS
10
0.7158463779527559
20
2.378878897637795
11
0.7152616929133858
21
2.3825708661417324
0
LINE
8
BLACK
6
CONTINUOUS
10
0.7152616929133858
20
2.3825708661417324
11
0.7152616535433071
21
2.3825709448818899
0
LINE
8
BLACK
6
CONTINUOUS
10
0.7152616535433071
20
2.3825709448818899
11
0.7152616535433071
21
2.382571023622047
0
LINE
8
BLACK
6
CONTINUOUS
10
0.7152616535433071
20
2.382571023622047
11
0.712994094488189
21
2.3870213385826773
0
LINE
8
BLACK
6
CONTINUOUS
10
0.712994094488189
20
2.3870213385826773
11
0.709462283464567
21
2.3905531496062991
0
LINE
8
BLACK
6
CONTINUOUS
10
0.709462283464567
20
2.3905531496062991
11
0.705011968503937
21
2.3928207086614171
0
LINE
8
BLACK
6
CONTINUOUS
10
0.705011968503937
20
2.3928207086614171
11
0.7050120078740157
21
2.3928207086614171
0
LINE
8
BLACK
6
CONTINUOUS
10
0.7050120078740157
20
2.3928207086614171
11
0.7013197637795275
21
2.3934055118110238
0
LINE
8
BLACK
6
CONTINUOUS
10
0.7013197637795275
20
2.3934055118110238
11
0.7013196456692913
21
2.3934055118110238
0
LINE
8
BLACK
6
CONTINUOUS
10
0.7013196456692913
20
2.3934055118110238
11
0.6976181102362204
21
2.3934055118110238
0
LINE
8
BLACK
6
CONTINUOUS
10
0.6976181102362204
20
2.3934055118110238
11
0.6953271259842519
21
2.3941498818897635
0
LINE
8
BLACK
6
CONTINUOUS
10
0.6953271259842519
20
2.3941498818897635
11
0.6939112204724409
21
2.3960987007874017
0
LINE
8
BLACK
6
CONTINUOUS
10
0.6939112204724409
20
2.3960987007874017
11
0.6937204724409448
21
2.3973031496062993
0
LINE
8
BLACK
6
CONTINUOUS
10
0.6937204724409448
20
2.3973031496062993
11
0.6937204724409448
21
2.3979724803149605
0
LINE
8
BLACK
6
CONTINUOUS
10
0.6937204724409448
20
2.3979724803149605
11
0.694464842519685
21
2.4002634645669292
0
LINE
8
BLACK
6
CONTINUOUS
10
0.694464842519685
20
2.4002634645669292
11
0.6964136614173229
21
2.4016793700787402
0
LINE
8
BLACK
6
CONTINUOUS
10
0.6964136614173229
20
2.4016793700787402
11
0.6976181102362204
21
2.401870118110236
0
LINE
8
BLACK
6
CONTINUOUS
10
0.6976181102362204
20
2.401870118110236
11
0.7013197244094488
21
2.401870118110236
0
LINE
8
BLACK
6
CONTINUOUS
10
0.7013197244094488
20
2.401870118110236
11
0.7013197637795275
21
2.4018701574803147
0
LINE
8
BLACK
6
CONTINUOUS
10
0.7013197637795275
20
2.4018701574803147
11
0.7031657874015748
21
2.4021625196850391
0
LINE
8
BLACK
6
CONTINUOUS
10
0.7031657874015748
20
2.4021625196850391
11
0.7050117716535433
21
2.4024548425196848
0
LINE
8
BLACK
6
CONTINUOUS
10
0.7050117716535433
20
2.4024548425196848
11
0.7050117716535433
21
2.4024548818897635
0
LINE
8
BLACK
6
CONTINUOUS
10
0.7050117716535433
20
2.4024548818897635
11
0.705011968503937
21
2.4024548818897635
0
LINE
8
BLACK
6
CONTINUOUS
10
0.705011968503937
20
2.4024548818897635
11
0.709462283464567
21
2.404722440944882
0
LINE
8
BLACK
6
CONTINUOUS
10
0.709462283464567
20
2.404722440944882
11
0.712994094488189
21
2.4082542519685037
0
LINE
8
BLACK
6
CONTINUOUS
10
0.712994094488189
20
2.4082542519685037
11
0.7152616535433071
21
2.4127045669291336
0
LINE
8
BLACK
6
CONTINUOUS
10
0.7152616535433071
20
2.4127045669291336
11
0.7158464566929134
21
2.4163968897637793
0
LINE
8
BLACK
6
CONTINUOUS
10
0.7158464566929134
20
2.4163968897637793
11
0.7158464173228346
21
2.4788786614173226
0
LINE
8
BLACK
6
CONTINUOUS
10
0.7158464173228346
20
2.4788786614173226
11
0.7158464173228346
21
2.4788787007874014
0
LINE
8
BLACK
6
CONTINUOUS
10
0.7158464173228346
20
2.4788787007874014
11
0.7158464173228346
21
2.4788788188976376
0
LINE
8
BLACK
6
CONTINUOUS
10
0.7158464173228346
20
2.4788788188976376
11
0.7158463779527559
21
2.4788788976377951
0
LINE
8
BLACK
6
CONTINUOUS
10
0.7158463779527559
20
2.4788788976377951
11
0.7154529527559055
21
2.4813631889763781
0
LINE
8
BLACK
6
CONTINUOUS
10
0.7154529527559055
20
2.4813631889763781
11
0.7152616929133858
21
2.4825708661417321
0
LINE
8
BLACK
6
CONTINUOUS
10
0.7152616929133858
20
2.4825708661417321
11
0.7152616535433071
21
2.4825709448818896
0
LINE
8
BLACK
6
CONTINUOUS
10
0.7152616535433071
20
2.4825709448818896
11
0.7152616535433071
21
2.4825710236220471
0
LINE
8
BLACK
6
CONTINUOUS
10
0.7152616535433071
20
2.4825710236220471
11
0.712994094488189
21
2.4870213385826769
0
LINE
8
BLACK
6
CONTINUOUS
10
0.712994094488189
20
2.4870213385826769
11
0.709462283464567
21
2.4905531496062991
0
LINE
8
BLACK
6
CONTINUOUS
10
0.709462283464567
20
2.4905531496062991
11
0.705011968503937
21
2.4928207086614171
0
LINE
8
BLACK
6
CONTINUOUS
10
0.705011968503937
20
2.4928207086614171
11
0.7050120078740157
21
2.4928207086614171
0
LINE
8
BLACK
6
CONTINUOUS
10
0.7050120078740157
20
2.4928207086614171
11
0.7013197244094488
21
2.4934055118110234
0
LINE
8
BLACK
6
CONTINUOUS
10
0.7013197244094488
20
2.4934055118110234
11
0.6388377165354331
21
2.4934055118110234
0
LINE
8
BLACK
6
CONTINUOUS
10
0.6388377165354331
20
2.4934055118110234
11
0.6388376377952756
21
2.4934054724409447
0
LINE
8
BLACK
6
CONTINUOUS
10
0.6388376377952756
20
2.4934054724409447
11
0.6351456692913385
21
2.4928207874015746
0
LINE
8
BLACK
6
CONTINUOUS
10
0.6351456692913385
20
2.4928207874015746
11
0.6351454724409449
21
2.4928207086614171
0
LINE
8
BLACK
6
CONTINUOUS
10
0.6351454724409449
20
2.4928207086614171
11
0.6306952362204724
21
2.4905531889763779
0
LINE
8
BLACK
6
CONTINUOUS
10
0.6306952362204724
20
2.4905531889763779
11
0.6271633464566929
21
2.4870212992125982
0
LINE
8
BLACK
6
CONTINUOUS
10
0.6271633464566929
20
2.4870212992125982
11
0.6248958267716536
21
2.4825710629921258
0
LINE
8
BLACK
6
CONTINUOUS
10
0.6248958267716536
20
2.4825710629921258
11
0.6243110236220473
21
2.4788788188976376
0
LINE
8
BLACK
6
CONTINUOUS
10
0.6243110236220473
20
2.4788788188976376
11
0.6243110236220473
21
2.4163968110236218
0
LINE
8
BLACK
6
CONTINUOUS
10
1.0250984251968505
20
2.3163968110236222
11
1.0250984645669292
21
2.3163967322834647
0
LINE
8
BLACK
6
CONTINUOUS
10
1.0250984645669292
20
2.3163967322834647
11
1.0256831496062992
21
2.3127047637795277
0
LINE
8
BLACK
6
CONTINUOUS
10
1.0256831496062992
20
2.3127047637795277
11
1.0256832283464568
21
2.312704566929134
0
LINE
8
BLACK
6
CONTINUOUS
10
1.0256832283464568
20
2.312704566929134
11
1.0279507874015748
21
2.3082542519685041
0
LINE
8
BLACK
6
CONTINUOUS
10
1.0279507874015748
20
2.3082542519685041
11
1.0314825984251967
21
2.3047224409448819
0
LINE
8
BLACK
6
CONTINUOUS
10
1.0314825984251967
20
2.3047224409448819
11
1.0359329133858268
21
2.3024548818897639
0
LINE
8
BLACK
6
CONTINUOUS
10
1.0359329133858268
20
2.3024548818897639
11
1.0396252362204723
21
2.3018700787401576
0
LINE
8
BLACK
6
CONTINUOUS
10
1.0396252362204723
20
2.3018700787401576
11
1.1021070078740158
21
2.3018701181102363
0
LINE
8
BLACK
6
CONTINUOUS
10
1.1021070078740158
20
2.3018701181102363
11
1.1021071259842519
21
2.3018701181102363
0
LINE
8
BLACK
6
CONTINUOUS
10
1.1021071259842519
20
2.3018701181102363
11
1.1021071653543306
21
2.3018701574803151
0
LINE
8
BLACK
6
CONTINUOUS
10
1.1021071653543306
20
2.3018701574803151
11
1.1039531889763778
21
2.3021625196850395
0
LINE
8
BLACK
6
CONTINUOUS
10
1.1039531889763778
20
2.3021625196850395
11
1.1057991732283465
21
2.3024548425196851
0
LINE
8
BLACK
6
CONTINUOUS
10
1.1057991732283465
20
2.3024548425196851
11
1.1057991732283465
21
2.3024548818897639
0
LINE
8
BLACK
6
CONTINUOUS
10
1.1057991732283465
20
2.3024548818897639
11
1.1057993700787401
21
2.3024548818897639
0
LINE
8
BLACK
6
CONTINUOUS
10
1.1057993700787401
20
2.3024548818897639
11
1.1102496850393702
21
2.3047224409448819
0
LINE
8
BLACK
6
CONTINUOUS
10
1.1102496850393702
20
2.3047224409448819
11
1.1137814960629921
21
2.3082542519685041
0
LINE
8
BLACK
6
CONTINUOUS
10
1.1137814960629921
20
2.3082542519685041
11
1.1160490551181101
21
2.312704566929134
0
LINE
8
BLACK
6
CONTINUOUS
10
1.1160490551181101
20
2.312704566929134
11
1.1166338582677164
21
2.3163968897637797
0
LINE
8
BLACK
6
CONTINUOUS
10
1.1166338582677164
20
2.3163968897637797
11
1.1166338188976377
21
2.3786072834645671
0
LINE
8
BLACK
6
CONTINUOUS
10
1.1166338188976377
20
2.3786072834645671
11
1.1166338188976377
21
2.378878661417323
0
LINE
8
BLACK
6
CONTINUOUS
10
1.1166338188976377
20
2.378878661417323
11
1.1166338188976377
21
2.3788787007874017
0
LINE
8
BLACK
6
CONTINUOUS
10
1.1166338188976377
20
2.3788787007874017
11
1.1166338188976377
21
2.3788788188976375
0
LINE
8
BLACK
6
CONTINUOUS
10
1.1166338188976377
20
2.3788788188976375
11
1.1166337795275589
21
2.378878897637795
0
LINE
8
BLACK
6
CONTINUOUS
10
1.1166337795275589
20
2.378878897637795
11
1.1160490944881889
21
2.3825708661417324
0
LINE
8
BLACK
6
CONTINUOUS
10
1.1160490944881889
20
2.3825708661417324
11
1.1160490551181101
21
2.3825709448818899
0
LINE
8
BLACK
6
CONTINUOUS
10
1.1160490551181101
20
2.3825709448818899
11
1.1160490551181101
21
2.382571023622047
0
LINE
8
BLACK
6
CONTINUOUS
10
1.1160490551181101
20
2.382571023622047
11
1.1137814960629921
21
2.3870213385826773
0
LINE
8
BLACK
6
CONTINUOUS
10
1.1137814960629921
20
2.3870213385826773
11
1.1102496850393702
21
2.3905531496062991
0
LINE
8
BLACK
6
CONTINUOUS
10
1.1102496850393702
20
2.3905531496062991
11
1.1057993700787401
21
2.3928207086614171
0
LINE
8
BLACK
6
CONTINUOUS
10
1.1057993700787401
20
2.3928207086614171
11
1.1057994094488188
21
2.3928207086614171
0
LINE
8
BLACK
6
CONTINUOUS
10
1.1057994094488188
20
2.3928207086614171
11
1.1021071259842519
21
2.3934055118110238
0
LINE
8
BLACK
6
CONTINUOUS
10
1.1021071259842519
20
2.3934055118110238
11
1.0396251181102363
21
2.3934055118110238
0
LINE
8
BLACK
6
CONTINUOUS
10
1.0396251181102363
20
2.3934055118110238
11
1.0396250393700788
21
2.393405472440945
0
LINE
8
BLACK
6
CONTINUOUS
10
1.0396250393700788
20
2.393405472440945
11
1.0359330708661416
21
2.3928207874015746
0
LINE
8
BLACK
6
CONTINUOUS
10
1.0359330708661416
20
2.3928207874015746
11
1.0359328740157481
21
2.3928207086614171
0
LINE
8
BLACK
6
CONTINUOUS
10
1.0359328740157481
20
2.3928207086614171
11
1.0314826377952755
21
2.3905531889763778
0
LINE
8
BLACK
6
CONTINUOUS
10
1.0314826377952755
20
2.3905531889763778
11
1.027950748031496
21
2.3870212992125985
0
LINE
8
BLACK
6
CONTINUOUS
10
1.027950748031496
20
2.3870212992125985
11
1.0256832283464568
21
2.3825710629921257
0
LINE
8
BLACK
6
CONTINUOUS
10
1.0256832283464568
20
2.3825710629921257
11
1.0250984251968505
21
2.3788788188976375
0
LINE
8
BLACK
6
CONTINUOUS
10
1.0250984251968505
20
2.3788788188976375
11
1.0250984251968505
21
2.3163968110236222
0
LINE
8
BLACK
6
CONTINUOUS
10
1.3739173228346457
20
2.3163968110236222
11
1.3739173622047243
21
2.3163967322834647
0
LINE
8
BLACK
6
CONTINUOUS
10
1.3739173622047243
20
2.3163967322834647
11
1.3745020472440945
21
2.3127047637795277
0
LINE
8
BLACK
6
CONTINUOUS
10
1.3745020472440945
20
2.3127047637795277
11
1.374502125984252
21
2.312704566929134
0
LINE
8
BLACK
6
CONTINUOUS
10
1.374502125984252
20
2.312704566929134
11
1.37676968503937
21
2.3082542519685041
0
LINE
8
BLACK
6
CONTINUOUS
10
1.37676968503937
20
2.3082542519685041
11
1.380301496062992
21
2.3047224409448819
0
LINE
8
BLACK
6
CONTINUOUS
10
1.380301496062992
20
2.3047224409448819
11
1.3847518110236221
21
2.3024548818897639
0
LINE
8
BLACK
6
CONTINUOUS
10
1.3847518110236221
20
2.3024548818897639
11
1.3884441338582676
21
2.3018700787401576
0
LINE
8
BLACK
6
CONTINUOUS
10
1.3884441338582676
20
2.3018700787401576
11
1.4509259055118109
21
2.3018701181102363
0
LINE
8
BLACK
6
CONTINUOUS
10
1.4509259055118109
20
2.3018701181102363
11
1.4509260236220471
21
2.3018701181102363
0
LINE
8
BLACK
6
CONTINUOUS
10
1.4509260236220471
20
2.3018701181102363
11
1.4509260629921259
21
2.3018701574803151
0
LINE
8
BLACK
6
CONTINUOUS
10
1.4509260629921259
20
2.3018701574803151
11
1.4527720866141731
21
2.3021625196850395
0
LINE
8
BLACK
6
CONTINUOUS
10
1.4527720866141731
20
2.3021625196850395
11
1.4546180708661418
21
2.3024548425196851
0
LINE
8
BLACK
6
CONTINUOUS
10
1.4546180708661418
20
2.3024548425196851
11
1.4546180708661418
21
2.3024548818897639
0
LINE
8
BLACK
6
CONTINUOUS
10
1.4546180708661418
20
2.3024548818897639
11
1.4546182677165354
21
2.3024548818897639
0
LINE
8
BLACK
6
CONTINUOUS
10
1.4546182677165354
20
2.3024548818897639
11
1.4590685826771652
21
2.3047224409448819
0
LINE
8
BLACK
6
CONTINUOUS
10
1.4590685826771652
20
2.3047224409448819
11
1.4626003937007874
21
2.3082542519685041
0
LINE
8
BLACK
6
CONTINUOUS
10
1.4626003937007874
20
2.3082542519685041
11
1.4648679527559054
21
2.312704566929134
0
LINE
8
BLACK
6
CONTINUOUS
10
1.4648679527559054
20
2.312704566929134
11
1.4654527559055117
21
2.3163968897637797
0
LINE
8
BLACK
6
CONTINUOUS
10
1.4654527559055117
20
2.3163968897637797
11
1.465452716535433
21
2.378878661417323
0
LINE
8
BLACK
6
CONTINUOUS
10
1.465452716535433
20
2.378878661417323
11
1.465452716535433
21
2.3788787007874017
0
LINE
8
BLACK
6
CONTINUOUS
10
1.465452716535433
20
2.3788787007874017
11
1.465452716535433
21
2.3788788188976375
0
LINE
8
BLACK
6
CONTINUOUS
10
1.465452716535433
20
2.3788788188976375
11
1.4654526771653542
21
2.378878897637795
0
LINE
8
BLACK
6
CONTINUOUS
10
1.4654526771653542
20
2.378878897637795
11
1.4648679921259842
21
2.3825708661417324
0
LINE
8
BLACK
6
CONTINUOUS
10
1.4648679921259842
20
2.3825708661417324
11
1.4648679527559054
21
2.3825709448818899
0
LINE
8
BLACK
6
CONTINUOUS
10
1.4648679527559054
20
2.3825709448818899
11
1.4648679527559054
21
2.382571023622047
0
LINE
8
BLACK
6
CONTINUOUS
10
1.4648679527559054
20
2.382571023622047
11
1.4626003937007874
21
2.3870213385826773
0
LINE
8
BLACK
6
CONTINUOUS
10
1.4626003937007874
20
2.3870213385826773
11
1.4590685826771652
21
2.3905531496062991
0
LINE
8
BLACK
6
CONTINUOUS
10
1.4590685826771652
20
2.3905531496062991
11
1.4546182677165354
21
2.3928207086614171
0
LINE
8
BLACK
6
CONTINUOUS
10
1.4546182677165354
20
2.3928207086614171
11
1.4546183070866141
21
2.3928207086614171
0
LINE
8
BLACK
6
CONTINUOUS
10
1.4546183070866141
20
2.3928207086614171
11
1.4509260236220471
21
2.3934055118110238
0
LINE
8
BLACK
6
CONTINUOUS
10
1.4509260236220471
20
2.3934055118110238
11
1.3884440157480316
21
2.3934055118110238
0
LINE
8
BLACK
6
CONTINUOUS
10
1.3884440157480316
20
2.3934055118110238
11
1.3884439370078741
21
2.393405472440945
0
LINE
8
BLACK
6
CONTINUOUS
10
1.3884439370078741
20
2.393405472440945
11
1.3847519685039369
21
2.3928207874015746
0
LINE
8
BLACK
6
CONTINUOUS
10
1.3847519685039369
20
2.3928207874015746
11
1.3847517716535434
21
2.3928207086614171
0
LINE
8
BLACK
6
CONTINUOUS
10
1.3847517716535434
20
2.3928207086614171
11
1.3803015354330708
21
2.3905531889763778
0
LINE
8
BLACK
6
CONTINUOUS
10
1.3803015354330708
20
2.3905531889763778
11
1.3767696456692913
21
2.3870212992125985
0
LINE
8
BLACK
6
CONTINUOUS
10
1.3767696456692913
20
2.3870212992125985
11
1.374502125984252
21
2.3825710629921257
0
LINE
8
BLACK
6
CONTINUOUS
10
1.374502125984252
20
2.3825710629921257
11
1.3739173228346457
21
2.3788788188976375
0
LINE
8
BLACK
6
CONTINUOUS
10
1.3739173228346457
20
2.3788788188976375
11
1.3739173228346457
21
2.3163968110236222
0
LINE
8
BLACK
6
CONTINUOUS
10
1.5739173228346457
20
2.3163968110236222
11
1.5739173622047244
21
2.3163967322834647
0
LINE
8
BLACK
6
CONTINUOUS
10
1.5739173622047244
20
2.3163967322834647
11
1.5745020472440945
21
2.3127047637795277
0
LINE
8
BLACK
6
CONTINUOUS
10
1.5745020472440945
20
2.3127047637795277
11
1.574502125984252
21
2.312704566929134
0
LINE
8
BLACK
6
CONTINUOUS
10
1.574502125984252
20
2.312704566929134
11
1.57676968503937
21
2.3082542519685041
0
LINE
8
BLACK
6
CONTINUOUS
10
1.57676968503937
20
2.3082542519685041
11
1.5803014960629922
21
2.3047224409448819
0
LINE
8
BLACK
6
CONTINUOUS
10
1.5803014960629922
20
2.3047224409448819
11
1.5847518110236221
21
2.3024548818897639
0
LINE
8
BLACK
6
CONTINUOUS
10
1.5847518110236221
20
2.3024548818897639
11
1.5884441338582678
21
2.3018700787401576
0
LINE
8
BLACK
6
CONTINUOUS
10
1.5884441338582678
20
2.3018700787401576
11
1.6509259055118111
21
2.3018701181102363
0
LINE
8
BLACK
6
CONTINUOUS
10
1.6509259055118111
20
2.3018701181102363
11
1.6509260236220471
21
2.3018701181102363
0
LINE
8
BLACK
6
CONTINUOUS
10
1.6509260236220471
20
2.3018701181102363
11
1.6509260629921259
21
2.3018701574803151
0
LINE
8
BLACK
6
CONTINUOUS
10
1.6509260629921259
20
2.3018701574803151
11
1.6527720866141733
21
2.3021625196850395
0
LINE
8
BLACK
6
CONTINUOUS
10
1.6527720866141733
20
2.3021625196850395
11
1.6546180708661418
21
2.3024548425196851
0
LINE
8
BLACK
6
CONTINUOUS
10
1.6546180708661418
20
2.3024548425196851
11
1.6546180708661418
21
2.3024548818897639
0
LINE
8
BLACK
6
CONTINUOUS
10
1.6546180708661418
20
2.3024548818897639
11
1.6546182677165353
21
2.3024548818897639
0
LINE
8
BLACK
6
CONTINUOUS
10
1.6546182677165353
20
2.3024548818897639
11
1.6590685826771654
21
2.3047224409448819
0
LINE
8
BLACK
6
CONTINUOUS
10
1.6590685826771654
20
2.3047224409448819
11
1.6626003937007874
21
2.3082542519685041
0
LINE
8
BLACK
6
CONTINUOUS
10
1.6626003937007874
20
2.3082542519685041
11
1.6648679527559054
21
2.312704566929134
0
LINE
8
BLACK
6
CONTINUOUS
10
1.6648679527559054
20
2.312704566929134
11
1.6654527559055117
21
2.3163968897637797
0
LINE
8
BLACK
6
CONTINUOUS
10
1.6654527559055117
20
2.3163968897637797
11
1.6654527165354331
21
2.3786072834645671
0
LINE
8
BLACK
6
CONTINUOUS
10
1.6654527165354331
20
2.3786072834645671
11
1.6654527165354331
21
2.378878661417323
0
LINE
8
BLACK
6
CONTINUOUS
10
1.6654527165354331
20
2.378878661417323
11
1.6654527165354331
21
2.3788787007874017
0
LINE
8
BLACK
6
CONTINUOUS
10
1.6654527165354331
20
2.3788787007874017
11
1.6654527165354331
21
2.3788788188976375
0
LINE
8
BLACK
6
CONTINUOUS
10
1.6654527165354331
20
2.3788788188976375
11
1.6654526771653544
21
2.378878897637795
0
LINE
8
BLACK
6
CONTINUOUS
10
1.6654526771653544
20
2.378878897637795
11
1.6648679921259841
21
2.3825708661417324
0
LINE
8
BLACK
6
CONTINUOUS
10
1.6648679921259841
20
2.3825708661417324
11
1.6648679527559054
21
2.3825709448818899
0
LINE
8
BLACK
6
CONTINUOUS
10
1.6648679527559054
20
2.3825709448818899
11
1.6648679527559054
21
2.382571023622047
0
LINE
8
BLACK
6
CONTINUOUS
10
1.6648679527559054
20
2.382571023622047
11
1.6626003937007874
21
2.3870213385826773
0
LINE
8
BLACK
6
CONTINUOUS
10
1.6626003937007874
20
2.3870213385826773
11
1.6590685826771654
21
2.3905531496062991
0
LINE
8
BLACK
6
CONTINUOUS
10
1.6590685826771654
20
2.3905531496062991
11
1.6546182677165353
21
2.3928207086614171
0
LINE
8
BLACK
6
CONTINUOUS
10
1.6546182677165353
20
2.3928207086614171
11
1.6546183070866141
21
2.3928207086614171
0
LINE
8
BLACK
6
CONTINUOUS
10
1.6546183070866141
20
2.3928207086614171
11
1.6509260236220471
21
2.3934055118110238
0
LINE
8
BLACK
6
CONTINUOUS
10
1.6509260236220471
20
2.3934055118110238
11
1.5884440157480315
21
2.3934055118110238
0
LINE
8
BLACK
6
CONTINUOUS
10
1.5884440157480315
20
2.3934055118110238
11
1.588443937007874
21
2.393405472440945
0
LINE
8
BLACK
6
CONTINUOUS
10
1.588443937007874
20
2.393405472440945
11
1.5847519685039371
21
2.3928207874015746
0
LINE
8
BLACK
6
CONTINUOUS
10
1.5847519685039371
20
2.3928207874015746
11
1.5847517716535433
21
2.3928207086614171
0
LINE
8
BLACK
6
CONTINUOUS
10
1.5847517716535433
20
2.3928207086614171
11
1.5803015354330707
21
2.3905531889763778
0
LINE
8
BLACK
6
CONTINUOUS
10
1.5803015354330707
20
2.3905531889763778
11
1.5767696456692912
21
2.3870212992125985
0
LINE
8
BLACK
6
CONTINUOUS
10
1.5767696456692912
20
2.3870212992125985
11
1.574502125984252
21
2.3825710629921257
0
LINE
8
BLACK
6
CONTINUOUS
10
1.574502125984252
20
2.3825710629921257
11
1.5739173228346457
21
2.3788788188976375
0
LINE
8
BLACK
6
CONTINUOUS
10
1.5739173228346457
20
2.3788788188976375
11
1.5739173228346457
21
2.3163968110236222
0
LINE
8
BLACK
6
CONTINUOUS
10
1.7296850393700787
20
2.3874802755905513
11
1.7296850393700787
21
2.3776377952755907
0
LINE
8
BLACK
6
CONTINUOUS
10
1.7296850393700787
20
2.3776377952755907
11
1.7496850393700787
21
2.3776377952755907
0
LINE
8
BLACK
6
CONTINUOUS
10
1.7496850393700787
20
2.3776377952755907
11
1.7496850393700787
21
2.3576377952755907
0
LINE
8
BLACK
6
CONTINUOUS
10
1.7496850393700787
20
2.3576377952755907
11
1.7595275196850393
21
2.3576377952755907
0
LINE
8
BLACK
6
CONTINUOUS
10
1.7595275196850393
20
2.3576377952755907
11
1.759527559055118
21
2.3576378346456695
0
LINE
8
BLACK
6
CONTINUOUS
10
1.759527559055118
20
2.3576378346456695
11
1.759527559055118
21
2.3786072047244096
0
LINE
8
BLACK
6
CONTINUOUS
10
1.759527559055118
20
2.3786072047244096
11
1.7595275196850393
21
2.3786072834645671
0
LINE
8
BLACK
6
CONTINUOUS
10
1.7595275196850393
20
2.3786072834645671
11
1.7589564173228347
21
2.3814782283464568
0
LINE
8
BLACK
6
CONTINUOUS
10
1.7589564173228347
20
2.3814782283464568
11
1.7589563779527559
21
2.3814783070866139
0
LINE
8
BLACK
6
CONTINUOUS
10
1.7589563779527559
20
2.3814783070866139
11
1.7567811417322834
21
2.3847337795275592
0
LINE
8
BLACK
6
CONTINUOUS
10
1.7567811417322834
20
2.3847337795275592
11
1.7567809842519684
21
2.3847339370078742
0
LINE
8
BLACK
6
CONTINUOUS
10
1.7567809842519684
20
2.3847339370078742
11
1.7535255118110236
21
2.3869091732283465
0
LINE
8
BLACK
6
CONTINUOUS
10
1.7535255118110236
20
2.3869091732283465
11
1.7535254330708661
21
2.3869092125984253
0
LINE
8
BLACK
6
CONTINUOUS
10
1.7535254330708661
20
2.3869092125984253
11
1.7506544881889763
21
2.3874803149606301
0
LINE
8
BLACK
6
CONTINUOUS
10
1.7506544881889763
20
2.3874803149606301
11
1.7296850787401574
21
2.3874803149606301
0
LINE
8
BLACK
6
CONTINUOUS
10
1.7296850787401574
20
2.3874803149606301
11
1.7296850393700787
21
2.3874802755905513
0
LINE
8
BLACK
6
CONTINUOUS
10
1.1808661417322834
20
2.3874802755905513
11
1.1808661417322834
21
2.3776377952755907
0
LINE
8
BLACK
6
CONTINUOUS
10
1.1808661417322834
20
2.3776377952755907
11
1.2008661417322835
21
2.3776377952755907
0
LINE
8
BLACK
6
CONTINUOUS
10
1.2008661417322835
20
2.3776377952755907
11
1.2008661417322835
21
2.3576377952755907
0
LINE
8
BLACK
6
CONTINUOUS
10
1.2008661417322835
20
2.3576377952755907
11
1.2107086220472441
21
2.3576377952755907
0
LINE
8
BLACK
6
CONTINUOUS
10
1.2107086220472441
20
2.3576377952755907
11
1.2107086614173228
21
2.3576378346456695
0
LINE
8
BLACK
6
CONTINUOUS
10
1.2107086614173228
20
2.3576378346456695
11
1.2107086614173228
21
2.3786072047244096
0
LINE
8
BLACK
6
CONTINUOUS
10
1.2107086614173228
20
2.3786072047244096
11
1.2107086220472441
21
2.3786072834645671
0
LINE
8
BLACK
6
CONTINUOUS
10
1.2107086220472441
20
2.3786072834645671
11
1.2101375196850392
21
2.3814782283464568
0
LINE
8
BLACK
6
CONTINUOUS
10
1.2101375196850392
20
2.3814782283464568
11
1.2101374803149607
21
2.3814783070866139
0
LINE
8
BLACK
6
CONTINUOUS
10
1.2101374803149607
20
2.3814783070866139
11
1.2079622440944882
21
2.3847337795275592
0
LINE
8
BLACK
6
CONTINUOUS
10
1.2079622440944882
20
2.3847337795275592
11
1.2079620866141731
21
2.3847339370078742
0
LINE
8
BLACK
6
CONTINUOUS
10
1.2079620866141731
20
2.3847339370078742
11
1.2047066141732283
21
2.3869091732283465
0
LINE
8
BLACK
6
CONTINUOUS
10
1.2047066141732283
20
2.3869091732283465
11
1.2047065354330708
21
2.3869092125984253
0
LINE
8
BLACK
6
CONTINUOUS
10
1.2047065354330708
20
2.3869092125984253
11
1.2018355905511811
21
2.3874803149606301
0
LINE
8
BLACK
6
CONTINUOUS
10
1.2018355905511811
20
2.3874803149606301
11
1.1808661811023622
21
2.3874803149606301
0
LINE
8
BLACK
6
CONTINUOUS
10
1.1808661811023622
20
2.3874803149606301
11
1.1808661417322834
21
2.3874802755905513
0
LINE
8
BLACK
6
CONTINUOUS
10
0.1994675590551181
20
2.4934054724409447
11
0.1957755905511811
21
2.4928207874015746
0
LINE
8
BLACK
6
CONTINUOUS
10
0.1957755905511811
20
2.4928207874015746
11
0.1957753937007874
21
2.4928207086614171
0
LINE
8
BLACK
6
CONTINUOUS
10
0.1957753937007874
20
2.4928207086614171
11
0.191325157480315
21
2.4905531889763779
0
LINE
8
BLACK
6
CONTINUOUS
10
0.191325157480315
20
2.4905531889763779
11
0.1877932677165354
21
2.4870212992125982
0
LINE
8
BLACK
6
CONTINUOUS
10
0.1877932677165354
20
2.4870212992125982
11
0.185525748031496
21
2.4825710629921258
0
LINE
8
BLACK
6
CONTINUOUS
10
0.185525748031496
20
2.4825710629921258
11
0.1849409448818898
21
2.4788788188976376
0
LINE
8
BLACK
6
CONTINUOUS
10
0.1849409448818898
20
2.4788788188976376
11
0.1849409448818898
21
2.4163968110236218
0
LINE
8
BLACK
6
CONTINUOUS
10
0.1849409448818898
20
2.4163968110236218
11
0.1849409842519685
21
2.4163967322834643
0
LINE
8
BLACK
6
CONTINUOUS
10
0.1849409842519685
20
2.4163967322834643
11
0.1855256692913386
21
2.4127047637795274
0
LINE
8
BLACK
6
CONTINUOUS
10
0.1855256692913386
20
2.4127047637795274
11
0.185525748031496
21
2.4127045669291336
0
LINE
8
BLACK
6
CONTINUOUS
10
0.185525748031496
20
2.4127045669291336
11
0.1877933070866142
21
2.4082542519685037
0
LINE
8
BLACK
6
CONTINUOUS
10
0.1877933070866142
20
2.4082542519685037
11
0.1913251181102362
21
2.404722440944882
0
LINE
8
BLACK
6
CONTINUOUS
10
0.1913251181102362
20
2.404722440944882
11
0.1957754330708661
21
2.4024548818897635
0
LINE
8
BLACK
6
CONTINUOUS
10
0.1957754330708661
20
2.4024548818897635
11
0.1994677559055118
21
2.4018700787401572
0
LINE
8
BLACK
6
CONTINUOUS
10
0.1994677559055118
20
2.4018700787401572
11
0.2619495275590551
21
2.401870118110236
0
LINE
8
BLACK
6
CONTINUOUS
10
0.2619495275590551
20
2.401870118110236
11
0.2619496456692914
21
2.401870118110236
0
LINE
8
BLACK
6
CONTINUOUS
10
0.2619496456692914
20
2.401870118110236
11
0.2619496850393701
21
2.4018701574803147
0
LINE
8
BLACK
6
CONTINUOUS
10
0.2619496850393701
20
2.4018701574803147
11
0.2637957086614173
21
2.4021625196850391
0
LINE
8
BLACK
6
CONTINUOUS
10
0.2637957086614173
20
2.4021625196850391
11
0.2656416929133858
21
2.4024548425196848
0
LINE
8
BLACK
6
CONTINUOUS
10
0.2656416929133858
20
2.4024548425196848
11
0.2656416929133858
21
2.4024548818897635
0
LINE
8
BLACK
6
CONTINUOUS
10
0.2656416929133858
20
2.4024548818897635
11
0.2656418897637795
21
2.4024548818897635
0
LINE
8
BLACK
6
CONTINUOUS
10
0.2656418897637795
20
2.4024548818897635
11
0.2700922047244094
21
2.404722440944882
0
LINE
8
BLACK
6
CONTINUOUS
10
0.2700922047244094
20
2.404722440944882
11
0.2736240157480315
21
2.4082542519685037
0
LINE
8
BLACK
6
CONTINUOUS
10
0.2736240157480315
20
2.4082542519685037
11
0.2758915748031496
21
2.4127045669291336
0
LINE
8
BLACK
6
CONTINUOUS
10
0.2758915748031496
20
2.4127045669291336
11
0.2764763779527559
21
2.4163968897637793
0
LINE
8
BLACK
6
CONTINUOUS
10
0.2764763779527559
20
2.4163968897637793
11
0.2764763385826772
21
2.4788786614173226
0
LINE
8
BLACK
6
CONTINUOUS
10
0.2764763385826772
20
2.4788786614173226
11
0.2764763385826772
21
2.4788787007874014
0
LINE
8
BLACK
6
CONTINUOUS
10
0.2764763385826772
20
2.4788787007874014
11
0.2764763385826772
21
2.4788788188976376
0
LINE
8
BLACK
6
CONTINUOUS
10
0.2764763385826772
20
2.4788788188976376
11
0.2764762992125984
21
2.4788788976377951
0
LINE
8
BLACK
6
CONTINUOUS
10
0.2764762992125984
20
2.4788788976377951
11
0.2758916141732283
21
2.4825708661417321
0
LINE
8
BLACK
6
CONTINUOUS
10
0.2758916141732283
20
2.4825708661417321
11
0.2758915748031496
21
2.4825709448818896
0
LINE
8
BLACK
6
CONTINUOUS
10
0.2758915748031496
20
2.4825709448818896
11
0.2758915748031496
21
2.4825710236220471
0
LINE
8
BLACK
6
CONTINUOUS
10
0.2758915748031496
20
2.4825710236220471
11
0.2736240157480315
21
2.4870213385826769
0
LINE
8
BLACK
6
CONTINUOUS
10
0.2736240157480315
20
2.4870213385826769
11
0.2700922047244094
21
2.4905531496062991
0
LINE
8
BLACK
6
CONTINUOUS
10
0.2700922047244094
20
2.4905531496062991
11
0.2656418897637795
21
2.4928207086614171
0
LINE
8
BLACK
6
CONTINUOUS
10
0.2656418897637795
20
2.4928207086614171
11
0.2656419291338583
21
2.4928207086614171
0
LINE
8
BLACK
6
CONTINUOUS
10
0.2656419291338583
20
2.4928207086614171
11
0.2619496456692914
21
2.4934055118110234
0
LINE
8
BLACK
6
CONTINUOUS
10
0.2619496456692914
20
2.4934055118110234
11
0.1994676377952756
21
2.4934055118110234
0
LINE
8
BLACK
6
CONTINUOUS
10
0.1994676377952756
20
2.4934055118110234
11
0.1994675590551181
21
2.4934054724409447
0
LINE
8
BLACK
6
CONTINUOUS
10
1.0101375196850393
20
2.4814782283464565
11
1.0101374803149605
21
2.481478307086614
0
LINE
8
BLACK
6
CONTINUOUS
10
1.0101374803149605
20
2.481478307086614
11
1.0079622440944882
21
2.4847337795275588
0
LINE
8
BLACK
6
CONTINUOUS
10
1.0079622440944882
20
2.4847337795275588
11
1.0079620866141732
21
2.4847339370078738
0
LINE
8
BLACK
6
CONTINUOUS
10
1.0079620866141732
20
2.4847339370078738
11
1.0047066141732284
21
2.4869091732283466
0
LINE
8
BLACK
6
CONTINUOUS
10
1.0047066141732284
20
2.4869091732283466
11
1.0047065354330709
21
2.4869092125984253
0
LINE
8
BLACK
6
CONTINUOUS
10
1.0047065354330709
20
2.4869092125984253
11
1.0018355905511811
21
2.4874803149606297
0
LINE
8
BLACK
6
CONTINUOUS
10
1.0018355905511811
20
2.4874803149606297
11
0.9808661811023622
21
2.4874803149606297
0
LINE
8
BLACK
6
CONTINUOUS
10
0.9808661811023622
20
2.4874803149606297
11
0.9808661417322835
21
2.487480275590551
0
LINE
8
BLACK
6
CONTINUOUS
10
0.9808661417322835
20
2.487480275590551
11
0.9808661417322835
21
2.4776377952755904
0
LINE
8
BLACK
6
CONTINUOUS
10
0.9808661417322835
20
2.4776377952755904
11
1.0008661417322835
21
2.4776377952755904
0
LINE
8
BLACK
6
CONTINUOUS
10
1.0008661417322835
20
2.4776377952755904
11
1.0008661417322835
21
2.4576377952755903
0
LINE
8
BLACK
6
CONTINUOUS
10
1.0008661417322835
20
2.4576377952755903
11
1.0107086220472441
21
2.4576377952755903
0
LINE
8
BLACK
6
CONTINUOUS
10
1.0107086220472441
20
2.4576377952755903
11
1.0107086614173229
21
2.4576378346456691
0
LINE
8
BLACK
6
CONTINUOUS
10
1.0107086614173229
20
2.4576378346456691
11
1.0107086614173229
21
2.4786072047244092
0
LINE
8
BLACK
6
CONTINUOUS
10
1.0107086614173229
20
2.4786072047244092
11
1.0107086220472441
21
2.4786072834645667
0
LINE
8
BLACK
6
CONTINUOUS
10
1.0107086220472441
20
2.4786072834645667
11
1.0106546062992126
21
2.4788788188976376
0
LINE
8
BLACK
6
CONTINUOUS
10
1.0106546062992126
20
2.4788788188976376
11
1.0101375196850393
21
2.4814782283464565
0
LINE
8
BLACK
6
CONTINUOUS
10
0.9310236614173228
20
2.4376377952755903
11
0.9310236220472441
21
2.4376377559055116
0
LINE
8
BLACK
6
CONTINUOUS
10
0.9310236220472441
20
2.4376377559055116
11
0.9310236220472441
21
2.4166683464566927
0
LINE
8
BLACK
6
CONTINUOUS
10
0.9310236220472441
20
2.4166683464566927
11
0.9315947244094488
21
2.4137974015748029
0
LINE
8
BLACK
6
CONTINUOUS
10
0.9315947244094488
20
2.4137974015748029
11
0.9315947637795275
21
2.4137973228346454
0
LINE
8
BLACK
6
CONTINUOUS
10
0.9315947637795275
20
2.4137973228346454
11
0.93377
21
2.4105418503937006
0
LINE
8
BLACK
6
CONTINUOUS
10
0.93377
20
2.4105418503937006
11
0.9337701574803149
21
2.4105416929133856
0
LINE
8
BLACK
6
CONTINUOUS
10
0.9337701574803149
20
2.4105416929133856
11
0.9370256299212598
21
2.4083664566929133
0
LINE
8
BLACK
6
CONTINUOUS
10
0.9370256299212598
20
2.4083664566929133
11
0.9370257086614173
21
2.4083664173228345
0
LINE
8
BLACK
6
CONTINUOUS
10
0.9370257086614173
20
2.4083664173228345
11
0.9398966535433071
21
2.4077953149606297
0
LINE
8
BLACK
6
CONTINUOUS
10
0.9398966535433071
20
2.4077953149606297
11
0.9398967322834646
21
2.407795275590551
0
LINE
8
BLACK
6
CONTINUOUS
10
0.9398967322834646
20
2.407795275590551
11
0.9608661023622047
21
2.407795275590551
0
LINE
8
BLACK
6
CONTINUOUS
10
0.9608661023622047
20
2.407795275590551
11
0.9608661417322835
21
2.4077953149606297
0
LINE
8
BLACK
6
CONTINUOUS
10
0.9608661417322835
20
2.4077953149606297
11
0.9608661417322835
21
2.4176377952755903
0
LINE
8
BLACK
6
CONTINUOUS
10
0.9608661417322835
20
2.4176377952755903
11
0.9408661417322834
21
2.4176377952755903
0
LINE
8
BLACK
6
CONTINUOUS
10
0.9408661417322834
20
2.4176377952755903
11
0.9408661417322834
21
2.4376377952755903
0
LINE
8
BLACK
6
CONTINUOUS
10
0.9408661417322834
20
2.4376377952755903
11
0.9310236614173228
21
2.4376377952755903
0
LINE
8
BLACK
6
CONTINUOUS
10
1.0008661417322835
20
2.4176377952755903
11
0.9808661417322835
21
2.4176377952755903
0
LINE
8
BLACK
6
CONTINUOUS
10
0.9808661417322835
20
2.4176377952755903
11
0.9808661417322835
21
2.4077953149606297
0
LINE
8
BLACK
6
CONTINUOUS
10
0.9808661417322835
20
2.4077953149606297
11
0.9808661811023622
21
2.407795275590551
0
LINE
8
BLACK
6
CONTINUOUS
10
0.9808661811023622
20
2.407795275590551
11
1.0018355511811023
21
2.407795275590551
0
LINE
8
BLACK
6
CONTINUOUS
10
1.0018355511811023
20
2.407795275590551
11
1.0018355905511811
21
2.4077953149606297
0
LINE
8
BLACK
6
CONTINUOUS
10
1.0018355905511811
20
2.4077953149606297
11
1.0047065354330709
21
2.4083664173228345
0
LINE
8
BLACK
6
CONTINUOUS
10
1.0047065354330709
20
2.4083664173228345
11
1.0047066141732284
21
2.4083664566929133
0
LINE
8
BLACK
6
CONTINUOUS
10
1.0047066141732284
20
2.4083664566929133
11
1.0079620866141732
21
2.4105416929133856
0
LINE
8
BLACK
6
CONTINUOUS
10
1.0079620866141732
20
2.4105416929133856
11
1.0079622440944882
21
2.4105418503937006
0
LINE
8
BLACK
6
CONTINUOUS
10
1.0079622440944882
20
2.4105418503937006
11
1.0101374803149605
21
2.4137973228346454
0
LINE
8
BLACK
6
CONTINUOUS
10
1.0101374803149605
20
2.4137973228346454
11
1.0101375196850393
21
2.4137974015748029
0
LINE
8
BLACK
6
CONTINUOUS
10
1.0101375196850393
20
2.4137974015748029
11
1.0107086220472441
21
2.4166683464566927
0
LINE
8
BLACK
6
CONTINUOUS
10
1.0107086220472441
20
2.4166683464566927
11
1.0107086614173229
21
2.4166684251968502
0
LINE
8
BLACK
6
CONTINUOUS
10
1.0107086614173229
20
2.4166684251968502
11
1.0107086614173229
21
2.4376377559055116
0
LINE
8
BLACK
6
CONTINUOUS
10
1.0107086614173229
20
2.4376377559055116
11
1.0107086220472441
21
2.4376377952755903
0
LINE
8
BLACK
6
CONTINUOUS
10
1.0107086220472441
20
2.4376377952755903
11
1.0008661417322835
21
2.4376377952755903
0
LINE
8
BLACK
6
CONTINUOUS
10
1.0008661417322835
20
2.4376377952755903
11
1.0008661417322835
21
2.4176377952755903
0
LINE
8
BLACK
6
CONTINUOUS
10
1.1310236614173228
20
2.4376377952755903
11
1.131023622047244
21
2.4376377559055116
0
LINE
8
BLACK
6
CONTINUOUS
10
1.131023622047244
20
2.4376377559055116
11
1.131023622047244
21
2.4166683464566927
0
LINE
8
BLACK
6
CONTINUOUS
10
1.131023622047244
20
2.4166683464566927
11
1.1315947244094489
21
2.4137974015748029
0
LINE
8
BLACK
6
CONTINUOUS
10
1.1315947244094489
20
2.4137974015748029
11
1.1315947637795276
21
2.4137973228346454
0
LINE
8
BLACK
6
CONTINUOUS
10
1.1315947637795276
20
2.4137973228346454
11
1.1337699999999999
21
2.4105418503937006
0
LINE
8
BLACK
6
CONTINUOUS
10
1.1337699999999999
20
2.4105418503937006
11
1.133770157480315
21
2.4105416929133856
0
LINE
8
BLACK
6
CONTINUOUS
10
1.133770157480315
20
2.4105416929133856
11
1.1370256299212598
21
2.4083664566929133
0
LINE
8
BLACK
6
CONTINUOUS
10
1.1370256299212598
20
2.4083664566929133
11
1.1370257086614173
21
2.4083664173228345
0
LINE
8
BLACK
6
CONTINUOUS
10
1.1370257086614173
20
2.4083664173228345
11
1.139896653543307
21
2.4077953149606297
0
LINE
8
BLACK
6
CONTINUOUS
10
1.139896653543307
20
2.4077953149606297
11
1.1398967322834646
21
2.407795275590551
0
LINE
8
BLACK
6
CONTINUOUS
10
1.1398967322834646
20
2.407795275590551
11
1.1608661023622047
21
2.407795275590551
0
LINE
8
BLACK
6
CONTINUOUS
10
1.1608661023622047
20
2.407795275590551
11
1.1608661417322834
21
2.4077953149606297
0
LINE
8
BLACK
6
CONTINUOUS
10
1.1608661417322834
20
2.4077953149606297
11
1.1608661417322834
21
2.4176377952755903
0
LINE
8
BLACK
6
CONTINUOUS
10
1.1608661417322834
20
2.4176377952755903
11
1.1408661417322834
21
2.4176377952755903
0
LINE
8
BLACK
6
CONTINUOUS
10
1.1408661417322834
20
2.4176377952755903
11
1.1408661417322834
21
2.4376377952755903
0
LINE
8
BLACK
6
CONTINUOUS
10
1.1408661417322834
20
2.4376377952755903
11
1.1310236614173228
21
2.4376377952755903
0
LINE
8
BLACK
6
CONTINUOUS
10
1.2008661417322835
20
2.4176377952755903
11
1.1808661417322834
21
2.4176377952755903
0
LINE
8
BLACK
6
CONTINUOUS
10
1.1808661417322834
20
2.4176377952755903
11
1.1808661417322834
21
2.4077953149606297
0
LINE
8
BLACK
6
CONTINUOUS
10
1.1808661417322834
20
2.4077953149606297
11
1.1808661811023622
21
2.407795275590551
0
LINE
8
BLACK
6
CONTINUOUS
10
1.1808661811023622
20
2.407795275590551
11
1.2018355511811023
21
2.407795275590551
0
LINE
8
BLACK
6
CONTINUOUS
10
1.2018355511811023
20
2.407795275590551
11
1.2018355905511811
21
2.4077953149606297
0
LINE
8
BLACK
6
CONTINUOUS
10
1.2018355905511811
20
2.4077953149606297
11
1.2047065354330708
21
2.4083664173228345
0
LINE
8
BLACK
6
CONTINUOUS
10
1.2047065354330708
20
2.4083664173228345
11
1.2047066141732283
21
2.4083664566929133
0
LINE
8
BLACK
6
CONTINUOUS
10
1.2047066141732283
20
2.4083664566929133
11
1.2079620866141731
21
2.4105416929133856
0
LINE
8
BLACK
6
CONTINUOUS
10
1.2079620866141731
20
2.4105416929133856
11
1.2079622440944882
21
2.4105418503937006
0
LINE
8
BLACK
6
CONTINUOUS
10
1.2079622440944882
20
2.4105418503937006
11
1.2101374803149607
21
2.4137973228346454
0
LINE
8
BLACK
6
CONTINUOUS
10
1.2101374803149607
20
2.4137973228346454
11
1.2101375196850392
21
2.4137974015748029
0
LINE
8
BLACK
6
CONTINUOUS
10
1.2101375196850392
20
2.4137974015748029
11
1.2107086220472441
21
2.4166683464566927
0
LINE
8
BLACK
6
CONTINUOUS
10
1.2107086220472441
20
2.4166683464566927
11
1.2107086614173228
21
2.4166684251968502
0
LINE
8
BLACK
6
CONTINUOUS
10
1.2107086614173228
20
2.4166684251968502
11
1.2107086614173228
21
2.4376377559055116
0
LINE
8
BLACK
6
CONTINUOUS
10
1.2107086614173228
20
2.4376377559055116
11
1.2107086220472441
21
2.4376377952755903
0
LINE
8
BLACK
6
CONTINUOUS
10
1.2107086220472441
20
2.4376377952755903
11
1.2008661417322835
21
2.4376377952755903
0
LINE
8
BLACK
6
CONTINUOUS
10
1.2008661417322835
20
2.4376377952755903
11
1.2008661417322835
21
2.4176377952755903
0
LINE
8
BLACK
6
CONTINUOUS
10
1.2798425590551181
20
2.4376377952755903
11
1.2798425196850394
21
2.4376377559055116
0
LINE
8
BLACK
6
CONTINUOUS
10
1.2798425196850394
20
2.4376377559055116
11
1.2798425196850394
21
2.4166683464566927
0
LINE
8
BLACK
6
CONTINUOUS
10
1.2798425196850394
20
2.4166683464566927
11
1.280413622047244
21
2.4137974015748029
0
LINE
8
BLACK
6
CONTINUOUS
10
1.280413622047244
20
2.4137974015748029
11
1.2804136614173227
21
2.4137973228346454
0
LINE
8
BLACK
6
CONTINUOUS
10
1.2804136614173227
20
2.4137973228346454
11
1.2825888976377953
21
2.4105418503937006
0
LINE
8
BLACK
6
CONTINUOUS
10
1.2825888976377953
20
2.4105418503937006
11
1.2825890551181103
21
2.4105416929133856
0
LINE
8
BLACK
6
CONTINUOUS
10
1.2825890551181103
20
2.4105416929133856
11
1.2858445275590551
21
2.4083664566929133
0
LINE
8
BLACK
6
CONTINUOUS
10
1.2858445275590551
20
2.4083664566929133
11
1.2858446062992126
21
2.4083664173228345
0
LINE
8
BLACK
6
CONTINUOUS
10
1.2858446062992126
20
2.4083664173228345
11
1.2887155511811024
21
2.4077953149606297
0
LINE
8
BLACK
6
CONTINUOUS
10
1.2887155511811024
20
2.4077953149606297
11
1.2887156299212599
21
2.407795275590551
0
LINE
8
BLACK
6
CONTINUOUS
10
1.2887156299212599
20
2.407795275590551
11
1.309685
21
2.407795275590551
0
LINE
8
BLACK
6
CONTINUOUS
10
1.309685
20
2.407795275590551
11
1.3096850393700787
21
2.4077953149606297
0
LINE
8
BLACK
6
CONTINUOUS
10
1.3096850393700787
20
2.4077953149606297
11
1.3096850393700787
21
2.4176377952755903
0
LINE
8
BLACK
6
CONTINUOUS
10
1.3096850393700787
20
2.4176377952755903
11
1.2896850393700787
21
2.4176377952755903
0
LINE
8
BLACK
6
CONTINUOUS
10
1.2896850393700787
20
2.4176377952755903
11
1.2896850393700787
21
2.4376377952755903
0
LINE
8
BLACK
6
CONTINUOUS
10
1.2896850393700787
20
2.4376377952755903
11
1.2798425590551181
21
2.4376377952755903
0
LINE
8
BLACK
6
CONTINUOUS
10
1.3496850393700788
20
2.4176377952755903
11
1.3296850393700788
21
2.4176377952755903
0
LINE
8
BLACK
6
CONTINUOUS
10
1.3296850393700788
20
2.4176377952755903
11
1.3296850393700788
21
2.4077953149606297
0
LINE
8
BLACK
6
CONTINUOUS
10
1.3296850393700788
20
2.4077953149606297
11
1.3296850787401575
21
2.407795275590551
0
LINE
8
BLACK
6
CONTINUOUS
10
1.3296850787401575
20
2.407795275590551
11
1.3506544488188976
21
2.407795275590551
0
LINE
8
BLACK
6
CONTINUOUS
10
1.3506544488188976
20
2.407795275590551
11
1.3506544881889764
21
2.4077953149606297
0
LINE
8
BLACK
6
CONTINUOUS
10
1.3506544881889764
20
2.4077953149606297
11
1.3535254330708661
21
2.4083664173228345
0
LINE
8
BLACK
6
CONTINUOUS
10
1.3535254330708661
20
2.4083664173228345
11
1.3535255118110237
21
2.4083664566929133
0
LINE
8
BLACK
6
CONTINUOUS
10
1.3535255118110237
20
2.4083664566929133
11
1.3567809842519685
21
2.4105416929133856
0
LINE
8
BLACK
6
CONTINUOUS
10
1.3567809842519685
20
2.4105416929133856
11
1.3567811417322835
21
2.4105418503937006
0
LINE
8
BLACK
6
CONTINUOUS
10
1.3567811417322835
20
2.4105418503937006
11
1.3589563779527558
21
2.4137973228346454
0
LINE
8
BLACK
6
CONTINUOUS
10
1.3589563779527558
20
2.4137973228346454
11
1.3589564173228346
21
2.4137974015748029
0
LINE
8
BLACK
6
CONTINUOUS
10
1.3589564173228346
20
2.4137974015748029
11
1.3595275196850394
21
2.4166683464566927
0
LINE
8
BLACK
6
CONTINUOUS
10
1.3595275196850394
20
2.4166683464566927
11
1.3595275590551181
21
2.4166684251968502
0
LINE
8
BLACK
6
CONTINUOUS
10
1.3595275590551181
20
2.4166684251968502
11
1.3595275590551181
21
2.4376377559055116
0
LINE
8
BLACK
6
CONTINUOUS
10
1.3595275590551181
20
2.4376377559055116
11
1.3595275196850394
21
2.4376377952755903
0
LINE
8
BLACK
6
CONTINUOUS
10
1.3595275196850394
20
2.4376377952755903
11
1.3496850393700788
21
2.4376377952755903
0
LINE
8
BLACK
6
CONTINUOUS
10
1.3496850393700788
20
2.4376377952755903
11
1.3496850393700788
21
2.4176377952755903
0
LINE
8
BLACK
6
CONTINUOUS
10
1.679842559055118
20
2.4376377952755903
11
1.6798425196850393
21
2.4376377559055116
0
LINE
8
BLACK
6
CONTINUOUS
10
1.6798425196850393
20
2.4376377559055116
11
1.6798425196850393
21
2.4166683464566927
0
LINE
8
BLACK
6
CONTINUOUS
10
1.6798425196850393
20
2.4166683464566927
11
1.6804136220472441
21
2.4137974015748029
0
LINE
8
BLACK
6
CONTINUOUS
10
1.6804136220472441
20
2.4137974015748029
11
1.6804136614173228
21
2.4137973228346454
0
LINE
8
BLACK
6
CONTINUOUS
10
1.6804136614173228
20
2.4137973228346454
11
1.6825888976377952
21
2.4105418503937006
0
LINE
8
BLACK
6
CONTINUOUS
10
1.6825888976377952
20
2.4105418503937006
11
1.6825890551181102
21
2.4105416929133856
0
LINE
8
BLACK
6
CONTINUOUS
10
1.6825890551181102
20
2.4105416929133856
11
1.685844527559055
21
2.4083664566929133
0
LINE
8
BLACK
6
CONTINUOUS
10
1.685844527559055
20
2.4083664566929133
11
1.6858446062992125
21
2.4083664173228345
0
LINE
8
BLACK
6
CONTINUOUS
10
1.6858446062992125
20
2.4083664173228345
11
1.6887155511811023
21
2.4077953149606297
0
LINE
8
BLACK
6
CONTINUOUS
10
1.6887155511811023
20
2.4077953149606297
11
1.6887156299212598
21
2.407795275590551
0
LINE
8
BLACK
6
CONTINUOUS
10
1.6887156299212598
20
2.407795275590551
11
1.7096849999999999
21
2.407795275590551
0
LINE
8
BLACK
6
CONTINUOUS
10
1.7096849999999999
20
2.407795275590551
11
1.7096850393700787
21
2.4077953149606297
0
LINE
8
BLACK
6
CONTINUOUS
10
1.7096850393700787
20
2.4077953149606297
11
1.7096850393700787
21
2.4176377952755903
0
LINE
8
BLACK
6
CONTINUOUS
10
1.7096850393700787
20
2.4176377952755903
11
1.6896850393700786
21
2.4176377952755903
0
LINE
8
BLACK
6
CONTINUOUS
10
1.6896850393700786
20
2.4176377952755903
11
1.6896850393700786
21
2.4376377952755903
0
LINE
8
BLACK
6
CONTINUOUS
10
1.6896850393700786
20
2.4376377952755903
11
1.679842559055118
21
2.4376377952755903
0
LINE
8
BLACK
6
CONTINUOUS
10
1.7496850393700787
20
2.4176377952755903
11
1.7296850393700787
21
2.4176377952755903
0
LINE
8
BLACK
6
CONTINUOUS
10
1.7296850393700787
20
2.4176377952755903
11
1.7296850393700787
21
2.4077953149606297
0
LINE
8
BLACK
6
CONTINUOUS
10
1.7296850393700787
20
2.4077953149606297
11
1.7296850787401574
21
2.407795275590551
0
LINE
8
BLACK
6
CONTINUOUS
10
1.7296850787401574
20
2.407795275590551
11
1.7506544488188975
21
2.407795275590551
0
LINE
8
BLACK
6
CONTINUOUS
10
1.7506544488188975
20
2.407795275590551
11
1.7506544881889763
21
2.4077953149606297
0
LINE
8
BLACK
6
CONTINUOUS
10
1.7506544881889763
20
2.4077953149606297
11
1.7535254330708661
21
2.4083664173228345
0
LINE
8
BLACK
6
CONTINUOUS
10
1.7535254330708661
20
2.4083664173228345
11
1.7535255118110236
21
2.4083664566929133
0
LINE
8
BLACK
6
CONTINUOUS
10
1.7535255118110236
20
2.4083664566929133
11
1.7567809842519684
21
2.4105416929133856
0
LINE
8
BLACK
6
CONTINUOUS
10
1.7567809842519684
20
2.4105416929133856
11
1.7567811417322834
21
2.4105418503937006
0
LINE
8
BLACK
6
CONTINUOUS
10
1.7567811417322834
20
2.4105418503937006
11
1.7589563779527559
21
2.4137973228346454
0
LINE
8
BLACK
6
CONTINUOUS
10
1.7589563779527559
20
2.4137973228346454
11
1.7589564173228347
21
2.4137974015748029
0
LINE
8
BLACK
6
CONTINUOUS
10
1.7589564173228347
20
2.4137974015748029
11
1.7595275196850393
21
2.4166683464566927
0
LINE
8
BLACK
6
CONTINUOUS
10
1.7595275196850393
20
2.4166683464566927
11
1.759527559055118
21
2.4166684251968502
0
LINE
8
BLACK
6
CONTINUOUS
10
1.759527559055118
20
2.4166684251968502
11
1.759527559055118
21
2.4376377559055116
0
LINE
8
BLACK
6
CONTINUOUS
10
1.759527559055118
20
2.4376377559055116
11
1.7595275196850393
21
2.4376377952755903
0
LINE
8
BLACK
6
CONTINUOUS
10
1.7595275196850393
20
2.4376377952755903
11
1.7496850393700787
21
2.4376377952755903
0
LINE
8
BLACK
6
CONTINUOUS
10
1.7496850393700787
20
2.4376377952755903
11
1.7496850393700787
21
2.4176377952755903
0
LINE
8
BLACK
6
CONTINUOUS
10
0.7908661811023622
20
2.4403937007874017
11
0.7908661417322834
21
2.4403936614173229
0
LINE
8
BLACK
6
CONTINUOUS
10
0.7908661417322834
20
2.4403936614173229
11
0.7908661417322834
21
2.4194242519685041
0
LINE
8
BLACK
6
CONTINUOUS
10
0.7908661417322834
20
2.4194242519685041
11
0.7914372440944881
21
2.4165533070866143
0
LINE
8
BLACK
6
CONTINUOUS
10
0.7914372440944881
20
2.4165533070866143
11
0.7914372834645669
21
2.4165532283464568
0
LINE
8
BLACK
6
CONTINUOUS
10
0.7914372834645669
20
2.4165532283464568
11
0.7936125196850393
21
2.4132977559055115
0
LINE
8
BLACK
6
CONTINUOUS
10
0.7936125196850393
20
2.4132977559055115
11
0.7936126771653543
21
2.413297598425197
0
LINE
8
BLACK
6
CONTINUOUS
10
0.7936126771653543
20
2.413297598425197
11
0.7968681496062991
21
2.4111223622047242
0
LINE
8
BLACK
6
CONTINUOUS
10
0.7968681496062991
20
2.4111223622047242
11
0.7968682283464567
21
2.4111223228346454
0
LINE
8
BLACK
6
CONTINUOUS
10
0.7968682283464567
20
2.4111223228346454
11
0.7997391732283464
21
2.4105512204724411
0
LINE
8
BLACK
6
CONTINUOUS
10
0.7997391732283464
20
2.4105512204724411
11
0.7997392519685039
21
2.4105511811023623
0
LINE
8
BLACK
6
CONTINUOUS
10
0.7997392519685039
20
2.4105511811023623
11
0.820708622047244
21
2.4105511811023623
0
LINE
8
BLACK
6
CONTINUOUS
10
0.820708622047244
20
2.4105511811023623
11
0.8207086614173228
21
2.4105512204724411
0
LINE
8
BLACK
6
CONTINUOUS
10
0.8207086614173228
20
2.4105512204724411
11
0.8207086614173228
21
2.4203937007874017
0
LINE
8
BLACK
6
CONTINUOUS
10
0.8207086614173228
20
2.4203937007874017
11
0.8007086614173228
21
2.4203937007874017
0
LINE
8
BLACK
6
CONTINUOUS
10
0.8007086614173228
20
2.4203937007874017
11
0.8007086614173228
21
2.4403937007874017
0
LINE
8
BLACK
6
CONTINUOUS
10
0.8007086614173228
20
2.4403937007874017
11
0.7908661811023622
21
2.4403937007874017
0
LINE
8
BLACK
6
CONTINUOUS
10
0.8607086614173228
20
2.4203937007874017
11
0.8407086614173228
21
2.4203937007874017
0
LINE
8
BLACK
6
CONTINUOUS
10
0.8407086614173228
20
2.4203937007874017
11
0.8407086614173228
21
2.4105512204724411
0
LINE
8
BLACK
6
CONTINUOUS
10
0.8407086614173228
20
2.4105512204724411
11
0.8407087007874016
21
2.4105511811023623
0
LINE
8
BLACK
6
CONTINUOUS
10
0.8407087007874016
20
2.4105511811023623
11
0.8616780708661417
21
2.4105511811023623
0
LINE
8
BLACK
6
CONTINUOUS
10
0.8616780708661417
20
2.4105511811023623
11
0.8616781102362204
21
2.4105512204724411
0
LINE
8
BLACK
6
CONTINUOUS
10
0.8616781102362204
20
2.4105512204724411
11
0.8645490551181102
21
2.4111223228346454
0
LINE
8
BLACK
6
CONTINUOUS
10
0.8645490551181102
20
2.4111223228346454
11
0.8645491338582677
21
2.4111223622047242
0
LINE
8
BLACK
6
CONTINUOUS
10
0.8645491338582677
20
2.4111223622047242
11
0.8678046062992126
21
2.413297598425197
0
LINE
8
BLACK
6
CONTINUOUS
10
0.8678046062992126
20
2.413297598425197
11
0.8678047637795275
21
2.4132977559055115
0
LINE
8
BLACK
6
CONTINUOUS
10
0.8678047637795275
20
2.4132977559055115
11
0.86998
21
2.4165532283464568
0
LINE
8
BLACK
6
CONTINUOUS
10
0.86998
20
2.4165532283464568
11
0.8699800393700787
21
2.4165533070866143
0
LINE
8
BLACK
6
CONTINUOUS
10
0.8699800393700787
20
2.4165533070866143
11
0.8705511417322834
21
2.4194242519685041
0
LINE
8
BLACK
6
CONTINUOUS
10
0.8705511417322834
20
2.4194242519685041
11
0.8705511811023622
21
2.4194243307086611
0
LINE
8
BLACK
6
CONTINUOUS
10
0.8705511811023622
20
2.4194243307086611
11
0.8705511811023622
21
2.4403936614173229
0
LINE
8
BLACK
6
CONTINUOUS
10
0.8705511811023622
20
2.4403936614173229
11
0.8705511417322834
21
2.4403937007874017
0
LINE
8
BLACK
6
CONTINUOUS
10
0.8705511417322834
20
2.4403937007874017
11
0.8607086614173228
21
2.4403937007874017
0
LINE
8
BLACK
6
CONTINUOUS
10
0.8607086614173228
20
2.4403937007874017
11
0.8607086614173228
21
2.4203937007874017
0
LINE
8
BLACK
6
CONTINUOUS
10
0.2849409448818898
20
2.4163968110236218
11
0.2849409842519685
21
2.4163967322834643
0
LINE
8
BLACK
6
CONTINUOUS
10
0.2849409842519685
20
2.4163967322834643
11
0.2855256692913386
21
2.4127047637795274
0
LINE
8
BLACK
6
CONTINUOUS
10
0.2855256692913386
20
2.4127047637795274
11
0.2855257480314961
21
2.4127045669291336
0
LINE
8
BLACK
6
CONTINUOUS
10
0.2855257480314961
20
2.4127045669291336
11
0.2877933070866142
21
2.4082542519685037
0
LINE
8
BLACK
6
CONTINUOUS
10
0.2877933070866142
20
2.4082542519685037
11
0.2913251181102362
21
2.404722440944882
0
LINE
8
BLACK
6
CONTINUOUS
10
0.2913251181102362
20
2.404722440944882
11
0.2957754330708661
21
2.4024548818897635
0
LINE
8
BLACK
6
CONTINUOUS
10
0.2957754330708661
20
2.4024548818897635
11
0.2994677559055118
21
2.4018700787401572
0
LINE
8
BLACK
6
CONTINUOUS
10
0.2994677559055118
20
2.4018700787401572
11
0.3619495275590551
21
2.401870118110236
0
LINE
8
BLACK
6
CONTINUOUS
10
0.3619495275590551
20
2.401870118110236
11
0.3619496456692913
21
2.401870118110236
0
LINE
8
BLACK
6
CONTINUOUS
10
0.3619496456692913
20
2.401870118110236
11
0.3619496850393701
21
2.4018701574803147
0
LINE
8
BLACK
6
CONTINUOUS
10
0.3619496850393701
20
2.4018701574803147
11
0.3637957086614173
21
2.4021625196850391
0
LINE
8
BLACK
6
CONTINUOUS
10
0.3637957086614173
20
2.4021625196850391
11
0.3656416929133858
21
2.4024548425196848
0
LINE
8
BLACK
6
CONTINUOUS
10
0.3656416929133858
20
2.4024548425196848
11
0.3656416929133858
21
2.4024548818897635
0
LINE
8
BLACK
6
CONTINUOUS
10
0.3656416929133858
20
2.4024548818897635
11
0.3656418897637795
21
2.4024548818897635
0
LINE
8
BLACK
6
CONTINUOUS
10
0.3656418897637795
20
2.4024548818897635
11
0.3700922047244095
21
2.404722440944882
0
LINE
8
BLACK
6
CONTINUOUS
10
0.3700922047244095
20
2.404722440944882
11
0.3736240157480315
21
2.4082542519685037
0
LINE
8
BLACK
6
CONTINUOUS
10
0.3736240157480315
20
2.4082542519685037
11
0.3758915748031496
21
2.4127045669291336
0
LINE
8
BLACK
6
CONTINUOUS
10
0.3758915748031496
20
2.4127045669291336
11
0.3764763779527559
21
2.4163968897637793
0
LINE
8
BLACK
6
CONTINUOUS
10
0.3764763779527559
20
2.4163968897637793
11
0.3764763385826772
21
2.4788786614173226
0
LINE
8
BLACK
6
CONTINUOUS
10
0.3764763385826772
20
2.4788786614173226
11
0.3764763385826772
21
2.4788787007874014
0
LINE
8
BLACK
6
CONTINUOUS
10
0.3764763385826772
20
2.4788787007874014
11
0.3764763385826772
21
2.4788788188976376
0
LINE
8
BLACK
6
CONTINUOUS
10
0.3764763385826772
20
2.4788788188976376
11
0.3764762992125984
21
2.4788788976377951
0
LINE
8
BLACK
6
CONTINUOUS
10
0.3764762992125984
20
2.4788788976377951
11
0.3758916141732284
21
2.4825708661417321
0
LINE
8
BLACK
6
CONTINUOUS
10
0.3758916141732284
20
2.4825708661417321
11
0.3758915748031496
21
2.4825709448818896
0
LINE
8
BLACK
6
CONTINUOUS
10
0.3758915748031496
20
2.4825709448818896
11
0.3758915748031496
21
2.4825710236220471
0
LINE
8
BLACK
6
CONTINUOUS
10
0.3758915748031496
20
2.4825710236220471
11
0.3736240157480315
21
2.4870213385826769
0
LINE
8
BLACK
6
CONTINUOUS
10
0.3736240157480315
20
2.4870213385826769
11
0.3700922047244095
21
2.4905531496062991
0
LINE
8
BLACK
6
CONTINUOUS
10
0.3700922047244095
20
2.4905531496062991
11
0.3656418897637795
21
2.4928207086614171
0
LINE
8
BLACK
6
CONTINUOUS
10
0.3656418897637795
20
2.4928207086614171
11
0.3656419291338582
21
2.4928207086614171
0
LINE
8
BLACK
6
CONTINUOUS
10
0.3656419291338582
20
2.4928207086614171
11
0.3619496456692913
21
2.4934055118110234
0
LINE
8
BLACK
6
CONTINUOUS
10
0.3619496456692913
20
2.4934055118110234
11
0.2994676377952756
21
2.4934055118110234
0
LINE
8
BLACK
6
CONTINUOUS
10
0.2994676377952756
20
2.4934055118110234
11
0.2994675590551181
21
2.4934054724409447
0
LINE
8
BLACK
6
CONTINUOUS
10
0.2994675590551181
20
2.4934054724409447
11
0.2957755905511811
21
2.4928207874015746
0
LINE
8
BLACK
6
CONTINUOUS
10
0.2957755905511811
20
2.4928207874015746
11
0.2957753937007874
21
2.4928207086614171
0
LINE
8
BLACK
6
CONTINUOUS
10
0.2957753937007874
20
2.4928207086614171
11
0.291325157480315
21
2.4905531889763779
0
LINE
8
BLACK
6
CONTINUOUS
10
0.291325157480315
20
2.4905531889763779
11
0.2877932677165354
21
2.4870212992125982
0
LINE
8
BLACK
6
CONTINUOUS
10
0.2877932677165354
20
2.4870212992125982
11
0.2855257480314961
21
2.4825710629921258
0
LINE
8
BLACK
6
CONTINUOUS
10
0.2855257480314961
20
2.4825710629921258
11
0.2849409448818898
21
2.4788788188976376
0
LINE
8
BLACK
6
CONTINUOUS
10
0.2849409448818898
20
2.4788788188976376
11
0.2849409448818898
21
2.4163968110236218
0
LINE
8
BLACK
6
CONTINUOUS
10
0.5243110236220472
20
2.4163968110236218
11
0.5243110629921259
21
2.4163967322834643
0
LINE
8
BLACK
6
CONTINUOUS
10
0.5243110629921259
20
2.4163967322834643
11
0.5248957480314961
21
2.4127047637795274
0
LINE
8
BLACK
6
CONTINUOUS
10
0.5248957480314961
20
2.4127047637795274
11
0.5248958267716536
21
2.4127045669291336
0
LINE
8
BLACK
6
CONTINUOUS
10
0.5248958267716536
20
2.4127045669291336
11
0.5271633858267717
21
2.4082542519685037
0
LINE
8
BLACK
6
CONTINUOUS
10
0.5271633858267717
20
2.4082542519685037
11
0.5306951968503937
21
2.404722440944882
0
LINE
8
BLACK
6
CONTINUOUS
10
0.5306951968503937
20
2.404722440944882
11
0.5351455118110237
21
2.4024548818897635
0
LINE
8
BLACK
6
CONTINUOUS
10
0.5351455118110237
20
2.4024548818897635
11
0.5388378346456693
21
2.4018700787401572
0
LINE
8
BLACK
6
CONTINUOUS
10
0.5388378346456693
20
2.4018700787401572
11
0.6013196062992126
21
2.401870118110236
0
LINE
8
BLACK
6
CONTINUOUS
10
0.6013196062992126
20
2.401870118110236
11
0.6013197244094488
21
2.401870118110236
0
LINE
8
BLACK
6
CONTINUOUS
10
0.6013197244094488
20
2.401870118110236
11
0.6013197637795276
21
2.4018701574803147
0
LINE
8
BLACK
6
CONTINUOUS
10
0.6013197637795276
20
2.4018701574803147
11
0.6031657874015748
21
2.4021625196850391
0
LINE
8
BLACK
6
CONTINUOUS
10
0.6031657874015748
20
2.4021625196850391
11
0.6050117716535433
21
2.4024548425196848
0
LINE
8
BLACK
6
CONTINUOUS
10
0.6050117716535433
20
2.4024548425196848
11
0.6050117716535433
21
2.4024548818897635
0
LINE
8
BLACK
6
CONTINUOUS
10
0.6050117716535433
20
2.4024548818897635
11
0.605011968503937
21
2.4024548818897635
0
LINE
8
BLACK
6
CONTINUOUS
10
0.605011968503937
20
2.4024548818897635
11
0.6094622834645669
21
2.404722440944882
0
LINE
8
BLACK
6
CONTINUOUS
10
0.6094622834645669
20
2.404722440944882
11
0.612994094488189
21
2.4082542519685037
0
LINE
8
BLACK
6
CONTINUOUS
10
0.612994094488189
20
2.4082542519685037
11
0.6152616535433071
21
2.4127045669291336
0
LINE
8
BLACK
6
CONTINUOUS
10
0.6152616535433071
20
2.4127045669291336
11
0.6158464566929134
21
2.4163968897637793
0
LINE
8
BLACK
6
CONTINUOUS
10
0.6158464566929134
20
2.4163968897637793
11
0.6158464173228346
21
2.4788786614173226
0
LINE
8
BLACK
6
CONTINUOUS
10
0.6158464173228346
20
2.4788786614173226
11
0.6158464173228346
21
2.4788787007874014
0
LINE
8
BLACK
6
CONTINUOUS
10
0.6158464173228346
20
2.4788787007874014
11
0.6158464173228346
21
2.4788788188976376
0
LINE
8
BLACK
6
CONTINUOUS
10
0.6158464173228346
20
2.4788788188976376
11
0.6158463779527559
21
2.4788788976377951
0
LINE
8
BLACK
6
CONTINUOUS
10
0.6158463779527559
20
2.4788788976377951
11
0.6152616929133858
21
2.4825708661417321
0
LINE
8
BLACK
6
CONTINUOUS
10
0.6152616929133858
20
2.4825708661417321
11
0.6152616535433071
21
2.4825709448818896
0
LINE
8
BLACK
6
CONTINUOUS
10
0.6152616535433071
20
2.4825709448818896
11
0.6152616535433071
21
2.4825710236220471
0
LINE
8
BLACK
6
CONTINUOUS
10
0.6152616535433071
20
2.4825710236220471
11
0.612994094488189
21
2.4870213385826769
0
LINE
8
BLACK
6
CONTINUOUS
10
0.612994094488189
20
2.4870213385826769
11
0.6094622834645669
21
2.4905531496062991
0
LINE
8
BLACK
6
CONTINUOUS
10
0.6094622834645669
20
2.4905531496062991
11
0.605011968503937
21
2.4928207086614171
0
LINE
8
BLACK
6
CONTINUOUS
10
0.605011968503937
20
2.4928207086614171
11
0.6050120078740158
21
2.4928207086614171
0
LINE
8
BLACK
6
CONTINUOUS
10
0.6050120078740158
20
2.4928207086614171
11
0.6013197244094488
21
2.4934055118110234
0
LINE
8
BLACK
6
CONTINUOUS
10
0.6013197244094488
20
2.4934055118110234
11
0.5388377165354331
21
2.4934055118110234
0
LINE
8
BLACK
6
CONTINUOUS
10
0.5388377165354331
20
2.4934055118110234
11
0.5388376377952756
21
2.4934054724409447
0
LINE
8
BLACK
6
CONTINUOUS
10
0.5388376377952756
20
2.4934054724409447
11
0.5351456692913386
21
2.4928207874015746
0
LINE
8
BLACK
6
CONTINUOUS
10
0.5351456692913386
20
2.4928207874015746
11
0.5351454724409449
21
2.4928207086614171
0
LINE
8
BLACK
6
CONTINUOUS
10
0.5351454724409449
20
2.4928207086614171
11
0.5306952362204724
21
2.4905531889763779
0
LINE
8
BLACK
6
CONTINUOUS
10
0.5306952362204724
20
2.4905531889763779
11
0.5271633464566929
21
2.4870212992125982
0
LINE
8
BLACK
6
CONTINUOUS
10
0.5271633464566929
20
2.4870212992125982
11
0.5248958267716536
21
2.4825710629921258
0
LINE
8
BLACK
6
CONTINUOUS
10
0.5248958267716536
20
2.4825710629921258
11
0.5243110236220472
21
2.4788788188976376
0
LINE
8
BLACK
6
CONTINUOUS
10
0.5243110236220472
20
2.4788788188976376
11
0.5243110236220472
21
2.4163968110236218
0
LINE
8
BLACK
6
CONTINUOUS
10
1.0250984251968505
20
2.4163968110236218
11
1.0250984645669292
21
2.4163967322834643
0
LINE
8
BLACK
6
CONTINUOUS
10
1.0250984645669292
20
2.4163967322834643
11
1.0256831496062992
21
2.4127047637795274
0
LINE
8
BLACK
6
CONTINUOUS
10
1.0256831496062992
20
2.4127047637795274
11
1.0256832283464568
21
2.4127045669291336
0
LINE
8
BLACK
6
CONTINUOUS
10
1.0256832283464568
20
2.4127045669291336
11
1.0279507874015748
21
2.4082542519685037
0
LINE
8
BLACK
6
CONTINUOUS
10
1.0279507874015748
20
2.4082542519685037
11
1.0314825984251967
21
2.404722440944882
0
LINE
8
BLACK
6
CONTINUOUS
10
1.0314825984251967
20
2.404722440944882
11
1.0359329133858268
21
2.4024548818897635
0
LINE
8
BLACK
6
CONTINUOUS
10
1.0359329133858268
20
2.4024548818897635
11
1.0396252362204723
21
2.4018700787401572
0
LINE
8
BLACK
6
CONTINUOUS
10
1.0396252362204723
20
2.4018700787401572
11
1.1021070078740158
21
2.401870118110236
0
LINE
8
BLACK
6
CONTINUOUS
10
1.1021070078740158
20
2.401870118110236
11
1.1021071259842519
21
2.401870118110236
0
LINE
8
BLACK
6
CONTINUOUS
10
1.1021071259842519
20
2.401870118110236
11
1.1021071653543306
21
2.4018701574803147
0
LINE
8
BLACK
6
CONTINUOUS
10
1.1021071653543306
20
2.4018701574803147
11
1.1039531889763778
21
2.4021625196850391
0
LINE
8
BLACK
6
CONTINUOUS
10
1.1039531889763778
20
2.4021625196850391
11
1.1057991732283465
21
2.4024548425196848
0
LINE
8
BLACK
6
CONTINUOUS
10
1.1057991732283465
20
2.4024548425196848
11
1.1057991732283465
21
2.4024548818897635
0
LINE
8
BLACK
6
CONTINUOUS
10
1.1057991732283465
20
2.4024548818897635
11
1.1057993700787401
21
2.4024548818897635
0
LINE
8
BLACK
6
CONTINUOUS
10
1.1057993700787401
20
2.4024548818897635
11
1.1102496850393702
21
2.404722440944882
0
LINE
8
BLACK
6
CONTINUOUS
10
1.1102496850393702
20
2.404722440944882
11
1.1137814960629921
21
2.4082542519685037
0
LINE
8
BLACK
6
CONTINUOUS
10
1.1137814960629921
20
2.4082542519685037
11
1.1160490551181101
21
2.4127045669291336
0
LINE
8
BLACK
6
CONTINUOUS
10
1.1160490551181101
20
2.4127045669291336
11
1.1166338582677164
21
2.4163968897637793
0
LINE
8
BLACK
6
CONTINUOUS
10
1.1166338582677164
20
2.4163968897637793
11
1.1166338188976377
21
2.4786072834645667
0
LINE
8
BLACK
6
CONTINUOUS
10
1.1166338188976377
20
2.4786072834645667
11
1.1166338188976377
21
2.4788786614173226
0
LINE
8
BLACK
6
CONTINUOUS
10
1.1166338188976377
20
2.4788786614173226
11
1.1166338188976377
21
2.4788787007874014
0
LINE
8
BLACK
6
CONTINUOUS
10
1.1166338188976377
20
2.4788787007874014
11
1.1166338188976377
21
2.4788788188976376
0
LINE
8
BLACK
6
CONTINUOUS
10
1.1166338188976377
20
2.4788788188976376
11
1.1166337795275589
21
2.4788788976377951
0
LINE
8
BLACK
6
CONTINUOUS
10
1.1166337795275589
20
2.4788788976377951
11
1.1160490944881889
21
2.4825708661417321
0
LINE
8
BLACK
6
CONTINUOUS
10
1.1160490944881889
20
2.4825708661417321
11
1.1160490551181101
21
2.4825709448818896
0
LINE
8
BLACK
6
CONTINUOUS
10
1.1160490551181101
20
2.4825709448818896
11
1.1160490551181101
21
2.4825710236220471
0
LINE
8
BLACK
6
CONTINUOUS
10
1.1160490551181101
20
2.4825710236220471
11
1.1137814960629921
21
2.4870213385826769
0
LINE
8
BLACK
6
CONTINUOUS
10
1.1137814960629921
20
2.4870213385826769
11
1.1102496850393702
21
2.4905531496062991
0
LINE
8
BLACK
6
CONTINUOUS
10
1.1102496850393702
20
2.4905531496062991
11
1.1057993700787401
21
2.4928207086614171
0
LINE
8
BLACK
6
CONTINUOUS
10
1.1057993700787401
20
2.4928207086614171
11
1.1057994094488188
21
2.4928207086614171
0
LINE
8
BLACK
6
CONTINUOUS
10
1.1057994094488188
20
2.4928207086614171
11
1.1021071259842519
21
2.4934055118110234
0
LINE
8
BLACK
6
CONTINUOUS
10
1.1021071259842519
20
2.4934055118110234
11
1.0396251181102363
21
2.4934055118110234
0
LINE
8
BLACK
6
CONTINUOUS
10
1.0396251181102363
20
2.4934055118110234
11
1.0396250393700788
21
2.4934054724409447
0
LINE
8
BLACK
6
CONTINUOUS
10
1.0396250393700788
20
2.4934054724409447
11
1.0359330708661416
21
2.4928207874015746
0
LINE
8
BLACK
6
CONTINUOUS
10
1.0359330708661416
20
2.4928207874015746
11
1.0359328740157481
21
2.4928207086614171
0
LINE
8
BLACK
6
CONTINUOUS
10
1.0359328740157481
20
2.4928207086614171
11
1.0314826377952755
21
2.4905531889763779
0
LINE
8
BLACK
6
CONTINUOUS
10
1.0314826377952755
20
2.4905531889763779
11
1.027950748031496
21
2.4870212992125982
0
LINE
8
BLACK
6
CONTINUOUS
10
1.027950748031496
20
2.4870212992125982
11
1.0256832283464568
21
2.4825710629921258
0
LINE
8
BLACK
6
CONTINUOUS
10
1.0256832283464568
20
2.4825710629921258
11
1.0250984251968505
21
2.4788788188976376
0
LINE
8
BLACK
6
CONTINUOUS
10
1.0250984251968505
20
2.4788788188976376
11
1.0250984251968505
21
2.4163968110236218
0
LINE
8
BLACK
6
CONTINUOUS
10
1.3739173228346457
20
2.4163968110236218
11
1.3739173622047243
21
2.4163967322834643
0
LINE
8
BLACK
6
CONTINUOUS
10
1.3739173622047243
20
2.4163967322834643
11
1.3745020472440945
21
2.4127047637795274
0
LINE
8
BLACK
6
CONTINUOUS
10
1.3745020472440945
20
2.4127047637795274
11
1.374502125984252
21
2.4127045669291336
0
LINE
8
BLACK
6
CONTINUOUS
10
1.374502125984252
20
2.4127045669291336
11
1.37676968503937
21
2.4082542519685037
0
LINE
8
BLACK
6
CONTINUOUS
10
1.37676968503937
20
2.4082542519685037
11
1.380301496062992
21
2.404722440944882
0
LINE
8
BLACK
6
CONTINUOUS
10
1.380301496062992
20
2.404722440944882
11
1.3847518110236221
21
2.4024548818897635
0
LINE
8
BLACK
6
CONTINUOUS
10
1.3847518110236221
20
2.4024548818897635
11
1.3884441338582676
21
2.4018700787401572
0
LINE
8
BLACK
6
CONTINUOUS
10
1.3884441338582676
20
2.4018700787401572
11
1.4509259055118109
21
2.401870118110236
0
LINE
8
BLACK
6
CONTINUOUS
10
1.4509259055118109
20
2.401870118110236
11
1.4509260236220471
21
2.401870118110236
0
LINE
8
BLACK
6
CONTINUOUS
10
1.4509260236220471
20
2.401870118110236
11
1.4509260629921259
21
2.4018701574803147
0
LINE
8
BLACK
6
CONTINUOUS
10
1.4509260629921259
20
2.4018701574803147
11
1.4527720866141731
21
2.4021625196850391
0
LINE
8
BLACK
6
CONTINUOUS
10
1.4527720866141731
20
2.4021625196850391
11
1.4546180708661418
21
2.4024548425196848
0
LINE
8
BLACK
6
CONTINUOUS
10
1.4546180708661418
20
2.4024548425196848
11
1.4546180708661418
21
2.4024548818897635
0
LINE
8
BLACK
6
CONTINUOUS
10
1.4546180708661418
20
2.4024548818897635
11
1.4546182677165354
21
2.4024548818897635
0
LINE
8
BLACK
6
CONTINUOUS
10
1.4546182677165354
20
2.4024548818897635
11
1.4590685826771652
21
2.404722440944882
0
LINE
8
BLACK
6
CONTINUOUS
10
1.4590685826771652
20
2.404722440944882
11
1.4626003937007874
21
2.4082542519685037
0
LINE
8
BLACK
6
CONTINUOUS
10
1.4626003937007874
20
2.4082542519685037
11
1.4648679527559054
21
2.4127045669291336
0
LINE
8
BLACK
6
CONTINUOUS
10
1.4648679527559054
20
2.4127045669291336
11
1.4654527559055117
21
2.4163968897637793
0
LINE
8
BLACK
6
CONTINUOUS
10
1.4654527559055117
20
2.4163968897637793
11
1.465452716535433
21
2.4788786614173226
0
LINE
8
BLACK
6
CONTINUOUS
10
1.465452716535433
20
2.4788786614173226
11
1.465452716535433
21
2.4788787007874014
0
LINE
8
BLACK
6
CONTINUOUS
10
1.465452716535433
20
2.4788787007874014
11
1.465452716535433
21
2.4788788188976376
0
LINE
8
BLACK
6
CONTINUOUS
10
1.465452716535433
20
2.4788788188976376
11
1.4654526771653542
21
2.4788788976377951
0
LINE
8
BLACK
6
CONTINUOUS
10
1.4654526771653542
20
2.4788788976377951
11
1.4648679921259842
21
2.4825708661417321
0
LINE
8
BLACK
6
CONTINUOUS
10
1.4648679921259842
20
2.4825708661417321
11
1.4648679527559054
21
2.4825709448818896
0
LINE
8
BLACK
6
CONTINUOUS
10
1.4648679527559054
20
2.4825709448818896
11
1.4648679527559054
21
2.4825710236220471
0
LINE
8
BLACK
6
CONTINUOUS
10
1.4648679527559054
20
2.4825710236220471
11
1.4626003937007874
21
2.4870213385826769
0
LINE
8
BLACK
6
CONTINUOUS
10
1.4626003937007874
20
2.4870213385826769
11
1.4590685826771652
21
2.4905531496062991
0
LINE
8
BLACK
6
CONTINUOUS
10
1.4590685826771652
20
2.4905531496062991
11
1.4546182677165354
21
2.4928207086614171
0
LINE
8
BLACK
6
CONTINUOUS
10
1.4546182677165354
20
2.4928207086614171
11
1.4546183070866141
21
2.4928207086614171
0
LINE
8
BLACK
6
CONTINUOUS
10
1.4546183070866141
20
2.4928207086614171
11
1.4509260236220471
21
2.4934055118110234
0
LINE
8
BLACK
6
CONTINUOUS
10
1.4509260236220471
20
2.4934055118110234
11
1.3884440157480316
21
2.4934055118110234
0
LINE
8
BLACK
6
CONTINUOUS
10
1.3884440157480316
20
2.4934055118110234
11
1.3884439370078741
21
2.4934054724409447
0
LINE
8
BLACK
6
CONTINUOUS
10
1.3884439370078741
20
2.4934054724409447
11
1.3847519685039369
21
2.4928207874015746
0
LINE
8
BLACK
6
CONTINUOUS
10
1.3847519685039369
20
2.4928207874015746
11
1.3847517716535434
21
2.4928207086614171
0
LINE
8
BLACK
6
CONTINUOUS
10
1.3847517716535434
20
2.4928207086614171
11
1.3803015354330708
21
2.4905531889763779
0
LINE
8
BLACK
6
CONTINUOUS
10
1.3803015354330708
20
2.4905531889763779
11
1.3767696456692913
21
2.4870212992125982
0
LINE
8
BLACK
6
CONTINUOUS
10
1.3767696456692913
20
2.4870212992125982
11
1.374502125984252
21
2.4825710629921258
0
LINE
8
BLACK
6
CONTINUOUS
10
1.374502125984252
20
2.4825710629921258
11
1.3739173228346457
21
2.4788788188976376
0
LINE
8
BLACK
6
CONTINUOUS
10
1.3739173228346457
20
2.4788788188976376
11
1.3739173228346457
21
2.4163968110236218
0
LINE
8
BLACK
6
CONTINUOUS
10
1.5739173228346457
20
2.4163968110236218
11
1.5739173622047244
21
2.4163967322834643
0
LINE
8
BLACK
6
CONTINUOUS
10
1.5739173622047244
20
2.4163967322834643
11
1.5745020472440945
21
2.4127047637795274
0
LINE
8
BLACK
6
CONTINUOUS
10
1.5745020472440945
20
2.4127047637795274
11
1.574502125984252
21
2.4127045669291336
0
LINE
8
BLACK
6
CONTINUOUS
10
1.574502125984252
20
2.4127045669291336
11
1.57676968503937
21
2.4082542519685037
0
LINE
8
BLACK
6
CONTINUOUS
10
1.57676968503937
20
2.4082542519685037
11
1.5803014960629922
21
2.404722440944882
0
LINE
8
BLACK
6
CONTINUOUS
10
1.5803014960629922
20
2.404722440944882
11
1.5847518110236221
21
2.4024548818897635
0
LINE
8
BLACK
6
CONTINUOUS
10
1.5847518110236221
20
2.4024548818897635
11
1.5884441338582678
21
2.4018700787401572
0
LINE
8
BLACK
6
CONTINUOUS
10
1.5884441338582678
20
2.4018700787401572
11
1.6509259055118111
21
2.401870118110236
0
LINE
8
BLACK
6
CONTINUOUS
10
1.6509259055118111
20
2.401870118110236
11
1.6509260236220471
21
2.401870118110236
0
LINE
8
BLACK
6
CONTINUOUS
10
1.6509260236220471
20
2.401870118110236
11
1.6509260629921259
21
2.4018701574803147
0
LINE
8
BLACK
6
CONTINUOUS
10
1.6509260629921259
20
2.4018701574803147
11
1.6527720866141733
21
2.4021625196850391
0
LINE
8
BLACK
6
CONTINUOUS
10
1.6527720866141733
20
2.4021625196850391
11
1.6546180708661418
21
2.4024548425196848
0
LINE
8
BLACK
6
CONTINUOUS
10
1.6546180708661418
20
2.4024548425196848
11
1.6546180708661418
21
2.4024548818897635
0
LINE
8
BLACK
6
CONTINUOUS
10
1.6546180708661418
20
2.4024548818897635
11
1.6546182677165353
21
2.4024548818897635
0
LINE
8
BLACK
6
CONTINUOUS
10
1.6546182677165353
20
2.4024548818897635
11
1.6590685826771654
21
2.404722440944882
0
LINE
8
BLACK
6
CONTINUOUS
10
1.6590685826771654
20
2.404722440944882
11
1.6626003937007874
21
2.4082542519685037
0
LINE
8
BLACK
6
CONTINUOUS
10
1.6626003937007874
20
2.4082542519685037
11
1.6648679527559054
21
2.4127045669291336
0
LINE
8
BLACK
6
CONTINUOUS
10
1.6648679527559054
20
2.4127045669291336
11
1.6654527559055117
21
2.4163968897637793
0
LINE
8
BLACK
6
CONTINUOUS
10
1.6654527559055117
20
2.4163968897637793
11
1.6654527165354331
21
2.4786072834645667
0
LINE
8
BLACK
6
CONTINUOUS
10
1.6654527165354331
20
2.4786072834645667
11
1.6654527165354331
21
2.4788786614173226
0
LINE
8
BLACK
6
CONTINUOUS
10
1.6654527165354331
20
2.4788786614173226
11
1.6654527165354331
21
2.4788787007874014
0
LINE
8
BLACK
6
CONTINUOUS
10
1.6654527165354331
20
2.4788787007874014
11
1.6654527165354331
21
2.4788788188976376
0
LINE
8
BLACK
6
CONTINUOUS
10
1.6654527165354331
20
2.4788788188976376
11
1.6654526771653544
21
2.4788788976377951
0
LINE
8
BLACK
6
CONTINUOUS
10
1.6654526771653544
20
2.4788788976377951
11
1.6648679921259841
21
2.4825708661417321
0
LINE
8
BLACK
6
CONTINUOUS
10
1.6648679921259841
20
2.4825708661417321
11
1.6648679527559054
21
2.4825709448818896
0
LINE
8
BLACK
6
CONTINUOUS
10
1.6648679527559054
20
2.4825709448818896
11
1.6648679527559054
21
2.4825710236220471
0
LINE
8
BLACK
6
CONTINUOUS
10
1.6648679527559054
20
2.4825710236220471
11
1.6626003937007874
21
2.4870213385826769
0
LINE
8
BLACK
6
CONTINUOUS
10
1.6626003937007874
20
2.4870213385826769
11
1.6590685826771654
21
2.4905531496062991
0
LINE
8
BLACK
6
CONTINUOUS
10
1.6590685826771654
20
2.4905531496062991
11
1.6546182677165353
21
2.4928207086614171
0
LINE
8
BLACK
6
CONTINUOUS
10
1.6546182677165353
20
2.4928207086614171
11
1.6546183070866141
21
2.4928207086614171
0
LINE
8
BLACK
6
CONTINUOUS
10
1.6546183070866141
20
2.4928207086614171
11
1.6509260236220471
21
2.4934055118110234
0
LINE
8
BLACK
6
CONTINUOUS
10
1.6509260236220471
20
2.4934055118110234
11
1.5884440157480315
21
2.4934055118110234
0
LINE
8
BLACK
6
CONTINUOUS
10
1.5884440157480315
20
2.4934055118110234
11
1.588443937007874
21
2.4934054724409447
0
LINE
8
BLACK
6
CONTINUOUS
10
1.588443937007874
20
2.4934054724409447
11
1.5847519685039371
21
2.4928207874015746
0
LINE
8
BLACK
6
CONTINUOUS
10
1.5847519685039371
20
2.4928207874015746
11
1.5847517716535433
21
2.4928207086614171
0
LINE
8
BLACK
6
CONTINUOUS
10
1.5847517716535433
20
2.4928207086614171
11
1.5803015354330707
21
2.4905531889763779
0
LINE
8
BLACK
6
CONTINUOUS
10
1.5803015354330707
20
2.4905531889763779
11
1.5767696456692912
21
2.4870212992125982
0
LINE
8
BLACK
6
CONTINUOUS
10
1.5767696456692912
20
2.4870212992125982
11
1.574502125984252
21
2.4825710629921258
0
LINE
8
BLACK
6
CONTINUOUS
10
1.574502125984252
20
2.4825710629921258
11
1.5739173228346457
21
2.4788788188976376
0
LINE
8
BLACK
6
CONTINUOUS
10
1.5739173228346457
20
2.4788788188976376
11
1.5739173228346457
21
2.4163968110236218
0
LINE
8
BLACK
6
CONTINUOUS
10
1.7296850393700787
20
2.487480275590551
11
1.7296850393700787
21
2.4776377952755904
0
LINE
8
BLACK
6
CONTINUOUS
10
1.7296850393700787
20
2.4776377952755904
11
1.7496850393700787
21
2.4776377952755904
0
LINE
8
BLACK
6
CONTINUOUS
10
1.7496850393700787
20
2.4776377952755904
11
1.7496850393700787
21
2.4576377952755903
0
LINE
8
BLACK
6
CONTINUOUS
10
1.7496850393700787
20
2.4576377952755903
11
1.7595275196850393
21
2.4576377952755903
0
LINE
8
BLACK
6
CONTINUOUS
10
1.7595275196850393
20
2.4576377952755903
11
1.759527559055118
21
2.4576378346456691
0
LINE
8
BLACK
6
CONTINUOUS
10
1.759527559055118
20
2.4576378346456691
11
1.759527559055118
21
2.4786072047244092
0
LINE
8
BLACK
6
CONTINUOUS
10
1.759527559055118
20
2.4786072047244092
11
1.7595275196850393
21
2.4786072834645667
0
LINE
8
BLACK
6
CONTINUOUS
10
1.7595275196850393
20
2.4786072834645667
11
1.7589564173228347
21
2.4814782283464565
0
LINE
8
BLACK
6
CONTINUOUS
10
1.7589564173228347
20
2.4814782283464565
11
1.7589563779527559
21
2.481478307086614
0
LINE
8
BLACK
6
CONTINUOUS
10
1.7589563779527559
20
2.481478307086614
11
1.7567811417322834
21
2.4847337795275588
0
LINE
8
BLACK
6
CONTINUOUS
10
1.7567811417322834
20
2.4847337795275588
11
1.7567809842519684
21
2.4847339370078738
0
LINE
8
BLACK
6
CONTINUOUS
10
1.7567809842519684
20
2.4847339370078738
11
1.7535255118110236
21
2.4869091732283466
0
LINE
8
BLACK
6
CONTINUOUS
10
1.7535255118110236
20
2.4869091732283466
11
1.7535254330708661
21
2.4869092125984253
0
LINE
8
BLACK
6
CONTINUOUS
10
1.7535254330708661
20
2.4869092125984253
11
1.7506544881889763
21
2.4874803149606297
0
LINE
8
BLACK
6
CONTINUOUS
10
1.7506544881889763
20
2.4874803149606297
11
1.7296850787401574
21
2.4874803149606297
0
LINE
8
BLACK
6
CONTINUOUS
10
1.7296850787401574
20
2.4874803149606297
11
1.7296850393700787
21
2.487480275590551
0
LINE
8
BLACK
6
CONTINUOUS
10
1.1808661417322834
20
2.487480275590551
11
1.1808661417322834
21
2.4776377952755904
0
LINE
8
BLACK
6
CONTINUOUS
10
1.1808661417322834
20
2.4776377952755904
11
1.2008661417322835
21
2.4776377952755904
0
LINE
8
BLACK
6
CONTINUOUS
10
1.2008661417322835
20
2.4776377952755904
11
1.2008661417322835
21
2.4576377952755903
0
LINE
8
BLACK
6
CONTINUOUS
10
1.2008661417322835
20
2.4576377952755903
11
1.2107086220472441
21
2.4576377952755903
0
LINE
8
BLACK
6
CONTINUOUS
10
1.2107086220472441
20
2.4576377952755903
11
1.2107086614173228
21
2.4576378346456691
0
LINE
8
BLACK
6
CONTINUOUS
10
1.2107086614173228
20
2.4576378346456691
11
1.2107086614173228
21
2.4786072047244092
0
LINE
8
BLACK
6
CONTINUOUS
10
1.2107086614173228
20
2.4786072047244092
11
1.2107086220472441
21
2.4786072834645667
0
LINE
8
BLACK
6
CONTINUOUS
10
1.2107086220472441
20
2.4786072834645667
11
1.2101375196850392
21
2.4814782283464565
0
LINE
8
BLACK
6
CONTINUOUS
10
1.2101375196850392
20
2.4814782283464565
11
1.2101374803149607
21
2.481478307086614
0
LINE
8
BLACK
6
CONTINUOUS
10
1.2101374803149607
20
2.481478307086614
11
1.2079622440944882
21
2.4847337795275588
0
LINE
8
BLACK
6
CONTINUOUS
10
1.2079622440944882
20
2.4847337795275588
11
1.2079620866141731
21
2.4847339370078738
0
LINE
8
BLACK
6
CONTINUOUS
10
1.2079620866141731
20
2.4847339370078738
11
1.2047066141732283
21
2.4869091732283466
0
LINE
8
BLACK
6
CONTINUOUS
10
1.2047066141732283
20
2.4869091732283466
11
1.2047065354330708
21
2.4869092125984253
0
LINE
8
BLACK
6
CONTINUOUS
10
1.2047065354330708
20
2.4869092125984253
11
1.2018355905511811
21
2.4874803149606297
0
LINE
8
BLACK
6
CONTINUOUS
10
1.2018355905511811
20
2.4874803149606297
11
1.1808661811023622
21
2.4874803149606297
0
LINE
8
BLACK
6
CONTINUOUS
10
1.1808661811023622
20
2.4874803149606297
11
1.1808661417322834
21
2.487480275590551
0
LINE
8
BLACK
6
CONTINUOUS
10
0.8407086614173228
20
2.4902361811023623
11
0.8407086614173228
21
2.4803937007874017
0
LINE
8
BLACK
6
CONTINUOUS
10
0.8407086614173228
20
2.4803937007874017
11
0.8607086614173228
21
2.4803937007874017
0
LINE
8
BLACK
6
CONTINUOUS
10
0.8607086614173228
20
2.4803937007874017
11
0.8607086614173228
21
2.4603937007874017
0
LINE
8
BLACK
6
CONTINUOUS
10
0.8607086614173228
20
2.4603937007874017
11
0.8705511417322834
21
2.4603937007874017
0
LINE
8
BLACK
6
CONTINUOUS
10
0.8705511417322834
20
2.4603937007874017
11
0.8705511811023622
21
2.4603937401574805
0
LINE
8
BLACK
6
CONTINUOUS
10
0.8705511811023622
20
2.4603937401574805
11
0.8705511811023622
21
2.4786072834645667
0
LINE
8
BLACK
6
CONTINUOUS
10
0.8705511811023622
20
2.4786072834645667
11
0.8705511811023622
21
2.4813631102362206
0
LINE
8
BLACK
6
CONTINUOUS
10
0.8705511811023622
20
2.4813631102362206
11
0.8705511417322834
21
2.4813631889763781
0
LINE
8
BLACK
6
CONTINUOUS
10
0.8705511417322834
20
2.4813631889763781
11
0.8699800393700787
21
2.4842341338582679
0
LINE
8
BLACK
6
CONTINUOUS
10
0.8699800393700787
20
2.4842341338582679
11
0.86998
21
2.4842342125984254
0
LINE
8
BLACK
6
CONTINUOUS
10
0.86998
20
2.4842342125984254
11
0.8678047637795275
21
2.4874896850393702
0
LINE
8
BLACK
6
CONTINUOUS
10
0.8678047637795275
20
2.4874896850393702
11
0.8678046062992126
21
2.4874898425196852
0
LINE
8
BLACK
6
CONTINUOUS
10
0.8678046062992126
20
2.4874898425196852
11
0.8645491338582677
21
2.4896650787401575
0
LINE
8
BLACK
6
CONTINUOUS
10
0.8645491338582677
20
2.4896650787401575
11
0.8645490551181102
21
2.4896651181102363
0
LINE
8
BLACK
6
CONTINUOUS
10
0.8645490551181102
20
2.4896651181102363
11
0.8616781102362204
21
2.4902362204724411
0
LINE
8
BLACK
6
CONTINUOUS
10
0.8616781102362204
20
2.4902362204724411
11
0.8407087007874016
21
2.4902362204724411
0
LINE
8
BLACK
6
CONTINUOUS
10
0.8407087007874016
20
2.4902362204724411
11
0.8407086614173228
21
2.4902361811023623
0
LINE
8
BLACK
6
CONTINUOUS
10
1.0678937007874016
20
-0.0162415748031496
11
1.0690905118110237
21
-0.0230290157480315
0
LINE
8
BLACK
6
CONTINUOUS
10
1.0690905118110237
20
-0.0230290157480315
11
1.0690906299212599
21
-0.0230294488188976
0
LINE
8
BLACK
6
CONTINUOUS
10
1.0690906299212599
20
-0.0230294488188976
11
1.0714477559055118
21
-0.0295055511811024
0
LINE
8
BLACK
6
CONTINUOUS
10
1.0714477559055118
20
-0.0295055511811024
11
1.0714478346456693
21
-0.0295057086614173
0
LINE
8
BLACK
6
CONTINUOUS
10
1.0714478346456693
20
-0.0295057086614173
11
1.0748940157480316
21
-0.0354746062992126
0
LINE
8
BLACK
6
CONTINUOUS
10
1.0748940157480316
20
-0.0354746062992126
11
1.0793242913385825
21
-0.0407544488188976
0
LINE
8
BLACK
6
CONTINUOUS
10
1.0793242913385825
20
-0.0407544488188976
11
1.0846041338582677
21
-0.0451847244094488
0
LINE
8
BLACK
6
CONTINUOUS
10
1.0846041338582677
20
-0.0451847244094488
11
1.0905730314960629
21
-0.048630905511811
0
LINE
8
BLACK
6
CONTINUOUS
10
1.0905730314960629
20
-0.048630905511811
11
1.0970496850393701
21
-0.0509882283464567
0
LINE
8
BLACK
6
CONTINUOUS
10
1.0970496850393701
20
-0.0509882283464567
11
1.1038373228346456
21
-0.0521850393700787
0
LINE
8
BLACK
6
CONTINUOUS
10
1.1038373228346456
20
-0.0521850393700787
11
1.1038373622047244
21
-0.0521850393700787
0
LINE
8
BLACK
6
CONTINUOUS
10
1.1038373622047244
20
-0.0521850393700787
11
1.1658476771653543
21
-0.0521850393700787
0
LINE
8
BLACK
6
CONTINUOUS
10
1.1658476771653543
20
-0.0521850393700787
11
1.1658477165354331
21
-0.0521850393700787
0
LINE
8
BLACK
6
CONTINUOUS
10
1.1658477165354331
20
-0.0521850393700787
11
1.1726353543307086
21
-0.0509882283464567
0
LINE
8
BLACK
6
CONTINUOUS
10
1.1726353543307086
20
-0.0509882283464567
11
1.1791120078740158
21
-0.048630905511811
0
LINE
8
BLACK
6
CONTINUOUS
10
1.1791120078740158
20
-0.048630905511811
11
1.185080905511811
21
-0.0451847244094488
0
LINE
8
BLACK
6
CONTINUOUS
10
1.185080905511811
20
-0.0451847244094488
11
1.1903607480314959
21
-0.0407544488188976
0
LINE
8
BLACK
6
CONTINUOUS
10
1.1903607480314959
20
-0.0407544488188976
11
1.1947910236220471
21
-0.0354746062992126
0
LINE
8
BLACK
6
CONTINUOUS
10
1.1947910236220471
20
-0.0354746062992126
11
1.1982372047244094
21
-0.0295057086614173
0
LINE
8
BLACK
6
CONTINUOUS
10
1.1982372047244094
20
-0.0295057086614173
11
1.200594527559055
21
-0.0230290551181102
0
LINE
8
BLACK
6
CONTINUOUS
10
1.200594527559055
20
-0.0230290551181102
11
1.2017913385826771
21
-0.0162414173228346
0
LINE
8
BLACK
6
CONTINUOUS
10
1.2017913385826771
20
-0.0162414173228346
11
1.2017913385826771
21
-0.0127952755905512
0
LINE
8
BLACK
6
CONTINUOUS
10
1.2017913385826771
20
-0.0127952755905512
11
1.2017913385826771
21
-0.0102011023622047
0
LINE
8
BLACK
6
CONTINUOUS
10
1.2017913385826771
20
-0.0102011023622047
11
1.2017913385826771
21
0.0370429921259843
0
LINE
8
BLACK
6
CONTINUOUS
10
1.2017913385826771
20
0.0370429921259843
11
1.2017913385826771
21
0.0378949606299213
0
LINE
8
BLACK
6
CONTINUOUS
10
1.2017913385826771
20
0.0378949606299213
11
1.200594527559055
21
0.0446825984251968
0
LINE
8
BLACK
6
CONTINUOUS
10
1.200594527559055
20
0.0446825984251968
11
1.1982372047244094
21
0.0511592519685039
0
LINE
8
BLACK
6
CONTINUOUS
10
1.1982372047244094
20
0.0511592519685039
11
1.1947910236220471
21
0.0571281496062992
0
LINE
8
BLACK
6
CONTINUOUS
10
1.1947910236220471
20
0.0571281496062992
11
1.1903607480314959
21
0.0624079921259843
0
LINE
8
BLACK
6
CONTINUOUS
10
1.1903607480314959
20
0.0624079921259843
11
1.185080905511811
21
0.0668382677165354
0
LINE
8
BLACK
6
CONTINUOUS
10
1.185080905511811
20
0.0668382677165354
11
1.1791120078740158
21
0.0702844488188976
0
LINE
8
BLACK
6
CONTINUOUS
10
1.1791120078740158
20
0.0702844488188976
11
1.1791118503937008
21
0.0702845275590551
0
LINE
8
BLACK
6
CONTINUOUS
10
1.1791118503937008
20
0.0702845275590551
11
1.172635748031496
21
0.0726416535433071
0
LINE
8
BLACK
6
CONTINUOUS
10
1.172635748031496
20
0.0726416535433071
11
1.1726354330708662
21
0.0726417322834646
0
LINE
8
BLACK
6
CONTINUOUS
10
1.1726354330708662
20
0.0726417322834646
11
1.1726353543307086
21
0.0726417716535433
0
LINE
8
BLACK
6
CONTINUOUS
10
1.1726353543307086
20
0.0726417716535433
11
1.1712777952755906
21
0.0728811417322835
0
LINE
8
BLACK
6
CONTINUOUS
10
1.1712777952755906
20
0.0728811417322835
11
1.1658478740157481
21
0.0738385826771654
0
LINE
8
BLACK
6
CONTINUOUS
10
1.1658478740157481
20
0.0738385826771654
11
1.1658477165354331
21
0.0738385826771654
0
LINE
8
BLACK
6
CONTINUOUS
10
1.1658477165354331
20
0.0738385826771654
11
1.1649957480314961
21
0.0738385826771654
0
LINE
8
BLACK
6
CONTINUOUS
10
1.1649957480314961
20
0.0738385826771654
11
1.1098776377952755
21
0.0738385826771654
0
LINE
8
BLACK
6
CONTINUOUS
10
1.1098776377952755
20
0.0738385826771654
11
1.1072834645669292
21
0.0738385826771654
0
LINE
8
BLACK
6
CONTINUOUS
10
1.1072834645669292
20
0.0738385826771654
11
1.1038373228346456
21
0.0738385826771654
0
LINE
8
BLACK
6
CONTINUOUS
10
1.1038373228346456
20
0.0738385826771654
11
1.1038371259842519
21
0.0738385826771654
0
LINE
8
BLACK
6
CONTINUOUS
10
1.1038371259842519
20
0.0738385826771654
11
1.0970496850393701
21
0.0726417716535433
0
LINE
8
BLACK
6
CONTINUOUS
10
1.0970496850393701
20
0.0726417716535433
11
1.097049251968504
21
0.0726416535433071
0
LINE
8
BLACK
6
CONTINUOUS
10
1.097049251968504
20
0.0726416535433071
11
1.0905731496062991
21
0.0702845275590551
0
LINE
8
BLACK
6
CONTINUOUS
10
1.0905731496062991
20
0.0702845275590551
11
1.0905729133858268
21
0.0702844094488189
0
LINE
8
BLACK
6
CONTINUOUS
10
1.0905729133858268
20
0.0702844094488189
11
1.0846041732283465
21
0.0668383070866142
0
LINE
8
BLACK
6
CONTINUOUS
10
1.0846041732283465
20
0.0668383070866142
11
1.0793243307086613
21
0.062408031496063
0
LINE
8
BLACK
6
CONTINUOUS
10
1.0793243307086613
20
0.062408031496063
11
1.079324251968504
21
0.0624079527559055
0
LINE
8
BLACK
6
CONTINUOUS
10
1.079324251968504
20
0.0624079527559055
11
1.0748939763779528
21
0.0571281102362205
0
LINE
8
BLACK
6
CONTINUOUS
10
1.0748939763779528
20
0.0571281102362205
11
1.071447874015748
21
0.0511593700787402
0
LINE
8
BLACK
6
CONTINUOUS
10
1.071447874015748
20
0.0511593700787402
11
1.0714477559055118
21
0.0511591338582677
0
LINE
8
BLACK
6
CONTINUOUS
10
1.0714477559055118
20
0.0511591338582677
11
1.0690906299212599
21
0.044683031496063
0
LINE
8
BLACK
6
CONTINUOUS
10
1.0690906299212599
20
0.044683031496063
11
1.0690905118110237
21
0.0446825984251968
0
LINE
8
BLACK
6
CONTINUOUS
10
1.0690905118110237
20
0.0446825984251968
11
1.0678937007874016
21
0.037895157480315
0
LINE
8
BLACK
6
CONTINUOUS
10
1.0678937007874016
20
0.037895157480315
11
1.0678937007874016
21
-0.0162415748031496
0
LINE
8
BLACK
6
CONTINUOUS
10
0.0101574803149606
20
0.3446457086614173
11
0.0101575196850394
21
0.3446456692913386
0
LINE
8
BLACK
6
CONTINUOUS
10
0.0101575196850394
20
0.3446456692913386
11
0.02
21
0.3446456692913386
0
LINE
8
BLACK
6
CONTINUOUS
10
0.02
20
0.3446456692913386
11
0.02
21
0.3646456692913386
0
LINE
8
BLACK
6
CONTINUOUS
10
0.02
20
0.3646456692913386
11
0.04
21
0.3646456692913386
0
LINE
8
BLACK
6
CONTINUOUS
10
0.04
20
0.3646456692913386
11
0.04
21
0.3744881496062992
0
LINE
8
BLACK
6
CONTINUOUS
10
0.04
20
0.3744881496062992
11
0.0399999606299213
21
0.3744881889763779
0
LINE
8
BLACK
6
CONTINUOUS
10
0.0399999606299213
20
0.3744881889763779
11
0.0190305118110236
21
0.3744881889763779
0
LINE
8
BLACK
6
CONTINUOUS
10
0.0190305118110236
20
0.3744881889763779
11
0.0161595669291339
21
0.3739170866141732
0
LINE
8
BLACK
6
CONTINUOUS
10
0.0161595669291339
20
0.3739170866141732
11
0.0161594881889764
21
0.3739170472440945
0
LINE
8
BLACK
6
CONTINUOUS
10
0.0161594881889764
20
0.3739170472440945
11
0.0129040157480315
21
0.371741811023622
0
LINE
8
BLACK
6
CONTINUOUS
10
0.0129040157480315
20
0.371741811023622
11
0.0129038582677165
21
0.3717416535433071
0
LINE
8
BLACK
6
CONTINUOUS
10
0.0129038582677165
20
0.3717416535433071
11
0.0107286220472441
21
0.3684861811023622
0
LINE
8
BLACK
6
CONTINUOUS
10
0.0107286220472441
20
0.3684861811023622
11
0.0107285826771654
21
0.3684861023622047
0
LINE
8
BLACK
6
CONTINUOUS
10
0.0107285826771654
20
0.3684861023622047
11
0.0101574803149606
21
0.365615157480315
0
LINE
8
BLACK
6
CONTINUOUS
10
0.0101574803149606
20
0.365615157480315
11
0.0101574803149606
21
0.3446457086614173
0
LINE
8
BLACK
6
CONTINUOUS
10
1.9101574803149606
20
0.3446457086614173
11
1.9101575196850393
21
0.3446456692913386
0
LINE
8
BLACK
6
CONTINUOUS
10
1.9101575196850393
20
0.3446456692913386
11
1.9199999999999999
21
0.3446456692913386
0
LINE
8
BLACK
6
CONTINUOUS
10
1.9199999999999999
20
0.3446456692913386
11
1.9199999999999999
21
0.3646456692913386
0
LINE
8
BLACK
6
CONTINUOUS
10
1.9199999999999999
20
0.3646456692913386
11
1.9399999999999999
21
0.3646456692913386
0
LINE
8
BLACK
6
CONTINUOUS
10
1.9399999999999999
20
0.3646456692913386
11
1.9399999999999999
21
0.3744881496062992
0
LINE
8
BLACK
6
CONTINUOUS
10
1.9399999999999999
20
0.3744881496062992
11
1.9399999606299212
21
0.3744881889763779
0
LINE
8
BLACK
6
CONTINUOUS
10
1.9399999606299212
20
0.3744881889763779
11
1.9190305118110236
21
0.3744881889763779
0
LINE
8
BLACK
6
CONTINUOUS
10
1.9190305118110236
20
0.3744881889763779
11
1.9161595669291338
21
0.3739170866141732
0
LINE
8
BLACK
6
CONTINUOUS
10
1.9161595669291338
20
0.3739170866141732
11
1.9161594881889763
21
0.3739170472440945
0
LINE
8
BLACK
6
CONTINUOUS
10
1.9161594881889763
20
0.3739170472440945
11
1.9129040157480315
21
0.371741811023622
0
LINE
8
BLACK
6
CONTINUOUS
10
1.9129040157480315
20
0.371741811023622
11
1.9129038582677165
21
0.3717416535433071
0
LINE
8
BLACK
6
CONTINUOUS
10
1.9129038582677165
20
0.3717416535433071
11
1.9107286220472441
21
0.3684861811023622
0
LINE
8
BLACK
6
CONTINUOUS
10
1.9107286220472441
20
0.3684861811023622
11
1.9107285826771654
21
0.3684861023622047
0
LINE
8
BLACK
6
CONTINUOUS
10
1.9107285826771654
20
0.3684861023622047
11
1.9101574803149606
21
0.365615157480315
0
LINE
8
BLACK
6
CONTINUOUS
10
1.9101574803149606
20
0.365615157480315
11
1.9101574803149606
21
0.3446457086614173
0
LINE
8
BLACK
6
CONTINUOUS
10
0.509763779527559
20
2.0296850787401572
11
0.5097638188976378
21
2.0296850393700785
0
LINE
8
BLACK
6
CONTINUOUS
10
0.5097638188976378
20
2.0296850393700785
11
0.5196062992125984
21
2.0296850393700785
0
LINE
8
BLACK
6
CONTINUOUS
10
0.5196062992125984
20
2.0296850393700785
11
0.5196062992125984
21
2.0496850393700785
0
LINE
8
BLACK
6
CONTINUOUS
10
0.5196062992125984
20
2.0496850393700785
11
0.5396062992125984
21
2.0496850393700785
0
LINE
8
BLACK
6
CONTINUOUS
10
0.5396062992125984
20
2.0496850393700785
11
0.5396062992125984
21
2.0595275196850391
0
LINE
8
BLACK
6
CONTINUOUS
10
0.5396062992125984
20
2.0595275196850391
11
0.5396062598425196
21
2.0595275590551179
0
LINE
8
BLACK
6
CONTINUOUS
10
0.5396062598425196
20
2.0595275590551179
11
0.518636811023622
21
2.0595275590551179
0
LINE
8
BLACK
6
CONTINUOUS
10
0.518636811023622
20
2.0595275590551179
11
0.5157658661417323
21
2.0589564566929135
0
LINE
8
BLACK
6
CONTINUOUS
10
0.5157658661417323
20
2.0589564566929135
11
0.5157657874015747
21
2.0589564173228347
0
LINE
8
BLACK
6
CONTINUOUS
10
0.5157657874015747
20
2.0589564173228347
11
0.5125103149606299
21
2.056781181102362
0
LINE
8
BLACK
6
CONTINUOUS
10
0.5125103149606299
20
2.056781181102362
11
0.5125101574803149
21
2.0567810236220474
0
LINE
8
BLACK
6
CONTINUOUS
10
0.5125101574803149
20
2.0567810236220474
11
0.5103349212598425
21
2.0535255511811021
0
LINE
8
BLACK
6
CONTINUOUS
10
0.5103349212598425
20
2.0535255511811021
11
0.5103348818897637
21
2.0535254724409446
0
LINE
8
BLACK
6
CONTINUOUS
10
0.5103348818897637
20
2.0535254724409446
11
0.509763779527559
21
2.0506545275590549
0
LINE
8
BLACK
6
CONTINUOUS
10
0.509763779527559
20
2.0506545275590549
11
0.509763779527559
21
2.0296850787401572
0
LINE
8
BLACK
6
CONTINUOUS
10
1.409763779527559
20
2.0296850787401572
11
1.4097638188976378
21
2.0296850393700785
0
LINE
8
BLACK
6
CONTINUOUS
10
1.4097638188976378
20
2.0296850393700785
11
1.4196062992125984
21
2.0296850393700785
0
LINE
8
BLACK
6
CONTINUOUS
10
1.4196062992125984
20
2.0296850393700785
11
1.4196062992125984
21
2.0496850393700785
0
LINE
8
BLACK
6
CONTINUOUS
10
1.4196062992125984
20
2.0496850393700785
11
1.4396062992125984
21
2.0496850393700785
0
LINE
8
BLACK
6
CONTINUOUS
10
1.4396062992125984
20
2.0496850393700785
11
1.4396062992125984
21
2.0595275196850391
0
LINE
8
BLACK
6
CONTINUOUS
10
1.4396062992125984
20
2.0595275196850391
11
1.4396062598425197
21
2.0595275590551179
0
LINE
8
BLACK
6
CONTINUOUS
10
1.4396062598425197
20
2.0595275590551179
11
1.418636811023622
21
2.0595275590551179
0
LINE
8
BLACK
6
CONTINUOUS
10
1.418636811023622
20
2.0595275590551179
11
1.4157658661417323
21
2.0589564566929135
0
LINE
8
BLACK
6
CONTINUOUS
10
1.4157658661417323
20
2.0589564566929135
11
1.4157657874015748
21
2.0589564173228347
0
LINE
8
BLACK
6
CONTINUOUS
10
1.4157657874015748
20
2.0589564173228347
11
1.41251031496063
21
2.056781181102362
0
LINE
8
BLACK
6
CONTINUOUS
10
1.41251031496063
20
2.056781181102362
11
1.4125101574803149
21
2.0567810236220474
0
LINE
8
BLACK
6
CONTINUOUS
10
1.4125101574803149
20
2.0567810236220474
11
1.4103349212598424
21
2.0535255511811021
0
LINE
8
BLACK
6
CONTINUOUS
10
1.4103349212598424
20
2.0535255511811021
11
1.4103348818897639
21
2.0535254724409446
0
LINE
8
BLACK
6
CONTINUOUS
10
1.4103348818897639
20
2.0535254724409446
11
1.409763779527559
21
2.0506545275590549
0
LINE
8
BLACK
6
CONTINUOUS
10
1.409763779527559
20
2.0506545275590549
11
1.409763779527559
21
2.0296850787401572
0
LINE
8
BLACK
6
CONTINUOUS
10
1.609763779527559
20
2.0296850787401572
11
1.6097638188976378
21
2.0296850393700785
0
LINE
8
BLACK
6
CONTINUOUS
10
1.6097638188976378
20
2.0296850393700785
11
1.6196062992125984
21
2.0296850393700785
0
LINE
8
BLACK
6
CONTINUOUS
10
1.6196062992125984
20
2.0296850393700785
11
1.6196062992125984
21
2.0496850393700785
0
LINE
8
BLACK
6
CONTINUOUS
10
1.6196062992125984
20
2.0496850393700785
11
1.6396062992125984
21
2.0496850393700785
0
LINE
8
BLACK
6
CONTINUOUS
10
1.6396062992125984
20
2.0496850393700785
11
1.6396062992125984
21
2.0595275196850391
0
LINE
8
BLACK
6
CONTINUOUS
10
1.6396062992125984
20
2.0595275196850391
11
1.6396062598425196
21
2.0595275590551179
0
LINE
8
BLACK
6
CONTINUOUS
10
1.6396062598425196
20
2.0595275590551179
11
1.618636811023622
21
2.0595275590551179
0
LINE
8
BLACK
6
CONTINUOUS
10
1.618636811023622
20
2.0595275590551179
11
1.6157658661417322
21
2.0589564566929135
0
LINE
8
BLACK
6
CONTINUOUS
10
1.6157658661417322
20
2.0589564566929135
11
1.6157657874015747
21
2.0589564173228347
0
LINE
8
BLACK
6
CONTINUOUS
10
1.6157657874015747
20
2.0589564173228347
11
1.6125103149606299
21
2.056781181102362
0
LINE
8
BLACK
6
CONTINUOUS
10
1.6125103149606299
20
2.056781181102362
11
1.6125101574803149
21
2.0567810236220474
0
LINE
8
BLACK
6
CONTINUOUS
10
1.6125101574803149
20
2.0567810236220474
11
1.6103349212598426
21
2.0535255511811021
0
LINE
8
BLACK
6
CONTINUOUS
10
1.6103349212598426
20
2.0535255511811021
11
1.6103348818897638
21
2.0535254724409446
0
LINE
8
BLACK
6
CONTINUOUS
10
1.6103348818897638
20
2.0535254724409446
11
1.609763779527559
21
2.0506545275590549
0
LINE
8
BLACK
6
CONTINUOUS
10
1.609763779527559
20
2.0506545275590549
11
1.609763779527559
21
2.0296850787401572
0
LINE
8
BLACK
6
CONTINUOUS
10
1.7097637795275591
20
2.0296850787401572
11
1.7097638188976378
21
2.0296850393700785
0
LINE
8
BLACK
6
CONTINUOUS
10
1.7097638188976378
20
2.0296850393700785
11
1.7196062992125984
21
2.0296850393700785
0
LINE
8
BLACK
6
CONTINUOUS
10
1.7196062992125984
20
2.0296850393700785
11
1.7196062992125984
21
2.0496850393700785
0
LINE
8
BLACK
6
CONTINUOUS
10
1.7196062992125984
20
2.0496850393700785
11
1.7396062992125985
21
2.0496850393700785
0
LINE
8
BLACK
6
CONTINUOUS
10
1.7396062992125985
20
2.0496850393700785
11
1.7396062992125985
21
2.0595275196850391
0
LINE
8
BLACK
6
CONTINUOUS
10
1.7396062992125985
20
2.0595275196850391
11
1.7396062598425197
21
2.0595275590551179
0
LINE
8
BLACK
6
CONTINUOUS
10
1.7396062598425197
20
2.0595275590551179
11
1.7186368110236221
21
2.0595275590551179
0
LINE
8
BLACK
6
CONTINUOUS
10
1.7186368110236221
20
2.0595275590551179
11
1.7157658661417323
21
2.0589564566929135
0
LINE
8
BLACK
6
CONTINUOUS
10
1.7157658661417323
20
2.0589564566929135
11
1.7157657874015748
21
2.0589564173228347
0
LINE
8
BLACK
6
CONTINUOUS
10
1.7157657874015748
20
2.0589564173228347
11
1.7125103149606298
21
2.056781181102362
0
LINE
8
BLACK
6
CONTINUOUS
10
1.7125103149606298
20
2.056781181102362
11
1.712510157480315
21
2.0567810236220474
0
LINE
8
BLACK
6
CONTINUOUS
10
1.712510157480315
20
2.0567810236220474
11
1.7103349212598424
21
2.0535255511811021
0
LINE
8
BLACK
6
CONTINUOUS
10
1.7103349212598424
20
2.0535255511811021
11
1.7103348818897637
21
2.0535254724409446
0
LINE
8
BLACK
6
CONTINUOUS
10
1.7103348818897637
20
2.0535254724409446
11
1.7097637795275591
21
2.0506545275590549
0
LINE
8
BLACK
6
CONTINUOUS
10
1.7097637795275591
20
2.0506545275590549
11
1.7097637795275591
21
2.0296850787401572
0
LINE
8
BLACK
6
CONTINUOUS
10
0.9310236220472441
20
2.3576378346456695
11
0.9310236614173228
21
2.3576377952755907
0
LINE
8
BLACK
6
CONTINUOUS
10
0.9310236614173228
20
2.3576377952755907
11
0.9408661417322834
21
2.3576377952755907
0
LINE
8
BLACK
6
CONTINUOUS
10
0.9408661417322834
20
2.3576377952755907
11
0.9408661417322834
21
2.3776377952755907
0
LINE
8
BLACK
6
CONTINUOUS
10
0.9408661417322834
20
2.3776377952755907
11
0.9608661417322835
21
2.3776377952755907
0
LINE
8
BLACK
6
CONTINUOUS
10
0.9608661417322835
20
2.3776377952755907
11
0.9608661417322835
21
2.3874802755905513
0
LINE
8
BLACK
6
CONTINUOUS
10
0.9608661417322835
20
2.3874802755905513
11
0.9608661023622047
21
2.3874803149606301
0
LINE
8
BLACK
6
CONTINUOUS
10
0.9608661023622047
20
2.3874803149606301
11
0.9398966535433071
21
2.3874803149606301
0
LINE
8
BLACK
6
CONTINUOUS
10
0.9398966535433071
20
2.3874803149606301
11
0.9370257086614173
21
2.3869092125984253
0
LINE
8
BLACK
6
CONTINUOUS
10
0.9370257086614173
20
2.3869092125984253
11
0.9370256299212598
21
2.3869091732283465
0
LINE
8
BLACK
6
CONTINUOUS
10
0.9370256299212598
20
2.3869091732283465
11
0.9337701574803149
21
2.3847339370078742
0
LINE
8
BLACK
6
CONTINUOUS
10
0.9337701574803149
20
2.3847339370078742
11
0.93377
21
2.3847337795275592
0
LINE
8
BLACK
6
CONTINUOUS
10
0.93377
20
2.3847337795275592
11
0.9315947637795275
21
2.3814783070866139
0
LINE
8
BLACK
6
CONTINUOUS
10
0.9315947637795275
20
2.3814783070866139
11
0.9315947244094488
21
2.3814782283464568
0
LINE
8
BLACK
6
CONTINUOUS
10
0.9315947244094488
20
2.3814782283464568
11
0.9310236220472441
21
2.3786072834645671
0
LINE
8
BLACK
6
CONTINUOUS
10
0.9310236220472441
20
2.3786072834645671
11
0.9310236220472441
21
2.3576378346456695
0
LINE
8
BLACK
6
CONTINUOUS
10
1.131023622047244
20
2.3576378346456695
11
1.1310236614173228
21
2.3576377952755907
0
LINE
8
BLACK
6
CONTINUOUS
10
1.1310236614173228
20
2.3576377952755907
11
1.1408661417322834
21
2.3576377952755907
0
LINE
8
BLACK
6
CONTINUOUS
10
1.1408661417322834
20
2.3576377952755907
11
1.1408661417322834
21
2.3776377952755907
0
LINE
8
BLACK
6
CONTINUOUS
10
1.1408661417322834
20
2.3776377952755907
11
1.1608661417322834
21
2.3776377952755907
0
LINE
8
BLACK
6
CONTINUOUS
10
1.1608661417322834
20
2.3776377952755907
11
1.1608661417322834
21
2.3874802755905513
0
LINE
8
BLACK
6
CONTINUOUS
10
1.1608661417322834
20
2.3874802755905513
11
1.1608661023622047
21
2.3874803149606301
0
LINE
8
BLACK
6
CONTINUOUS
10
1.1608661023622047
20
2.3874803149606301
11
1.139896653543307
21
2.3874803149606301
0
LINE
8
BLACK
6
CONTINUOUS
10
1.139896653543307
20
2.3874803149606301
11
1.1370257086614173
21
2.3869092125984253
0
LINE
8
BLACK
6
CONTINUOUS
10
1.1370257086614173
20
2.3869092125984253
11
1.1370256299212598
21
2.3869091732283465
0
LINE
8
BLACK
6
CONTINUOUS
10
1.1370256299212598
20
2.3869091732283465
11
1.133770157480315
21
2.3847339370078742
0
LINE
8
BLACK
6
CONTINUOUS
10
1.133770157480315
20
2.3847339370078742
11
1.1337699999999999
21
2.3847337795275592
0
LINE
8
BLACK
6
CONTINUOUS
10
1.1337699999999999
20
2.3847337795275592
11
1.1315947637795276
21
2.3814783070866139
0
LINE
8
BLACK
6
CONTINUOUS
10
1.1315947637795276
20
2.3814783070866139
11
1.1315947244094489
21
2.3814782283464568
0
LINE
8
BLACK
6
CONTINUOUS
10
1.1315947244094489
20
2.3814782283464568
11
1.131023622047244
21
2.3786072834645671
0
LINE
8
BLACK
6
CONTINUOUS
10
1.131023622047244
20
2.3786072834645671
11
1.131023622047244
21
2.3576378346456695
0
LINE
8
BLACK
6
CONTINUOUS
10
1.2798425196850394
20
2.3576378346456695
11
1.2798425590551181
21
2.3576377952755907
0
LINE
8
BLACK
6
CONTINUOUS
10
1.2798425590551181
20
2.3576377952755907
11
1.2896850393700787
21
2.3576377952755907
0
LINE
8
BLACK
6
CONTINUOUS
10
1.2896850393700787
20
2.3576377952755907
11
1.2896850393700787
21
2.3776377952755907
0
LINE
8
BLACK
6
CONTINUOUS
10
1.2896850393700787
20
2.3776377952755907
11
1.3096850393700787
21
2.3776377952755907
0
LINE
8
BLACK
6
CONTINUOUS
10
1.3096850393700787
20
2.3776377952755907
11
1.3096850393700787
21
2.3874802755905513
0
LINE
8
BLACK
6
CONTINUOUS
10
1.3096850393700787
20
2.3874802755905513
11
1.309685
21
2.3874803149606301
0
LINE
8
BLACK
6
CONTINUOUS
10
1.309685
20
2.3874803149606301
11
1.2887155511811024
21
2.3874803149606301
0
LINE
8
BLACK
6
CONTINUOUS
10
1.2887155511811024
20
2.3874803149606301
11
1.2858446062992126
21
2.3869092125984253
0
LINE
8
BLACK
6
CONTINUOUS
10
1.2858446062992126
20
2.3869092125984253
11
1.2858445275590551
21
2.3869091732283465
0
LINE
8
BLACK
6
CONTINUOUS
10
1.2858445275590551
20
2.3869091732283465
11
1.2825890551181103
21
2.3847339370078742
0
LINE
8
BLACK
6
CONTINUOUS
10
1.2825890551181103
20
2.3847339370078742
11
1.2825888976377953
21
2.3847337795275592
0
LINE
8
BLACK
6
CONTINUOUS
10
1.2825888976377953
20
2.3847337795275592
11
1.2804136614173227
21
2.3814783070866139
0
LINE
8
BLACK
6
CONTINUOUS
10
1.2804136614173227
20
2.3814783070866139
11
1.280413622047244
21
2.3814782283464568
0
LINE
8
BLACK
6
CONTINUOUS
10
1.280413622047244
20
2.3814782283464568
11
1.2798425196850394
21
2.3786072834645671
0
LINE
8
BLACK
6
CONTINUOUS
10
1.2798425196850394
20
2.3786072834645671
11
1.2798425196850394
21
2.3576378346456695
0
LINE
8
BLACK
6
CONTINUOUS
10
1.6798425196850393
20
2.3576378346456695
11
1.679842559055118
21
2.3576377952755907
0
LINE
8
BLACK
6
CONTINUOUS
10
1.679842559055118
20
2.3576377952755907
11
1.6896850393700786
21
2.3576377952755907
0
LINE
8
BLACK
6
CONTINUOUS
10
1.6896850393700786
20
2.3576377952755907
11
1.6896850393700786
21
2.3776377952755907
0
LINE
8
BLACK
6
CONTINUOUS
10
1.6896850393700786
20
2.3776377952755907
11
1.7096850393700787
21
2.3776377952755907
0
LINE
8
BLACK
6
CONTINUOUS
10
1.7096850393700787
20
2.3776377952755907
11
1.7096850393700787
21
2.3874802755905513
0
LINE
8
BLACK
6
CONTINUOUS
10
1.7096850393700787
20
2.3874802755905513
11
1.7096849999999999
21
2.3874803149606301
0
LINE
8
BLACK
6
CONTINUOUS
10
1.7096849999999999
20
2.3874803149606301
11
1.6887155511811023
21
2.3874803149606301
0
LINE
8
BLACK
6
CONTINUOUS
10
1.6887155511811023
20
2.3874803149606301
11
1.6858446062992125
21
2.3869092125984253
0
LINE
8
BLACK
6
CONTINUOUS
10
1.6858446062992125
20
2.3869092125984253
11
1.685844527559055
21
2.3869091732283465
0
LINE
8
BLACK
6
CONTINUOUS
10
1.685844527559055
20
2.3869091732283465
11
1.6825890551181102
21
2.3847339370078742
0
LINE
8
BLACK
6
CONTINUOUS
10
1.6825890551181102
20
2.3847339370078742
11
1.6825888976377952
21
2.3847337795275592
0
LINE
8
BLACK
6
CONTINUOUS
10
1.6825888976377952
20
2.3847337795275592
11
1.6804136614173228
21
2.3814783070866139
0
LINE
8
BLACK
6
CONTINUOUS
10
1.6804136614173228
20
2.3814783070866139
11
1.6804136220472441
21
2.3814782283464568
0
LINE
8
BLACK
6
CONTINUOUS
10
1.6804136220472441
20
2.3814782283464568
11
1.6798425196850393
21
2.3786072834645671
0
LINE
8
BLACK
6
CONTINUOUS
10
1.6798425196850393
20
2.3786072834645671
11
1.6798425196850393
21
2.3576378346456695
0
LINE
8
BLACK
6
CONTINUOUS
10
0.9310236220472441
20
2.4576378346456691
11
0.9310236614173228
21
2.4576377952755903
0
LINE
8
BLACK
6
CONTINUOUS
10
0.9310236614173228
20
2.4576377952755903
11
0.9408661417322834
21
2.4576377952755903
0
LINE
8
BLACK
6
CONTINUOUS
10
0.9408661417322834
20
2.4576377952755903
11
0.9408661417322834
21
2.4776377952755904
0
LINE
8
BLACK
6
CONTINUOUS
10
0.9408661417322834
20
2.4776377952755904
11
0.9608661417322835
21
2.4776377952755904
0
LINE
8
BLACK
6
CONTINUOUS
10
0.9608661417322835
20
2.4776377952755904
11
0.9608661417322835
21
2.487480275590551
0
LINE
8
BLACK
6
CONTINUOUS
10
0.9608661417322835
20
2.487480275590551
11
0.9608661023622047
21
2.4874803149606297
0
LINE
8
BLACK
6
CONTINUOUS
10
0.9608661023622047
20
2.4874803149606297
11
0.9398966535433071
21
2.4874803149606297
0
LINE
8
BLACK
6
CONTINUOUS
10
0.9398966535433071
20
2.4874803149606297
11
0.9370257086614173
21
2.4869092125984253
0
LINE
8
BLACK
6
CONTINUOUS
10
0.9370257086614173
20
2.4869092125984253
11
0.9370256299212598
21
2.4869091732283466
0
LINE
8
BLACK
6
CONTINUOUS
10
0.9370256299212598
20
2.4869091732283466
11
0.9337701574803149
21
2.4847339370078738
0
LINE
8
BLACK
6
CONTINUOUS
10
0.9337701574803149
20
2.4847339370078738
11
0.93377
21
2.4847337795275588
0
LINE
8
BLACK
6
CONTINUOUS
10
0.93377
20
2.4847337795275588
11
0.9315947637795275
21
2.481478307086614
0
LINE
8
BLACK
6
CONTINUOUS
10
0.9315947637795275
20
2.481478307086614
11
0.9315947244094488
21
2.4814782283464565
0
LINE
8
BLACK
6
CONTINUOUS
10
0.9315947244094488
20
2.4814782283464565
11
0.9310236220472441
21
2.4786072834645667
0
LINE
8
BLACK
6
CONTINUOUS
10
0.9310236220472441
20
2.4786072834645667
11
0.9310236220472441
21
2.4576378346456691
0
LINE
8
BLACK
6
CONTINUOUS
10
1.131023622047244
20
2.4576378346456691
11
1.1310236614173228
21
2.4576377952755903
0
LINE
8
BLACK
6
CONTINUOUS
10
1.1310236614173228
20
2.4576377952755903
11
1.1408661417322834
21
2.4576377952755903
0
LINE
8
BLACK
6
CONTINUOUS
10
1.1408661417322834
20
2.4576377952755903
11
1.1408661417322834
21
2.4776377952755904
0
LINE
8
BLACK
6
CONTINUOUS
10
1.1408661417322834
20
2.4776377952755904
11
1.1608661417322834
21
2.4776377952755904
0
LINE
8
BLACK
6
CONTINUOUS
10
1.1608661417322834
20
2.4776377952755904
11
1.1608661417322834
21
2.487480275590551
0
LINE
8
BLACK
6
CONTINUOUS
10
1.1608661417322834
20
2.487480275590551
11
1.1608661023622047
21
2.4874803149606297
0
LINE
8
BLACK
6
CONTINUOUS
10
1.1608661023622047
20
2.4874803149606297
11
1.139896653543307
21
2.4874803149606297
0
LINE
8
BLACK
6
CONTINUOUS
10
1.139896653543307
20
2.4874803149606297
11
1.1370257086614173
21
2.4869092125984253
0
LINE
8
BLACK
6
CONTINUOUS
10
1.1370257086614173
20
2.4869092125984253
11
1.1370256299212598
21
2.4869091732283466
0
LINE
8
BLACK
6
CONTINUOUS
10
1.1370256299212598
20
2.4869091732283466
11
1.133770157480315
21
2.4847339370078738
0
LINE
8
BLACK
6
CONTINUOUS
10
1.133770157480315
20
2.4847339370078738
11
1.1337699999999999
21
2.4847337795275588
0
LINE
8
BLACK
6
CONTINUOUS
10
1.1337699999999999
20
2.4847337795275588
11
1.1315947637795276
21
2.481478307086614
0
LINE
8
BLACK
6
CONTINUOUS
10
1.1315947637795276
20
2.481478307086614
11
1.1315947244094489
21
2.4814782283464565
0
LINE
8
BLACK
6
CONTINUOUS
10
1.1315947244094489
20
2.4814782283464565
11
1.131023622047244
21
2.4786072834645667
0
LINE
8
BLACK
6
CONTINUOUS
10
1.131023622047244
20
2.4786072834645667
11
1.131023622047244
21
2.4576378346456691
0
LINE
8
BLACK
6
CONTINUOUS
10
1.2798425196850394
20
2.4576378346456691
11
1.2798425590551181
21
2.4576377952755903
0
LINE
8
BLACK
6
CONTINUOUS
10
1.2798425590551181
20
2.4576377952755903
11
1.2896850393700787
21
2.4576377952755903
0
LINE
8
BLACK
6
CONTINUOUS
10
1.2896850393700787
20
2.4576377952755903
11
1.2896850393700787
21
2.4776377952755904
0
LINE
8
BLACK
6
CONTINUOUS
10
1.2896850393700787
20
2.4776377952755904
11
1.3096850393700787
21
2.4776377952755904
0
LINE
8
BLACK
6
CONTINUOUS
10
1.3096850393700787
20
2.4776377952755904
11
1.3096850393700787
21
2.487480275590551
0
LINE
8
BLACK
6
CONTINUOUS
10
1.3096850393700787
20
2.487480275590551
11
1.309685
21
2.4874803149606297
0
LINE
8
BLACK
6
CONTINUOUS
10
1.309685
20
2.4874803149606297
11
1.2887155511811024
21
2.4874803149606297
0
LINE
8
BLACK
6
CONTINUOUS
10
1.2887155511811024
20
2.4874803149606297
11
1.2858446062992126
21
2.4869092125984253
0
LINE
8
BLACK
6
CONTINUOUS
10
1.2858446062992126
20
2.4869092125984253
11
1.2858445275590551
21
2.4869091732283466
0
LINE
8
BLACK
6
CONTINUOUS
10
1.2858445275590551
20
2.4869091732283466
11
1.2825890551181103
21
2.4847339370078738
0
LINE
8
BLACK
6
CONTINUOUS
10
1.2825890551181103
20
2.4847339370078738
11
1.2825888976377953
21
2.4847337795275588
0
LINE
8
BLACK
6
CONTINUOUS
10
1.2825888976377953
20
2.4847337795275588
11
1.2804136614173227
21
2.481478307086614
0
LINE
8
BLACK
6
CONTINUOUS
10
1.2804136614173227
20
2.481478307086614
11
1.280413622047244
21
2.4814782283464565
0
LINE
8
BLACK
6
CONTINUOUS
10
1.280413622047244
20
2.4814782283464565
11
1.2798425196850394
21
2.4786072834645667
0
LINE
8
BLACK
6
CONTINUOUS
10
1.2798425196850394
20
2.4786072834645667
11
1.2798425196850394
21
2.4576378346456691
0
LINE
8
BLACK
6
CONTINUOUS
10
1.6798425196850393
20
2.4576378346456691
11
1.679842559055118
21
2.4576377952755903
0
LINE
8
BLACK
6
CONTINUOUS
10
1.679842559055118
20
2.4576377952755903
11
1.6896850393700786
21
2.4576377952755903
0
LINE
8
BLACK
6
CONTINUOUS
10
1.6896850393700786
20
2.4576377952755903
11
1.6896850393700786
21
2.4776377952755904
0
LINE
8
BLACK
6
CONTINUOUS
10
1.6896850393700786
20
2.4776377952755904
11
1.7096850393700787
21
2.4776377952755904
0
LINE
8
BLACK
6
CONTINUOUS
10
1.7096850393700787
20
2.4776377952755904
11
1.7096850393700787
21
2.487480275590551
0
LINE
8
BLACK
6
CONTINUOUS
10
1.7096850393700787
20
2.487480275590551
11
1.7096849999999999
21
2.4874803149606297
0
LINE
8
BLACK
6
CONTINUOUS
10
1.7096849999999999
20
2.4874803149606297
11
1.6887155511811023
21
2.4874803149606297
0
LINE
8
BLACK
6
CONTINUOUS
10
1.6887155511811023
20
2.4874803149606297
11
1.6858446062992125
21
2.4869092125984253
0
LINE
8
BLACK
6
CONTINUOUS
10
1.6858446062992125
20
2.4869092125984253
11
1.685844527559055
21
2.4869091732283466
0
LINE
8
BLACK
6
CONTINUOUS
10
1.685844527559055
20
2.4869091732283466
11
1.6825890551181102
21
2.4847339370078738
0
LINE
8
BLACK
6
CONTINUOUS
10
1.6825890551181102
20
2.4847339370078738
11
1.6825888976377952
21
2.4847337795275588
0
LINE
8
BLACK
6
CONTINUOUS
10
1.6825888976377952
20
2.4847337795275588
11
1.6804136614173228
21
2.481478307086614
0
LINE
8
BLACK
6
CONTINUOUS
10
1.6804136614173228
20
2.481478307086614
11
1.6804136220472441
21
2.4814782283464565
0
LINE
8
BLACK
6
CONTINUOUS
10
1.6804136220472441
20
2.4814782283464565
11
1.6798425196850393
21
2.4786072834645667
0
LINE
8
BLACK
6
CONTINUOUS
10
1.6798425196850393
20
2.4786072834645667
11
1.6798425196850393
21
2.4576378346456691
0
LINE
8
BLACK
6
CONTINUOUS
10
0.7908661417322834
20
2.4603937401574805
11
0.7908661811023622
21
2.4603937007874017
0
LINE
8
BLACK
6
CONTINUOUS
10
0.7908661811023622
20
2.4603937007874017
11
0.8007086614173228
21
2.4603937007874017
0
LINE
8
BLACK
6
CONTINUOUS
10
0.8007086614173228
20
2.4603937007874017
11
0.8007086614173228
21
2.4803937007874017
0
LINE
8
BLACK
6
CONTINUOUS
10
0.8007086614173228
20
2.4803937007874017
11
0.8207086614173228
21
2.4803937007874017
0
LINE
8
BLACK
6
CONTINUOUS
10
0.8207086614173228
20
2.4803937007874017
11
0.8207086614173228
21
2.4902361811023623
0
LINE
8
BLACK
6
CONTINUOUS
10
0.8207086614173228
20
2.4902361811023623
11
0.820708622047244
21
2.4902362204724411
0
LINE
8
BLACK
6
CONTINUOUS
10
0.820708622047244
20
2.4902362204724411
11
0.7997391732283464
21
2.4902362204724411
0
LINE
8
BLACK
6
CONTINUOUS
10
0.7997391732283464
20
2.4902362204724411
11
0.7968682283464567
21
2.4896651181102363
0
LINE
8
BLACK
6
CONTINUOUS
10
0.7968682283464567
20
2.4896651181102363
11
0.7968681496062991
21
2.4896650787401575
0
LINE
8
BLACK
6
CONTINUOUS
10
0.7968681496062991
20
2.4896650787401575
11
0.7936126771653543
21
2.4874898425196852
0
LINE
8
BLACK
6
CONTINUOUS
10
0.7936126771653543
20
2.4874898425196852
11
0.7936125196850393
21
2.4874896850393702
0
LINE
8
BLACK
6
CONTINUOUS
10
0.7936125196850393
20
2.4874896850393702
11
0.7914372834645669
21
2.4842342125984254
0
LINE
8
BLACK
6
CONTINUOUS
10
0.7914372834645669
20
2.4842342125984254
11
0.7914372440944881
21
2.4842341338582679
0
LINE
8
BLACK
6
CONTINUOUS
10
0.7914372440944881
20
2.4842341338582679
11
0.7908661417322834
21
2.4813631889763781
0
LINE
8
BLACK
6
CONTINUOUS
10
0.7908661417322834
20
2.4813631889763781
11
0.7908661417322834
21
2.4603937401574805
0
CIRCLE
8
BLACK
10
0.4307086614173228
20
2.4476377952755906
40
0.0068897637795276
0
CIRCLE
8
BLACK
10
0.4307086614173228
20
2.3476377952755905
40
0.0068897637795276
0
CIRCLE
8
BLACK
10
0.3307086614173228
20
2.4476377952755906
40
0.0068897637795276
0
CIRCLE
8
BLACK
10
0.3307086614173228
20
2.3476377952755905
40
0.0068897637795276
0
CIRCLE
8
BLACK
10
0.2307086614173228
20
2.4476377952755906
40
0.0068897637795276
0
CIRCLE
8
BLACK
10
0.2307086614173228
20
2.3476377952755905
40
0.0068897637795276
0
CIRCLE
8
BLACK
10
2.
20
0.
40
0.0068897637795276
0
CIRCLE
8
BLACK
10
0.
20
0.
40
0.0068897637795276
0
CIRCLE
8
BLACK
10
1.3196850393700787
20
2.3476377952755905
40
0.0068897637795276
0
CIRCLE
8
BLACK
10
1.3196850393700787
20
2.4476377952755906
40
0.0068897637795276
0
CIRCLE
8
BLACK
10
1.4196850393700786
20
2.3476377952755905
40
0.0068897637795276
0
CIRCLE
8
BLACK
10
1.4196850393700786
20
2.4476377952755906
40
0.0068897637795276
0
CIRCLE
8
BLACK
10
1.5196850393700787
20
2.3476377952755905
40
0.0068897637795276
0
CIRCLE
8
BLACK
10
1.5196850393700787
20
2.4476377952755906
40
0.0068897637795276
0
CIRCLE
8
BLACK
10
1.6196850393700788
20
2.3476377952755905
40
0.0068897637795276
0
CIRCLE
8
BLACK
10
1.6196850393700788
20
2.4476377952755906
40
0.0068897637795276
0
CIRCLE
8
BLACK
10
1.7196850393700787
20
2.3476377952755905
40
0.0068897637795276
0
CIRCLE
8
BLACK
10
1.7196850393700787
20
2.4476377952755906
40
0.0068897637795276
0
CIRCLE
8
BLACK
10
0.8307086614173228
20
2.2503937007874013
40
0.0068897637795276
0
CIRCLE
8
BLACK
10
0.8307086614173228
20
2.3503937007874014
40
0.0068897637795276
0
CIRCLE
8
BLACK
10
0.8307086614173228
20
2.4503937007874015
40
0.0068897637795276
0
CIRCLE
8
BLACK
10
0.
20
2.401574803149606
40
0.0068897637795276
0
CIRCLE
8
BLACK
10
2.
20
2.401574803149606
40
0.0068897637795276
0
CIRCLE
8
BLACK
10
0.05
20
0.3346456692913386
40
0.0068897637795276
0
CIRCLE
8
BLACK
10
0.15
20
0.3346456692913386
40
0.0068897637795276
0
CIRCLE
8
BLACK
10
0.25
20
0.3346456692913386
40
0.0068897637795276
0
CIRCLE
8
BLACK
10
1.75
20
0.3346456692913386
40
0.0068897637795276
0
CIRCLE
8
BLACK
10
1.8499999999999999
20
0.3346456692913386
40
0.0068897637795276
0
CIRCLE
8
BLACK
10
1.95
20
0.3346456692913386
40
0.0068897637795276
0
CIRCLE
8
BLACK
10
1.9496062992125984
20
2.0196850393700787
40
0.0068897637795276
0
CIRCLE
8
BLACK
10
1.8496062992125983
20
2.0196850393700787
40
0.0068897637795276
0
CIRCLE
8
BLACK
10
1.7496062992125985
20
2.0196850393700787
40
0.0068897637795276
0
CIRCLE
8
BLACK
10
1.6496062992125984
20
2.0196850393700787
40
0.0068897637795276
0
CIRCLE
8
BLACK
10
1.5496062992125983
20
2.0196850393700787
40
0.0068897637795276
0
CIRCLE
8
BLACK
10
1.4496062992125984
20
2.0196850393700787
40
0.0068897637795276
0
CIRCLE
8
BLACK
10
1.3496062992125983
20
2.0196850393700787
40
0.0068897637795276
0
CIRCLE
8
BLACK
10
1.2496062992125985
20
2.0196850393700787
40
0.0068897637795276
0
CIRCLE
8
BLACK
10
1.1496062992125984
20
2.0196850393700787
40
0.0068897637795276
0
CIRCLE
8
BLACK
10
1.0496062992125983
20
2.0196850393700787
40
0.0068897637795276
0
CIRCLE
8
BLACK
10
0.9496062992125984
20
2.0196850393700787
40
0.0068897637795276
0
CIRCLE
8
BLACK
10
0.8496062992125984
20
2.0196850393700787
40
0.0068897637795276
0
CIRCLE
8
BLACK
10
0.7496062992125984
20
2.0196850393700787
40
0.0068897637795276
0
CIRCLE
8
BLACK
10
0.6496062992125984
20
2.0196850393700787
40
0.0068897637795276
0
CIRCLE
8
BLACK
10
0.5496062992125984
20
2.0196850393700787
40
0.0068897637795276
0
CIRCLE
8
BLACK
10
0.4496062992125984
20
2.0196850393700787
40
0.0068897637795276
0
CIRCLE
8
BLACK
10
0.3496062992125984
20
2.0196850393700787
40
0.0068897637795276
0
CIRCLE
8
BLACK
10
0.2496062992125984
20
2.0196850393700787
40
0.0068897637795276
0
CIRCLE
8
BLACK
10
0.1496062992125984
20
2.0196850393700787
40
0.0068897637795276
0
CIRCLE
8
BLACK
10
0.0496062992125984
20
2.0196850393700787
40
0.0068897637795276
0
CIRCLE
8
BLACK
10
1.1708661417322834
20
2.4476377952755906
40
0.0068897637795276
0
CIRCLE
8
BLACK
10
1.1708661417322834
20
2.3476377952755905
40
0.0068897637795276
0
CIRCLE
8
BLACK
10
1.0708661417322833
20
2.4476377952755906
40
0.0068897637795276
0
CIRCLE
8
BLACK
10
1.0708661417322833
20
2.3476377952755905
40
0.0068897637795276
0
CIRCLE
8
BLACK
10
0.9708661417322835
20
2.4476377952755906
40
0.0068897637795276
0
CIRCLE
8
BLACK
10
0.9708661417322835
20
2.3476377952755905
40
0.0068897637795276
0
CIRCLE
8
BLACK
10
0.6700787401574803
20
2.4476377952755906
40
0.0068897637795276
0
CIRCLE
8
BLACK
10
0.6700787401574803
20
2.3476377952755905
40
0.0068897637795276
0
CIRCLE
8
BLACK
10
0.5700787401574803
20
2.4476377952755906
40
0.0068897637795276
0
CIRCLE
8
BLACK
10
0.5700787401574803
20
2.3476377952755905
40
0.0068897637795276
0
CIRCLE
8
BLACK
10
1.594488188976378
20
2.2519685039370079
40
0.0078740157480315
0
CIRCLE
8
BLACK
10
0.3937007874015748
20
2.188976377952756
40
0.0078740157480315
0
CIRCLE
8
BLACK
10
-0.0354330708661417
20
1.0039370078740157
40
0.0078740157480315
0
CIRCLE
8
BLACK
10
1.3149606299212597
20
1.5551181102362204
40
0.0078740157480315
0
CIRCLE
8
BLACK
10
0.610236220472441
20
0.9448818897637795
40
0.0078740157480315
0
CIRCLE
8
BLACK
10
0.3740157480314961
20
0.9448818897637795
40
0.0078740157480315
0
CIRCLE
8
BLACK
10
0.4133858267716535
20
0.9448818897637795
40
0.0078740157480315
0
CIRCLE
8
BLACK
10
0.2047244094488189
20
2.1299212598425195
40
0.0078740157480315
0
CIRCLE
8
BLACK
10
1.0472440944881889
20
1.2519685039370079
40
0.0078740157480315
0
CIRCLE
8
BLACK
10
0.2362204724409449
20
1.2125984251968505
40
0.0078740157480315
0
CIRCLE
8
BLACK
10
0.8031496062992126
20
0.8582677165354331
40
0.0078740157480315
0
CIRCLE
8
BLACK
10
0.8297244094488189
20
0.3553149606299212
40
0.0078740157480315
0
CIRCLE
8
BLACK
10
0.6535433070866141
20
2.1692913385826773
40
0.0078740157480315
0
CIRCLE
8
BLACK
10
0.1968503937007874
20
1.921259842519685
40
0.0078740157480315
0
CIRCLE
8
BLACK
10
0.3425196850393701
20
0.8582677165354331
40
0.0078740157480315
0
CIRCLE
8
BLACK
10
0.937007874015748
20
0.8582677165354331
40
0.0078740157480315
0
CIRCLE
8
BLACK
10
0.0236220472440945
20
1.1496062992125984
40
0.0078740157480315
0
CIRCLE
8
BLACK
10
0.3307086614173228
20
0.9448818897637795
40
0.0078740157480315
0
CIRCLE
8
BLACK
10
1.1742125984251968
20
0.3553149606299212
40
0.0078740157480315
0
CIRCLE
8
BLACK
10
0.0354330708661417
20
1.3385826771653544
40
0.0078740157480315
0
CIRCLE
8
BLACK
10
1.7913385826771653
20
1.3129921259842519
40
0.0078740157480315
0
CIRCLE
8
BLACK
10
0.9094488188976377
20
2.311023622047244
40
0.0078740157480315
0
CIRCLE
8
BLACK
10
0.6574803149606299
20
0.8582677165354331
40
0.0078740157480315
0
CIRCLE
8
BLACK
10
0.5669291338582677
20
0.9448818897637795
40
0.0078740157480315
0
CIRCLE
8
BLACK
10
1.1692913385826771
20
1.3661417322834646
40
0.0078740157480315
0
CIRCLE
8
BLACK
10
1.8976377952755905
20
1.3169291338582676
40
0.0078740157480315
0
CIRCLE
8
BLACK
10
0.3149606299212598
20
1.421259842519685
40
0.0078740157480315
0
CIRCLE
8
BLACK
10
1.0905511811023623
20
1.4409448818897637
40
0.0078740157480315
0
CIRCLE
8
BLACK
10
1.4488188976377951
20
1.6929133858267715
40
0.0078740157480315
0
CIRCLE
8
BLACK
10
-0.0511811023622047
20
1.5
40
0.0078740157480315
0
CIRCLE
8
BLACK
10
1.4015748031496063
20
1.5551181102362204
40
0.0078740157480315
0
CIRCLE
8
BLACK
10
0.3543307086614173
20
1.421259842519685
40
0.0078740157480315
0
CIRCLE
8
BLACK
10
0.2007874015748032
20
1.844488188976378
40
0.0078740157480315
0
CIRCLE
8
BLACK
10
-0.0275590551181102
20
1.3385826771653544
40
0.0078740157480315
0
CIRCLE
8
BLACK
10
1.2834645669291338
20
2.2519685039370079
40
0.0078740157480315
0
CIRCLE
8
BLACK
10
0.0511811023622047
20
1.5
40
0.0078740157480315
0
CIRCLE
8
BLACK
10
0.984251968503937
20
1.3346456692913387
40
0.0078740157480315
0
CIRCLE
8
BLACK
10
0.4173228346456693
20
1.2440944881889764
40
0.0078740157480315
0
CIRCLE
8
BLACK
10
0.9970472440944882
20
0.3553149606299212
40
0.0078740157480315
0
CIRCLE
8
BLACK
10
1.1456692913385826
20
1.9527559055118109
40
0.0078740157480315
0
CIRCLE
8
BLACK
10
1.2125984251968505
20
2.122047244094488
40
0.0078740157480315
0
CIRCLE
8
BLACK
10
0.5433070866141733
20
1.9566929133858266
40
0.0078740157480315
0
CIRCLE
8
BLACK
10
1.3661417322834646
20
2.2322834645669292
40
0.0078740157480315
0
CIRCLE
8
BLACK
10
1.3090551181102361
20
2.1850393700787403
40
0.0078740157480315
0
CIRCLE
8
BLACK
10
0.6732283464566929
20
1.6614173228346456
40
0.0078740157480315
0
CIRCLE
8
BLACK
10
1.2007795275590551
20
1.5077165354330708
40
0.0078740157480315
0
CIRCLE
8
BLACK
10
1.7677165354330708
20
2.1909448818897639
40
0.0078740157480315
0
CIRCLE
8
BLACK
10
1.1043307086614174
20
1.8681102362204725
40
0.0078740157480315
0
CIRCLE
8
BLACK
10
0.5442913385826772
20
0.640748031496063
40
0.0078740157480315
0
CIRCLE
8
BLACK
10
0.6122047244094488
20
1.2814960629921259
40
0.0078740157480315
0
CIRCLE
8
BLACK
10
0.6791338582677166
20
2.2145669291338583
40
0.0078740157480315
0
CIRCLE
8
BLACK
10
-0.0610236220472441
20
0.9665354330708661
40
0.0078740157480315
0
CIRCLE
8
BLACK
10
1.295275590551181
20
2.1023622047244093
40
0.0078740157480315
0
CIRCLE
8
BLACK
10
1.3740157480314961
20
2.188976377952756
40
0.0078740157480315
  0
ENDSEC
  0
EOF
