  0
SECTION
  2
HEADER
  9
$ANGBASE
  50
0.0
  9
$ANGDIR
  70
1
  9
$MEASUREMENT
  70
0
  0
ENDSEC
  0
SECTION
  2
TABLES
  0
TABLE
  2
LTYPE
  70
4
  0
LTYPE
  5
40F
  2
CONTINUOUS
  70
0
  3
Solid line
  72
65
  73
0
  40
0.0
  0
LTYPE
  5
410
  2
DASHDOT
 70
0
  3
Dash Dot ____ _ ____ _
 72
65
 73
4
 40
2.0
 49
1.25
 49
-0.25
 49
0.25
 49
-0.25
  0
LTYPE
  5
411
  2
DASHED
 70
0
  3
Dashed __ __ __ __ __
 72
65
 73
2
 40
0.75
 49
0.5
 49
-0.25
  0
LTYPE
  5
43B
  2
DOTTED
 70
0
  3
Dotted .  .  .  .
 72
65
 73
2
 40
0.2
 49
0.0
 49
-0.2
  0
ENDTAB
  0
TABLE
  2
STYLE
  70
4
  0
STYLE
  2
KICAD
  70
0
  40
0
  41
1
  42
1
  50
0
  71
0
  3
isocp.shx
  0
STYLE
  2
KICADB
  70
0
  40
0
  41
1
  42
1
  50
0
  71
0
  3
isocp.shx
  0
STYLE
  2
KICADI
  70
0
  40
0
  41
1
  42
1
  50
15
  71
0
  3
isocp.shx
  0
STYLE
  2
KICADBI
  70
0
  40
0
  41
1
  42
1
  50
15
  71
0
  3
isocp.shx
  0
ENDTAB
  0
TABLE
  2
LAYER
  70
1
  0
LAYER
  2
BLACK
  70
0
  62
7
  6
CONTINUOUS
  0
ENDTAB
  0
ENDSEC
  0
SECTION
  2
ENTITIES
0
LINE
8
BLACK
6
CONTINUOUS
10
0.0134445669291339
20
0.1193237007874016
11
0.0267200393700787
21
0.1170681102362205
0
LINE
8
BLACK
6
CONTINUOUS
10
0.0267200393700787
20
0.1170681102362205
11
0.0396594881889764
21
0.1133403149606299
0
LINE
8
BLACK
6
CONTINUOUS
10
0.0396594881889764
20
0.1133403149606299
11
0.0521001968503937
21
0.1081872047244094
0
LINE
8
BLACK
6
CONTINUOUS
10
0.0521001968503937
20
0.1081872047244094
11
0.0638857480314961
21
0.1016735826771654
0
LINE
8
BLACK
6
CONTINUOUS
10
0.0638857480314961
20
0.1016735826771654
11
0.074867874015748
21
0.0938813385826772
0
LINE
8
BLACK
6
CONTINUOUS
10
0.074867874015748
20
0.0938813385826772
11
0.0849085039370079
21
0.0849085039370079
0
LINE
8
BLACK
6
CONTINUOUS
10
0.0849085039370079
20
0.0849085039370079
11
0.0938813385826772
21
0.074867874015748
0
LINE
8
BLACK
6
CONTINUOUS
10
0.0938813385826772
20
0.074867874015748
11
0.1016735826771654
21
0.0638857480314961
0
LINE
8
BLACK
6
CONTINUOUS
10
0.1016735826771654
20
0.0638857480314961
11
0.1081872047244094
21
0.0521001968503937
0
LINE
8
BLACK
6
CONTINUOUS
10
0.1081872047244094
20
0.0521001968503937
11
0.1133403149606299
21
0.0396594881889764
0
LINE
8
BLACK
6
CONTINUOUS
10
0.1133403149606299
20
0.0396594881889764
11
0.1170681102362205
21
0.0267200393700787
0
LINE
8
BLACK
6
CONTINUOUS
10
0.1170681102362205
20
0.0267200393700787
11
0.1193237007874016
21
0.0134445669291339
0
LINE
8
BLACK
6
CONTINUOUS
10
0.1193237007874016
20
0.0134445669291339
11
0.1200787401574803
21
0.
0
LINE
8
BLACK
6
CONTINUOUS
10
0.1200787401574803
20
0.
11
0.1193237007874016
21
-0.0134445669291339
0
LINE
8
BLACK
6
CONTINUOUS
10
0.1193237007874016
20
-0.0134445669291339
11
0.1170681102362205
21
-0.0267200393700787
0
LINE
8
BLACK
6
CONTINUOUS
10
0.1170681102362205
20
-0.0267200393700787
11
0.1133403149606299
21
-0.0396594881889764
0
LINE
8
BLACK
6
CONTINUOUS
10
0.1133403149606299
20
-0.0396594881889764
11
0.1081872047244094
21
-0.0521001968503937
0
LINE
8
BLACK
6
CONTINUOUS
10
0.1081872047244094
20
-0.0521001968503937
11
0.1016735826771654
21
-0.0638857480314961
0
LINE
8
BLACK
6
CONTINUOUS
10
0.1016735826771654
20
-0.0638857480314961
11
0.0938813385826772
21
-0.074867874015748
0
LINE
8
BLACK
6
CONTINUOUS
10
0.0938813385826772
20
-0.074867874015748
11
0.0849085039370079
21
-0.0849085039370079
0
LINE
8
BLACK
6
CONTINUOUS
10
0.0849085039370079
20
-0.0849085039370079
11
0.074867874015748
21
-0.0938813385826772
0
LINE
8
BLACK
6
CONTINUOUS
10
0.074867874015748
20
-0.0938813385826772
11
0.0638857480314961
21
-0.1016735826771654
0
LINE
8
BLACK
6
CONTINUOUS
10
0.0638857480314961
20
-0.1016735826771654
11
0.0521001968503937
21
-0.1081872047244094
0
LINE
8
BLACK
6
CONTINUOUS
10
0.0521001968503937
20
-0.1081872047244094
11
0.0396594881889764
21
-0.1133403149606299
0
LINE
8
BLACK
6
CONTINUOUS
10
0.0396594881889764
20
-0.1133403149606299
11
0.0267200393700787
21
-0.1170681102362205
0
LINE
8
BLACK
6
CONTINUOUS
10
0.0267200393700787
20
-0.1170681102362205
11
0.0134445669291339
21
-0.1193237007874016
0
LINE
8
BLACK
6
CONTINUOUS
10
0.0134445669291339
20
-0.1193237007874016
11
0.
21
-0.1200787401574803
0
LINE
8
BLACK
6
CONTINUOUS
10
0.
20
-0.1200787401574803
11
-0.0134445669291339
21
-0.1193237007874016
0
LINE
8
BLACK
6
CONTINUOUS
10
-0.0134445669291339
20
-0.1193237007874016
11
-0.0267200393700787
21
-0.1170681102362205
0
LINE
8
BLACK
6
CONTINUOUS
10
-0.0267200393700787
20
-0.1170681102362205
11
-0.0396594881889764
21
-0.1133403149606299
0
LINE
8
BLACK
6
CONTINUOUS
10
-0.0396594881889764
20
-0.1133403149606299
11
-0.0521001968503937
21
-0.1081872047244094
0
LINE
8
BLACK
6
CONTINUOUS
10
-0.0521001968503937
20
-0.1081872047244094
11
-0.0638857480314961
21
-0.1016735826771654
0
LINE
8
BLACK
6
CONTINUOUS
10
-0.0638857480314961
20
-0.1016735826771654
11
-0.074867874015748
21
-0.0938813385826772
0
LINE
8
BLACK
6
CONTINUOUS
10
-0.074867874015748
20
-0.0938813385826772
11
-0.0849085039370079
21
-0.0849085039370079
0
LINE
8
BLACK
6
CONTINUOUS
10
-0.0849085039370079
20
-0.0849085039370079
11
-0.0938813385826772
21
-0.074867874015748
0
LINE
8
BLACK
6
CONTINUOUS
10
-0.0938813385826772
20
-0.074867874015748
11
-0.1016735826771654
21
-0.0638857480314961
0
LINE
8
BLACK
6
CONTINUOUS
10
-0.1016735826771654
20
-0.0638857480314961
11
-0.1081872047244094
21
-0.0521001968503937
0
LINE
8
BLACK
6
CONTINUOUS
10
-0.1081872047244094
20
-0.0521001968503937
11
-0.1133403149606299
21
-0.0396594881889764
0
LINE
8
BLACK
6
CONTINUOUS
10
-0.1133403149606299
20
-0.0396594881889764
11
-0.1170681102362205
21
-0.0267200393700787
0
LINE
8
BLACK
6
CONTINUOUS
10
-0.1170681102362205
20
-0.0267200393700787
11
-0.1193237007874016
21
-0.0134445669291339
0
LINE
8
BLACK
6
CONTINUOUS
10
-0.1193237007874016
20
-0.0134445669291339
11
-0.1200787401574803
21
0.
0
LINE
8
BLACK
6
CONTINUOUS
10
-0.1200787401574803
20
0.
11
-0.1193237007874016
21
0.0134445669291339
0
LINE
8
BLACK
6
CONTINUOUS
10
-0.1193237007874016
20
0.0134445669291339
11
-0.1170681102362205
21
0.0267200393700787
0
LINE
8
BLACK
6
CONTINUOUS
10
-0.1170681102362205
20
0.0267200393700787
11
-0.1133403149606299
21
0.0396594881889764
0
LINE
8
BLACK
6
CONTINUOUS
10
-0.1133403149606299
20
0.0396594881889764
11
-0.1081872047244094
21
0.0521001968503937
0
LINE
8
BLACK
6
CONTINUOUS
10
-0.1081872047244094
20
0.0521001968503937
11
-0.1016735826771654
21
0.0638857480314961
0
LINE
8
BLACK
6
CONTINUOUS
10
-0.1016735826771654
20
0.0638857480314961
11
-0.0938813385826772
21
0.074867874015748
0
LINE
8
BLACK
6
CONTINUOUS
10
-0.0938813385826772
20
0.074867874015748
11
-0.0849085039370079
21
0.0849085039370079
0
LINE
8
BLACK
6
CONTINUOUS
10
-0.0849085039370079
20
0.0849085039370079
11
-0.074867874015748
21
0.0938813385826772
0
LINE
8
BLACK
6
CONTINUOUS
10
-0.074867874015748
20
0.0938813385826772
11
-0.0638857480314961
21
0.1016735826771654
0
LINE
8
BLACK
6
CONTINUOUS
10
-0.0638857480314961
20
0.1016735826771654
11
-0.0521001968503937
21
0.1081872047244094
0
LINE
8
BLACK
6
CONTINUOUS
10
-0.0521001968503937
20
0.1081872047244094
11
-0.0396594881889764
21
0.1133403149606299
0
LINE
8
BLACK
6
CONTINUOUS
10
-0.0396594881889764
20
0.1133403149606299
11
-0.0267200393700787
21
0.1170681102362205
0
LINE
8
BLACK
6
CONTINUOUS
10
-0.0267200393700787
20
0.1170681102362205
11
-0.0134445669291339
21
0.1193237007874016
0
LINE
8
BLACK
6
CONTINUOUS
10
-0.0134445669291339
20
0.1193237007874016
11
0.
21
0.1200787401574803
0
LINE
8
BLACK
6
CONTINUOUS
10
0.
20
0.1200787401574803
11
0.0134445669291339
21
0.1193237007874016
0
LINE
8
BLACK
6
CONTINUOUS
10
2.0134445669291337
20
0.1193237007874016
11
2.0267200393700788
21
0.1170681102362205
0
LINE
8
BLACK
6
CONTINUOUS
10
2.0267200393700788
20
0.1170681102362205
11
2.0396594881889762
21
0.1133403149606299
0
LINE
8
BLACK
6
CONTINUOUS
10
2.0396594881889762
20
0.1133403149606299
11
2.0521001968503936
21
0.1081872047244094
0
LINE
8
BLACK
6
CONTINUOUS
10
2.0521001968503936
20
0.1081872047244094
11
2.0638857480314958
21
0.1016735826771654
0
LINE
8
BLACK
6
CONTINUOUS
10
2.0638857480314958
20
0.1016735826771654
11
2.074867874015748
21
0.0938813385826772
0
LINE
8
BLACK
6
CONTINUOUS
10
2.074867874015748
20
0.0938813385826772
11
2.0849085039370077
21
0.0849085039370079
0
LINE
8
BLACK
6
CONTINUOUS
10
2.0849085039370077
20
0.0849085039370079
11
2.0938813385826771
21
0.074867874015748
0
LINE
8
BLACK
6
CONTINUOUS
10
2.0938813385826771
20
0.074867874015748
11
2.1016735826771651
21
0.0638857480314961
0
LINE
8
BLACK
6
CONTINUOUS
10
2.1016735826771651
20
0.0638857480314961
11
2.1081872047244095
21
0.0521001968503937
0
LINE
8
BLACK
6
CONTINUOUS
10
2.1081872047244095
20
0.0521001968503937
11
2.11334031496063
21
0.0396594881889764
0
LINE
8
BLACK
6
CONTINUOUS
10
2.11334031496063
20
0.0396594881889764
11
2.1170681102362203
21
0.0267200393700787
0
LINE
8
BLACK
6
CONTINUOUS
10
2.1170681102362203
20
0.0267200393700787
11
2.1193237007874015
21
0.0134445669291339
0
LINE
8
BLACK
6
CONTINUOUS
10
2.1193237007874015
20
0.0134445669291339
11
2.1200787401574801
21
0.
0
LINE
8
BLACK
6
CONTINUOUS
10
2.1200787401574801
20
0.
11
2.1193237007874015
21
-0.0134445669291339
0
LINE
8
BLACK
6
CONTINUOUS
10
2.1193237007874015
20
-0.0134445669291339
11
2.1170681102362203
21
-0.0267200393700787
0
LINE
8
BLACK
6
CONTINUOUS
10
2.1170681102362203
20
-0.0267200393700787
11
2.11334031496063
21
-0.0396594881889764
0
LINE
8
BLACK
6
CONTINUOUS
10
2.11334031496063
20
-0.0396594881889764
11
2.1081872047244095
21
-0.0521001968503937
0
LINE
8
BLACK
6
CONTINUOUS
10
2.1081872047244095
20
-0.0521001968503937
11
2.1016735826771651
21
-0.0638857480314961
0
LINE
8
BLACK
6
CONTINUOUS
10
2.1016735826771651
20
-0.0638857480314961
11
2.0938813385826771
21
-0.074867874015748
0
LINE
8
BLACK
6
CONTINUOUS
10
2.0938813385826771
20
-0.074867874015748
11
2.0849085039370077
21
-0.0849085039370079
0
LINE
8
BLACK
6
CONTINUOUS
10
2.0849085039370077
20
-0.0849085039370079
11
2.074867874015748
21
-0.0938813385826772
0
LINE
8
BLACK
6
CONTINUOUS
10
2.074867874015748
20
-0.0938813385826772
11
2.0638857480314958
21
-0.1016735826771654
0
LINE
8
BLACK
6
CONTINUOUS
10
2.0638857480314958
20
-0.1016735826771654
11
2.0521001968503936
21
-0.1081872047244094
0
LINE
8
BLACK
6
CONTINUOUS
10
2.0521001968503936
20
-0.1081872047244094
11
2.0396594881889762
21
-0.1133403149606299
0
LINE
8
BLACK
6
CONTINUOUS
10
2.0396594881889762
20
-0.1133403149606299
11
2.0267200393700788
21
-0.1170681102362205
0
LINE
8
BLACK
6
CONTINUOUS
10
2.0267200393700788
20
-0.1170681102362205
11
2.0134445669291337
21
-0.1193237007874016
0
LINE
8
BLACK
6
CONTINUOUS
10
2.0134445669291337
20
-0.1193237007874016
11
2.
21
-0.1200787401574803
0
LINE
8
BLACK
6
CONTINUOUS
10
2.
20
-0.1200787401574803
11
1.9865554330708661
21
-0.1193237007874016
0
LINE
8
BLACK
6
CONTINUOUS
10
1.9865554330708661
20
-0.1193237007874016
11
1.9732799606299212
21
-0.1170681102362205
0
LINE
8
BLACK
6
CONTINUOUS
10
1.9732799606299212
20
-0.1170681102362205
11
1.9603405118110235
21
-0.1133403149606299
0
LINE
8
BLACK
6
CONTINUOUS
10
1.9603405118110235
20
-0.1133403149606299
11
1.9478998031496062
21
-0.1081872047244094
0
LINE
8
BLACK
6
CONTINUOUS
10
1.9478998031496062
20
-0.1081872047244094
11
1.936114251968504
21
-0.1016735826771654
0
LINE
8
BLACK
6
CONTINUOUS
10
1.936114251968504
20
-0.1016735826771654
11
1.925132125984252
21
-0.0938813385826772
0
LINE
8
BLACK
6
CONTINUOUS
10
1.925132125984252
20
-0.0938813385826772
11
1.9150914960629921
21
-0.0849085039370079
0
LINE
8
BLACK
6
CONTINUOUS
10
1.9150914960629921
20
-0.0849085039370079
11
1.9061186614173229
21
-0.074867874015748
0
LINE
8
BLACK
6
CONTINUOUS
10
1.9061186614173229
20
-0.074867874015748
11
1.8983264173228347
21
-0.0638857480314961
0
LINE
8
BLACK
6
CONTINUOUS
10
1.8983264173228347
20
-0.0638857480314961
11
1.8918127952755905
21
-0.0521001968503937
0
LINE
8
BLACK
6
CONTINUOUS
10
1.8918127952755905
20
-0.0521001968503937
11
1.88665968503937
21
-0.0396594881889764
0
LINE
8
BLACK
6
CONTINUOUS
10
1.88665968503937
20
-0.0396594881889764
11
1.8829318897637795
21
-0.0267200393700787
0
LINE
8
BLACK
6
CONTINUOUS
10
1.8829318897637795
20
-0.0267200393700787
11
1.8806762992125985
21
-0.0134445669291339
0
LINE
8
BLACK
6
CONTINUOUS
10
1.8806762992125985
20
-0.0134445669291339
11
1.8799212598425197
21
0.
0
LINE
8
BLACK
6
CONTINUOUS
10
1.8799212598425197
20
0.
11
1.8806762992125985
21
0.0134445669291339
0
LINE
8
BLACK
6
CONTINUOUS
10
1.8806762992125985
20
0.0134445669291339
11
1.8829318897637795
21
0.0267200393700787
0
LINE
8
BLACK
6
CONTINUOUS
10
1.8829318897637795
20
0.0267200393700787
11
1.88665968503937
21
0.0396594881889764
0
LINE
8
BLACK
6
CONTINUOUS
10
1.88665968503937
20
0.0396594881889764
11
1.8918127952755905
21
0.0521001968503937
0
LINE
8
BLACK
6
CONTINUOUS
10
1.8918127952755905
20
0.0521001968503937
11
1.8983264173228347
21
0.0638857480314961
0
LINE
8
BLACK
6
CONTINUOUS
10
1.8983264173228347
20
0.0638857480314961
11
1.9061186614173229
21
0.074867874015748
0
LINE
8
BLACK
6
CONTINUOUS
10
1.9061186614173229
20
0.074867874015748
11
1.9150914960629921
21
0.0849085039370079
0
LINE
8
BLACK
6
CONTINUOUS
10
1.9150914960629921
20
0.0849085039370079
11
1.925132125984252
21
0.0938813385826772
0
LINE
8
BLACK
6
CONTINUOUS
10
1.925132125984252
20
0.0938813385826772
11
1.936114251968504
21
0.1016735826771654
0
LINE
8
BLACK
6
CONTINUOUS
10
1.936114251968504
20
0.1016735826771654
11
1.9478998031496062
21
0.1081872047244094
0
LINE
8
BLACK
6
CONTINUOUS
10
1.9478998031496062
20
0.1081872047244094
11
1.9603405118110235
21
0.1133403149606299
0
LINE
8
BLACK
6
CONTINUOUS
10
1.9603405118110235
20
0.1133403149606299
11
1.9732799606299212
21
0.1170681102362205
0
LINE
8
BLACK
6
CONTINUOUS
10
1.9732799606299212
20
0.1170681102362205
11
1.9865554330708661
21
0.1193237007874016
0
LINE
8
BLACK
6
CONTINUOUS
10
1.9865554330708661
20
0.1193237007874016
11
2.
21
0.1200787401574803
0
LINE
8
BLACK
6
CONTINUOUS
10
2.
20
0.1200787401574803
11
2.0134445669291337
21
0.1193237007874016
0
LINE
8
BLACK
6
CONTINUOUS
10
0.7418773622047244
20
-0.0623216141732283
11
0.7458480708661417
21
-0.064074842519685
0
LINE
8
BLACK
6
CONTINUOUS
10
0.7458480708661417
20
-0.064074842519685
11
0.7489172834645669
21
-0.0671440551181102
0
LINE
8
BLACK
6
CONTINUOUS
10
0.7489172834645669
20
-0.0671440551181102
11
0.7506705118110236
21
-0.0711147637795276
0
LINE
8
BLACK
6
CONTINUOUS
10
0.7506705118110236
20
-0.0711147637795276
11
0.7509842519685039
21
-0.0738188976377953
0
LINE
8
BLACK
6
CONTINUOUS
10
0.7509842519685039
20
-0.0738188976377953
11
0.7509842519685039
21
-0.094488188976378
0
LINE
8
BLACK
6
CONTINUOUS
10
0.7509842519685039
20
-0.094488188976378
11
0.7506705118110236
21
-0.0971923228346457
0
LINE
8
BLACK
6
CONTINUOUS
10
0.7506705118110236
20
-0.0971923228346457
11
0.7489172834645669
21
-0.101163031496063
0
LINE
8
BLACK
6
CONTINUOUS
10
0.7489172834645669
20
-0.101163031496063
11
0.7458480708661417
21
-0.1042322440944882
0
LINE
8
BLACK
6
CONTINUOUS
10
0.7458480708661417
20
-0.1042322440944882
11
0.7418773622047244
21
-0.1059854724409449
0
LINE
8
BLACK
6
CONTINUOUS
10
0.7418773622047244
20
-0.1059854724409449
11
0.7391732283464567
21
-0.1062992125984252
0
LINE
8
BLACK
6
CONTINUOUS
10
0.7391732283464567
20
-0.1062992125984252
11
0.7037401574803149
21
-0.1062992125984252
0
LINE
8
BLACK
6
CONTINUOUS
10
0.7037401574803149
20
-0.1062992125984252
11
0.7010360236220472
21
-0.1059854724409449
0
LINE
8
BLACK
6
CONTINUOUS
10
0.7010360236220472
20
-0.1059854724409449
11
0.69706531496063
21
-0.1042322440944882
0
LINE
8
BLACK
6
CONTINUOUS
10
0.69706531496063
20
-0.1042322440944882
11
0.6939961023622047
21
-0.101163031496063
0
LINE
8
BLACK
6
CONTINUOUS
10
0.6939961023622047
20
-0.101163031496063
11
0.692242874015748
21
-0.0971923228346457
0
LINE
8
BLACK
6
CONTINUOUS
10
0.692242874015748
20
-0.0971923228346457
11
0.6919291338582677
21
-0.094488188976378
0
LINE
8
BLACK
6
CONTINUOUS
10
0.6919291338582677
20
-0.094488188976378
11
0.6919291338582677
21
-0.0738188976377953
0
LINE
8
BLACK
6
CONTINUOUS
10
0.6919291338582677
20
-0.0738188976377953
11
0.692242874015748
21
-0.0711147637795276
0
LINE
8
BLACK
6
CONTINUOUS
10
0.692242874015748
20
-0.0711147637795276
11
0.6939961023622047
21
-0.0671440551181102
0
LINE
8
BLACK
6
CONTINUOUS
10
0.6939961023622047
20
-0.0671440551181102
11
0.69706531496063
21
-0.064074842519685
0
LINE
8
BLACK
6
CONTINUOUS
10
0.69706531496063
20
-0.064074842519685
11
0.7010360236220472
21
-0.0623216141732283
0
LINE
8
BLACK
6
CONTINUOUS
10
0.7010360236220472
20
-0.0623216141732283
11
0.7037401574803149
21
-0.062007874015748
0
LINE
8
BLACK
6
CONTINUOUS
10
0.7037401574803149
20
-0.062007874015748
11
0.7391732283464567
21
-0.062007874015748
0
LINE
8
BLACK
6
CONTINUOUS
10
0.7391732283464567
20
-0.062007874015748
11
0.7418773622047244
21
-0.0623216141732283
0
LINE
8
BLACK
6
CONTINUOUS
10
0.8304600393700787
20
-0.0623216141732283
11
0.8344307480314961
21
-0.064074842519685
0
LINE
8
BLACK
6
CONTINUOUS
10
0.8344307480314961
20
-0.064074842519685
11
0.8374999606299213
21
-0.0671440551181102
0
LINE
8
BLACK
6
CONTINUOUS
10
0.8374999606299213
20
-0.0671440551181102
11
0.8392531889763779
21
-0.0711147637795276
0
LINE
8
BLACK
6
CONTINUOUS
10
0.8392531889763779
20
-0.0711147637795276
11
0.8395669291338582
21
-0.0738188976377953
0
LINE
8
BLACK
6
CONTINUOUS
10
0.8395669291338582
20
-0.0738188976377953
11
0.8395669291338582
21
-0.094488188976378
0
LINE
8
BLACK
6
CONTINUOUS
10
0.8395669291338582
20
-0.094488188976378
11
0.8392531889763779
21
-0.0971923228346457
0
LINE
8
BLACK
6
CONTINUOUS
10
0.8392531889763779
20
-0.0971923228346457
11
0.8374999606299213
21
-0.101163031496063
0
LINE
8
BLACK
6
CONTINUOUS
10
0.8374999606299213
20
-0.101163031496063
11
0.8344307480314961
21
-0.1042322440944882
0
LINE
8
BLACK
6
CONTINUOUS
10
0.8344307480314961
20
-0.1042322440944882
11
0.8304600393700787
21
-0.1059854724409449
0
LINE
8
BLACK
6
CONTINUOUS
10
0.8304600393700787
20
-0.1059854724409449
11
0.827755905511811
21
-0.1062992125984252
0
LINE
8
BLACK
6
CONTINUOUS
10
0.827755905511811
20
-0.1062992125984252
11
0.7923228346456693
21
-0.1062992125984252
0
LINE
8
BLACK
6
CONTINUOUS
10
0.7923228346456693
20
-0.1062992125984252
11
0.7896187007874016
21
-0.1059854724409449
0
LINE
8
BLACK
6
CONTINUOUS
10
0.7896187007874016
20
-0.1059854724409449
11
0.7856479921259842
21
-0.1042322440944882
0
LINE
8
BLACK
6
CONTINUOUS
10
0.7856479921259842
20
-0.1042322440944882
11
0.7825787795275591
21
-0.101163031496063
0
LINE
8
BLACK
6
CONTINUOUS
10
0.7825787795275591
20
-0.101163031496063
11
0.7808255511811023
21
-0.0971923228346457
0
LINE
8
BLACK
6
CONTINUOUS
10
0.7808255511811023
20
-0.0971923228346457
11
0.780511811023622
21
-0.094488188976378
0
LINE
8
BLACK
6
CONTINUOUS
10
0.780511811023622
20
-0.094488188976378
11
0.780511811023622
21
-0.0738188976377953
0
LINE
8
BLACK
6
CONTINUOUS
10
0.780511811023622
20
-0.0738188976377953
11
0.7808255511811023
21
-0.0711147637795276
0
LINE
8
BLACK
6
CONTINUOUS
10
0.7808255511811023
20
-0.0711147637795276
11
0.7825787795275591
21
-0.0671440551181102
0
LINE
8
BLACK
6
CONTINUOUS
10
0.7825787795275591
20
-0.0671440551181102
11
0.7856479921259842
21
-0.064074842519685
0
LINE
8
BLACK
6
CONTINUOUS
10
0.7856479921259842
20
-0.064074842519685
11
0.7896187007874016
21
-0.0623216141732283
0
LINE
8
BLACK
6
CONTINUOUS
10
0.7896187007874016
20
-0.0623216141732283
11
0.7923228346456693
21
-0.062007874015748
0
LINE
8
BLACK
6
CONTINUOUS
10
0.7923228346456693
20
-0.062007874015748
11
0.827755905511811
21
-0.062007874015748
0
LINE
8
BLACK
6
CONTINUOUS
10
0.827755905511811
20
-0.062007874015748
11
0.8304600393700787
21
-0.0623216141732283
0
LINE
8
BLACK
6
CONTINUOUS
10
0.9914029133858268
20
-0.0355829133858268
11
0.9920415354330708
21
-0.0360096456692913
0
LINE
8
BLACK
6
CONTINUOUS
10
0.9920415354330708
20
-0.0360096456692913
11
0.9924682677165354
21
-0.0366482677165354
0
LINE
8
BLACK
6
CONTINUOUS
10
0.9924682677165354
20
-0.0366482677165354
11
0.9926181102362205
21
-0.0374015748031496
0
LINE
8
BLACK
6
CONTINUOUS
10
0.9926181102362205
20
-0.0374015748031496
11
0.9926181102362205
21
-0.0964566929133858
0
LINE
8
BLACK
6
CONTINUOUS
10
0.9926181102362205
20
-0.0964566929133858
11
0.9924682677165354
21
-0.09721
0
LINE
8
BLACK
6
CONTINUOUS
10
0.9924682677165354
20
-0.09721
11
0.9920415354330708
21
-0.0978486220472441
0
LINE
8
BLACK
6
CONTINUOUS
10
0.9920415354330708
20
-0.0978486220472441
11
0.9914029133858268
21
-0.0982753543307087
0
LINE
8
BLACK
6
CONTINUOUS
10
0.9914029133858268
20
-0.0982753543307087
11
0.9906496062992126
21
-0.0984251968503937
0
LINE
8
BLACK
6
CONTINUOUS
10
0.9906496062992126
20
-0.0984251968503937
11
0.9315944881889764
21
-0.0984251968503937
0
LINE
8
BLACK
6
CONTINUOUS
10
0.9315944881889764
20
-0.0984251968503937
11
0.9308411811023621
21
-0.0982753543307087
0
LINE
8
BLACK
6
CONTINUOUS
10
0.9308411811023621
20
-0.0982753543307087
11
0.9302025590551181
21
-0.0978486220472441
0
LINE
8
BLACK
6
CONTINUOUS
10
0.9302025590551181
20
-0.0978486220472441
11
0.9297758267716535
21
-0.09721
0
LINE
8
BLACK
6
CONTINUOUS
10
0.9297758267716535
20
-0.09721
11
0.9296259842519685
21
-0.0964566929133858
0
LINE
8
BLACK
6
CONTINUOUS
10
0.9296259842519685
20
-0.0964566929133858
11
0.9296259842519685
21
-0.0374015748031496
0
LINE
8
BLACK
6
CONTINUOUS
10
0.9296259842519685
20
-0.0374015748031496
11
0.9297758267716535
21
-0.0366482677165354
0
LINE
8
BLACK
6
CONTINUOUS
10
0.9297758267716535
20
-0.0366482677165354
11
0.9302025590551181
21
-0.0360096456692913
0
LINE
8
BLACK
6
CONTINUOUS
10
0.9302025590551181
20
-0.0360096456692913
11
0.9308411811023621
21
-0.0355829133858268
0
LINE
8
BLACK
6
CONTINUOUS
10
0.9308411811023621
20
-0.0355829133858268
11
0.9315944881889764
21
-0.0354330708661417
0
LINE
8
BLACK
6
CONTINUOUS
10
0.9315944881889764
20
-0.0354330708661417
11
0.9906496062992126
21
-0.0354330708661417
0
LINE
8
BLACK
6
CONTINUOUS
10
0.9906496062992126
20
-0.0354330708661417
11
0.9914029133858268
21
-0.0355829133858268
0
LINE
8
BLACK
6
CONTINUOUS
10
1.1651233858267716
20
-0.0318427559055118
11
1.1657620078740156
21
-0.0322694881889764
0
LINE
8
BLACK
6
CONTINUOUS
10
1.1657620078740156
20
-0.0322694881889764
11
1.1661887401574802
21
-0.0329081102362205
0
LINE
8
BLACK
6
CONTINUOUS
10
1.1661887401574802
20
-0.0329081102362205
11
1.1663385826771653
21
-0.0336614173228346
0
LINE
8
BLACK
6
CONTINUOUS
10
1.1663385826771653
20
-0.0336614173228346
11
1.1663385826771653
21
-0.0927165354330709
0
LINE
8
BLACK
6
CONTINUOUS
10
1.1663385826771653
20
-0.0927165354330709
11
1.1661887401574802
21
-0.093469842519685
0
LINE
8
BLACK
6
CONTINUOUS
10
1.1661887401574802
20
-0.093469842519685
11
1.1657620078740156
21
-0.0941084645669291
0
LINE
8
BLACK
6
CONTINUOUS
10
1.1657620078740156
20
-0.0941084645669291
11
1.1651233858267716
21
-0.0945351968503937
0
LINE
8
BLACK
6
CONTINUOUS
10
1.1651233858267716
20
-0.0945351968503937
11
1.1643700787401574
21
-0.0946850393700787
0
LINE
8
BLACK
6
CONTINUOUS
10
1.1643700787401574
20
-0.0946850393700787
11
1.1053149606299213
21
-0.0946850393700787
0
LINE
8
BLACK
6
CONTINUOUS
10
1.1053149606299213
20
-0.0946850393700787
11
1.1045616535433072
21
-0.0945351968503937
0
LINE
8
BLACK
6
CONTINUOUS
10
1.1045616535433072
20
-0.0945351968503937
11
1.1039230314960629
21
-0.0941084645669291
0
LINE
8
BLACK
6
CONTINUOUS
10
1.1039230314960629
20
-0.0941084645669291
11
1.1034962992125985
21
-0.093469842519685
0
LINE
8
BLACK
6
CONTINUOUS
10
1.1034962992125985
20
-0.093469842519685
11
1.1033464566929134
21
-0.0927165354330709
0
LINE
8
BLACK
6
CONTINUOUS
10
1.1033464566929134
20
-0.0927165354330709
11
1.1033464566929134
21
-0.0336614173228346
0
LINE
8
BLACK
6
CONTINUOUS
10
1.1033464566929134
20
-0.0336614173228346
11
1.1034962992125985
21
-0.0329081102362205
0
LINE
8
BLACK
6
CONTINUOUS
10
1.1034962992125985
20
-0.0329081102362205
11
1.1039230314960629
21
-0.0322694881889764
0
LINE
8
BLACK
6
CONTINUOUS
10
1.1039230314960629
20
-0.0322694881889764
11
1.1045616535433072
21
-0.0318427559055118
0
LINE
8
BLACK
6
CONTINUOUS
10
1.1045616535433072
20
-0.0318427559055118
11
1.1053149606299213
21
-0.0316929133858268
0
LINE
8
BLACK
6
CONTINUOUS
10
1.1053149606299213
20
-0.0316929133858268
11
1.1643700787401574
21
-0.0316929133858268
0
LINE
8
BLACK
6
CONTINUOUS
10
1.1643700787401574
20
-0.0316929133858268
11
1.1651233858267716
21
-0.0318427559055118
0
LINE
8
BLACK
6
CONTINUOUS
10
0.7418773622047244
20
0.0095287795275591
11
0.7458480708661417
21
0.0077755511811024
0
LINE
8
BLACK
6
CONTINUOUS
10
0.7458480708661417
20
0.0077755511811024
11
0.7489172834645669
21
0.0047063385826772
0
LINE
8
BLACK
6
CONTINUOUS
10
0.7489172834645669
20
0.0047063385826772
11
0.7506705118110236
21
0.0007356299212598
0
LINE
8
BLACK
6
CONTINUOUS
10
0.7506705118110236
20
0.0007356299212598
11
0.7509842519685039
21
-0.0019685039370079
0
LINE
8
BLACK
6
CONTINUOUS
10
0.7509842519685039
20
-0.0019685039370079
11
0.7509842519685039
21
-0.0226377952755905
0
LINE
8
BLACK
6
CONTINUOUS
10
0.7509842519685039
20
-0.0226377952755905
11
0.7506705118110236
21
-0.0253419291338583
0
LINE
8
BLACK
6
CONTINUOUS
10
0.7506705118110236
20
-0.0253419291338583
11
0.7489172834645669
21
-0.0293126377952756
0
LINE
8
BLACK
6
CONTINUOUS
10
0.7489172834645669
20
-0.0293126377952756
11
0.7458480708661417
21
-0.0323818503937008
0
LINE
8
BLACK
6
CONTINUOUS
10
0.7458480708661417
20
-0.0323818503937008
11
0.7418773622047244
21
-0.0341350787401575
0
LINE
8
BLACK
6
CONTINUOUS
10
0.7418773622047244
20
-0.0341350787401575
11
0.7391732283464567
21
-0.0344488188976378
0
LINE
8
BLACK
6
CONTINUOUS
10
0.7391732283464567
20
-0.0344488188976378
11
0.7037401574803149
21
-0.0344488188976378
0
LINE
8
BLACK
6
CONTINUOUS
10
0.7037401574803149
20
-0.0344488188976378
11
0.7010360236220472
21
-0.0341350787401575
0
LINE
8
BLACK
6
CONTINUOUS
10
0.7010360236220472
20
-0.0341350787401575
11
0.69706531496063
21
-0.0323818503937008
0
LINE
8
BLACK
6
CONTINUOUS
10
0.69706531496063
20
-0.0323818503937008
11
0.6939961023622047
21
-0.0293126377952756
0
LINE
8
BLACK
6
CONTINUOUS
10
0.6939961023622047
20
-0.0293126377952756
11
0.692242874015748
21
-0.0253419291338583
0
LINE
8
BLACK
6
CONTINUOUS
10
0.692242874015748
20
-0.0253419291338583
11
0.6919291338582677
21
-0.0226377952755905
0
LINE
8
BLACK
6
CONTINUOUS
10
0.6919291338582677
20
-0.0226377952755905
11
0.6919291338582677
21
-0.0019685039370079
0
LINE
8
BLACK
6
CONTINUOUS
10
0.6919291338582677
20
-0.0019685039370079
11
0.692242874015748
21
0.0007356299212598
0
LINE
8
BLACK
6
CONTINUOUS
10
0.692242874015748
20
0.0007356299212598
11
0.6939961023622047
21
0.0047063385826772
0
LINE
8
BLACK
6
CONTINUOUS
10
0.6939961023622047
20
0.0047063385826772
11
0.69706531496063
21
0.0077755511811024
0
LINE
8
BLACK
6
CONTINUOUS
10
0.69706531496063
20
0.0077755511811024
11
0.7010360236220472
21
0.0095287795275591
0
LINE
8
BLACK
6
CONTINUOUS
10
0.7010360236220472
20
0.0095287795275591
11
0.7037401574803149
21
0.0098425196850394
0
LINE
8
BLACK
6
CONTINUOUS
10
0.7037401574803149
20
0.0098425196850394
11
0.7391732283464567
21
0.0098425196850394
0
LINE
8
BLACK
6
CONTINUOUS
10
0.7391732283464567
20
0.0098425196850394
11
0.7418773622047244
21
0.0095287795275591
0
LINE
8
BLACK
6
CONTINUOUS
10
0.8304600393700787
20
0.0095287795275591
11
0.8344307480314961
21
0.0077755511811024
0
LINE
8
BLACK
6
CONTINUOUS
10
0.8344307480314961
20
0.0077755511811024
11
0.8374999606299213
21
0.0047063385826772
0
LINE
8
BLACK
6
CONTINUOUS
10
0.8374999606299213
20
0.0047063385826772
11
0.8392531889763779
21
0.0007356299212598
0
LINE
8
BLACK
6
CONTINUOUS
10
0.8392531889763779
20
0.0007356299212598
11
0.8395669291338582
21
-0.0019685039370079
0
LINE
8
BLACK
6
CONTINUOUS
10
0.8395669291338582
20
-0.0019685039370079
11
0.8395669291338582
21
-0.0226377952755905
0
LINE
8
BLACK
6
CONTINUOUS
10
0.8395669291338582
20
-0.0226377952755905
11
0.8392531889763779
21
-0.0253419291338583
0
LINE
8
BLACK
6
CONTINUOUS
10
0.8392531889763779
20
-0.0253419291338583
11
0.8374999606299213
21
-0.0293126377952756
0
LINE
8
BLACK
6
CONTINUOUS
10
0.8374999606299213
20
-0.0293126377952756
11
0.8344307480314961
21
-0.0323818503937008
0
LINE
8
BLACK
6
CONTINUOUS
10
0.8344307480314961
20
-0.0323818503937008
11
0.8304600393700787
21
-0.0341350787401575
0
LINE
8
BLACK
6
CONTINUOUS
10
0.8304600393700787
20
-0.0341350787401575
11
0.827755905511811
21
-0.0344488188976378
0
LINE
8
BLACK
6
CONTINUOUS
10
0.827755905511811
20
-0.0344488188976378
11
0.7923228346456693
21
-0.0344488188976378
0
LINE
8
BLACK
6
CONTINUOUS
10
0.7923228346456693
20
-0.0344488188976378
11
0.7896187007874016
21
-0.0341350787401575
0
LINE
8
BLACK
6
CONTINUOUS
10
0.7896187007874016
20
-0.0341350787401575
11
0.7856479921259842
21
-0.0323818503937008
0
LINE
8
BLACK
6
CONTINUOUS
10
0.7856479921259842
20
-0.0323818503937008
11
0.7825787795275591
21
-0.0293126377952756
0
LINE
8
BLACK
6
CONTINUOUS
10
0.7825787795275591
20
-0.0293126377952756
11
0.7808255511811023
21
-0.0253419291338583
0
LINE
8
BLACK
6
CONTINUOUS
10
0.7808255511811023
20
-0.0253419291338583
11
0.780511811023622
21
-0.0226377952755905
0
LINE
8
BLACK
6
CONTINUOUS
10
0.780511811023622
20
-0.0226377952755905
11
0.780511811023622
21
-0.0019685039370079
0
LINE
8
BLACK
6
CONTINUOUS
10
0.780511811023622
20
-0.0019685039370079
11
0.7808255511811023
21
0.0007356299212598
0
LINE
8
BLACK
6
CONTINUOUS
10
0.7808255511811023
20
0.0007356299212598
11
0.7825787795275591
21
0.0047063385826772
0
LINE
8
BLACK
6
CONTINUOUS
10
0.7825787795275591
20
0.0047063385826772
11
0.7856479921259842
21
0.0077755511811024
0
LINE
8
BLACK
6
CONTINUOUS
10
0.7856479921259842
20
0.0077755511811024
11
0.7896187007874016
21
0.0095287795275591
0
LINE
8
BLACK
6
CONTINUOUS
10
0.7896187007874016
20
0.0095287795275591
11
0.7923228346456693
21
0.0098425196850394
0
LINE
8
BLACK
6
CONTINUOUS
10
0.7923228346456693
20
0.0098425196850394
11
0.827755905511811
21
0.0098425196850394
0
LINE
8
BLACK
6
CONTINUOUS
10
0.827755905511811
20
0.0098425196850394
11
0.8304600393700787
21
0.0095287795275591
0
LINE
8
BLACK
6
CONTINUOUS
10
0.3206351968503937
20
0.1306429921259842
11
0.3212738188976378
21
0.1302162598425197
0
LINE
8
BLACK
6
CONTINUOUS
10
0.3212738188976378
20
0.1302162598425197
11
0.3217005511811024
21
0.1295776377952756
0
LINE
8
BLACK
6
CONTINUOUS
10
0.3217005511811024
20
0.1295776377952756
11
0.3218503937007874
21
0.1288243307086614
0
LINE
8
BLACK
6
CONTINUOUS
10
0.3218503937007874
20
0.1288243307086614
11
0.3218503937007874
21
0.0303991338582677
0
LINE
8
BLACK
6
CONTINUOUS
10
0.3218503937007874
20
0.0303991338582677
11
0.3217005511811024
21
0.0296458267716535
0
LINE
8
BLACK
6
CONTINUOUS
10
0.3217005511811024
20
0.0296458267716535
11
0.3212738188976378
21
0.0290072047244094
0
LINE
8
BLACK
6
CONTINUOUS
10
0.3212738188976378
20
0.0290072047244094
11
0.3206351968503937
21
0.0285804724409449
0
LINE
8
BLACK
6
CONTINUOUS
10
0.3206351968503937
20
0.0285804724409449
11
0.3198818897637795
21
0.0284306299212598
0
LINE
8
BLACK
6
CONTINUOUS
10
0.3198818897637795
20
0.0284306299212598
11
0.1998031496062992
21
0.0284306299212598
0
LINE
8
BLACK
6
CONTINUOUS
10
0.1998031496062992
20
0.0284306299212598
11
0.199049842519685
21
0.0285804724409449
0
LINE
8
BLACK
6
CONTINUOUS
10
0.199049842519685
20
0.0285804724409449
11
0.1984112204724409
21
0.0290072047244094
0
LINE
8
BLACK
6
CONTINUOUS
10
0.1984112204724409
20
0.0290072047244094
11
0.1979844881889764
21
0.0296458267716535
0
LINE
8
BLACK
6
CONTINUOUS
10
0.1979844881889764
20
0.0296458267716535
11
0.1978346456692913
21
0.0303991338582677
0
LINE
8
BLACK
6
CONTINUOUS
10
0.1978346456692913
20
0.0303991338582677
11
0.1978346456692913
21
0.1288243307086614
0
LINE
8
BLACK
6
CONTINUOUS
10
0.1978346456692913
20
0.1288243307086614
11
0.1979844881889764
21
0.1295776377952756
0
LINE
8
BLACK
6
CONTINUOUS
10
0.1979844881889764
20
0.1295776377952756
11
0.1984112204724409
21
0.1302162598425197
0
LINE
8
BLACK
6
CONTINUOUS
10
0.1984112204724409
20
0.1302162598425197
11
0.199049842519685
21
0.1306429921259842
0
LINE
8
BLACK
6
CONTINUOUS
10
0.199049842519685
20
0.1306429921259842
11
0.1998031496062992
21
0.1307928346456693
0
LINE
8
BLACK
6
CONTINUOUS
10
0.1998031496062992
20
0.1307928346456693
11
0.3198818897637795
21
0.1307928346456693
0
LINE
8
BLACK
6
CONTINUOUS
10
0.3198818897637795
20
0.1307928346456693
11
0.3206351968503937
21
0.1306429921259842
0
LINE
8
BLACK
6
CONTINUOUS
10
0.6533123622047244
20
0.1306429921259842
11
0.6539509842519685
21
0.1302162598425197
0
LINE
8
BLACK
6
CONTINUOUS
10
0.6539509842519685
20
0.1302162598425197
11
0.6543777165354331
21
0.1295776377952756
0
LINE
8
BLACK
6
CONTINUOUS
10
0.6543777165354331
20
0.1295776377952756
11
0.6545275590551181
21
0.1288243307086614
0
LINE
8
BLACK
6
CONTINUOUS
10
0.6545275590551181
20
0.1288243307086614
11
0.6545275590551181
21
0.0303991338582677
0
LINE
8
BLACK
6
CONTINUOUS
10
0.6545275590551181
20
0.0303991338582677
11
0.6543777165354331
21
0.0296458267716535
0
LINE
8
BLACK
6
CONTINUOUS
10
0.6543777165354331
20
0.0296458267716535
11
0.6539509842519685
21
0.0290072047244094
0
LINE
8
BLACK
6
CONTINUOUS
10
0.6539509842519685
20
0.0290072047244094
11
0.6533123622047244
21
0.0285804724409449
0
LINE
8
BLACK
6
CONTINUOUS
10
0.6533123622047244
20
0.0285804724409449
11
0.6525590551181102
21
0.0284306299212598
0
LINE
8
BLACK
6
CONTINUOUS
10
0.6525590551181102
20
0.0284306299212598
11
0.5324803149606299
21
0.0284306299212598
0
LINE
8
BLACK
6
CONTINUOUS
10
0.5324803149606299
20
0.0284306299212598
11
0.5317270078740157
21
0.0285804724409449
0
LINE
8
BLACK
6
CONTINUOUS
10
0.5317270078740157
20
0.0285804724409449
11
0.5310883858267716
21
0.0290072047244094
0
LINE
8
BLACK
6
CONTINUOUS
10
0.5310883858267716
20
0.0290072047244094
11
0.5306616535433071
21
0.0296458267716535
0
LINE
8
BLACK
6
CONTINUOUS
10
0.5306616535433071
20
0.0296458267716535
11
0.530511811023622
21
0.0303991338582677
0
LINE
8
BLACK
6
CONTINUOUS
10
0.530511811023622
20
0.0303991338582677
11
0.530511811023622
21
0.1288243307086614
0
LINE
8
BLACK
6
CONTINUOUS
10
0.530511811023622
20
0.1288243307086614
11
0.5306616535433071
21
0.1295776377952756
0
LINE
8
BLACK
6
CONTINUOUS
10
0.5306616535433071
20
0.1295776377952756
11
0.5310883858267716
21
0.1302162598425197
0
LINE
8
BLACK
6
CONTINUOUS
10
0.5310883858267716
20
0.1302162598425197
11
0.5317270078740157
21
0.1306429921259842
0
LINE
8
BLACK
6
CONTINUOUS
10
0.5317270078740157
20
0.1306429921259842
11
0.5324803149606299
21
0.1307928346456693
0
LINE
8
BLACK
6
CONTINUOUS
10
0.5324803149606299
20
0.1307928346456693
11
0.6525590551181102
21
0.1307928346456693
0
LINE
8
BLACK
6
CONTINUOUS
10
0.6525590551181102
20
0.1307928346456693
11
0.6533123622047244
21
0.1306429921259842
0
LINE
8
BLACK
6
CONTINUOUS
10
0.9914029133858268
20
0.1124485826771654
11
0.9920415354330708
21
0.1120218503937008
0
LINE
8
BLACK
6
CONTINUOUS
10
0.9920415354330708
20
0.1120218503937008
11
0.9924682677165354
21
0.1113832283464567
0
LINE
8
BLACK
6
CONTINUOUS
10
0.9924682677165354
20
0.1113832283464567
11
0.9926181102362205
21
0.1106299212598425
0
LINE
8
BLACK
6
CONTINUOUS
10
0.9926181102362205
20
0.1106299212598425
11
0.9926181102362205
21
0.0515748031496063
0
LINE
8
BLACK
6
CONTINUOUS
10
0.9926181102362205
20
0.0515748031496063
11
0.9924682677165354
21
0.0508214960629921
0
LINE
8
BLACK
6
CONTINUOUS
10
0.9924682677165354
20
0.0508214960629921
11
0.9920415354330708
21
0.050182874015748
0
LINE
8
BLACK
6
CONTINUOUS
10
0.9920415354330708
20
0.050182874015748
11
0.9914029133858268
21
0.0497561417322835
0
LINE
8
BLACK
6
CONTINUOUS
10
0.9914029133858268
20
0.0497561417322835
11
0.9906496062992126
21
0.0496062992125984
0
LINE
8
BLACK
6
CONTINUOUS
10
0.9906496062992126
20
0.0496062992125984
11
0.9315944881889764
21
0.0496062992125984
0
LINE
8
BLACK
6
CONTINUOUS
10
0.9315944881889764
20
0.0496062992125984
11
0.9308411811023621
21
0.0497561417322835
0
LINE
8
BLACK
6
CONTINUOUS
10
0.9308411811023621
20
0.0497561417322835
11
0.9302025590551181
21
0.050182874015748
0
LINE
8
BLACK
6
CONTINUOUS
10
0.9302025590551181
20
0.050182874015748
11
0.9297758267716535
21
0.0508214960629921
0
LINE
8
BLACK
6
CONTINUOUS
10
0.9297758267716535
20
0.0508214960629921
11
0.9296259842519685
21
0.0515748031496063
0
LINE
8
BLACK
6
CONTINUOUS
10
0.9296259842519685
20
0.0515748031496063
11
0.9296259842519685
21
0.1106299212598425
0
LINE
8
BLACK
6
CONTINUOUS
10
0.9296259842519685
20
0.1106299212598425
11
0.9297758267716535
21
0.1113832283464567
0
LINE
8
BLACK
6
CONTINUOUS
10
0.9297758267716535
20
0.1113832283464567
11
0.9302025590551181
21
0.1120218503937008
0
LINE
8
BLACK
6
CONTINUOUS
10
0.9302025590551181
20
0.1120218503937008
11
0.9308411811023621
21
0.1124485826771654
0
LINE
8
BLACK
6
CONTINUOUS
10
0.9308411811023621
20
0.1124485826771654
11
0.9315944881889764
21
0.1125984251968504
0
LINE
8
BLACK
6
CONTINUOUS
10
0.9315944881889764
20
0.1125984251968504
11
0.9906496062992126
21
0.1125984251968504
0
LINE
8
BLACK
6
CONTINUOUS
10
0.9906496062992126
20
0.1125984251968504
11
0.9914029133858268
21
0.1124485826771654
0
LINE
8
BLACK
6
CONTINUOUS
10
1.1651233858267716
20
0.1161887401574803
11
1.1657620078740156
21
0.1157620078740157
0
LINE
8
BLACK
6
CONTINUOUS
10
1.1657620078740156
20
0.1157620078740157
11
1.1661887401574802
21
0.1151233858267716
0
LINE
8
BLACK
6
CONTINUOUS
10
1.1661887401574802
20
0.1151233858267716
11
1.1663385826771653
21
0.1143700787401575
0
LINE
8
BLACK
6
CONTINUOUS
10
1.1663385826771653
20
0.1143700787401575
11
1.1663385826771653
21
0.0553149606299213
0
LINE
8
BLACK
6
CONTINUOUS
10
1.1663385826771653
20
0.0553149606299213
11
1.1661887401574802
21
0.0545616535433071
0
LINE
8
BLACK
6
CONTINUOUS
10
1.1661887401574802
20
0.0545616535433071
11
1.1657620078740156
21
0.053923031496063
0
LINE
8
BLACK
6
CONTINUOUS
10
1.1657620078740156
20
0.053923031496063
11
1.1651233858267716
21
0.0534962992125984
0
LINE
8
BLACK
6
CONTINUOUS
10
1.1651233858267716
20
0.0534962992125984
11
1.1643700787401574
21
0.0533464566929134
0
LINE
8
BLACK
6
CONTINUOUS
10
1.1643700787401574
20
0.0533464566929134
11
1.1053149606299213
21
0.0533464566929134
0
LINE
8
BLACK
6
CONTINUOUS
10
1.1053149606299213
20
0.0533464566929134
11
1.1045616535433072
21
0.0534962992125984
0
LINE
8
BLACK
6
CONTINUOUS
10
1.1045616535433072
20
0.0534962992125984
11
1.1039230314960629
21
0.053923031496063
0
LINE
8
BLACK
6
CONTINUOUS
10
1.1039230314960629
20
0.053923031496063
11
1.1034962992125985
21
0.0545616535433071
0
LINE
8
BLACK
6
CONTINUOUS
10
1.1034962992125985
20
0.0545616535433071
11
1.1033464566929134
21
0.0553149606299213
0
LINE
8
BLACK
6
CONTINUOUS
10
1.1033464566929134
20
0.0553149606299213
11
1.1033464566929134
21
0.1143700787401575
0
LINE
8
BLACK
6
CONTINUOUS
10
1.1033464566929134
20
0.1143700787401575
11
1.1034962992125985
21
0.1151233858267716
0
LINE
8
BLACK
6
CONTINUOUS
10
1.1034962992125985
20
0.1151233858267716
11
1.1039230314960629
21
0.1157620078740157
0
LINE
8
BLACK
6
CONTINUOUS
10
1.1039230314960629
20
0.1157620078740157
11
1.1045616535433072
21
0.1161887401574803
0
LINE
8
BLACK
6
CONTINUOUS
10
1.1045616535433072
20
0.1161887401574803
11
1.1053149606299213
21
0.1163385826771653
0
LINE
8
BLACK
6
CONTINUOUS
10
1.1053149606299213
20
0.1163385826771653
11
1.1643700787401574
21
0.1163385826771653
0
LINE
8
BLACK
6
CONTINUOUS
10
1.1643700787401574
20
0.1163385826771653
11
1.1651233858267716
21
0.1161887401574803
0
LINE
8
BLACK
6
CONTINUOUS
10
0.7992731102362205
20
0.2405423622047244
11
0.8018275984251968
21
0.2388354724409449
0
LINE
8
BLACK
6
CONTINUOUS
10
0.8018275984251968
20
0.2388354724409449
11
0.8035344881889763
21
0.2362809842519685
0
LINE
8
BLACK
6
CONTINUOUS
10
0.8035344881889763
20
0.2362809842519685
11
0.8041338582677166
21
0.2332677165354331
0
LINE
8
BLACK
6
CONTINUOUS
10
0.8041338582677166
20
0.2332677165354331
11
0.8041338582677166
21
0.187007874015748
0
LINE
8
BLACK
6
CONTINUOUS
10
0.8041338582677166
20
0.187007874015748
11
0.8035344881889763
21
0.1839946062992126
0
LINE
8
BLACK
6
CONTINUOUS
10
0.8035344881889763
20
0.1839946062992126
11
0.8018275984251968
21
0.1814401181102362
0
LINE
8
BLACK
6
CONTINUOUS
10
0.8018275984251968
20
0.1814401181102362
11
0.7992731102362205
21
0.1797332283464567
0
LINE
8
BLACK
6
CONTINUOUS
10
0.7992731102362205
20
0.1797332283464567
11
0.7962598425196851
21
0.1791338582677165
0
LINE
8
BLACK
6
CONTINUOUS
10
0.7962598425196851
20
0.1791338582677165
11
0.7844488188976377
21
0.1791338582677165
0
LINE
8
BLACK
6
CONTINUOUS
10
0.7844488188976377
20
0.1791338582677165
11
0.7814355511811023
21
0.1797332283464567
0
LINE
8
BLACK
6
CONTINUOUS
10
0.7814355511811023
20
0.1797332283464567
11
0.778881062992126
21
0.1814401181102362
0
LINE
8
BLACK
6
CONTINUOUS
10
0.778881062992126
20
0.1814401181102362
11
0.7771741732283465
21
0.1839946062992126
0
LINE
8
BLACK
6
CONTINUOUS
10
0.7771741732283465
20
0.1839946062992126
11
0.7765748031496063
21
0.187007874015748
0
LINE
8
BLACK
6
CONTINUOUS
10
0.7765748031496063
20
0.187007874015748
11
0.7765748031496063
21
0.2332677165354331
0
LINE
8
BLACK
6
CONTINUOUS
10
0.7765748031496063
20
0.2332677165354331
11
0.7771741732283465
21
0.2362809842519685
0
LINE
8
BLACK
6
CONTINUOUS
10
0.7771741732283465
20
0.2362809842519685
11
0.778881062992126
21
0.2388354724409449
0
LINE
8
BLACK
6
CONTINUOUS
10
0.778881062992126
20
0.2388354724409449
11
0.7814355511811023
21
0.2405423622047244
0
LINE
8
BLACK
6
CONTINUOUS
10
0.7814355511811023
20
0.2405423622047244
11
0.7844488188976377
21
0.2411417322834646
0
LINE
8
BLACK
6
CONTINUOUS
10
0.7844488188976377
20
0.2411417322834646
11
0.7962598425196851
21
0.2411417322834646
0
LINE
8
BLACK
6
CONTINUOUS
10
0.7962598425196851
20
0.2411417322834646
11
0.7992731102362205
21
0.2405423622047244
0
LINE
8
BLACK
6
CONTINUOUS
10
0.9700408267716535
20
0.2405423622047244
11
0.9725953149606299
21
0.2388354724409449
0
LINE
8
BLACK
6
CONTINUOUS
10
0.9725953149606299
20
0.2388354724409449
11
0.9743022047244094
21
0.2362809842519685
0
LINE
8
BLACK
6
CONTINUOUS
10
0.9743022047244094
20
0.2362809842519685
11
0.9749015748031495
21
0.2332677165354331
0
LINE
8
BLACK
6
CONTINUOUS
10
0.9749015748031495
20
0.2332677165354331
11
0.9749015748031495
21
0.187007874015748
0
LINE
8
BLACK
6
CONTINUOUS
10
0.9749015748031495
20
0.187007874015748
11
0.9743022047244094
21
0.1839946062992126
0
LINE
8
BLACK
6
CONTINUOUS
10
0.9743022047244094
20
0.1839946062992126
11
0.9725953149606299
21
0.1814401181102362
0
LINE
8
BLACK
6
CONTINUOUS
10
0.9725953149606299
20
0.1814401181102362
11
0.9700408267716535
21
0.1797332283464567
0
LINE
8
BLACK
6
CONTINUOUS
10
0.9700408267716535
20
0.1797332283464567
11
0.9670275590551181
21
0.1791338582677165
0
LINE
8
BLACK
6
CONTINUOUS
10
0.9670275590551181
20
0.1791338582677165
11
0.9552165354330708
21
0.1791338582677165
0
LINE
8
BLACK
6
CONTINUOUS
10
0.9552165354330708
20
0.1791338582677165
11
0.9522032677165354
21
0.1797332283464567
0
LINE
8
BLACK
6
CONTINUOUS
10
0.9522032677165354
20
0.1797332283464567
11
0.949648779527559
21
0.1814401181102362
0
LINE
8
BLACK
6
CONTINUOUS
10
0.949648779527559
20
0.1814401181102362
11
0.9479418897637795
21
0.1839946062992126
0
LINE
8
BLACK
6
CONTINUOUS
10
0.9479418897637795
20
0.1839946062992126
11
0.9473425196850394
21
0.187007874015748
0
LINE
8
BLACK
6
CONTINUOUS
10
0.9473425196850394
20
0.187007874015748
11
0.9473425196850394
21
0.2332677165354331
0
LINE
8
BLACK
6
CONTINUOUS
10
0.9473425196850394
20
0.2332677165354331
11
0.9479418897637795
21
0.2362809842519685
0
LINE
8
BLACK
6
CONTINUOUS
10
0.9479418897637795
20
0.2362809842519685
11
0.949648779527559
21
0.2388354724409449
0
LINE
8
BLACK
6
CONTINUOUS
10
0.949648779527559
20
0.2388354724409449
11
0.9522032677165354
21
0.2405423622047244
0
LINE
8
BLACK
6
CONTINUOUS
10
0.9522032677165354
20
0.2405423622047244
11
0.9552165354330708
21
0.2411417322834646
0
LINE
8
BLACK
6
CONTINUOUS
10
0.9552165354330708
20
0.2411417322834646
11
0.9670275590551181
21
0.2411417322834646
0
LINE
8
BLACK
6
CONTINUOUS
10
0.9670275590551181
20
0.2411417322834646
11
0.9700408267716535
21
0.2405423622047244
0
LINE
8
BLACK
6
CONTINUOUS
10
1.1437612992125985
20
0.2405423622047244
11
1.1463157874015748
21
0.2388354724409449
0
LINE
8
BLACK
6
CONTINUOUS
10
1.1463157874015748
20
0.2388354724409449
11
1.1480226771653543
21
0.2362809842519685
0
LINE
8
BLACK
6
CONTINUOUS
10
1.1480226771653543
20
0.2362809842519685
11
1.1486220472440944
21
0.2332677165354331
0
LINE
8
BLACK
6
CONTINUOUS
10
1.1486220472440944
20
0.2332677165354331
11
1.1486220472440944
21
0.187007874015748
0
LINE
8
BLACK
6
CONTINUOUS
10
1.1486220472440944
20
0.187007874015748
11
1.1480226771653543
21
0.1839946062992126
0
LINE
8
BLACK
6
CONTINUOUS
10
1.1480226771653543
20
0.1839946062992126
11
1.1463157874015748
21
0.1814401181102362
0
LINE
8
BLACK
6
CONTINUOUS
10
1.1463157874015748
20
0.1814401181102362
11
1.1437612992125985
21
0.1797332283464567
0
LINE
8
BLACK
6
CONTINUOUS
10
1.1437612992125985
20
0.1797332283464567
11
1.140748031496063
21
0.1791338582677165
0
LINE
8
BLACK
6
CONTINUOUS
10
1.140748031496063
20
0.1791338582677165
11
1.1289370078740157
21
0.1791338582677165
0
LINE
8
BLACK
6
CONTINUOUS
10
1.1289370078740157
20
0.1791338582677165
11
1.1259237401574802
21
0.1797332283464567
0
LINE
8
BLACK
6
CONTINUOUS
10
1.1259237401574802
20
0.1797332283464567
11
1.1233692519685039
21
0.1814401181102362
0
LINE
8
BLACK
6
CONTINUOUS
10
1.1233692519685039
20
0.1814401181102362
11
1.1216623622047244
21
0.1839946062992126
0
LINE
8
BLACK
6
CONTINUOUS
10
1.1216623622047244
20
0.1839946062992126
11
1.1210629921259843
21
0.187007874015748
0
LINE
8
BLACK
6
CONTINUOUS
10
1.1210629921259843
20
0.187007874015748
11
1.1210629921259843
21
0.2332677165354331
0
LINE
8
BLACK
6
CONTINUOUS
10
1.1210629921259843
20
0.2332677165354331
11
1.1216623622047244
21
0.2362809842519685
0
LINE
8
BLACK
6
CONTINUOUS
10
1.1216623622047244
20
0.2362809842519685
11
1.1233692519685039
21
0.2388354724409449
0
LINE
8
BLACK
6
CONTINUOUS
10
1.1233692519685039
20
0.2388354724409449
11
1.1259237401574802
21
0.2405423622047244
0
LINE
8
BLACK
6
CONTINUOUS
10
1.1259237401574802
20
0.2405423622047244
11
1.1289370078740157
21
0.2411417322834646
0
LINE
8
BLACK
6
CONTINUOUS
10
1.1289370078740157
20
0.2411417322834646
11
1.140748031496063
21
0.2411417322834646
0
LINE
8
BLACK
6
CONTINUOUS
10
1.140748031496063
20
0.2411417322834646
11
1.1437612992125985
21
0.2405423622047244
0
LINE
8
BLACK
6
CONTINUOUS
10
0.7618715354330708
20
0.3143612598425197
11
0.7644260236220473
21
0.3126543700787401
0
LINE
8
BLACK
6
CONTINUOUS
10
0.7644260236220473
20
0.3126543700787401
11
0.7661329133858268
21
0.3100998818897638
0
LINE
8
BLACK
6
CONTINUOUS
10
0.7661329133858268
20
0.3100998818897638
11
0.7667322834645669
21
0.3070866141732284
0
LINE
8
BLACK
6
CONTINUOUS
10
0.7667322834645669
20
0.3070866141732284
11
0.7667322834645669
21
0.2608267716535433
0
LINE
8
BLACK
6
CONTINUOUS
10
0.7667322834645669
20
0.2608267716535433
11
0.7661329133858268
21
0.2578135039370079
0
LINE
8
BLACK
6
CONTINUOUS
10
0.7661329133858268
20
0.2578135039370079
11
0.7644260236220473
21
0.2552590157480315
0
LINE
8
BLACK
6
CONTINUOUS
10
0.7644260236220473
20
0.2552590157480315
11
0.7618715354330708
21
0.253552125984252
0
LINE
8
BLACK
6
CONTINUOUS
10
0.7618715354330708
20
0.253552125984252
11
0.7588582677165354
21
0.2529527559055118
0
LINE
8
BLACK
6
CONTINUOUS
10
0.7588582677165354
20
0.2529527559055118
11
0.7470472440944882
21
0.2529527559055118
0
LINE
8
BLACK
6
CONTINUOUS
10
0.7470472440944882
20
0.2529527559055118
11
0.7440339763779528
21
0.253552125984252
0
LINE
8
BLACK
6
CONTINUOUS
10
0.7440339763779528
20
0.253552125984252
11
0.7414794881889764
21
0.2552590157480315
0
LINE
8
BLACK
6
CONTINUOUS
10
0.7414794881889764
20
0.2552590157480315
11
0.7397725984251968
21
0.2578135039370079
0
LINE
8
BLACK
6
CONTINUOUS
10
0.7397725984251968
20
0.2578135039370079
11
0.7391732283464567
21
0.2608267716535433
0
LINE
8
BLACK
6
CONTINUOUS
10
0.7391732283464567
20
0.2608267716535433
11
0.7391732283464567
21
0.3070866141732284
0
LINE
8
BLACK
6
CONTINUOUS
10
0.7391732283464567
20
0.3070866141732284
11
0.7397725984251968
21
0.3100998818897638
0
LINE
8
BLACK
6
CONTINUOUS
10
0.7397725984251968
20
0.3100998818897638
11
0.7414794881889764
21
0.3126543700787401
0
LINE
8
BLACK
6
CONTINUOUS
10
0.7414794881889764
20
0.3126543700787401
11
0.7440339763779528
21
0.3143612598425197
0
LINE
8
BLACK
6
CONTINUOUS
10
0.7440339763779528
20
0.3143612598425197
11
0.7470472440944882
21
0.3149606299212598
0
LINE
8
BLACK
6
CONTINUOUS
10
0.7470472440944882
20
0.3149606299212598
11
0.7588582677165354
21
0.3149606299212598
0
LINE
8
BLACK
6
CONTINUOUS
10
0.7588582677165354
20
0.3149606299212598
11
0.7618715354330708
21
0.3143612598425197
0
LINE
8
BLACK
6
CONTINUOUS
10
0.83667468503937
20
0.3143612598425197
11
0.8392291732283464
21
0.3126543700787401
0
LINE
8
BLACK
6
CONTINUOUS
10
0.8392291732283464
20
0.3126543700787401
11
0.840936062992126
21
0.3100998818897638
0
LINE
8
BLACK
6
CONTINUOUS
10
0.840936062992126
20
0.3100998818897638
11
0.8415354330708661
21
0.3070866141732284
0
LINE
8
BLACK
6
CONTINUOUS
10
0.8415354330708661
20
0.3070866141732284
11
0.8415354330708661
21
0.2608267716535433
0
LINE
8
BLACK
6
CONTINUOUS
10
0.8415354330708661
20
0.2608267716535433
11
0.840936062992126
21
0.2578135039370079
0
LINE
8
BLACK
6
CONTINUOUS
10
0.840936062992126
20
0.2578135039370079
11
0.8392291732283464
21
0.2552590157480315
0
LINE
8
BLACK
6
CONTINUOUS
10
0.8392291732283464
20
0.2552590157480315
11
0.83667468503937
21
0.253552125984252
0
LINE
8
BLACK
6
CONTINUOUS
10
0.83667468503937
20
0.253552125984252
11
0.8336614173228346
21
0.2529527559055118
0
LINE
8
BLACK
6
CONTINUOUS
10
0.8336614173228346
20
0.2529527559055118
11
0.8218503937007874
21
0.2529527559055118
0
LINE
8
BLACK
6
CONTINUOUS
10
0.8218503937007874
20
0.2529527559055118
11
0.818837125984252
21
0.253552125984252
0
LINE
8
BLACK
6
CONTINUOUS
10
0.818837125984252
20
0.253552125984252
11
0.8162826377952755
21
0.2552590157480315
0
LINE
8
BLACK
6
CONTINUOUS
10
0.8162826377952755
20
0.2552590157480315
11
0.814575748031496
21
0.2578135039370079
0
LINE
8
BLACK
6
CONTINUOUS
10
0.814575748031496
20
0.2578135039370079
11
0.8139763779527559
21
0.2608267716535433
0
LINE
8
BLACK
6
CONTINUOUS
10
0.8139763779527559
20
0.2608267716535433
11
0.8139763779527559
21
0.3070866141732284
0
LINE
8
BLACK
6
CONTINUOUS
10
0.8139763779527559
20
0.3070866141732284
11
0.814575748031496
21
0.3100998818897638
0
LINE
8
BLACK
6
CONTINUOUS
10
0.814575748031496
20
0.3100998818897638
11
0.8162826377952755
21
0.3126543700787401
0
LINE
8
BLACK
6
CONTINUOUS
10
0.8162826377952755
20
0.3126543700787401
11
0.818837125984252
21
0.3143612598425197
0
LINE
8
BLACK
6
CONTINUOUS
10
0.818837125984252
20
0.3143612598425197
11
0.8218503937007874
21
0.3149606299212598
0
LINE
8
BLACK
6
CONTINUOUS
10
0.8218503937007874
20
0.3149606299212598
11
0.8336614173228346
21
0.3149606299212598
0
LINE
8
BLACK
6
CONTINUOUS
10
0.8336614173228346
20
0.3149606299212598
11
0.83667468503937
21
0.3143612598425197
0
LINE
8
BLACK
6
CONTINUOUS
10
0.9326392519685039
20
0.3143612598425197
11
0.9351937401574802
21
0.3126543700787401
0
LINE
8
BLACK
6
CONTINUOUS
10
0.9351937401574802
20
0.3126543700787401
11
0.9369006299212598
21
0.3100998818897638
0
LINE
8
BLACK
6
CONTINUOUS
10
0.9369006299212598
20
0.3100998818897638
11
0.9375
21
0.3070866141732284
0
LINE
8
BLACK
6
CONTINUOUS
10
0.9375
20
0.3070866141732284
11
0.9375
21
0.2608267716535433
0
LINE
8
BLACK
6
CONTINUOUS
10
0.9375
20
0.2608267716535433
11
0.9369006299212598
21
0.2578135039370079
0
LINE
8
BLACK
6
CONTINUOUS
10
0.9369006299212598
20
0.2578135039370079
11
0.9351937401574802
21
0.2552590157480315
0
LINE
8
BLACK
6
CONTINUOUS
10
0.9351937401574802
20
0.2552590157480315
11
0.9326392519685039
21
0.253552125984252
0
LINE
8
BLACK
6
CONTINUOUS
10
0.9326392519685039
20
0.253552125984252
11
0.9296259842519685
21
0.2529527559055118
0
LINE
8
BLACK
6
CONTINUOUS
10
0.9296259842519685
20
0.2529527559055118
11
0.9178149606299212
21
0.2529527559055118
0
LINE
8
BLACK
6
CONTINUOUS
10
0.9178149606299212
20
0.2529527559055118
11
0.9148016929133858
21
0.253552125984252
0
LINE
8
BLACK
6
CONTINUOUS
10
0.9148016929133858
20
0.253552125984252
11
0.9122472047244095
21
0.2552590157480315
0
LINE
8
BLACK
6
CONTINUOUS
10
0.9122472047244095
20
0.2552590157480315
11
0.9105403149606299
21
0.2578135039370079
0
LINE
8
BLACK
6
CONTINUOUS
10
0.9105403149606299
20
0.2578135039370079
11
0.9099409448818897
21
0.2608267716535433
0
LINE
8
BLACK
6
CONTINUOUS
10
0.9099409448818897
20
0.2608267716535433
11
0.9099409448818897
21
0.3070866141732284
0
LINE
8
BLACK
6
CONTINUOUS
10
0.9099409448818897
20
0.3070866141732284
11
0.9105403149606299
21
0.3100998818897638
0
LINE
8
BLACK
6
CONTINUOUS
10
0.9105403149606299
20
0.3100998818897638
11
0.9122472047244095
21
0.3126543700787401
0
LINE
8
BLACK
6
CONTINUOUS
10
0.9122472047244095
20
0.3126543700787401
11
0.9148016929133858
21
0.3143612598425197
0
LINE
8
BLACK
6
CONTINUOUS
10
0.9148016929133858
20
0.3143612598425197
11
0.9178149606299212
21
0.3149606299212598
0
LINE
8
BLACK
6
CONTINUOUS
10
0.9178149606299212
20
0.3149606299212598
11
0.9296259842519685
21
0.3149606299212598
0
LINE
8
BLACK
6
CONTINUOUS
10
0.9296259842519685
20
0.3149606299212598
11
0.9326392519685039
21
0.3143612598425197
0
LINE
8
BLACK
6
CONTINUOUS
10
1.0074424015748031
20
0.3143612598425197
11
1.0099968897637794
21
0.3126543700787401
0
LINE
8
BLACK
6
CONTINUOUS
10
1.0099968897637794
20
0.3126543700787401
11
1.011703779527559
21
0.3100998818897638
0
LINE
8
BLACK
6
CONTINUOUS
10
1.011703779527559
20
0.3100998818897638
11
1.0123031496062991
21
0.3070866141732284
0
LINE
8
BLACK
6
CONTINUOUS
10
1.0123031496062991
20
0.3070866141732284
11
1.0123031496062991
21
0.2608267716535433
0
LINE
8
BLACK
6
CONTINUOUS
10
1.0123031496062991
20
0.2608267716535433
11
1.011703779527559
21
0.2578135039370079
0
LINE
8
BLACK
6
CONTINUOUS
10
1.011703779527559
20
0.2578135039370079
11
1.0099968897637794
21
0.2552590157480315
0
LINE
8
BLACK
6
CONTINUOUS
10
1.0099968897637794
20
0.2552590157480315
11
1.0074424015748031
21
0.253552125984252
0
LINE
8
BLACK
6
CONTINUOUS
10
1.0074424015748031
20
0.253552125984252
11
1.0044291338582676
21
0.2529527559055118
0
LINE
8
BLACK
6
CONTINUOUS
10
1.0044291338582676
20
0.2529527559055118
11
0.9926181102362205
21
0.2529527559055118
0
LINE
8
BLACK
6
CONTINUOUS
10
0.9926181102362205
20
0.2529527559055118
11
0.9896048425196851
21
0.253552125984252
0
LINE
8
BLACK
6
CONTINUOUS
10
0.9896048425196851
20
0.253552125984252
11
0.9870503543307086
21
0.2552590157480315
0
LINE
8
BLACK
6
CONTINUOUS
10
0.9870503543307086
20
0.2552590157480315
11
0.9853434645669291
21
0.2578135039370079
0
LINE
8
BLACK
6
CONTINUOUS
10
0.9853434645669291
20
0.2578135039370079
11
0.984744094488189
21
0.2608267716535433
0
LINE
8
BLACK
6
CONTINUOUS
10
0.984744094488189
20
0.2608267716535433
11
0.984744094488189
21
0.3070866141732284
0
LINE
8
BLACK
6
CONTINUOUS
10
0.984744094488189
20
0.3070866141732284
11
0.9853434645669291
21
0.3100998818897638
0
LINE
8
BLACK
6
CONTINUOUS
10
0.9853434645669291
20
0.3100998818897638
11
0.9870503543307086
21
0.3126543700787401
0
LINE
8
BLACK
6
CONTINUOUS
10
0.9870503543307086
20
0.3126543700787401
11
0.9896048425196851
21
0.3143612598425197
0
LINE
8
BLACK
6
CONTINUOUS
10
0.9896048425196851
20
0.3143612598425197
11
0.9926181102362205
21
0.3149606299212598
0
LINE
8
BLACK
6
CONTINUOUS
10
0.9926181102362205
20
0.3149606299212598
11
1.0044291338582676
21
0.3149606299212598
0
LINE
8
BLACK
6
CONTINUOUS
10
1.0044291338582676
20
0.3149606299212598
11
1.0074424015748031
21
0.3143612598425197
0
LINE
8
BLACK
6
CONTINUOUS
10
1.1063597244094487
20
0.3143612598425197
11
1.1089142125984253
21
0.3126543700787401
0
LINE
8
BLACK
6
CONTINUOUS
10
1.1089142125984253
20
0.3126543700787401
11
1.1106211023622048
21
0.3100998818897638
0
LINE
8
BLACK
6
CONTINUOUS
10
1.1106211023622048
20
0.3100998818897638
11
1.1112204724409449
21
0.3070866141732284
0
LINE
8
BLACK
6
CONTINUOUS
10
1.1112204724409449
20
0.3070866141732284
11
1.1112204724409449
21
0.2608267716535433
0
LINE
8
BLACK
6
CONTINUOUS
10
1.1112204724409449
20
0.2608267716535433
11
1.1106211023622048
21
0.2578135039370079
0
LINE
8
BLACK
6
CONTINUOUS
10
1.1106211023622048
20
0.2578135039370079
11
1.1089142125984253
21
0.2552590157480315
0
LINE
8
BLACK
6
CONTINUOUS
10
1.1089142125984253
20
0.2552590157480315
11
1.1063597244094487
21
0.253552125984252
0
LINE
8
BLACK
6
CONTINUOUS
10
1.1063597244094487
20
0.253552125984252
11
1.1033464566929134
21
0.2529527559055118
0
LINE
8
BLACK
6
CONTINUOUS
10
1.1033464566929134
20
0.2529527559055118
11
1.0915354330708662
21
0.2529527559055118
0
LINE
8
BLACK
6
CONTINUOUS
10
1.0915354330708662
20
0.2529527559055118
11
1.0885221653543307
21
0.253552125984252
0
LINE
8
BLACK
6
CONTINUOUS
10
1.0885221653543307
20
0.253552125984252
11
1.0859676771653544
21
0.2552590157480315
0
LINE
8
BLACK
6
CONTINUOUS
10
1.0859676771653544
20
0.2552590157480315
11
1.0842607874015748
21
0.2578135039370079
0
LINE
8
BLACK
6
CONTINUOUS
10
1.0842607874015748
20
0.2578135039370079
11
1.0836614173228347
21
0.2608267716535433
0
LINE
8
BLACK
6
CONTINUOUS
10
1.0836614173228347
20
0.2608267716535433
11
1.0836614173228347
21
0.3070866141732284
0
LINE
8
BLACK
6
CONTINUOUS
10
1.0836614173228347
20
0.3070866141732284
11
1.0842607874015748
21
0.3100998818897638
0
LINE
8
BLACK
6
CONTINUOUS
10
1.0842607874015748
20
0.3100998818897638
11
1.0859676771653544
21
0.3126543700787401
0
LINE
8
BLACK
6
CONTINUOUS
10
1.0859676771653544
20
0.3126543700787401
11
1.0885221653543307
21
0.3143612598425197
0
LINE
8
BLACK
6
CONTINUOUS
10
1.0885221653543307
20
0.3143612598425197
11
1.0915354330708662
21
0.3149606299212598
0
LINE
8
BLACK
6
CONTINUOUS
10
1.0915354330708662
20
0.3149606299212598
11
1.1033464566929134
21
0.3149606299212598
0
LINE
8
BLACK
6
CONTINUOUS
10
1.1033464566929134
20
0.3149606299212598
11
1.1063597244094487
21
0.3143612598425197
0
LINE
8
BLACK
6
CONTINUOUS
10
1.181162874015748
20
0.3143612598425197
11
1.1837173622047243
21
0.3126543700787401
0
LINE
8
BLACK
6
CONTINUOUS
10
1.1837173622047243
20
0.3126543700787401
11
1.1854242519685039
21
0.3100998818897638
0
LINE
8
BLACK
6
CONTINUOUS
10
1.1854242519685039
20
0.3100998818897638
11
1.186023622047244
21
0.3070866141732284
0
LINE
8
BLACK
6
CONTINUOUS
10
1.186023622047244
20
0.3070866141732284
11
1.186023622047244
21
0.2608267716535433
0
LINE
8
BLACK
6
CONTINUOUS
10
1.186023622047244
20
0.2608267716535433
11
1.1854242519685039
21
0.2578135039370079
0
LINE
8
BLACK
6
CONTINUOUS
10
1.1854242519685039
20
0.2578135039370079
11
1.1837173622047243
21
0.2552590157480315
0
LINE
8
BLACK
6
CONTINUOUS
10
1.1837173622047243
20
0.2552590157480315
11
1.181162874015748
21
0.253552125984252
0
LINE
8
BLACK
6
CONTINUOUS
10
1.181162874015748
20
0.253552125984252
11
1.1781496062992125
21
0.2529527559055118
0
LINE
8
BLACK
6
CONTINUOUS
10
1.1781496062992125
20
0.2529527559055118
11
1.1663385826771653
21
0.2529527559055118
0
LINE
8
BLACK
6
CONTINUOUS
10
1.1663385826771653
20
0.2529527559055118
11
1.16332531496063
21
0.253552125984252
0
LINE
8
BLACK
6
CONTINUOUS
10
1.16332531496063
20
0.253552125984252
11
1.1607708267716534
21
0.2552590157480315
0
LINE
8
BLACK
6
CONTINUOUS
10
1.1607708267716534
20
0.2552590157480315
11
1.1590639370078739
21
0.2578135039370079
0
LINE
8
BLACK
6
CONTINUOUS
10
1.1590639370078739
20
0.2578135039370079
11
1.1584645669291338
21
0.2608267716535433
0
LINE
8
BLACK
6
CONTINUOUS
10
1.1584645669291338
20
0.2608267716535433
11
1.1584645669291338
21
0.3070866141732284
0
LINE
8
BLACK
6
CONTINUOUS
10
1.1584645669291338
20
0.3070866141732284
11
1.1590639370078739
21
0.3100998818897638
0
LINE
8
BLACK
6
CONTINUOUS
10
1.1590639370078739
20
0.3100998818897638
11
1.1607708267716534
21
0.3126543700787401
0
LINE
8
BLACK
6
CONTINUOUS
10
1.1607708267716534
20
0.3126543700787401
11
1.16332531496063
21
0.3143612598425197
0
LINE
8
BLACK
6
CONTINUOUS
10
1.16332531496063
20
0.3143612598425197
11
1.1663385826771653
21
0.3149606299212598
0
LINE
8
BLACK
6
CONTINUOUS
10
1.1663385826771653
20
0.3149606299212598
11
1.1781496062992125
21
0.3149606299212598
0
LINE
8
BLACK
6
CONTINUOUS
10
1.1781496062992125
20
0.3149606299212598
11
1.181162874015748
21
0.3143612598425197
0
LINE
8
BLACK
6
CONTINUOUS
10
0.0807533070866142
20
0.3664643307086614
11
0.0813919291338583
21
0.3660375984251968
0
LINE
8
BLACK
6
CONTINUOUS
10
0.0813919291338583
20
0.3660375984251968
11
0.0818186614173228
21
0.3653989763779528
0
LINE
8
BLACK
6
CONTINUOUS
10
0.0818186614173228
20
0.3653989763779528
11
0.0819685039370079
21
0.3646456692913386
0
LINE
8
BLACK
6
CONTINUOUS
10
0.0819685039370079
20
0.3646456692913386
11
0.0819685039370079
21
0.3046456692913386
0
LINE
8
BLACK
6
CONTINUOUS
10
0.0819685039370079
20
0.3046456692913386
11
0.0818186614173228
21
0.3038923622047244
0
LINE
8
BLACK
6
CONTINUOUS
10
0.0818186614173228
20
0.3038923622047244
11
0.0813919291338583
21
0.3032537401574803
0
LINE
8
BLACK
6
CONTINUOUS
10
0.0813919291338583
20
0.3032537401574803
11
0.0807533070866142
21
0.3028270078740157
0
LINE
8
BLACK
6
CONTINUOUS
10
0.0807533070866142
20
0.3028270078740157
11
0.08
21
0.3026771653543307
0
LINE
8
BLACK
6
CONTINUOUS
10
0.08
20
0.3026771653543307
11
0.02
21
0.3026771653543307
0
LINE
8
BLACK
6
CONTINUOUS
10
0.02
20
0.3026771653543307
11
0.0192466929133858
21
0.3028270078740157
0
LINE
8
BLACK
6
CONTINUOUS
10
0.0192466929133858
20
0.3028270078740157
11
0.0186080708661417
21
0.3032537401574803
0
LINE
8
BLACK
6
CONTINUOUS
10
0.0186080708661417
20
0.3032537401574803
11
0.0181813385826772
21
0.3038923622047244
0
LINE
8
BLACK
6
CONTINUOUS
10
0.0181813385826772
20
0.3038923622047244
11
0.0180314960629921
21
0.3046456692913386
0
LINE
8
BLACK
6
CONTINUOUS
10
0.0180314960629921
20
0.3046456692913386
11
0.0180314960629921
21
0.3646456692913386
0
LINE
8
BLACK
6
CONTINUOUS
10
0.0180314960629921
20
0.3646456692913386
11
0.0181813385826772
21
0.3653989763779528
0
LINE
8
BLACK
6
CONTINUOUS
10
0.0181813385826772
20
0.3653989763779528
11
0.0186080708661417
21
0.3660375984251968
0
LINE
8
BLACK
6
CONTINUOUS
10
0.0186080708661417
20
0.3660375984251968
11
0.0192466929133858
21
0.3664643307086614
0
LINE
8
BLACK
6
CONTINUOUS
10
0.0192466929133858
20
0.3664643307086614
11
0.02
21
0.3666141732283464
0
LINE
8
BLACK
6
CONTINUOUS
10
0.02
20
0.3666141732283464
11
0.08
21
0.3666141732283464
0
LINE
8
BLACK
6
CONTINUOUS
10
0.08
20
0.3666141732283464
11
0.0807533070866142
21
0.3664643307086614
0
LINE
8
BLACK
6
CONTINUOUS
10
0.1807533070866142
20
0.3664643307086614
11
0.1813919291338583
21
0.3660375984251968
0
LINE
8
BLACK
6
CONTINUOUS
10
0.1813919291338583
20
0.3660375984251968
11
0.1818186614173228
21
0.3653989763779528
0
LINE
8
BLACK
6
CONTINUOUS
10
0.1818186614173228
20
0.3653989763779528
11
0.1819685039370079
21
0.3646456692913386
0
LINE
8
BLACK
6
CONTINUOUS
10
0.1819685039370079
20
0.3646456692913386
11
0.1819685039370079
21
0.3046456692913386
0
LINE
8
BLACK
6
CONTINUOUS
10
0.1819685039370079
20
0.3046456692913386
11
0.1818186614173228
21
0.3038923622047244
0
LINE
8
BLACK
6
CONTINUOUS
10
0.1818186614173228
20
0.3038923622047244
11
0.1813919291338583
21
0.3032537401574803
0
LINE
8
BLACK
6
CONTINUOUS
10
0.1813919291338583
20
0.3032537401574803
11
0.1807533070866142
21
0.3028270078740157
0
LINE
8
BLACK
6
CONTINUOUS
10
0.1807533070866142
20
0.3028270078740157
11
0.18
21
0.3026771653543307
0
LINE
8
BLACK
6
CONTINUOUS
10
0.18
20
0.3026771653543307
11
0.12
21
0.3026771653543307
0
LINE
8
BLACK
6
CONTINUOUS
10
0.12
20
0.3026771653543307
11
0.1192466929133858
21
0.3028270078740157
0
LINE
8
BLACK
6
CONTINUOUS
10
0.1192466929133858
20
0.3028270078740157
11
0.1186080708661417
21
0.3032537401574803
0
LINE
8
BLACK
6
CONTINUOUS
10
0.1186080708661417
20
0.3032537401574803
11
0.1181813385826772
21
0.3038923622047244
0
LINE
8
BLACK
6
CONTINUOUS
10
0.1181813385826772
20
0.3038923622047244
11
0.1180314960629921
21
0.3046456692913386
0
LINE
8
BLACK
6
CONTINUOUS
10
0.1180314960629921
20
0.3046456692913386
11
0.1180314960629921
21
0.3646456692913386
0
LINE
8
BLACK
6
CONTINUOUS
10
0.1180314960629921
20
0.3646456692913386
11
0.1181813385826772
21
0.3653989763779528
0
LINE
8
BLACK
6
CONTINUOUS
10
0.1181813385826772
20
0.3653989763779528
11
0.1186080708661417
21
0.3660375984251968
0
LINE
8
BLACK
6
CONTINUOUS
10
0.1186080708661417
20
0.3660375984251968
11
0.1192466929133858
21
0.3664643307086614
0
LINE
8
BLACK
6
CONTINUOUS
10
0.1192466929133858
20
0.3664643307086614
11
0.12
21
0.3666141732283464
0
LINE
8
BLACK
6
CONTINUOUS
10
0.12
20
0.3666141732283464
11
0.18
21
0.3666141732283464
0
LINE
8
BLACK
6
CONTINUOUS
10
0.18
20
0.3666141732283464
11
0.1807533070866142
21
0.3664643307086614
0
LINE
8
BLACK
6
CONTINUOUS
10
0.2807533070866142
20
0.3664643307086614
11
0.2813919291338582
21
0.3660375984251968
0
LINE
8
BLACK
6
CONTINUOUS
10
0.2813919291338582
20
0.3660375984251968
11
0.2818186614173228
21
0.3653989763779528
0
LINE
8
BLACK
6
CONTINUOUS
10
0.2818186614173228
20
0.3653989763779528
11
0.2819685039370078
21
0.3646456692913386
0
LINE
8
BLACK
6
CONTINUOUS
10
0.2819685039370078
20
0.3646456692913386
11
0.2819685039370078
21
0.3046456692913386
0
LINE
8
BLACK
6
CONTINUOUS
10
0.2819685039370078
20
0.3046456692913386
11
0.2818186614173228
21
0.3038923622047244
0
LINE
8
BLACK
6
CONTINUOUS
10
0.2818186614173228
20
0.3038923622047244
11
0.2813919291338582
21
0.3032537401574803
0
LINE
8
BLACK
6
CONTINUOUS
10
0.2813919291338582
20
0.3032537401574803
11
0.2807533070866142
21
0.3028270078740157
0
LINE
8
BLACK
6
CONTINUOUS
10
0.2807533070866142
20
0.3028270078740157
11
0.28
21
0.3026771653543307
0
LINE
8
BLACK
6
CONTINUOUS
10
0.28
20
0.3026771653543307
11
0.22
21
0.3026771653543307
0
LINE
8
BLACK
6
CONTINUOUS
10
0.22
20
0.3026771653543307
11
0.2192466929133858
21
0.3028270078740157
0
LINE
8
BLACK
6
CONTINUOUS
10
0.2192466929133858
20
0.3028270078740157
11
0.2186080708661417
21
0.3032537401574803
0
LINE
8
BLACK
6
CONTINUOUS
10
0.2186080708661417
20
0.3032537401574803
11
0.2181813385826772
21
0.3038923622047244
0
LINE
8
BLACK
6
CONTINUOUS
10
0.2181813385826772
20
0.3038923622047244
11
0.2180314960629921
21
0.3046456692913386
0
LINE
8
BLACK
6
CONTINUOUS
10
0.2180314960629921
20
0.3046456692913386
11
0.2180314960629921
21
0.3646456692913386
0
LINE
8
BLACK
6
CONTINUOUS
10
0.2180314960629921
20
0.3646456692913386
11
0.2181813385826772
21
0.3653989763779528
0
LINE
8
BLACK
6
CONTINUOUS
10
0.2181813385826772
20
0.3653989763779528
11
0.2186080708661417
21
0.3660375984251968
0
LINE
8
BLACK
6
CONTINUOUS
10
0.2186080708661417
20
0.3660375984251968
11
0.2192466929133858
21
0.3664643307086614
0
LINE
8
BLACK
6
CONTINUOUS
10
0.2192466929133858
20
0.3664643307086614
11
0.22
21
0.3666141732283464
0
LINE
8
BLACK
6
CONTINUOUS
10
0.22
20
0.3666141732283464
11
0.28
21
0.3666141732283464
0
LINE
8
BLACK
6
CONTINUOUS
10
0.28
20
0.3666141732283464
11
0.2807533070866142
21
0.3664643307086614
0
LINE
8
BLACK
6
CONTINUOUS
10
1.7807533070866142
20
0.3664643307086614
11
1.7813919291338582
21
0.3660375984251968
0
LINE
8
BLACK
6
CONTINUOUS
10
1.7813919291338582
20
0.3660375984251968
11
1.7818186614173228
21
0.3653989763779528
0
LINE
8
BLACK
6
CONTINUOUS
10
1.7818186614173228
20
0.3653989763779528
11
1.7819685039370079
21
0.3646456692913386
0
LINE
8
BLACK
6
CONTINUOUS
10
1.7819685039370079
20
0.3646456692913386
11
1.7819685039370079
21
0.3046456692913386
0
LINE
8
BLACK
6
CONTINUOUS
10
1.7819685039370079
20
0.3046456692913386
11
1.7818186614173228
21
0.3038923622047244
0
LINE
8
BLACK
6
CONTINUOUS
10
1.7818186614173228
20
0.3038923622047244
11
1.7813919291338582
21
0.3032537401574803
0
LINE
8
BLACK
6
CONTINUOUS
10
1.7813919291338582
20
0.3032537401574803
11
1.7807533070866142
21
0.3028270078740157
0
LINE
8
BLACK
6
CONTINUOUS
10
1.7807533070866142
20
0.3028270078740157
11
1.78
21
0.3026771653543307
0
LINE
8
BLACK
6
CONTINUOUS
10
1.78
20
0.3026771653543307
11
1.72
21
0.3026771653543307
0
LINE
8
BLACK
6
CONTINUOUS
10
1.72
20
0.3026771653543307
11
1.7192466929133858
21
0.3028270078740157
0
LINE
8
BLACK
6
CONTINUOUS
10
1.7192466929133858
20
0.3028270078740157
11
1.7186080708661418
21
0.3032537401574803
0
LINE
8
BLACK
6
CONTINUOUS
10
1.7186080708661418
20
0.3032537401574803
11
1.7181813385826772
21
0.3038923622047244
0
LINE
8
BLACK
6
CONTINUOUS
10
1.7181813385826772
20
0.3038923622047244
11
1.7180314960629921
21
0.3046456692913386
0
LINE
8
BLACK
6
CONTINUOUS
10
1.7180314960629921
20
0.3046456692913386
11
1.7180314960629921
21
0.3646456692913386
0
LINE
8
BLACK
6
CONTINUOUS
10
1.7180314960629921
20
0.3646456692913386
11
1.7181813385826772
21
0.3653989763779528
0
LINE
8
BLACK
6
CONTINUOUS
10
1.7181813385826772
20
0.3653989763779528
11
1.7186080708661418
21
0.3660375984251968
0
LINE
8
BLACK
6
CONTINUOUS
10
1.7186080708661418
20
0.3660375984251968
11
1.7192466929133858
21
0.3664643307086614
0
LINE
8
BLACK
6
CONTINUOUS
10
1.7192466929133858
20
0.3664643307086614
11
1.72
21
0.3666141732283464
0
LINE
8
BLACK
6
CONTINUOUS
10
1.72
20
0.3666141732283464
11
1.78
21
0.3666141732283464
0
LINE
8
BLACK
6
CONTINUOUS
10
1.78
20
0.3666141732283464
11
1.7807533070866142
21
0.3664643307086614
0
LINE
8
BLACK
6
CONTINUOUS
10
1.880753307086614
20
0.3664643307086614
11
1.8813919291338583
21
0.3660375984251968
0
LINE
8
BLACK
6
CONTINUOUS
10
1.8813919291338583
20
0.3660375984251968
11
1.8818186614173229
21
0.3653989763779528
0
LINE
8
BLACK
6
CONTINUOUS
10
1.8818186614173229
20
0.3653989763779528
11
1.8819685039370078
21
0.3646456692913386
0
LINE
8
BLACK
6
CONTINUOUS
10
1.8819685039370078
20
0.3646456692913386
11
1.8819685039370078
21
0.3046456692913386
0
LINE
8
BLACK
6
CONTINUOUS
10
1.8819685039370078
20
0.3046456692913386
11
1.8818186614173229
21
0.3038923622047244
0
LINE
8
BLACK
6
CONTINUOUS
10
1.8818186614173229
20
0.3038923622047244
11
1.8813919291338583
21
0.3032537401574803
0
LINE
8
BLACK
6
CONTINUOUS
10
1.8813919291338583
20
0.3032537401574803
11
1.880753307086614
21
0.3028270078740157
0
LINE
8
BLACK
6
CONTINUOUS
10
1.880753307086614
20
0.3028270078740157
11
1.8799999999999999
21
0.3026771653543307
0
LINE
8
BLACK
6
CONTINUOUS
10
1.8799999999999999
20
0.3026771653543307
11
1.8200000000000001
21
0.3026771653543307
0
LINE
8
BLACK
6
CONTINUOUS
10
1.8200000000000001
20
0.3026771653543307
11
1.8192466929133857
21
0.3028270078740157
0
LINE
8
BLACK
6
CONTINUOUS
10
1.8192466929133857
20
0.3028270078740157
11
1.8186080708661416
21
0.3032537401574803
0
LINE
8
BLACK
6
CONTINUOUS
10
1.8186080708661416
20
0.3032537401574803
11
1.8181813385826771
21
0.3038923622047244
0
LINE
8
BLACK
6
CONTINUOUS
10
1.8181813385826771
20
0.3038923622047244
11
1.8180314960629922
21
0.3046456692913386
0
LINE
8
BLACK
6
CONTINUOUS
10
1.8180314960629922
20
0.3046456692913386
11
1.8180314960629922
21
0.3646456692913386
0
LINE
8
BLACK
6
CONTINUOUS
10
1.8180314960629922
20
0.3646456692913386
11
1.8181813385826771
21
0.3653989763779528
0
LINE
8
BLACK
6
CONTINUOUS
10
1.8181813385826771
20
0.3653989763779528
11
1.8186080708661416
21
0.3660375984251968
0
LINE
8
BLACK
6
CONTINUOUS
10
1.8186080708661416
20
0.3660375984251968
11
1.8192466929133857
21
0.3664643307086614
0
LINE
8
BLACK
6
CONTINUOUS
10
1.8192466929133857
20
0.3664643307086614
11
1.8200000000000001
21
0.3666141732283464
0
LINE
8
BLACK
6
CONTINUOUS
10
1.8200000000000001
20
0.3666141732283464
11
1.8799999999999999
21
0.3666141732283464
0
LINE
8
BLACK
6
CONTINUOUS
10
1.8799999999999999
20
0.3666141732283464
11
1.880753307086614
21
0.3664643307086614
0
LINE
8
BLACK
6
CONTINUOUS
10
1.9807533070866141
20
0.3664643307086614
11
1.9813919291338582
21
0.3660375984251968
0
LINE
8
BLACK
6
CONTINUOUS
10
1.9813919291338582
20
0.3660375984251968
11
1.9818186614173228
21
0.3653989763779528
0
LINE
8
BLACK
6
CONTINUOUS
10
1.9818186614173228
20
0.3653989763779528
11
1.9819685039370079
21
0.3646456692913386
0
LINE
8
BLACK
6
CONTINUOUS
10
1.9819685039370079
20
0.3646456692913386
11
1.9819685039370079
21
0.3046456692913386
0
LINE
8
BLACK
6
CONTINUOUS
10
1.9819685039370079
20
0.3046456692913386
11
1.9818186614173228
21
0.3038923622047244
0
LINE
8
BLACK
6
CONTINUOUS
10
1.9818186614173228
20
0.3038923622047244
11
1.9813919291338582
21
0.3032537401574803
0
LINE
8
BLACK
6
CONTINUOUS
10
1.9813919291338582
20
0.3032537401574803
11
1.9807533070866141
21
0.3028270078740157
0
LINE
8
BLACK
6
CONTINUOUS
10
1.9807533070866141
20
0.3028270078740157
11
1.98
21
0.3026771653543307
0
LINE
8
BLACK
6
CONTINUOUS
10
1.98
20
0.3026771653543307
11
1.9199999999999999
21
0.3026771653543307
0
LINE
8
BLACK
6
CONTINUOUS
10
1.9199999999999999
20
0.3026771653543307
11
1.9192466929133858
21
0.3028270078740157
0
LINE
8
BLACK
6
CONTINUOUS
10
1.9192466929133858
20
0.3028270078740157
11
1.9186080708661417
21
0.3032537401574803
0
LINE
8
BLACK
6
CONTINUOUS
10
1.9186080708661417
20
0.3032537401574803
11
1.9181813385826771
21
0.3038923622047244
0
LINE
8
BLACK
6
CONTINUOUS
10
1.9181813385826771
20
0.3038923622047244
11
1.9180314960629921
21
0.3046456692913386
0
LINE
8
BLACK
6
CONTINUOUS
10
1.9180314960629921
20
0.3046456692913386
11
1.9180314960629921
21
0.3646456692913386
0
LINE
8
BLACK
6
CONTINUOUS
10
1.9180314960629921
20
0.3646456692913386
11
1.9181813385826771
21
0.3653989763779528
0
LINE
8
BLACK
6
CONTINUOUS
10
1.9181813385826771
20
0.3653989763779528
11
1.9186080708661417
21
0.3660375984251968
0
LINE
8
BLACK
6
CONTINUOUS
10
1.9186080708661417
20
0.3660375984251968
11
1.9192466929133858
21
0.3664643307086614
0
LINE
8
BLACK
6
CONTINUOUS
10
1.9192466929133858
20
0.3664643307086614
11
1.9199999999999999
21
0.3666141732283464
0
LINE
8
BLACK
6
CONTINUOUS
10
1.9199999999999999
20
0.3666141732283464
11
1.98
21
0.3666141732283464
0
LINE
8
BLACK
6
CONTINUOUS
10
1.98
20
0.3666141732283464
11
1.9807533070866141
21
0.3664643307086614
0
LINE
8
BLACK
6
CONTINUOUS
10
0.9653025590551181
20
0.4617925590551181
11
0.9692732677165354
21
0.4600393307086614
0
LINE
8
BLACK
6
CONTINUOUS
10
0.9692732677165354
20
0.4600393307086614
11
0.9723424803149606
21
0.4569701181102362
0
LINE
8
BLACK
6
CONTINUOUS
10
0.9723424803149606
20
0.4569701181102362
11
0.9740957086614173
21
0.4529994094488189
0
LINE
8
BLACK
6
CONTINUOUS
10
0.9740957086614173
20
0.4529994094488189
11
0.9744094488188976
21
0.4502952755905512
0
LINE
8
BLACK
6
CONTINUOUS
10
0.9744094488188976
20
0.4502952755905512
11
0.9744094488188976
21
0.4296259842519685
0
LINE
8
BLACK
6
CONTINUOUS
10
0.9744094488188976
20
0.4296259842519685
11
0.9740957086614173
21
0.4269218503937008
0
LINE
8
BLACK
6
CONTINUOUS
10
0.9740957086614173
20
0.4269218503937008
11
0.9723424803149606
21
0.4229511417322834
0
LINE
8
BLACK
6
CONTINUOUS
10
0.9723424803149606
20
0.4229511417322834
11
0.9692732677165354
21
0.4198819291338582
0
LINE
8
BLACK
6
CONTINUOUS
10
0.9692732677165354
20
0.4198819291338582
11
0.9653025590551181
21
0.4181287007874016
0
LINE
8
BLACK
6
CONTINUOUS
10
0.9653025590551181
20
0.4181287007874016
11
0.9625984251968503
21
0.4178149606299212
0
LINE
8
BLACK
6
CONTINUOUS
10
0.9625984251968503
20
0.4178149606299212
11
0.9271653543307087
21
0.4178149606299212
0
LINE
8
BLACK
6
CONTINUOUS
10
0.9271653543307087
20
0.4178149606299212
11
0.9244612204724409
21
0.4181287007874016
0
LINE
8
BLACK
6
CONTINUOUS
10
0.9244612204724409
20
0.4181287007874016
11
0.9204905118110236
21
0.4198819291338582
0
LINE
8
BLACK
6
CONTINUOUS
10
0.9204905118110236
20
0.4198819291338582
11
0.9174212992125984
21
0.4229511417322834
0
LINE
8
BLACK
6
CONTINUOUS
10
0.9174212992125984
20
0.4229511417322834
11
0.9156680708661417
21
0.4269218503937008
0
LINE
8
BLACK
6
CONTINUOUS
10
0.9156680708661417
20
0.4269218503937008
11
0.9153543307086613
21
0.4296259842519685
0
LINE
8
BLACK
6
CONTINUOUS
10
0.9153543307086613
20
0.4296259842519685
11
0.9153543307086613
21
0.4502952755905512
0
LINE
8
BLACK
6
CONTINUOUS
10
0.9153543307086613
20
0.4502952755905512
11
0.9156680708661417
21
0.4529994094488189
0
LINE
8
BLACK
6
CONTINUOUS
10
0.9156680708661417
20
0.4529994094488189
11
0.9174212992125984
21
0.4569701181102362
0
LINE
8
BLACK
6
CONTINUOUS
10
0.9174212992125984
20
0.4569701181102362
11
0.9204905118110236
21
0.4600393307086614
0
LINE
8
BLACK
6
CONTINUOUS
10
0.9204905118110236
20
0.4600393307086614
11
0.9244612204724409
21
0.4617925590551181
0
LINE
8
BLACK
6
CONTINUOUS
10
0.9244612204724409
20
0.4617925590551181
11
0.9271653543307087
21
0.4621062992125984
0
LINE
8
BLACK
6
CONTINUOUS
10
0.9271653543307087
20
0.4621062992125984
11
0.9625984251968503
21
0.4621062992125984
0
LINE
8
BLACK
6
CONTINUOUS
10
0.9625984251968503
20
0.4621062992125984
11
0.9653025590551181
21
0.4617925590551181
0
LINE
8
BLACK
6
CONTINUOUS
10
1.0991608267716535
20
0.4622846850393701
11
1.1031315354330709
21
0.4605314566929134
0
LINE
8
BLACK
6
CONTINUOUS
10
1.1031315354330709
20
0.4605314566929134
11
1.1062007480314959
21
0.4574622440944882
0
LINE
8
BLACK
6
CONTINUOUS
10
1.1062007480314959
20
0.4574622440944882
11
1.1079539763779527
21
0.4534915354330709
0
LINE
8
BLACK
6
CONTINUOUS
10
1.1079539763779527
20
0.4534915354330709
11
1.1082677165354331
21
0.4507874015748031
0
LINE
8
BLACK
6
CONTINUOUS
10
1.1082677165354331
20
0.4507874015748031
11
1.1082677165354331
21
0.4301181102362205
0
LINE
8
BLACK
6
CONTINUOUS
10
1.1082677165354331
20
0.4301181102362205
11
1.1079539763779527
21
0.4274139763779528
0
LINE
8
BLACK
6
CONTINUOUS
10
1.1079539763779527
20
0.4274139763779528
11
1.1062007480314959
21
0.4234432677165354
0
LINE
8
BLACK
6
CONTINUOUS
10
1.1062007480314959
20
0.4234432677165354
11
1.1031315354330709
21
0.4203740551181102
0
LINE
8
BLACK
6
CONTINUOUS
10
1.1031315354330709
20
0.4203740551181102
11
1.0991608267716535
21
0.4186208267716535
0
LINE
8
BLACK
6
CONTINUOUS
10
1.0991608267716535
20
0.4186208267716535
11
1.0964566929133859
21
0.4183070866141732
0
LINE
8
BLACK
6
CONTINUOUS
10
1.0964566929133859
20
0.4183070866141732
11
1.061023622047244
21
0.4183070866141732
0
LINE
8
BLACK
6
CONTINUOUS
10
1.061023622047244
20
0.4183070866141732
11
1.0583194881889764
21
0.4186208267716535
0
LINE
8
BLACK
6
CONTINUOUS
10
1.0583194881889764
20
0.4186208267716535
11
1.054348779527559
21
0.4203740551181102
0
LINE
8
BLACK
6
CONTINUOUS
10
1.054348779527559
20
0.4203740551181102
11
1.0512795669291339
21
0.4234432677165354
0
LINE
8
BLACK
6
CONTINUOUS
10
1.0512795669291339
20
0.4234432677165354
11
1.0495263385826772
21
0.4274139763779528
0
LINE
8
BLACK
6
CONTINUOUS
10
1.0495263385826772
20
0.4274139763779528
11
1.0492125984251968
21
0.4301181102362205
0
LINE
8
BLACK
6
CONTINUOUS
10
1.0492125984251968
20
0.4301181102362205
11
1.0492125984251968
21
0.4507874015748031
0
LINE
8
BLACK
6
CONTINUOUS
10
1.0492125984251968
20
0.4507874015748031
11
1.0495263385826772
21
0.4534915354330709
0
LINE
8
BLACK
6
CONTINUOUS
10
1.0495263385826772
20
0.4534915354330709
11
1.0512795669291339
21
0.4574622440944882
0
LINE
8
BLACK
6
CONTINUOUS
10
1.0512795669291339
20
0.4574622440944882
11
1.054348779527559
21
0.4605314566929134
0
LINE
8
BLACK
6
CONTINUOUS
10
1.054348779527559
20
0.4605314566929134
11
1.0583194881889764
21
0.4622846850393701
0
LINE
8
BLACK
6
CONTINUOUS
10
1.0583194881889764
20
0.4622846850393701
11
1.061023622047244
21
0.4625984251968504
0
LINE
8
BLACK
6
CONTINUOUS
10
1.061023622047244
20
0.4625984251968504
11
1.0964566929133859
21
0.4625984251968504
0
LINE
8
BLACK
6
CONTINUOUS
10
1.0964566929133859
20
0.4625984251968504
11
1.0991608267716535
21
0.4622846850393701
0
LINE
8
BLACK
6
CONTINUOUS
10
0.764023031496063
20
0.4829539763779527
11
0.7679937401574803
21
0.481200748031496
0
LINE
8
BLACK
6
CONTINUOUS
10
0.7679937401574803
20
0.481200748031496
11
0.7710629527559055
21
0.4781315354330709
0
LINE
8
BLACK
6
CONTINUOUS
10
0.7710629527559055
20
0.4781315354330709
11
0.7728161811023622
21
0.4741608267716536
0
LINE
8
BLACK
6
CONTINUOUS
10
0.7728161811023622
20
0.4741608267716536
11
0.7731299212598425
21
0.4714566929133858
0
LINE
8
BLACK
6
CONTINUOUS
10
0.7731299212598425
20
0.4714566929133858
11
0.7731299212598425
21
0.4360236220472441
0
LINE
8
BLACK
6
CONTINUOUS
10
0.7731299212598425
20
0.4360236220472441
11
0.7728161811023622
21
0.4333194881889764
0
LINE
8
BLACK
6
CONTINUOUS
10
0.7728161811023622
20
0.4333194881889764
11
0.7710629527559055
21
0.4293487795275591
0
LINE
8
BLACK
6
CONTINUOUS
10
0.7710629527559055
20
0.4293487795275591
11
0.7679937401574803
21
0.4262795669291338
0
LINE
8
BLACK
6
CONTINUOUS
10
0.7679937401574803
20
0.4262795669291338
11
0.764023031496063
21
0.4245263385826771
0
LINE
8
BLACK
6
CONTINUOUS
10
0.764023031496063
20
0.4245263385826771
11
0.7613188976377953
21
0.4242125984251968
0
LINE
8
BLACK
6
CONTINUOUS
10
0.7613188976377953
20
0.4242125984251968
11
0.7406496062992126
21
0.4242125984251968
0
LINE
8
BLACK
6
CONTINUOUS
10
0.7406496062992126
20
0.4242125984251968
11
0.7379454724409449
21
0.4245263385826771
0
LINE
8
BLACK
6
CONTINUOUS
10
0.7379454724409449
20
0.4245263385826771
11
0.7339747637795275
21
0.4262795669291338
0
LINE
8
BLACK
6
CONTINUOUS
10
0.7339747637795275
20
0.4262795669291338
11
0.7309055511811023
21
0.4293487795275591
0
LINE
8
BLACK
6
CONTINUOUS
10
0.7309055511811023
20
0.4293487795275591
11
0.7291523228346457
21
0.4333194881889764
0
LINE
8
BLACK
6
CONTINUOUS
10
0.7291523228346457
20
0.4333194881889764
11
0.7288385826771654
21
0.4360236220472441
0
LINE
8
BLACK
6
CONTINUOUS
10
0.7288385826771654
20
0.4360236220472441
11
0.7288385826771654
21
0.4714566929133858
0
LINE
8
BLACK
6
CONTINUOUS
10
0.7288385826771654
20
0.4714566929133858
11
0.7291523228346457
21
0.4741608267716536
0
LINE
8
BLACK
6
CONTINUOUS
10
0.7291523228346457
20
0.4741608267716536
11
0.7309055511811023
21
0.4781315354330709
0
LINE
8
BLACK
6
CONTINUOUS
10
0.7309055511811023
20
0.4781315354330709
11
0.7339747637795275
21
0.481200748031496
0
LINE
8
BLACK
6
CONTINUOUS
10
0.7339747637795275
20
0.481200748031496
11
0.7379454724409449
21
0.4829539763779527
0
LINE
8
BLACK
6
CONTINUOUS
10
0.7379454724409449
20
0.4829539763779527
11
0.7406496062992126
21
0.483267716535433
0
LINE
8
BLACK
6
CONTINUOUS
10
0.7406496062992126
20
0.483267716535433
11
0.7613188976377953
21
0.483267716535433
0
LINE
8
BLACK
6
CONTINUOUS
10
0.7613188976377953
20
0.483267716535433
11
0.764023031496063
21
0.4829539763779527
0
LINE
8
BLACK
6
CONTINUOUS
10
0.8358734251968504
20
0.4829539763779527
11
0.8398441338582677
21
0.481200748031496
0
LINE
8
BLACK
6
CONTINUOUS
10
0.8398441338582677
20
0.481200748031496
11
0.8429133464566929
21
0.4781315354330709
0
LINE
8
BLACK
6
CONTINUOUS
10
0.8429133464566929
20
0.4781315354330709
11
0.8446665748031496
21
0.4741608267716536
0
LINE
8
BLACK
6
CONTINUOUS
10
0.8446665748031496
20
0.4741608267716536
11
0.8449803149606299
21
0.4714566929133858
0
LINE
8
BLACK
6
CONTINUOUS
10
0.8449803149606299
20
0.4714566929133858
11
0.8449803149606299
21
0.4360236220472441
0
LINE
8
BLACK
6
CONTINUOUS
10
0.8449803149606299
20
0.4360236220472441
11
0.8446665748031496
21
0.4333194881889764
0
LINE
8
BLACK
6
CONTINUOUS
10
0.8446665748031496
20
0.4333194881889764
11
0.8429133464566929
21
0.4293487795275591
0
LINE
8
BLACK
6
CONTINUOUS
10
0.8429133464566929
20
0.4293487795275591
11
0.8398441338582677
21
0.4262795669291338
0
LINE
8
BLACK
6
CONTINUOUS
10
0.8398441338582677
20
0.4262795669291338
11
0.8358734251968504
21
0.4245263385826771
0
LINE
8
BLACK
6
CONTINUOUS
10
0.8358734251968504
20
0.4245263385826771
11
0.8331692913385826
21
0.4242125984251968
0
LINE
8
BLACK
6
CONTINUOUS
10
0.8331692913385826
20
0.4242125984251968
11
0.8125
21
0.4242125984251968
0
LINE
8
BLACK
6
CONTINUOUS
10
0.8125
20
0.4242125984251968
11
0.8097958661417323
21
0.4245263385826771
0
LINE
8
BLACK
6
CONTINUOUS
10
0.8097958661417323
20
0.4245263385826771
11
0.8058251574803149
21
0.4262795669291338
0
LINE
8
BLACK
6
CONTINUOUS
10
0.8058251574803149
20
0.4262795669291338
11
0.8027559448818897
21
0.4293487795275591
0
LINE
8
BLACK
6
CONTINUOUS
10
0.8027559448818897
20
0.4293487795275591
11
0.8010027165354331
21
0.4333194881889764
0
LINE
8
BLACK
6
CONTINUOUS
10
0.8010027165354331
20
0.4333194881889764
11
0.8006889763779528
21
0.4360236220472441
0
LINE
8
BLACK
6
CONTINUOUS
10
0.8006889763779528
20
0.4360236220472441
11
0.8006889763779528
21
0.4714566929133858
0
LINE
8
BLACK
6
CONTINUOUS
10
0.8006889763779528
20
0.4714566929133858
11
0.8010027165354331
21
0.4741608267716536
0
LINE
8
BLACK
6
CONTINUOUS
10
0.8010027165354331
20
0.4741608267716536
11
0.8027559448818897
21
0.4781315354330709
0
LINE
8
BLACK
6
CONTINUOUS
10
0.8027559448818897
20
0.4781315354330709
11
0.8058251574803149
21
0.481200748031496
0
LINE
8
BLACK
6
CONTINUOUS
10
0.8058251574803149
20
0.481200748031496
11
0.8097958661417323
21
0.4829539763779527
0
LINE
8
BLACK
6
CONTINUOUS
10
0.8097958661417323
20
0.4829539763779527
11
0.8125
21
0.483267716535433
0
LINE
8
BLACK
6
CONTINUOUS
10
0.8125
20
0.483267716535433
11
0.8331692913385826
21
0.483267716535433
0
LINE
8
BLACK
6
CONTINUOUS
10
0.8331692913385826
20
0.483267716535433
11
0.8358734251968504
21
0.4829539763779527
0
LINE
8
BLACK
6
CONTINUOUS
10
0.9653025590551181
20
0.5336429527559055
11
0.9692732677165354
21
0.5318897244094488
0
LINE
8
BLACK
6
CONTINUOUS
10
0.9692732677165354
20
0.5318897244094488
11
0.9723424803149606
21
0.5288205118110236
0
LINE
8
BLACK
6
CONTINUOUS
10
0.9723424803149606
20
0.5288205118110236
11
0.9740957086614173
21
0.5248498031496063
0
LINE
8
BLACK
6
CONTINUOUS
10
0.9740957086614173
20
0.5248498031496063
11
0.9744094488188976
21
0.5221456692913385
0
LINE
8
BLACK
6
CONTINUOUS
10
0.9744094488188976
20
0.5221456692913385
11
0.9744094488188976
21
0.5014763779527559
0
LINE
8
BLACK
6
CONTINUOUS
10
0.9744094488188976
20
0.5014763779527559
11
0.9740957086614173
21
0.4987722440944882
0
LINE
8
BLACK
6
CONTINUOUS
10
0.9740957086614173
20
0.4987722440944882
11
0.9723424803149606
21
0.4948015354330709
0
LINE
8
BLACK
6
CONTINUOUS
10
0.9723424803149606
20
0.4948015354330709
11
0.9692732677165354
21
0.4917323228346457
0
LINE
8
BLACK
6
CONTINUOUS
10
0.9692732677165354
20
0.4917323228346457
11
0.9653025590551181
21
0.4899790944881889
0
LINE
8
BLACK
6
CONTINUOUS
10
0.9653025590551181
20
0.4899790944881889
11
0.9625984251968503
21
0.4896653543307086
0
LINE
8
BLACK
6
CONTINUOUS
10
0.9625984251968503
20
0.4896653543307086
11
0.9271653543307087
21
0.4896653543307086
0
LINE
8
BLACK
6
CONTINUOUS
10
0.9271653543307087
20
0.4896653543307086
11
0.9244612204724409
21
0.4899790944881889
0
LINE
8
BLACK
6
CONTINUOUS
10
0.9244612204724409
20
0.4899790944881889
11
0.9204905118110236
21
0.4917323228346457
0
LINE
8
BLACK
6
CONTINUOUS
10
0.9204905118110236
20
0.4917323228346457
11
0.9174212992125984
21
0.4948015354330709
0
LINE
8
BLACK
6
CONTINUOUS
10
0.9174212992125984
20
0.4948015354330709
11
0.9156680708661417
21
0.4987722440944882
0
LINE
8
BLACK
6
CONTINUOUS
10
0.9156680708661417
20
0.4987722440944882
11
0.9153543307086613
21
0.5014763779527559
0
LINE
8
BLACK
6
CONTINUOUS
10
0.9153543307086613
20
0.5014763779527559
11
0.9153543307086613
21
0.5221456692913385
0
LINE
8
BLACK
6
CONTINUOUS
10
0.9153543307086613
20
0.5221456692913385
11
0.9156680708661417
21
0.5248498031496063
0
LINE
8
BLACK
6
CONTINUOUS
10
0.9156680708661417
20
0.5248498031496063
11
0.9174212992125984
21
0.5288205118110236
0
LINE
8
BLACK
6
CONTINUOUS
10
0.9174212992125984
20
0.5288205118110236
11
0.9204905118110236
21
0.5318897244094488
0
LINE
8
BLACK
6
CONTINUOUS
10
0.9204905118110236
20
0.5318897244094488
11
0.9244612204724409
21
0.5336429527559055
0
LINE
8
BLACK
6
CONTINUOUS
10
0.9244612204724409
20
0.5336429527559055
11
0.9271653543307087
21
0.5339566929133858
0
LINE
8
BLACK
6
CONTINUOUS
10
0.9271653543307087
20
0.5339566929133858
11
0.9625984251968503
21
0.5339566929133858
0
LINE
8
BLACK
6
CONTINUOUS
10
0.9625984251968503
20
0.5339566929133858
11
0.9653025590551181
21
0.5336429527559055
0
LINE
8
BLACK
6
CONTINUOUS
10
1.0991608267716535
20
0.5341350787401574
11
1.1031315354330709
21
0.5323818503937008
0
LINE
8
BLACK
6
CONTINUOUS
10
1.1031315354330709
20
0.5323818503937008
11
1.1062007480314959
21
0.5293126377952756
0
LINE
8
BLACK
6
CONTINUOUS
10
1.1062007480314959
20
0.5293126377952756
11
1.1079539763779527
21
0.5253419291338582
0
LINE
8
BLACK
6
CONTINUOUS
10
1.1079539763779527
20
0.5253419291338582
11
1.1082677165354331
21
0.5226377952755905
0
LINE
8
BLACK
6
CONTINUOUS
10
1.1082677165354331
20
0.5226377952755905
11
1.1082677165354331
21
0.5019685039370079
0
LINE
8
BLACK
6
CONTINUOUS
10
1.1082677165354331
20
0.5019685039370079
11
1.1079539763779527
21
0.4992643700787401
0
LINE
8
BLACK
6
CONTINUOUS
10
1.1079539763779527
20
0.4992643700787401
11
1.1062007480314959
21
0.4952936614173228
0
LINE
8
BLACK
6
CONTINUOUS
10
1.1062007480314959
20
0.4952936614173228
11
1.1031315354330709
21
0.4922244488188977
0
LINE
8
BLACK
6
CONTINUOUS
10
1.1031315354330709
20
0.4922244488188977
11
1.0991608267716535
21
0.490471220472441
0
LINE
8
BLACK
6
CONTINUOUS
10
1.0991608267716535
20
0.490471220472441
11
1.0964566929133859
21
0.4901574803149606
0
LINE
8
BLACK
6
CONTINUOUS
10
1.0964566929133859
20
0.4901574803149606
11
1.061023622047244
21
0.4901574803149606
0
LINE
8
BLACK
6
CONTINUOUS
10
1.061023622047244
20
0.4901574803149606
11
1.0583194881889764
21
0.490471220472441
0
LINE
8
BLACK
6
CONTINUOUS
10
1.0583194881889764
20
0.490471220472441
11
1.054348779527559
21
0.4922244488188977
0
LINE
8
BLACK
6
CONTINUOUS
10
1.054348779527559
20
0.4922244488188977
11
1.0512795669291339
21
0.4952936614173228
0
LINE
8
BLACK
6
CONTINUOUS
10
1.0512795669291339
20
0.4952936614173228
11
1.0495263385826772
21
0.4992643700787401
0
LINE
8
BLACK
6
CONTINUOUS
10
1.0495263385826772
20
0.4992643700787401
11
1.0492125984251968
21
0.5019685039370079
0
LINE
8
BLACK
6
CONTINUOUS
10
1.0492125984251968
20
0.5019685039370079
11
1.0492125984251968
21
0.5226377952755905
0
LINE
8
BLACK
6
CONTINUOUS
10
1.0492125984251968
20
0.5226377952755905
11
1.0495263385826772
21
0.5253419291338582
0
LINE
8
BLACK
6
CONTINUOUS
10
1.0495263385826772
20
0.5253419291338582
11
1.0512795669291339
21
0.5293126377952756
0
LINE
8
BLACK
6
CONTINUOUS
10
1.0512795669291339
20
0.5293126377952756
11
1.054348779527559
21
0.5323818503937008
0
LINE
8
BLACK
6
CONTINUOUS
10
1.054348779527559
20
0.5323818503937008
11
1.0583194881889764
21
0.5341350787401574
0
LINE
8
BLACK
6
CONTINUOUS
10
1.0583194881889764
20
0.5341350787401574
11
1.061023622047244
21
0.5344488188976377
0
LINE
8
BLACK
6
CONTINUOUS
10
1.061023622047244
20
0.5344488188976377
11
1.0964566929133859
21
0.5344488188976377
0
LINE
8
BLACK
6
CONTINUOUS
10
1.0964566929133859
20
0.5344488188976377
11
1.0991608267716535
21
0.5341350787401574
0
LINE
8
BLACK
6
CONTINUOUS
10
0.7143183070866141
20
0.6483083070866141
11
0.7182890157480315
21
0.6465550787401575
0
LINE
8
BLACK
6
CONTINUOUS
10
0.7182890157480315
20
0.6465550787401575
11
0.7213582283464567
21
0.6434858661417323
0
LINE
8
BLACK
6
CONTINUOUS
10
0.7213582283464567
20
0.6434858661417323
11
0.7231114566929133
21
0.639515157480315
0
LINE
8
BLACK
6
CONTINUOUS
10
0.7231114566929133
20
0.639515157480315
11
0.7234251968503936
21
0.6368110236220472
0
LINE
8
BLACK
6
CONTINUOUS
10
0.7234251968503936
20
0.6368110236220472
11
0.7234251968503936
21
0.5856299212598425
0
LINE
8
BLACK
6
CONTINUOUS
10
0.7234251968503936
20
0.5856299212598425
11
0.7231114566929133
21
0.5829257874015747
0
LINE
8
BLACK
6
CONTINUOUS
10
0.7231114566929133
20
0.5829257874015747
11
0.7213582283464567
21
0.5789550787401575
0
LINE
8
BLACK
6
CONTINUOUS
10
0.7213582283464567
20
0.5789550787401575
11
0.7182890157480315
21
0.5758858661417323
0
LINE
8
BLACK
6
CONTINUOUS
10
0.7182890157480315
20
0.5758858661417323
11
0.7143183070866141
21
0.5741326377952756
0
LINE
8
BLACK
6
CONTINUOUS
10
0.7143183070866141
20
0.5741326377952756
11
0.7116141732283464
21
0.5738188976377953
0
LINE
8
BLACK
6
CONTINUOUS
10
0.7116141732283464
20
0.5738188976377953
11
0.6328740157480315
21
0.5738188976377953
0
LINE
8
BLACK
6
CONTINUOUS
10
0.6328740157480315
20
0.5738188976377953
11
0.6301698818897637
21
0.5741326377952756
0
LINE
8
BLACK
6
CONTINUOUS
10
0.6301698818897637
20
0.5741326377952756
11
0.6261991732283464
21
0.5758858661417323
0
LINE
8
BLACK
6
CONTINUOUS
10
0.6261991732283464
20
0.5758858661417323
11
0.6231299606299212
21
0.5789550787401575
0
LINE
8
BLACK
6
CONTINUOUS
10
0.6231299606299212
20
0.5789550787401575
11
0.6213767322834646
21
0.5829257874015747
0
LINE
8
BLACK
6
CONTINUOUS
10
0.6213767322834646
20
0.5829257874015747
11
0.6210629921259843
21
0.5856299212598425
0
LINE
8
BLACK
6
CONTINUOUS
10
0.6210629921259843
20
0.5856299212598425
11
0.6210629921259843
21
0.6368110236220472
0
LINE
8
BLACK
6
CONTINUOUS
10
0.6210629921259843
20
0.6368110236220472
11
0.6213767322834646
21
0.639515157480315
0
LINE
8
BLACK
6
CONTINUOUS
10
0.6213767322834646
20
0.639515157480315
11
0.6231299606299212
21
0.6434858661417323
0
LINE
8
BLACK
6
CONTINUOUS
10
0.6231299606299212
20
0.6434858661417323
11
0.6261991732283464
21
0.6465550787401575
0
LINE
8
BLACK
6
CONTINUOUS
10
0.6261991732283464
20
0.6465550787401575
11
0.6301698818897637
21
0.6483083070866141
0
LINE
8
BLACK
6
CONTINUOUS
10
0.6301698818897637
20
0.6483083070866141
11
0.6328740157480315
21
0.6486220472440944
0
LINE
8
BLACK
6
CONTINUOUS
10
0.6328740157480315
20
0.6486220472440944
11
0.7116141732283464
21
0.6486220472440944
0
LINE
8
BLACK
6
CONTINUOUS
10
0.7116141732283464
20
0.6486220472440944
11
0.7143183070866141
21
0.6483083070866141
0
LINE
8
BLACK
6
CONTINUOUS
10
0.8717986220472441
20
0.6483083070866141
11
0.8757693307086614
21
0.6465550787401575
0
LINE
8
BLACK
6
CONTINUOUS
10
0.8757693307086614
20
0.6465550787401575
11
0.8788385433070866
21
0.6434858661417323
0
LINE
8
BLACK
6
CONTINUOUS
10
0.8788385433070866
20
0.6434858661417323
11
0.8805917716535433
21
0.639515157480315
0
LINE
8
BLACK
6
CONTINUOUS
10
0.8805917716535433
20
0.639515157480315
11
0.8809055118110236
21
0.6368110236220472
0
LINE
8
BLACK
6
CONTINUOUS
10
0.8809055118110236
20
0.6368110236220472
11
0.8809055118110236
21
0.5856299212598425
0
LINE
8
BLACK
6
CONTINUOUS
10
0.8809055118110236
20
0.5856299212598425
11
0.8805917716535433
21
0.5829257874015747
0
LINE
8
BLACK
6
CONTINUOUS
10
0.8805917716535433
20
0.5829257874015747
11
0.8788385433070866
21
0.5789550787401575
0
LINE
8
BLACK
6
CONTINUOUS
10
0.8788385433070866
20
0.5789550787401575
11
0.8757693307086614
21
0.5758858661417323
0
LINE
8
BLACK
6
CONTINUOUS
10
0.8757693307086614
20
0.5758858661417323
11
0.8717986220472441
21
0.5741326377952756
0
LINE
8
BLACK
6
CONTINUOUS
10
0.8717986220472441
20
0.5741326377952756
11
0.8690944881889764
21
0.5738188976377953
0
LINE
8
BLACK
6
CONTINUOUS
10
0.8690944881889764
20
0.5738188976377953
11
0.7903543307086613
21
0.5738188976377953
0
LINE
8
BLACK
6
CONTINUOUS
10
0.7903543307086613
20
0.5738188976377953
11
0.7876501968503937
21
0.5741326377952756
0
LINE
8
BLACK
6
CONTINUOUS
10
0.7876501968503937
20
0.5741326377952756
11
0.7836794881889764
21
0.5758858661417323
0
LINE
8
BLACK
6
CONTINUOUS
10
0.7836794881889764
20
0.5758858661417323
11
0.7806102755905512
21
0.5789550787401575
0
LINE
8
BLACK
6
CONTINUOUS
10
0.7806102755905512
20
0.5789550787401575
11
0.7788570472440944
21
0.5829257874015747
0
LINE
8
BLACK
6
CONTINUOUS
10
0.7788570472440944
20
0.5829257874015747
11
0.7785433070866141
21
0.5856299212598425
0
LINE
8
BLACK
6
CONTINUOUS
10
0.7785433070866141
20
0.5856299212598425
11
0.7785433070866141
21
0.6368110236220472
0
LINE
8
BLACK
6
CONTINUOUS
10
0.7785433070866141
20
0.6368110236220472
11
0.7788570472440944
21
0.639515157480315
0
LINE
8
BLACK
6
CONTINUOUS
10
0.7788570472440944
20
0.639515157480315
11
0.7806102755905512
21
0.6434858661417323
0
LINE
8
BLACK
6
CONTINUOUS
10
0.7806102755905512
20
0.6434858661417323
11
0.7836794881889764
21
0.6465550787401575
0
LINE
8
BLACK
6
CONTINUOUS
10
0.7836794881889764
20
0.6465550787401575
11
0.7876501968503937
21
0.6483083070866141
0
LINE
8
BLACK
6
CONTINUOUS
10
0.7876501968503937
20
0.6483083070866141
11
0.7903543307086613
21
0.6486220472440944
0
LINE
8
BLACK
6
CONTINUOUS
10
0.7903543307086613
20
0.6486220472440944
11
0.8690944881889764
21
0.6486220472440944
0
LINE
8
BLACK
6
CONTINUOUS
10
0.8690944881889764
20
0.6486220472440944
11
0.8717986220472441
21
0.6483083070866141
0
LINE
8
BLACK
6
CONTINUOUS
10
0.7212080708661417
20
0.7536232677165354
11
0.725178779527559
21
0.7518700393700787
0
LINE
8
BLACK
6
CONTINUOUS
10
0.725178779527559
20
0.7518700393700787
11
0.7282479921259842
21
0.7488008267716535
0
LINE
8
BLACK
6
CONTINUOUS
10
0.7282479921259842
20
0.7488008267716535
11
0.730001220472441
21
0.7448301181102363
0
LINE
8
BLACK
6
CONTINUOUS
10
0.730001220472441
20
0.7448301181102363
11
0.7303149606299213
21
0.7421259842519685
0
LINE
8
BLACK
6
CONTINUOUS
10
0.7303149606299213
20
0.7421259842519685
11
0.7303149606299213
21
0.7066929133858267
0
LINE
8
BLACK
6
CONTINUOUS
10
0.7303149606299213
20
0.7066929133858267
11
0.730001220472441
21
0.703988779527559
0
LINE
8
BLACK
6
CONTINUOUS
10
0.730001220472441
20
0.703988779527559
11
0.7282479921259842
21
0.7000180708661418
0
LINE
8
BLACK
6
CONTINUOUS
10
0.7282479921259842
20
0.7000180708661418
11
0.725178779527559
21
0.6969488582677165
0
LINE
8
BLACK
6
CONTINUOUS
10
0.725178779527559
20
0.6969488582677165
11
0.7212080708661417
21
0.6951956299212598
0
LINE
8
BLACK
6
CONTINUOUS
10
0.7212080708661417
20
0.6951956299212598
11
0.718503937007874
21
0.6948818897637795
0
LINE
8
BLACK
6
CONTINUOUS
10
0.718503937007874
20
0.6948818897637795
11
0.6978346456692913
21
0.6948818897637795
0
LINE
8
BLACK
6
CONTINUOUS
10
0.6978346456692913
20
0.6948818897637795
11
0.6951305118110236
21
0.6951956299212598
0
LINE
8
BLACK
6
CONTINUOUS
10
0.6951305118110236
20
0.6951956299212598
11
0.6911598031496062
21
0.6969488582677165
0
LINE
8
BLACK
6
CONTINUOUS
10
0.6911598031496062
20
0.6969488582677165
11
0.688090590551181
21
0.7000180708661418
0
LINE
8
BLACK
6
CONTINUOUS
10
0.688090590551181
20
0.7000180708661418
11
0.6863373622047244
21
0.703988779527559
0
LINE
8
BLACK
6
CONTINUOUS
10
0.6863373622047244
20
0.703988779527559
11
0.6860236220472441
21
0.7066929133858267
0
LINE
8
BLACK
6
CONTINUOUS
10
0.6860236220472441
20
0.7066929133858267
11
0.6860236220472441
21
0.7421259842519685
0
LINE
8
BLACK
6
CONTINUOUS
10
0.6860236220472441
20
0.7421259842519685
11
0.6863373622047244
21
0.7448301181102363
0
LINE
8
BLACK
6
CONTINUOUS
10
0.6863373622047244
20
0.7448301181102363
11
0.688090590551181
21
0.7488008267716535
0
LINE
8
BLACK
6
CONTINUOUS
10
0.688090590551181
20
0.7488008267716535
11
0.6911598031496062
21
0.7518700393700787
0
LINE
8
BLACK
6
CONTINUOUS
10
0.6911598031496062
20
0.7518700393700787
11
0.6951305118110236
21
0.7536232677165354
0
LINE
8
BLACK
6
CONTINUOUS
10
0.6951305118110236
20
0.7536232677165354
11
0.6978346456692913
21
0.7539370078740157
0
LINE
8
BLACK
6
CONTINUOUS
10
0.6978346456692913
20
0.7539370078740157
11
0.718503937007874
21
0.7539370078740157
0
LINE
8
BLACK
6
CONTINUOUS
10
0.718503937007874
20
0.7539370078740157
11
0.7212080708661417
21
0.7536232677165354
0
LINE
8
BLACK
6
CONTINUOUS
10
0.7930584645669291
20
0.7536232677165354
11
0.7970291732283464
21
0.7518700393700787
0
LINE
8
BLACK
6
CONTINUOUS
10
0.7970291732283464
20
0.7518700393700787
11
0.8000983858267716
21
0.7488008267716535
0
LINE
8
BLACK
6
CONTINUOUS
10
0.8000983858267716
20
0.7488008267716535
11
0.8018516141732284
21
0.7448301181102363
0
LINE
8
BLACK
6
CONTINUOUS
10
0.8018516141732284
20
0.7448301181102363
11
0.8021653543307087
21
0.7421259842519685
0
LINE
8
BLACK
6
CONTINUOUS
10
0.8021653543307087
20
0.7421259842519685
11
0.8021653543307087
21
0.7066929133858267
0
LINE
8
BLACK
6
CONTINUOUS
10
0.8021653543307087
20
0.7066929133858267
11
0.8018516141732284
21
0.703988779527559
0
LINE
8
BLACK
6
CONTINUOUS
10
0.8018516141732284
20
0.703988779527559
11
0.8000983858267716
21
0.7000180708661418
0
LINE
8
BLACK
6
CONTINUOUS
10
0.8000983858267716
20
0.7000180708661418
11
0.7970291732283464
21
0.6969488582677165
0
LINE
8
BLACK
6
CONTINUOUS
10
0.7970291732283464
20
0.6969488582677165
11
0.7930584645669291
21
0.6951956299212598
0
LINE
8
BLACK
6
CONTINUOUS
10
0.7930584645669291
20
0.6951956299212598
11
0.7903543307086613
21
0.6948818897637795
0
LINE
8
BLACK
6
CONTINUOUS
10
0.7903543307086613
20
0.6948818897637795
11
0.7696850393700787
21
0.6948818897637795
0
LINE
8
BLACK
6
CONTINUOUS
10
0.7696850393700787
20
0.6948818897637795
11
0.766980905511811
21
0.6951956299212598
0
LINE
8
BLACK
6
CONTINUOUS
10
0.766980905511811
20
0.6951956299212598
11
0.7630101968503937
21
0.6969488582677165
0
LINE
8
BLACK
6
CONTINUOUS
10
0.7630101968503937
20
0.6969488582677165
11
0.7599409842519684
21
0.7000180708661418
0
LINE
8
BLACK
6
CONTINUOUS
10
0.7599409842519684
20
0.7000180708661418
11
0.7581877559055118
21
0.703988779527559
0
LINE
8
BLACK
6
CONTINUOUS
10
0.7581877559055118
20
0.703988779527559
11
0.7578740157480315
21
0.7066929133858267
0
LINE
8
BLACK
6
CONTINUOUS
10
0.7578740157480315
20
0.7066929133858267
11
0.7578740157480315
21
0.7421259842519685
0
LINE
8
BLACK
6
CONTINUOUS
10
0.7578740157480315
20
0.7421259842519685
11
0.7581877559055118
21
0.7448301181102363
0
LINE
8
BLACK
6
CONTINUOUS
10
0.7581877559055118
20
0.7448301181102363
11
0.7599409842519684
21
0.7488008267716535
0
LINE
8
BLACK
6
CONTINUOUS
10
0.7599409842519684
20
0.7488008267716535
11
0.7630101968503937
21
0.7518700393700787
0
LINE
8
BLACK
6
CONTINUOUS
10
0.7630101968503937
20
0.7518700393700787
11
0.766980905511811
21
0.7536232677165354
0
LINE
8
BLACK
6
CONTINUOUS
10
0.766980905511811
20
0.7536232677165354
11
0.7696850393700787
21
0.7539370078740157
0
LINE
8
BLACK
6
CONTINUOUS
10
0.7696850393700787
20
0.7539370078740157
11
0.7903543307086613
21
0.7539370078740157
0
LINE
8
BLACK
6
CONTINUOUS
10
0.7903543307086613
20
0.7539370078740157
11
0.7930584645669291
21
0.7536232677165354
0
LINE
8
BLACK
6
CONTINUOUS
10
0.3826430708661417
20
1.2321336220472441
11
0.3832816929133858
21
1.2317068897637795
0
LINE
8
BLACK
6
CONTINUOUS
10
0.3832816929133858
20
1.2317068897637795
11
0.3837084251968504
21
1.2310682677165354
0
LINE
8
BLACK
6
CONTINUOUS
10
0.3837084251968504
20
1.2310682677165354
11
0.3838582677165354
21
1.2303149606299213
0
LINE
8
BLACK
6
CONTINUOUS
10
0.3838582677165354
20
1.2303149606299213
11
0.3838582677165354
21
1.0295275590551181
0
LINE
8
BLACK
6
CONTINUOUS
10
0.3838582677165354
20
1.0295275590551181
11
0.3837084251968504
21
1.0287742519685039
0
LINE
8
BLACK
6
CONTINUOUS
10
0.3837084251968504
20
1.0287742519685039
11
0.3832816929133858
21
1.0281356299212598
0
LINE
8
BLACK
6
CONTINUOUS
10
0.3832816929133858
20
1.0281356299212598
11
0.3826430708661417
21
1.0277088976377953
0
LINE
8
BLACK
6
CONTINUOUS
10
0.3826430708661417
20
1.0277088976377953
11
0.3818897637795275
21
1.0275590551181102
0
LINE
8
BLACK
6
CONTINUOUS
10
0.3818897637795275
20
1.0275590551181102
11
0.2893700787401575
21
1.0275590551181102
0
LINE
8
BLACK
6
CONTINUOUS
10
0.2893700787401575
20
1.0275590551181102
11
0.2886167716535433
21
1.0277088976377953
0
LINE
8
BLACK
6
CONTINUOUS
10
0.2886167716535433
20
1.0277088976377953
11
0.2879781496062992
21
1.0281356299212598
0
LINE
8
BLACK
6
CONTINUOUS
10
0.2879781496062992
20
1.0281356299212598
11
0.2875514173228346
21
1.0287742519685039
0
LINE
8
BLACK
6
CONTINUOUS
10
0.2875514173228346
20
1.0287742519685039
11
0.2874015748031496
21
1.0295275590551181
0
LINE
8
BLACK
6
CONTINUOUS
10
0.2874015748031496
20
1.0295275590551181
11
0.2874015748031496
21
1.2303149606299213
0
LINE
8
BLACK
6
CONTINUOUS
10
0.2874015748031496
20
1.2303149606299213
11
0.2875514173228346
21
1.2310682677165354
0
LINE
8
BLACK
6
CONTINUOUS
10
0.2875514173228346
20
1.2310682677165354
11
0.2879781496062992
21
1.2317068897637795
0
LINE
8
BLACK
6
CONTINUOUS
10
0.2879781496062992
20
1.2317068897637795
11
0.2886167716535433
21
1.2321336220472441
0
LINE
8
BLACK
6
CONTINUOUS
10
0.2886167716535433
20
1.2321336220472441
11
0.2893700787401575
21
1.2322834645669292
0
LINE
8
BLACK
6
CONTINUOUS
10
0.2893700787401575
20
1.2322834645669292
11
0.3818897637795275
21
1.2322834645669292
0
LINE
8
BLACK
6
CONTINUOUS
10
0.3818897637795275
20
1.2322834645669292
11
0.3826430708661417
21
1.2321336220472441
0
LINE
8
BLACK
6
CONTINUOUS
10
0.5460288976377953
20
1.2321336220472441
11
0.5466675196850393
21
1.2317068897637795
0
LINE
8
BLACK
6
CONTINUOUS
10
0.5466675196850393
20
1.2317068897637795
11
0.5470942519685039
21
1.2310682677165354
0
LINE
8
BLACK
6
CONTINUOUS
10
0.5470942519685039
20
1.2310682677165354
11
0.547244094488189
21
1.2303149606299213
0
LINE
8
BLACK
6
CONTINUOUS
10
0.547244094488189
20
1.2303149606299213
11
0.547244094488189
21
1.0295275590551181
0
LINE
8
BLACK
6
CONTINUOUS
10
0.547244094488189
20
1.0295275590551181
11
0.5470942519685039
21
1.0287742519685039
0
LINE
8
BLACK
6
CONTINUOUS
10
0.5470942519685039
20
1.0287742519685039
11
0.5466675196850393
21
1.0281356299212598
0
LINE
8
BLACK
6
CONTINUOUS
10
0.5466675196850393
20
1.0281356299212598
11
0.5460288976377953
21
1.0277088976377953
0
LINE
8
BLACK
6
CONTINUOUS
10
0.5460288976377953
20
1.0277088976377953
11
0.5452755905511811
21
1.0275590551181102
0
LINE
8
BLACK
6
CONTINUOUS
10
0.5452755905511811
20
1.0275590551181102
11
0.452755905511811
21
1.0275590551181102
0
LINE
8
BLACK
6
CONTINUOUS
10
0.452755905511811
20
1.0275590551181102
11
0.4520025984251969
21
1.0277088976377953
0
LINE
8
BLACK
6
CONTINUOUS
10
0.4520025984251969
20
1.0277088976377953
11
0.4513639763779527
21
1.0281356299212598
0
LINE
8
BLACK
6
CONTINUOUS
10
0.4513639763779527
20
1.0281356299212598
11
0.4509372440944882
21
1.0287742519685039
0
LINE
8
BLACK
6
CONTINUOUS
10
0.4509372440944882
20
1.0287742519685039
11
0.4507874015748031
21
1.0295275590551181
0
LINE
8
BLACK
6
CONTINUOUS
10
0.4507874015748031
20
1.0295275590551181
11
0.4507874015748031
21
1.2303149606299213
0
LINE
8
BLACK
6
CONTINUOUS
10
0.4507874015748031
20
1.2303149606299213
11
0.4509372440944882
21
1.2310682677165354
0
LINE
8
BLACK
6
CONTINUOUS
10
0.4509372440944882
20
1.2310682677165354
11
0.4513639763779527
21
1.2317068897637795
0
LINE
8
BLACK
6
CONTINUOUS
10
0.4513639763779527
20
1.2317068897637795
11
0.4520025984251969
21
1.2321336220472441
0
LINE
8
BLACK
6
CONTINUOUS
10
0.4520025984251969
20
1.2321336220472441
11
0.452755905511811
21
1.2322834645669292
0
LINE
8
BLACK
6
CONTINUOUS
10
0.452755905511811
20
1.2322834645669292
11
0.5452755905511811
21
1.2322834645669292
0
LINE
8
BLACK
6
CONTINUOUS
10
0.5452755905511811
20
1.2322834645669292
11
0.5460288976377953
21
1.2321336220472441
0
LINE
8
BLACK
6
CONTINUOUS
10
0.1464049212598425
20
1.1689775984251969
11
0.1503756299212598
21
1.1672243700787401
0
LINE
8
BLACK
6
CONTINUOUS
10
0.1503756299212598
20
1.1672243700787401
11
0.153444842519685
21
1.1641551574803148
0
LINE
8
BLACK
6
CONTINUOUS
10
0.153444842519685
20
1.1641551574803148
11
0.1551980708661417
21
1.1601844488188977
0
LINE
8
BLACK
6
CONTINUOUS
10
0.1551980708661417
20
1.1601844488188977
11
0.155511811023622
21
1.1574803149606299
0
LINE
8
BLACK
6
CONTINUOUS
10
0.155511811023622
20
1.1574803149606299
11
0.155511811023622
21
1.078740157480315
0
LINE
8
BLACK
6
CONTINUOUS
10
0.155511811023622
20
1.078740157480315
11
0.1551980708661417
21
1.0760360236220472
0
LINE
8
BLACK
6
CONTINUOUS
10
0.1551980708661417
20
1.0760360236220472
11
0.153444842519685
21
1.0720653149606298
0
LINE
8
BLACK
6
CONTINUOUS
10
0.153444842519685
20
1.0720653149606298
11
0.1503756299212598
21
1.0689961023622048
0
LINE
8
BLACK
6
CONTINUOUS
10
0.1503756299212598
20
1.0689961023622048
11
0.1464049212598425
21
1.067242874015748
0
LINE
8
BLACK
6
CONTINUOUS
10
0.1464049212598425
20
1.067242874015748
11
0.1437007874015748
21
1.0669291338582676
0
LINE
8
BLACK
6
CONTINUOUS
10
0.1437007874015748
20
1.0669291338582676
11
0.0925196850393701
21
1.0669291338582676
0
LINE
8
BLACK
6
CONTINUOUS
10
0.0925196850393701
20
1.0669291338582676
11
0.0898155511811024
21
1.067242874015748
0
LINE
8
BLACK
6
CONTINUOUS
10
0.0898155511811024
20
1.067242874015748
11
0.085844842519685
21
1.0689961023622048
0
LINE
8
BLACK
6
CONTINUOUS
10
0.085844842519685
20
1.0689961023622048
11
0.0827756299212598
21
1.0720653149606298
0
LINE
8
BLACK
6
CONTINUOUS
10
0.0827756299212598
20
1.0720653149606298
11
0.0810224015748031
21
1.0760360236220472
0
LINE
8
BLACK
6
CONTINUOUS
10
0.0810224015748031
20
1.0760360236220472
11
0.0807086614173228
21
1.078740157480315
0
LINE
8
BLACK
6
CONTINUOUS
10
0.0807086614173228
20
1.078740157480315
11
0.0807086614173228
21
1.1574803149606299
0
LINE
8
BLACK
6
CONTINUOUS
10
0.0807086614173228
20
1.1574803149606299
11
0.0810224015748031
21
1.1601844488188977
0
LINE
8
BLACK
6
CONTINUOUS
10
0.0810224015748031
20
1.1601844488188977
11
0.0827756299212598
21
1.1641551574803148
0
LINE
8
BLACK
6
CONTINUOUS
10
0.0827756299212598
20
1.1641551574803148
11
0.085844842519685
21
1.1672243700787401
0
LINE
8
BLACK
6
CONTINUOUS
10
0.085844842519685
20
1.1672243700787401
11
0.0898155511811024
21
1.1689775984251969
0
LINE
8
BLACK
6
CONTINUOUS
10
0.0898155511811024
20
1.1689775984251969
11
0.0925196850393701
21
1.1692913385826771
0
LINE
8
BLACK
6
CONTINUOUS
10
0.0925196850393701
20
1.1692913385826771
11
0.1437007874015748
21
1.1692913385826771
0
LINE
8
BLACK
6
CONTINUOUS
10
0.1437007874015748
20
1.1692913385826771
11
0.1464049212598425
21
1.1689775984251969
0
LINE
8
BLACK
6
CONTINUOUS
10
0.6316411417322835
20
1.1743909842519684
11
0.6356118503937008
21
1.1726377559055119
0
LINE
8
BLACK
6
CONTINUOUS
10
0.6356118503937008
20
1.1726377559055119
11
0.638681062992126
21
1.1695685433070866
0
LINE
8
BLACK
6
CONTINUOUS
10
0.638681062992126
20
1.1695685433070866
11
0.6404342913385827
21
1.1655978346456692
0
LINE
8
BLACK
6
CONTINUOUS
10
0.6404342913385827
20
1.1655978346456692
11
0.640748031496063
21
1.1628937007874016
0
LINE
8
BLACK
6
CONTINUOUS
10
0.640748031496063
20
1.1628937007874016
11
0.640748031496063
21
1.1432086614173229
0
LINE
8
BLACK
6
CONTINUOUS
10
0.640748031496063
20
1.1432086614173229
11
0.6404342913385827
21
1.1405045275590551
0
LINE
8
BLACK
6
CONTINUOUS
10
0.6404342913385827
20
1.1405045275590551
11
0.638681062992126
21
1.1365338188976377
0
LINE
8
BLACK
6
CONTINUOUS
10
0.638681062992126
20
1.1365338188976377
11
0.6356118503937008
21
1.1334646062992126
0
LINE
8
BLACK
6
CONTINUOUS
10
0.6356118503937008
20
1.1334646062992126
11
0.6316411417322835
21
1.1317113779527559
0
LINE
8
BLACK
6
CONTINUOUS
10
0.6316411417322835
20
1.1317113779527559
11
0.6289370078740157
21
1.1313976377952755
0
LINE
8
BLACK
6
CONTINUOUS
10
0.6289370078740157
20
1.1313976377952755
11
0.5915354330708661
21
1.1313976377952755
0
LINE
8
BLACK
6
CONTINUOUS
10
0.5915354330708661
20
1.1313976377952755
11
0.5888312992125984
21
1.1317113779527559
0
LINE
8
BLACK
6
CONTINUOUS
10
0.5888312992125984
20
1.1317113779527559
11
0.5848605905511811
21
1.1334646062992126
0
LINE
8
BLACK
6
CONTINUOUS
10
0.5848605905511811
20
1.1334646062992126
11
0.5817913779527559
21
1.1365338188976377
0
LINE
8
BLACK
6
CONTINUOUS
10
0.5817913779527559
20
1.1365338188976377
11
0.5800381496062992
21
1.1405045275590551
0
LINE
8
BLACK
6
CONTINUOUS
10
0.5800381496062992
20
1.1405045275590551
11
0.5797244094488189
21
1.1432086614173229
0
LINE
8
BLACK
6
CONTINUOUS
10
0.5797244094488189
20
1.1432086614173229
11
0.5797244094488189
21
1.1628937007874016
0
LINE
8
BLACK
6
CONTINUOUS
10
0.5797244094488189
20
1.1628937007874016
11
0.5800381496062992
21
1.1655978346456692
0
LINE
8
BLACK
6
CONTINUOUS
10
0.5800381496062992
20
1.1655978346456692
11
0.5817913779527559
21
1.1695685433070866
0
LINE
8
BLACK
6
CONTINUOUS
10
0.5817913779527559
20
1.1695685433070866
11
0.5848605905511811
21
1.1726377559055119
0
LINE
8
BLACK
6
CONTINUOUS
10
0.5848605905511811
20
1.1726377559055119
11
0.5888312992125984
21
1.1743909842519684
0
LINE
8
BLACK
6
CONTINUOUS
10
0.5888312992125984
20
1.1743909842519684
11
0.5915354330708661
21
1.1747047244094488
0
LINE
8
BLACK
6
CONTINUOUS
10
0.5915354330708661
20
1.1747047244094488
11
0.6289370078740157
21
1.1747047244094488
0
LINE
8
BLACK
6
CONTINUOUS
10
0.6289370078740157
20
1.1747047244094488
11
0.6316411417322835
21
1.1743909842519684
0
LINE
8
BLACK
6
CONTINUOUS
10
0.6316411417322835
20
1.2491941338582677
11
0.6356118503937008
21
1.247440905511811
0
LINE
8
BLACK
6
CONTINUOUS
10
0.6356118503937008
20
1.247440905511811
11
0.638681062992126
21
1.2443716929133859
0
LINE
8
BLACK
6
CONTINUOUS
10
0.638681062992126
20
1.2443716929133859
11
0.6404342913385827
21
1.2404009842519685
0
LINE
8
BLACK
6
CONTINUOUS
10
0.6404342913385827
20
1.2404009842519685
11
0.640748031496063
21
1.2376968503937007
0
LINE
8
BLACK
6
CONTINUOUS
10
0.640748031496063
20
1.2376968503937007
11
0.640748031496063
21
1.218011811023622
0
LINE
8
BLACK
6
CONTINUOUS
10
0.640748031496063
20
1.218011811023622
11
0.6404342913385827
21
1.2153076771653544
0
LINE
8
BLACK
6
CONTINUOUS
10
0.6404342913385827
20
1.2153076771653544
11
0.638681062992126
21
1.211336968503937
0
LINE
8
BLACK
6
CONTINUOUS
10
0.638681062992126
20
1.211336968503937
11
0.6356118503937008
21
1.2082677559055117
0
LINE
8
BLACK
6
CONTINUOUS
10
0.6356118503937008
20
1.2082677559055117
11
0.6316411417322835
21
1.2065145275590552
0
LINE
8
BLACK
6
CONTINUOUS
10
0.6316411417322835
20
1.2065145275590552
11
0.6289370078740157
21
1.2062007874015748
0
LINE
8
BLACK
6
CONTINUOUS
10
0.6289370078740157
20
1.2062007874015748
11
0.5915354330708661
21
1.2062007874015748
0
LINE
8
BLACK
6
CONTINUOUS
10
0.5915354330708661
20
1.2062007874015748
11
0.5888312992125984
21
1.2065145275590552
0
LINE
8
BLACK
6
CONTINUOUS
10
0.5888312992125984
20
1.2065145275590552
11
0.5848605905511811
21
1.2082677559055117
0
LINE
8
BLACK
6
CONTINUOUS
10
0.5848605905511811
20
1.2082677559055117
11
0.5817913779527559
21
1.211336968503937
0
LINE
8
BLACK
6
CONTINUOUS
10
0.5817913779527559
20
1.211336968503937
11
0.5800381496062992
21
1.2153076771653544
0
LINE
8
BLACK
6
CONTINUOUS
10
0.5800381496062992
20
1.2153076771653544
11
0.5797244094488189
21
1.218011811023622
0
LINE
8
BLACK
6
CONTINUOUS
10
0.5797244094488189
20
1.218011811023622
11
0.5797244094488189
21
1.2376968503937007
0
LINE
8
BLACK
6
CONTINUOUS
10
0.5797244094488189
20
1.2376968503937007
11
0.5800381496062992
21
1.2404009842519685
0
LINE
8
BLACK
6
CONTINUOUS
10
0.5800381496062992
20
1.2404009842519685
11
0.5817913779527559
21
1.2443716929133859
0
LINE
8
BLACK
6
CONTINUOUS
10
0.5817913779527559
20
1.2443716929133859
11
0.5848605905511811
21
1.247440905511811
0
LINE
8
BLACK
6
CONTINUOUS
10
0.5848605905511811
20
1.247440905511811
11
0.5888312992125984
21
1.2491941338582677
0
LINE
8
BLACK
6
CONTINUOUS
10
0.5888312992125984
20
1.2491941338582677
11
0.5915354330708661
21
1.2495078740157479
0
LINE
8
BLACK
6
CONTINUOUS
10
0.5915354330708661
20
1.2495078740157479
11
0.6289370078740157
21
1.2495078740157479
0
LINE
8
BLACK
6
CONTINUOUS
10
0.6289370078740157
20
1.2495078740157479
11
0.6316411417322835
21
1.2491941338582677
0
LINE
8
BLACK
6
CONTINUOUS
10
0.0214049212598425
20
1.2531311417322835
11
0.0253756299212598
21
1.2513779133858267
0
LINE
8
BLACK
6
CONTINUOUS
10
0.0253756299212598
20
1.2513779133858267
11
0.028444842519685
21
1.2483087007874016
0
LINE
8
BLACK
6
CONTINUOUS
10
0.028444842519685
20
1.2483087007874016
11
0.0301980708661417
21
1.2443379921259843
0
LINE
8
BLACK
6
CONTINUOUS
10
0.0301980708661417
20
1.2443379921259843
11
0.030511811023622
21
1.2416338582677164
0
LINE
8
BLACK
6
CONTINUOUS
10
0.030511811023622
20
1.2416338582677164
11
0.030511811023622
21
1.2219488188976377
0
LINE
8
BLACK
6
CONTINUOUS
10
0.030511811023622
20
1.2219488188976377
11
0.0301980708661417
21
1.2192446850393701
0
LINE
8
BLACK
6
CONTINUOUS
10
0.0301980708661417
20
1.2192446850393701
11
0.028444842519685
21
1.2152739763779528
0
LINE
8
BLACK
6
CONTINUOUS
10
0.028444842519685
20
1.2152739763779528
11
0.0253756299212598
21
1.2122047637795275
0
LINE
8
BLACK
6
CONTINUOUS
10
0.0253756299212598
20
1.2122047637795275
11
0.0214049212598425
21
1.2104515354330709
0
LINE
8
BLACK
6
CONTINUOUS
10
0.0214049212598425
20
1.2104515354330709
11
0.0187007874015748
21
1.2101377952755905
0
LINE
8
BLACK
6
CONTINUOUS
10
0.0187007874015748
20
1.2101377952755905
11
-0.0187007874015748
21
1.2101377952755905
0
LINE
8
BLACK
6
CONTINUOUS
10
-0.0187007874015748
20
1.2101377952755905
11
-0.0214049212598425
21
1.2104515354330709
0
LINE
8
BLACK
6
CONTINUOUS
10
-0.0214049212598425
20
1.2104515354330709
11
-0.0253756299212598
21
1.2122047637795275
0
LINE
8
BLACK
6
CONTINUOUS
10
-0.0253756299212598
20
1.2122047637795275
11
-0.028444842519685
21
1.2152739763779528
0
LINE
8
BLACK
6
CONTINUOUS
10
-0.028444842519685
20
1.2152739763779528
11
-0.0301980708661417
21
1.2192446850393701
0
LINE
8
BLACK
6
CONTINUOUS
10
-0.0301980708661417
20
1.2192446850393701
11
-0.030511811023622
21
1.2219488188976377
0
LINE
8
BLACK
6
CONTINUOUS
10
-0.030511811023622
20
1.2219488188976377
11
-0.030511811023622
21
1.2416338582677164
0
LINE
8
BLACK
6
CONTINUOUS
10
-0.030511811023622
20
1.2416338582677164
11
-0.0301980708661417
21
1.2443379921259843
0
LINE
8
BLACK
6
CONTINUOUS
10
-0.0301980708661417
20
1.2443379921259843
11
-0.028444842519685
21
1.2483087007874016
0
LINE
8
BLACK
6
CONTINUOUS
10
-0.028444842519685
20
1.2483087007874016
11
-0.0253756299212598
21
1.2513779133858267
0
LINE
8
BLACK
6
CONTINUOUS
10
-0.0253756299212598
20
1.2513779133858267
11
-0.0214049212598425
21
1.2531311417322835
0
LINE
8
BLACK
6
CONTINUOUS
10
-0.0214049212598425
20
1.2531311417322835
11
-0.0187007874015748
21
1.2534448818897637
0
LINE
8
BLACK
6
CONTINUOUS
10
-0.0187007874015748
20
1.2534448818897637
11
0.0187007874015748
21
1.2534448818897637
0
LINE
8
BLACK
6
CONTINUOUS
10
0.0187007874015748
20
1.2534448818897637
11
0.0214049212598425
21
1.2531311417322835
0
LINE
8
BLACK
6
CONTINUOUS
10
0.1464049212598425
20
1.3264579133858267
11
0.1503756299212598
21
1.32470468503937
0
LINE
8
BLACK
6
CONTINUOUS
10
0.1503756299212598
20
1.32470468503937
11
0.153444842519685
21
1.3216354724409449
0
LINE
8
BLACK
6
CONTINUOUS
10
0.153444842519685
20
1.3216354724409449
11
0.1551980708661417
21
1.3176647637795276
0
LINE
8
BLACK
6
CONTINUOUS
10
0.1551980708661417
20
1.3176647637795276
11
0.155511811023622
21
1.3149606299212597
0
LINE
8
BLACK
6
CONTINUOUS
10
0.155511811023622
20
1.3149606299212597
11
0.155511811023622
21
1.2362204724409449
0
LINE
8
BLACK
6
CONTINUOUS
10
0.155511811023622
20
1.2362204724409449
11
0.1551980708661417
21
1.2335163385826771
0
LINE
8
BLACK
6
CONTINUOUS
10
0.1551980708661417
20
1.2335163385826771
11
0.153444842519685
21
1.2295456299212597
0
LINE
8
BLACK
6
CONTINUOUS
10
0.153444842519685
20
1.2295456299212597
11
0.1503756299212598
21
1.2264764173228346
0
LINE
8
BLACK
6
CONTINUOUS
10
0.1503756299212598
20
1.2264764173228346
11
0.1464049212598425
21
1.2247231889763779
0
LINE
8
BLACK
6
CONTINUOUS
10
0.1464049212598425
20
1.2247231889763779
11
0.1437007874015748
21
1.2244094488188977
0
LINE
8
BLACK
6
CONTINUOUS
10
0.1437007874015748
20
1.2244094488188977
11
0.0925196850393701
21
1.2244094488188977
0
LINE
8
BLACK
6
CONTINUOUS
10
0.0925196850393701
20
1.2244094488188977
11
0.0898155511811024
21
1.2247231889763779
0
LINE
8
BLACK
6
CONTINUOUS
10
0.0898155511811024
20
1.2247231889763779
11
0.085844842519685
21
1.2264764173228346
0
LINE
8
BLACK
6
CONTINUOUS
10
0.085844842519685
20
1.2264764173228346
11
0.0827756299212598
21
1.2295456299212597
0
LINE
8
BLACK
6
CONTINUOUS
10
0.0827756299212598
20
1.2295456299212597
11
0.0810224015748031
21
1.2335163385826771
0
LINE
8
BLACK
6
CONTINUOUS
10
0.0810224015748031
20
1.2335163385826771
11
0.0807086614173228
21
1.2362204724409449
0
LINE
8
BLACK
6
CONTINUOUS
10
0.0807086614173228
20
1.2362204724409449
11
0.0807086614173228
21
1.3149606299212597
0
LINE
8
BLACK
6
CONTINUOUS
10
0.0807086614173228
20
1.3149606299212597
11
0.0810224015748031
21
1.3176647637795276
0
LINE
8
BLACK
6
CONTINUOUS
10
0.0810224015748031
20
1.3176647637795276
11
0.0827756299212598
21
1.3216354724409449
0
LINE
8
BLACK
6
CONTINUOUS
10
0.0827756299212598
20
1.3216354724409449
11
0.085844842519685
21
1.32470468503937
0
LINE
8
BLACK
6
CONTINUOUS
10
0.085844842519685
20
1.32470468503937
11
0.0898155511811024
21
1.3264579133858267
0
LINE
8
BLACK
6
CONTINUOUS
10
0.0898155511811024
20
1.3264579133858267
11
0.0925196850393701
21
1.326771653543307
0
LINE
8
BLACK
6
CONTINUOUS
10
0.0925196850393701
20
1.326771653543307
11
0.1437007874015748
21
1.326771653543307
0
LINE
8
BLACK
6
CONTINUOUS
10
0.1437007874015748
20
1.326771653543307
11
0.1464049212598425
21
1.3264579133858267
0
LINE
8
BLACK
6
CONTINUOUS
10
0.248767125984252
20
1.3008673622047244
11
0.2527378346456693
21
1.2991141338582677
0
LINE
8
BLACK
6
CONTINUOUS
10
0.2527378346456693
20
1.2991141338582677
11
0.2558070472440945
21
1.2960449212598424
0
LINE
8
BLACK
6
CONTINUOUS
10
0.2558070472440945
20
1.2960449212598424
11
0.2575602755905512
21
1.2920742125984253
0
LINE
8
BLACK
6
CONTINUOUS
10
0.2575602755905512
20
1.2920742125984253
11
0.2578740157480315
21
1.2893700787401574
0
LINE
8
BLACK
6
CONTINUOUS
10
0.2578740157480315
20
1.2893700787401574
11
0.2578740157480315
21
1.2687007874015748
0
LINE
8
BLACK
6
CONTINUOUS
10
0.2578740157480315
20
1.2687007874015748
11
0.2575602755905512
21
1.2659966535433071
0
LINE
8
BLACK
6
CONTINUOUS
10
0.2575602755905512
20
1.2659966535433071
11
0.2558070472440945
21
1.2620259448818898
0
LINE
8
BLACK
6
CONTINUOUS
10
0.2558070472440945
20
1.2620259448818898
11
0.2527378346456693
21
1.2589567322834645
0
LINE
8
BLACK
6
CONTINUOUS
10
0.2527378346456693
20
1.2589567322834645
11
0.248767125984252
21
1.2572035039370077
0
LINE
8
BLACK
6
CONTINUOUS
10
0.248767125984252
20
1.2572035039370077
11
0.2460629921259843
21
1.2568897637795275
0
LINE
8
BLACK
6
CONTINUOUS
10
0.2460629921259843
20
1.2568897637795275
11
0.2106299212598425
21
1.2568897637795275
0
LINE
8
BLACK
6
CONTINUOUS
10
0.2106299212598425
20
1.2568897637795275
11
0.2079257874015748
21
1.2572035039370077
0
LINE
8
BLACK
6
CONTINUOUS
10
0.2079257874015748
20
1.2572035039370077
11
0.2039550787401575
21
1.2589567322834645
0
LINE
8
BLACK
6
CONTINUOUS
10
0.2039550787401575
20
1.2589567322834645
11
0.2008858661417323
21
1.2620259448818898
0
LINE
8
BLACK
6
CONTINUOUS
10
0.2008858661417323
20
1.2620259448818898
11
0.1991326377952756
21
1.2659966535433071
0
LINE
8
BLACK
6
CONTINUOUS
10
0.1991326377952756
20
1.2659966535433071
11
0.1988188976377953
21
1.2687007874015748
0
LINE
8
BLACK
6
CONTINUOUS
10
0.1988188976377953
20
1.2687007874015748
11
0.1988188976377953
21
1.2893700787401574
0
LINE
8
BLACK
6
CONTINUOUS
10
0.1988188976377953
20
1.2893700787401574
11
0.1991326377952756
21
1.2920742125984253
0
LINE
8
BLACK
6
CONTINUOUS
10
0.1991326377952756
20
1.2920742125984253
11
0.2008858661417323
21
1.2960449212598424
0
LINE
8
BLACK
6
CONTINUOUS
10
0.2008858661417323
20
1.2960449212598424
11
0.2039550787401575
21
1.2991141338582677
0
LINE
8
BLACK
6
CONTINUOUS
10
0.2039550787401575
20
1.2991141338582677
11
0.2079257874015748
21
1.3008673622047244
0
LINE
8
BLACK
6
CONTINUOUS
10
0.2079257874015748
20
1.3008673622047244
11
0.2106299212598425
21
1.3011811023622046
0
LINE
8
BLACK
6
CONTINUOUS
10
0.2106299212598425
20
1.3011811023622046
11
0.2460629921259843
21
1.3011811023622046
0
LINE
8
BLACK
6
CONTINUOUS
10
0.2460629921259843
20
1.3011811023622046
11
0.248767125984252
21
1.3008673622047244
0
LINE
8
BLACK
6
CONTINUOUS
10
0.0214049212598425
20
1.3279342913385825
11
0.0253756299212598
21
1.326181062992126
0
LINE
8
BLACK
6
CONTINUOUS
10
0.0253756299212598
20
1.326181062992126
11
0.028444842519685
21
1.3231118503937007
0
LINE
8
BLACK
6
CONTINUOUS
10
0.028444842519685
20
1.3231118503937007
11
0.0301980708661417
21
1.3191411417322834
0
LINE
8
BLACK
6
CONTINUOUS
10
0.0301980708661417
20
1.3191411417322834
11
0.030511811023622
21
1.3164370078740157
0
LINE
8
BLACK
6
CONTINUOUS
10
0.030511811023622
20
1.3164370078740157
11
0.030511811023622
21
1.296751968503937
0
LINE
8
BLACK
6
CONTINUOUS
10
0.030511811023622
20
1.296751968503937
11
0.0301980708661417
21
1.2940478346456692
0
LINE
8
BLACK
6
CONTINUOUS
10
0.0301980708661417
20
1.2940478346456692
11
0.028444842519685
21
1.2900771259842518
0
LINE
8
BLACK
6
CONTINUOUS
10
0.028444842519685
20
1.2900771259842518
11
0.0253756299212598
21
1.2870079133858268
0
LINE
8
BLACK
6
CONTINUOUS
10
0.0253756299212598
20
1.2870079133858268
11
0.0214049212598425
21
1.28525468503937
0
LINE
8
BLACK
6
CONTINUOUS
10
0.0214049212598425
20
1.28525468503937
11
0.0187007874015748
21
1.2849409448818898
0
LINE
8
BLACK
6
CONTINUOUS
10
0.0187007874015748
20
1.2849409448818898
11
-0.0187007874015748
21
1.2849409448818898
0
LINE
8
BLACK
6
CONTINUOUS
10
-0.0187007874015748
20
1.2849409448818898
11
-0.0214049212598425
21
1.28525468503937
0
LINE
8
BLACK
6
CONTINUOUS
10
-0.0214049212598425
20
1.28525468503937
11
-0.0253756299212598
21
1.2870079133858268
0
LINE
8
BLACK
6
CONTINUOUS
10
-0.0253756299212598
20
1.2870079133858268
11
-0.028444842519685
21
1.2900771259842518
0
LINE
8
BLACK
6
CONTINUOUS
10
-0.028444842519685
20
1.2900771259842518
11
-0.0301980708661417
21
1.2940478346456692
0
LINE
8
BLACK
6
CONTINUOUS
10
-0.0301980708661417
20
1.2940478346456692
11
-0.030511811023622
21
1.296751968503937
0
LINE
8
BLACK
6
CONTINUOUS
10
-0.030511811023622
20
1.296751968503937
11
-0.030511811023622
21
1.3164370078740157
0
LINE
8
BLACK
6
CONTINUOUS
10
-0.030511811023622
20
1.3164370078740157
11
-0.0301980708661417
21
1.3191411417322834
0
LINE
8
BLACK
6
CONTINUOUS
10
-0.0301980708661417
20
1.3191411417322834
11
-0.028444842519685
21
1.3231118503937007
0
LINE
8
BLACK
6
CONTINUOUS
10
-0.028444842519685
20
1.3231118503937007
11
-0.0253756299212598
21
1.326181062992126
0
LINE
8
BLACK
6
CONTINUOUS
10
-0.0253756299212598
20
1.326181062992126
11
-0.0214049212598425
21
1.3279342913385825
0
LINE
8
BLACK
6
CONTINUOUS
10
-0.0214049212598425
20
1.3279342913385825
11
-0.0187007874015748
21
1.328248031496063
0
LINE
8
BLACK
6
CONTINUOUS
10
-0.0187007874015748
20
1.328248031496063
11
0.0187007874015748
21
1.328248031496063
0
LINE
8
BLACK
6
CONTINUOUS
10
0.0187007874015748
20
1.328248031496063
11
0.0214049212598425
21
1.3279342913385825
0
LINE
8
BLACK
6
CONTINUOUS
10
0.4420030708661417
20
1.3458040551181103
11
0.4445575590551181
21
1.3440971653543308
0
LINE
8
BLACK
6
CONTINUOUS
10
0.4445575590551181
20
1.3440971653543308
11
0.4462644488188977
21
1.3415426771653542
0
LINE
8
BLACK
6
CONTINUOUS
10
0.4462644488188977
20
1.3415426771653542
11
0.4468638188976378
21
1.3385294094488189
0
LINE
8
BLACK
6
CONTINUOUS
10
0.4468638188976378
20
1.3385294094488189
11
0.4468638188976378
21
1.2981750787401574
0
LINE
8
BLACK
6
CONTINUOUS
10
0.4468638188976378
20
1.2981750787401574
11
0.4462644488188977
21
1.295161811023622
0
LINE
8
BLACK
6
CONTINUOUS
10
0.4462644488188977
20
1.295161811023622
11
0.4445575590551181
21
1.2926073228346457
0
LINE
8
BLACK
6
CONTINUOUS
10
0.4445575590551181
20
1.2926073228346457
11
0.4420030708661417
21
1.2909004330708662
0
LINE
8
BLACK
6
CONTINUOUS
10
0.4420030708661417
20
1.2909004330708662
11
0.4389898031496063
21
1.2903010629921259
0
LINE
8
BLACK
6
CONTINUOUS
10
0.4389898031496063
20
1.2903010629921259
11
0.4271787795275591
21
1.2903010629921259
0
LINE
8
BLACK
6
CONTINUOUS
10
0.4271787795275591
20
1.2903010629921259
11
0.4241655118110236
21
1.2909004330708662
0
LINE
8
BLACK
6
CONTINUOUS
10
0.4241655118110236
20
1.2909004330708662
11
0.4216110236220472
21
1.2926073228346457
0
LINE
8
BLACK
6
CONTINUOUS
10
0.4216110236220472
20
1.2926073228346457
11
0.4199041338582677
21
1.295161811023622
0
LINE
8
BLACK
6
CONTINUOUS
10
0.4199041338582677
20
1.295161811023622
11
0.4193047637795275
21
1.2981750787401574
0
LINE
8
BLACK
6
CONTINUOUS
10
0.4193047637795275
20
1.2981750787401574
11
0.4193047637795275
21
1.3385294094488189
0
LINE
8
BLACK
6
CONTINUOUS
10
0.4193047637795275
20
1.3385294094488189
11
0.4199041338582677
21
1.3415426771653542
0
LINE
8
BLACK
6
CONTINUOUS
10
0.4199041338582677
20
1.3415426771653542
11
0.4216110236220472
21
1.3440971653543308
0
LINE
8
BLACK
6
CONTINUOUS
10
0.4216110236220472
20
1.3440971653543308
11
0.4241655118110236
21
1.3458040551181103
0
LINE
8
BLACK
6
CONTINUOUS
10
0.4241655118110236
20
1.3458040551181103
11
0.4271787795275591
21
1.3464034251968504
0
LINE
8
BLACK
6
CONTINUOUS
10
0.4271787795275591
20
1.3464034251968504
11
0.4389898031496063
21
1.3464034251968504
0
LINE
8
BLACK
6
CONTINUOUS
10
0.4389898031496063
20
1.3464034251968504
11
0.4420030708661417
21
1.3458040551181103
0
LINE
8
BLACK
6
CONTINUOUS
10
0.4794046456692913
20
1.3458040551181103
11
0.4819591338582677
21
1.3440971653543308
0
LINE
8
BLACK
6
CONTINUOUS
10
0.4819591338582677
20
1.3440971653543308
11
0.4836660236220472
21
1.3415426771653542
0
LINE
8
BLACK
6
CONTINUOUS
10
0.4836660236220472
20
1.3415426771653542
11
0.4842653937007874
21
1.3385294094488189
0
LINE
8
BLACK
6
CONTINUOUS
10
0.4842653937007874
20
1.3385294094488189
11
0.4842653937007874
21
1.2981750787401574
0
LINE
8
BLACK
6
CONTINUOUS
10
0.4842653937007874
20
1.2981750787401574
11
0.4836660236220472
21
1.295161811023622
0
LINE
8
BLACK
6
CONTINUOUS
10
0.4836660236220472
20
1.295161811023622
11
0.4819591338582677
21
1.2926073228346457
0
LINE
8
BLACK
6
CONTINUOUS
10
0.4819591338582677
20
1.2926073228346457
11
0.4794046456692913
21
1.2909004330708662
0
LINE
8
BLACK
6
CONTINUOUS
10
0.4794046456692913
20
1.2909004330708662
11
0.4763913779527559
21
1.2903010629921259
0
LINE
8
BLACK
6
CONTINUOUS
10
0.4763913779527559
20
1.2903010629921259
11
0.4645803543307087
21
1.2903010629921259
0
LINE
8
BLACK
6
CONTINUOUS
10
0.4645803543307087
20
1.2903010629921259
11
0.4615670866141732
21
1.2909004330708662
0
LINE
8
BLACK
6
CONTINUOUS
10
0.4615670866141732
20
1.2909004330708662
11
0.4590125984251968
21
1.2926073228346457
0
LINE
8
BLACK
6
CONTINUOUS
10
0.4590125984251968
20
1.2926073228346457
11
0.4573057086614173
21
1.295161811023622
0
LINE
8
BLACK
6
CONTINUOUS
10
0.4573057086614173
20
1.295161811023622
11
0.4567063385826772
21
1.2981750787401574
0
LINE
8
BLACK
6
CONTINUOUS
10
0.4567063385826772
20
1.2981750787401574
11
0.4567063385826772
21
1.3385294094488189
0
LINE
8
BLACK
6
CONTINUOUS
10
0.4567063385826772
20
1.3385294094488189
11
0.4573057086614173
21
1.3415426771653542
0
LINE
8
BLACK
6
CONTINUOUS
10
0.4573057086614173
20
1.3415426771653542
11
0.4590125984251968
21
1.3440971653543308
0
LINE
8
BLACK
6
CONTINUOUS
10
0.4590125984251968
20
1.3440971653543308
11
0.4615670866141732
21
1.3458040551181103
0
LINE
8
BLACK
6
CONTINUOUS
10
0.4615670866141732
20
1.3458040551181103
11
0.4645803543307087
21
1.3464034251968504
0
LINE
8
BLACK
6
CONTINUOUS
10
0.4645803543307087
20
1.3464034251968504
11
0.4763913779527559
21
1.3464034251968504
0
LINE
8
BLACK
6
CONTINUOUS
10
0.4763913779527559
20
1.3464034251968504
11
0.4794046456692913
21
1.3458040551181103
0
LINE
8
BLACK
6
CONTINUOUS
10
0.516806220472441
20
1.3458040551181103
11
0.5193607086614173
21
1.3440971653543308
0
LINE
8
BLACK
6
CONTINUOUS
10
0.5193607086614173
20
1.3440971653543308
11
0.5210675984251968
21
1.3415426771653542
0
LINE
8
BLACK
6
CONTINUOUS
10
0.5210675984251968
20
1.3415426771653542
11
0.521666968503937
21
1.3385294094488189
0
LINE
8
BLACK
6
CONTINUOUS
10
0.521666968503937
20
1.3385294094488189
11
0.521666968503937
21
1.2981750787401574
0
LINE
8
BLACK
6
CONTINUOUS
10
0.521666968503937
20
1.2981750787401574
11
0.5210675984251968
21
1.295161811023622
0
LINE
8
BLACK
6
CONTINUOUS
10
0.5210675984251968
20
1.295161811023622
11
0.5193607086614173
21
1.2926073228346457
0
LINE
8
BLACK
6
CONTINUOUS
10
0.5193607086614173
20
1.2926073228346457
11
0.516806220472441
21
1.2909004330708662
0
LINE
8
BLACK
6
CONTINUOUS
10
0.516806220472441
20
1.2909004330708662
11
0.5137929527559055
21
1.2903010629921259
0
LINE
8
BLACK
6
CONTINUOUS
10
0.5137929527559055
20
1.2903010629921259
11
0.5019819291338583
21
1.2903010629921259
0
LINE
8
BLACK
6
CONTINUOUS
10
0.5019819291338583
20
1.2903010629921259
11
0.4989686614173228
21
1.2909004330708662
0
LINE
8
BLACK
6
CONTINUOUS
10
0.4989686614173228
20
1.2909004330708662
11
0.4964141732283465
21
1.2926073228346457
0
LINE
8
BLACK
6
CONTINUOUS
10
0.4964141732283465
20
1.2926073228346457
11
0.4947072834645669
21
1.295161811023622
0
LINE
8
BLACK
6
CONTINUOUS
10
0.4947072834645669
20
1.295161811023622
11
0.4941079133858268
21
1.2981750787401574
0
LINE
8
BLACK
6
CONTINUOUS
10
0.4941079133858268
20
1.2981750787401574
11
0.4941079133858268
21
1.3385294094488189
0
LINE
8
BLACK
6
CONTINUOUS
10
0.4941079133858268
20
1.3385294094488189
11
0.4947072834645669
21
1.3415426771653542
0
LINE
8
BLACK
6
CONTINUOUS
10
0.4947072834645669
20
1.3415426771653542
11
0.4964141732283465
21
1.3440971653543308
0
LINE
8
BLACK
6
CONTINUOUS
10
0.4964141732283465
20
1.3440971653543308
11
0.4989686614173228
21
1.3458040551181103
0
LINE
8
BLACK
6
CONTINUOUS
10
0.4989686614173228
20
1.3458040551181103
11
0.5019819291338583
21
1.3464034251968504
0
LINE
8
BLACK
6
CONTINUOUS
10
0.5019819291338583
20
1.3464034251968504
11
0.5137929527559055
21
1.3464034251968504
0
LINE
8
BLACK
6
CONTINUOUS
10
0.5137929527559055
20
1.3464034251968504
11
0.516806220472441
21
1.3458040551181103
0
LINE
8
BLACK
6
CONTINUOUS
10
0.248767125984252
20
1.3727177559055117
11
0.2527378346456693
21
1.3709645275590552
0
LINE
8
BLACK
6
CONTINUOUS
10
0.2527378346456693
20
1.3709645275590552
11
0.2558070472440945
21
1.3678953149606299
0
LINE
8
BLACK
6
CONTINUOUS
10
0.2558070472440945
20
1.3678953149606299
11
0.2575602755905512
21
1.3639246062992125
0
LINE
8
BLACK
6
CONTINUOUS
10
0.2575602755905512
20
1.3639246062992125
11
0.2578740157480315
21
1.3612204724409449
0
LINE
8
BLACK
6
CONTINUOUS
10
0.2578740157480315
20
1.3612204724409449
11
0.2578740157480315
21
1.3405511811023623
0
LINE
8
BLACK
6
CONTINUOUS
10
0.2578740157480315
20
1.3405511811023623
11
0.2575602755905512
21
1.3378470472440944
0
LINE
8
BLACK
6
CONTINUOUS
10
0.2575602755905512
20
1.3378470472440944
11
0.2558070472440945
21
1.3338763385826771
0
LINE
8
BLACK
6
CONTINUOUS
10
0.2558070472440945
20
1.3338763385826771
11
0.2527378346456693
21
1.330807125984252
0
LINE
8
BLACK
6
CONTINUOUS
10
0.2527378346456693
20
1.330807125984252
11
0.248767125984252
21
1.3290538976377952
0
LINE
8
BLACK
6
CONTINUOUS
10
0.248767125984252
20
1.3290538976377952
11
0.2460629921259843
21
1.3287401574803148
0
LINE
8
BLACK
6
CONTINUOUS
10
0.2460629921259843
20
1.3287401574803148
11
0.2106299212598425
21
1.3287401574803148
0
LINE
8
BLACK
6
CONTINUOUS
10
0.2106299212598425
20
1.3287401574803148
11
0.2079257874015748
21
1.3290538976377952
0
LINE
8
BLACK
6
CONTINUOUS
10
0.2079257874015748
20
1.3290538976377952
11
0.2039550787401575
21
1.330807125984252
0
LINE
8
BLACK
6
CONTINUOUS
10
0.2039550787401575
20
1.330807125984252
11
0.2008858661417323
21
1.3338763385826771
0
LINE
8
BLACK
6
CONTINUOUS
10
0.2008858661417323
20
1.3338763385826771
11
0.1991326377952756
21
1.3378470472440944
0
LINE
8
BLACK
6
CONTINUOUS
10
0.1991326377952756
20
1.3378470472440944
11
0.1988188976377953
21
1.3405511811023623
0
LINE
8
BLACK
6
CONTINUOUS
10
0.1988188976377953
20
1.3405511811023623
11
0.1988188976377953
21
1.3612204724409449
0
LINE
8
BLACK
6
CONTINUOUS
10
0.1988188976377953
20
1.3612204724409449
11
0.1991326377952756
21
1.3639246062992125
0
LINE
8
BLACK
6
CONTINUOUS
10
0.1991326377952756
20
1.3639246062992125
11
0.2008858661417323
21
1.3678953149606299
0
LINE
8
BLACK
6
CONTINUOUS
10
0.2008858661417323
20
1.3678953149606299
11
0.2039550787401575
21
1.3709645275590552
0
LINE
8
BLACK
6
CONTINUOUS
10
0.2039550787401575
20
1.3709645275590552
11
0.2079257874015748
21
1.3727177559055117
0
LINE
8
BLACK
6
CONTINUOUS
10
0.2079257874015748
20
1.3727177559055117
11
0.2106299212598425
21
1.3730314960629921
0
LINE
8
BLACK
6
CONTINUOUS
10
0.2106299212598425
20
1.3730314960629921
11
0.2460629921259843
21
1.3730314960629921
0
LINE
8
BLACK
6
CONTINUOUS
10
0.2460629921259843
20
1.3730314960629921
11
0.248767125984252
21
1.3727177559055117
0
LINE
8
BLACK
6
CONTINUOUS
10
1.281247440944882
20
1.3855130314960629
11
1.2852181496062991
21
1.3837598031496063
0
LINE
8
BLACK
6
CONTINUOUS
10
1.2852181496062991
20
1.3837598031496063
11
1.2882873622047244
21
1.380690590551181
0
LINE
8
BLACK
6
CONTINUOUS
10
1.2882873622047244
20
1.380690590551181
11
1.2900405905511811
21
1.3767198818897637
0
LINE
8
BLACK
6
CONTINUOUS
10
1.2900405905511811
20
1.3767198818897637
11
1.2903543307086613
21
1.3740157480314961
0
LINE
8
BLACK
6
CONTINUOUS
10
1.2903543307086613
20
1.3740157480314961
11
1.2903543307086613
21
1.3543307086614174
0
LINE
8
BLACK
6
CONTINUOUS
10
1.2903543307086613
20
1.3543307086614174
11
1.2900405905511811
21
1.3516265748031495
0
LINE
8
BLACK
6
CONTINUOUS
10
1.2900405905511811
20
1.3516265748031495
11
1.2882873622047244
21
1.3476558661417322
0
LINE
8
BLACK
6
CONTINUOUS
10
1.2882873622047244
20
1.3476558661417322
11
1.2852181496062991
21
1.3445866535433071
0
LINE
8
BLACK
6
CONTINUOUS
10
1.2852181496062991
20
1.3445866535433071
11
1.281247440944882
21
1.3428334251968503
0
LINE
8
BLACK
6
CONTINUOUS
10
1.281247440944882
20
1.3428334251968503
11
1.2785433070866141
21
1.3425196850393701
0
LINE
8
BLACK
6
CONTINUOUS
10
1.2785433070866141
20
1.3425196850393701
11
1.2411417322834646
21
1.3425196850393701
0
LINE
8
BLACK
6
CONTINUOUS
10
1.2411417322834646
20
1.3425196850393701
11
1.2384375984251967
21
1.3428334251968503
0
LINE
8
BLACK
6
CONTINUOUS
10
1.2384375984251967
20
1.3428334251968503
11
1.2344668897637796
21
1.3445866535433071
0
LINE
8
BLACK
6
CONTINUOUS
10
1.2344668897637796
20
1.3445866535433071
11
1.2313976771653543
21
1.3476558661417322
0
LINE
8
BLACK
6
CONTINUOUS
10
1.2313976771653543
20
1.3476558661417322
11
1.2296444488188976
21
1.3516265748031495
0
LINE
8
BLACK
6
CONTINUOUS
10
1.2296444488188976
20
1.3516265748031495
11
1.2293307086614174
21
1.3543307086614174
0
LINE
8
BLACK
6
CONTINUOUS
10
1.2293307086614174
20
1.3543307086614174
11
1.2293307086614174
21
1.3740157480314961
0
LINE
8
BLACK
6
CONTINUOUS
10
1.2293307086614174
20
1.3740157480314961
11
1.2296444488188976
21
1.3767198818897637
0
LINE
8
BLACK
6
CONTINUOUS
10
1.2296444488188976
20
1.3767198818897637
11
1.2313976771653543
21
1.380690590551181
0
LINE
8
BLACK
6
CONTINUOUS
10
1.2313976771653543
20
1.380690590551181
11
1.2344668897637796
21
1.3837598031496063
0
LINE
8
BLACK
6
CONTINUOUS
10
1.2344668897637796
20
1.3837598031496063
11
1.2384375984251967
21
1.3855130314960629
0
LINE
8
BLACK
6
CONTINUOUS
10
1.2384375984251967
20
1.3855130314960629
11
1.2411417322834646
21
1.3858267716535433
0
LINE
8
BLACK
6
CONTINUOUS
10
1.2411417322834646
20
1.3858267716535433
11
1.2785433070866141
21
1.3858267716535433
0
LINE
8
BLACK
6
CONTINUOUS
10
1.2785433070866141
20
1.3858267716535433
11
1.281247440944882
21
1.3855130314960629
0
LINE
8
BLACK
6
CONTINUOUS
10
0.1149088582677165
20
1.3928949212598425
11
0.1188795669291339
21
1.3911416929133857
0
LINE
8
BLACK
6
CONTINUOUS
10
0.1188795669291339
20
1.3911416929133857
11
0.1219487795275591
21
1.3880724803149607
0
LINE
8
BLACK
6
CONTINUOUS
10
0.1219487795275591
20
1.3880724803149607
11
0.1237020078740158
21
1.3841017716535433
0
LINE
8
BLACK
6
CONTINUOUS
10
0.1237020078740158
20
1.3841017716535433
11
0.1240157480314961
21
1.3813976377952755
0
LINE
8
BLACK
6
CONTINUOUS
10
0.1240157480314961
20
1.3813976377952755
11
0.1240157480314961
21
1.3607283464566928
0
LINE
8
BLACK
6
CONTINUOUS
10
0.1240157480314961
20
1.3607283464566928
11
0.1237020078740158
21
1.3580242125984252
0
LINE
8
BLACK
6
CONTINUOUS
10
0.1237020078740158
20
1.3580242125984252
11
0.1219487795275591
21
1.3540535039370079
0
LINE
8
BLACK
6
CONTINUOUS
10
0.1219487795275591
20
1.3540535039370079
11
0.1188795669291339
21
1.3509842913385826
0
LINE
8
BLACK
6
CONTINUOUS
10
0.1188795669291339
20
1.3509842913385826
11
0.1149088582677165
21
1.349231062992126
0
LINE
8
BLACK
6
CONTINUOUS
10
0.1149088582677165
20
1.349231062992126
11
0.1122047244094488
21
1.3489173228346456
0
LINE
8
BLACK
6
CONTINUOUS
10
0.1122047244094488
20
1.3489173228346456
11
0.0767716535433071
21
1.3489173228346456
0
LINE
8
BLACK
6
CONTINUOUS
10
0.0767716535433071
20
1.3489173228346456
11
0.0740675196850394
21
1.349231062992126
0
LINE
8
BLACK
6
CONTINUOUS
10
0.0740675196850394
20
1.349231062992126
11
0.070096811023622
21
1.3509842913385826
0
LINE
8
BLACK
6
CONTINUOUS
10
0.070096811023622
20
1.3509842913385826
11
0.0670275984251968
21
1.3540535039370079
0
LINE
8
BLACK
6
CONTINUOUS
10
0.0670275984251968
20
1.3540535039370079
11
0.0652743700787402
21
1.3580242125984252
0
LINE
8
BLACK
6
CONTINUOUS
10
0.0652743700787402
20
1.3580242125984252
11
0.0649606299212598
21
1.3607283464566928
0
LINE
8
BLACK
6
CONTINUOUS
10
0.0649606299212598
20
1.3607283464566928
11
0.0649606299212598
21
1.3813976377952755
0
LINE
8
BLACK
6
CONTINUOUS
10
0.0649606299212598
20
1.3813976377952755
11
0.0652743700787402
21
1.3841017716535433
0
LINE
8
BLACK
6
CONTINUOUS
10
0.0652743700787402
20
1.3841017716535433
11
0.0670275984251968
21
1.3880724803149607
0
LINE
8
BLACK
6
CONTINUOUS
10
0.0670275984251968
20
1.3880724803149607
11
0.070096811023622
21
1.3911416929133857
0
LINE
8
BLACK
6
CONTINUOUS
10
0.070096811023622
20
1.3911416929133857
11
0.0740675196850394
21
1.3928949212598425
0
LINE
8
BLACK
6
CONTINUOUS
10
0.0740675196850394
20
1.3928949212598425
11
0.0767716535433071
21
1.3932086614173229
0
LINE
8
BLACK
6
CONTINUOUS
10
0.0767716535433071
20
1.3932086614173229
11
0.1122047244094488
21
1.3932086614173229
0
LINE
8
BLACK
6
CONTINUOUS
10
0.1122047244094488
20
1.3932086614173229
11
0.1149088582677165
21
1.3928949212598425
0
LINE
8
BLACK
6
CONTINUOUS
10
0.0214049212598425
20
1.3933870472440943
11
0.0253756299212598
21
1.3916338188976378
0
LINE
8
BLACK
6
CONTINUOUS
10
0.0253756299212598
20
1.3916338188976378
11
0.028444842519685
21
1.3885646062992125
0
LINE
8
BLACK
6
CONTINUOUS
10
0.028444842519685
20
1.3885646062992125
11
0.0301980708661417
21
1.3845938976377952
0
LINE
8
BLACK
6
CONTINUOUS
10
0.0301980708661417
20
1.3845938976377952
11
0.030511811023622
21
1.3818897637795275
0
LINE
8
BLACK
6
CONTINUOUS
10
0.030511811023622
20
1.3818897637795275
11
0.030511811023622
21
1.3622047244094488
0
LINE
8
BLACK
6
CONTINUOUS
10
0.030511811023622
20
1.3622047244094488
11
0.0301980708661417
21
1.359500590551181
0
LINE
8
BLACK
6
CONTINUOUS
10
0.0301980708661417
20
1.359500590551181
11
0.028444842519685
21
1.3555298818897636
0
LINE
8
BLACK
6
CONTINUOUS
10
0.028444842519685
20
1.3555298818897636
11
0.0253756299212598
21
1.3524606692913386
0
LINE
8
BLACK
6
CONTINUOUS
10
0.0253756299212598
20
1.3524606692913386
11
0.0214049212598425
21
1.3507074409448818
0
LINE
8
BLACK
6
CONTINUOUS
10
0.0214049212598425
20
1.3507074409448818
11
0.0187007874015748
21
1.3503937007874016
0
LINE
8
BLACK
6
CONTINUOUS
10
0.0187007874015748
20
1.3503937007874016
11
-0.0187007874015748
21
1.3503937007874016
0
LINE
8
BLACK
6
CONTINUOUS
10
-0.0187007874015748
20
1.3503937007874016
11
-0.0214049212598425
21
1.3507074409448818
0
LINE
8
BLACK
6
CONTINUOUS
10
-0.0214049212598425
20
1.3507074409448818
11
-0.0253756299212598
21
1.3524606692913386
0
LINE
8
BLACK
6
CONTINUOUS
10
-0.0253756299212598
20
1.3524606692913386
11
-0.028444842519685
21
1.3555298818897636
0
LINE
8
BLACK
6
CONTINUOUS
10
-0.028444842519685
20
1.3555298818897636
11
-0.0301980708661417
21
1.359500590551181
0
LINE
8
BLACK
6
CONTINUOUS
10
-0.0301980708661417
20
1.359500590551181
11
-0.030511811023622
21
1.3622047244094488
0
LINE
8
BLACK
6
CONTINUOUS
10
-0.030511811023622
20
1.3622047244094488
11
-0.030511811023622
21
1.3818897637795275
0
LINE
8
BLACK
6
CONTINUOUS
10
-0.030511811023622
20
1.3818897637795275
11
-0.0301980708661417
21
1.3845938976377952
0
LINE
8
BLACK
6
CONTINUOUS
10
-0.0301980708661417
20
1.3845938976377952
11
-0.028444842519685
21
1.3885646062992125
0
LINE
8
BLACK
6
CONTINUOUS
10
-0.028444842519685
20
1.3885646062992125
11
-0.0253756299212598
21
1.3916338188976378
0
LINE
8
BLACK
6
CONTINUOUS
10
-0.0253756299212598
20
1.3916338188976378
11
-0.0214049212598425
21
1.3933870472440943
0
LINE
8
BLACK
6
CONTINUOUS
10
-0.0214049212598425
20
1.3933870472440943
11
-0.0187007874015748
21
1.3937007874015748
0
LINE
8
BLACK
6
CONTINUOUS
10
-0.0187007874015748
20
1.3937007874015748
11
0.0187007874015748
21
1.3937007874015748
0
LINE
8
BLACK
6
CONTINUOUS
10
0.0187007874015748
20
1.3937007874015748
11
0.0214049212598425
21
1.3933870472440943
0
LINE
8
BLACK
6
CONTINUOUS
10
0.4420030708661417
20
1.4353709842519684
11
0.4445575590551181
21
1.4336640944881889
0
LINE
8
BLACK
6
CONTINUOUS
10
0.4445575590551181
20
1.4336640944881889
11
0.4462644488188977
21
1.4311096062992126
0
LINE
8
BLACK
6
CONTINUOUS
10
0.4462644488188977
20
1.4311096062992126
11
0.4468638188976378
21
1.428096338582677
0
LINE
8
BLACK
6
CONTINUOUS
10
0.4468638188976378
20
1.428096338582677
11
0.4468638188976378
21
1.3877420078740157
0
LINE
8
BLACK
6
CONTINUOUS
10
0.4468638188976378
20
1.3877420078740157
11
0.4462644488188977
21
1.3847287401574804
0
LINE
8
BLACK
6
CONTINUOUS
10
0.4462644488188977
20
1.3847287401574804
11
0.4445575590551181
21
1.3821742519685039
0
LINE
8
BLACK
6
CONTINUOUS
10
0.4445575590551181
20
1.3821742519685039
11
0.4420030708661417
21
1.3804673622047243
0
LINE
8
BLACK
6
CONTINUOUS
10
0.4420030708661417
20
1.3804673622047243
11
0.4389898031496063
21
1.3798679921259842
0
LINE
8
BLACK
6
CONTINUOUS
10
0.4389898031496063
20
1.3798679921259842
11
0.4271787795275591
21
1.3798679921259842
0
LINE
8
BLACK
6
CONTINUOUS
10
0.4271787795275591
20
1.3798679921259842
11
0.4241655118110236
21
1.3804673622047243
0
LINE
8
BLACK
6
CONTINUOUS
10
0.4241655118110236
20
1.3804673622047243
11
0.4216110236220472
21
1.3821742519685039
0
LINE
8
BLACK
6
CONTINUOUS
10
0.4216110236220472
20
1.3821742519685039
11
0.4199041338582677
21
1.3847287401574804
0
LINE
8
BLACK
6
CONTINUOUS
10
0.4199041338582677
20
1.3847287401574804
11
0.4193047637795275
21
1.3877420078740157
0
LINE
8
BLACK
6
CONTINUOUS
10
0.4193047637795275
20
1.3877420078740157
11
0.4193047637795275
21
1.428096338582677
0
LINE
8
BLACK
6
CONTINUOUS
10
0.4193047637795275
20
1.428096338582677
11
0.4199041338582677
21
1.4311096062992126
0
LINE
8
BLACK
6
CONTINUOUS
10
0.4199041338582677
20
1.4311096062992126
11
0.4216110236220472
21
1.4336640944881889
0
LINE
8
BLACK
6
CONTINUOUS
10
0.4216110236220472
20
1.4336640944881889
11
0.4241655118110236
21
1.4353709842519684
0
LINE
8
BLACK
6
CONTINUOUS
10
0.4241655118110236
20
1.4353709842519684
11
0.4271787795275591
21
1.4359703543307085
0
LINE
8
BLACK
6
CONTINUOUS
10
0.4271787795275591
20
1.4359703543307085
11
0.4389898031496063
21
1.4359703543307085
0
LINE
8
BLACK
6
CONTINUOUS
10
0.4389898031496063
20
1.4359703543307085
11
0.4420030708661417
21
1.4353709842519684
0
LINE
8
BLACK
6
CONTINUOUS
10
0.4794046456692913
20
1.4353709842519684
11
0.4819591338582677
21
1.4336640944881889
0
LINE
8
BLACK
6
CONTINUOUS
10
0.4819591338582677
20
1.4336640944881889
11
0.4836660236220472
21
1.4311096062992126
0
LINE
8
BLACK
6
CONTINUOUS
10
0.4836660236220472
20
1.4311096062992126
11
0.4842653937007874
21
1.428096338582677
0
LINE
8
BLACK
6
CONTINUOUS
10
0.4842653937007874
20
1.428096338582677
11
0.4842653937007874
21
1.3877420078740157
0
LINE
8
BLACK
6
CONTINUOUS
10
0.4842653937007874
20
1.3877420078740157
11
0.4836660236220472
21
1.3847287401574804
0
LINE
8
BLACK
6
CONTINUOUS
10
0.4836660236220472
20
1.3847287401574804
11
0.4819591338582677
21
1.3821742519685039
0
LINE
8
BLACK
6
CONTINUOUS
10
0.4819591338582677
20
1.3821742519685039
11
0.4794046456692913
21
1.3804673622047243
0
LINE
8
BLACK
6
CONTINUOUS
10
0.4794046456692913
20
1.3804673622047243
11
0.4763913779527559
21
1.3798679921259842
0
LINE
8
BLACK
6
CONTINUOUS
10
0.4763913779527559
20
1.3798679921259842
11
0.4645803543307087
21
1.3798679921259842
0
LINE
8
BLACK
6
CONTINUOUS
10
0.4645803543307087
20
1.3798679921259842
11
0.4615670866141732
21
1.3804673622047243
0
LINE
8
BLACK
6
CONTINUOUS
10
0.4615670866141732
20
1.3804673622047243
11
0.4590125984251968
21
1.3821742519685039
0
LINE
8
BLACK
6
CONTINUOUS
10
0.4590125984251968
20
1.3821742519685039
11
0.4573057086614173
21
1.3847287401574804
0
LINE
8
BLACK
6
CONTINUOUS
10
0.4573057086614173
20
1.3847287401574804
11
0.4567063385826772
21
1.3877420078740157
0
LINE
8
BLACK
6
CONTINUOUS
10
0.4567063385826772
20
1.3877420078740157
11
0.4567063385826772
21
1.428096338582677
0
LINE
8
BLACK
6
CONTINUOUS
10
0.4567063385826772
20
1.428096338582677
11
0.4573057086614173
21
1.4311096062992126
0
LINE
8
BLACK
6
CONTINUOUS
10
0.4573057086614173
20
1.4311096062992126
11
0.4590125984251968
21
1.4336640944881889
0
LINE
8
BLACK
6
CONTINUOUS
10
0.4590125984251968
20
1.4336640944881889
11
0.4615670866141732
21
1.4353709842519684
0
LINE
8
BLACK
6
CONTINUOUS
10
0.4615670866141732
20
1.4353709842519684
11
0.4645803543307087
21
1.4359703543307085
0
LINE
8
BLACK
6
CONTINUOUS
10
0.4645803543307087
20
1.4359703543307085
11
0.4763913779527559
21
1.4359703543307085
0
LINE
8
BLACK
6
CONTINUOUS
10
0.4763913779527559
20
1.4359703543307085
11
0.4794046456692913
21
1.4353709842519684
0
LINE
8
BLACK
6
CONTINUOUS
10
0.516806220472441
20
1.4353709842519684
11
0.5193607086614173
21
1.4336640944881889
0
LINE
8
BLACK
6
CONTINUOUS
10
0.5193607086614173
20
1.4336640944881889
11
0.5210675984251968
21
1.4311096062992126
0
LINE
8
BLACK
6
CONTINUOUS
10
0.5210675984251968
20
1.4311096062992126
11
0.521666968503937
21
1.428096338582677
0
LINE
8
BLACK
6
CONTINUOUS
10
0.521666968503937
20
1.428096338582677
11
0.521666968503937
21
1.3877420078740157
0
LINE
8
BLACK
6
CONTINUOUS
10
0.521666968503937
20
1.3877420078740157
11
0.5210675984251968
21
1.3847287401574804
0
LINE
8
BLACK
6
CONTINUOUS
10
0.5210675984251968
20
1.3847287401574804
11
0.5193607086614173
21
1.3821742519685039
0
LINE
8
BLACK
6
CONTINUOUS
10
0.5193607086614173
20
1.3821742519685039
11
0.516806220472441
21
1.3804673622047243
0
LINE
8
BLACK
6
CONTINUOUS
10
0.516806220472441
20
1.3804673622047243
11
0.5137929527559055
21
1.3798679921259842
0
LINE
8
BLACK
6
CONTINUOUS
10
0.5137929527559055
20
1.3798679921259842
11
0.5019819291338583
21
1.3798679921259842
0
LINE
8
BLACK
6
CONTINUOUS
10
0.5019819291338583
20
1.3798679921259842
11
0.4989686614173228
21
1.3804673622047243
0
LINE
8
BLACK
6
CONTINUOUS
10
0.4989686614173228
20
1.3804673622047243
11
0.4964141732283465
21
1.3821742519685039
0
LINE
8
BLACK
6
CONTINUOUS
10
0.4964141732283465
20
1.3821742519685039
11
0.4947072834645669
21
1.3847287401574804
0
LINE
8
BLACK
6
CONTINUOUS
10
0.4947072834645669
20
1.3847287401574804
11
0.4941079133858268
21
1.3877420078740157
0
LINE
8
BLACK
6
CONTINUOUS
10
0.4941079133858268
20
1.3877420078740157
11
0.4941079133858268
21
1.428096338582677
0
LINE
8
BLACK
6
CONTINUOUS
10
0.4941079133858268
20
1.428096338582677
11
0.4947072834645669
21
1.4311096062992126
0
LINE
8
BLACK
6
CONTINUOUS
10
0.4947072834645669
20
1.4311096062992126
11
0.4964141732283465
21
1.4336640944881889
0
LINE
8
BLACK
6
CONTINUOUS
10
0.4964141732283465
20
1.4336640944881889
11
0.4989686614173228
21
1.4353709842519684
0
LINE
8
BLACK
6
CONTINUOUS
10
0.4989686614173228
20
1.4353709842519684
11
0.5019819291338583
21
1.4359703543307085
0
LINE
8
BLACK
6
CONTINUOUS
10
0.5019819291338583
20
1.4359703543307085
11
0.5137929527559055
21
1.4359703543307085
0
LINE
8
BLACK
6
CONTINUOUS
10
0.5137929527559055
20
1.4359703543307085
11
0.516806220472441
21
1.4353709842519684
0
LINE
8
BLACK
6
CONTINUOUS
10
0.248767125984252
20
1.4332492519685038
11
0.2527378346456693
21
1.4314960236220473
0
LINE
8
BLACK
6
CONTINUOUS
10
0.2527378346456693
20
1.4314960236220473
11
0.2558070472440945
21
1.428426811023622
0
LINE
8
BLACK
6
CONTINUOUS
10
0.2558070472440945
20
1.428426811023622
11
0.2575602755905512
21
1.4244561023622047
0
LINE
8
BLACK
6
CONTINUOUS
10
0.2575602755905512
20
1.4244561023622047
11
0.2578740157480315
21
1.421751968503937
0
LINE
8
BLACK
6
CONTINUOUS
10
0.2578740157480315
20
1.421751968503937
11
0.2578740157480315
21
1.4010826771653544
0
LINE
8
BLACK
6
CONTINUOUS
10
0.2578740157480315
20
1.4010826771653544
11
0.2575602755905512
21
1.3983785433070866
0
LINE
8
BLACK
6
CONTINUOUS
10
0.2575602755905512
20
1.3983785433070866
11
0.2558070472440945
21
1.3944078346456692
0
LINE
8
BLACK
6
CONTINUOUS
10
0.2558070472440945
20
1.3944078346456692
11
0.2527378346456693
21
1.3913386220472441
0
LINE
8
BLACK
6
CONTINUOUS
10
0.2527378346456693
20
1.3913386220472441
11
0.248767125984252
21
1.3895853937007874
0
LINE
8
BLACK
6
CONTINUOUS
10
0.248767125984252
20
1.3895853937007874
11
0.2460629921259843
21
1.389271653543307
0
LINE
8
BLACK
6
CONTINUOUS
10
0.2460629921259843
20
1.389271653543307
11
0.2106299212598425
21
1.389271653543307
0
LINE
8
BLACK
6
CONTINUOUS
10
0.2106299212598425
20
1.389271653543307
11
0.2079257874015748
21
1.3895853937007874
0
LINE
8
BLACK
6
CONTINUOUS
10
0.2079257874015748
20
1.3895853937007874
11
0.2039550787401575
21
1.3913386220472441
0
LINE
8
BLACK
6
CONTINUOUS
10
0.2039550787401575
20
1.3913386220472441
11
0.2008858661417323
21
1.3944078346456692
0
LINE
8
BLACK
6
CONTINUOUS
10
0.2008858661417323
20
1.3944078346456692
11
0.1991326377952756
21
1.3983785433070866
0
LINE
8
BLACK
6
CONTINUOUS
10
0.1991326377952756
20
1.3983785433070866
11
0.1988188976377953
21
1.4010826771653544
0
LINE
8
BLACK
6
CONTINUOUS
10
0.1988188976377953
20
1.4010826771653544
11
0.1988188976377953
21
1.421751968503937
0
LINE
8
BLACK
6
CONTINUOUS
10
0.1988188976377953
20
1.421751968503937
11
0.1991326377952756
21
1.4244561023622047
0
LINE
8
BLACK
6
CONTINUOUS
10
0.1991326377952756
20
1.4244561023622047
11
0.2008858661417323
21
1.428426811023622
0
LINE
8
BLACK
6
CONTINUOUS
10
0.2008858661417323
20
1.428426811023622
11
0.2039550787401575
21
1.4314960236220473
0
LINE
8
BLACK
6
CONTINUOUS
10
0.2039550787401575
20
1.4314960236220473
11
0.2079257874015748
21
1.4332492519685038
0
LINE
8
BLACK
6
CONTINUOUS
10
0.2079257874015748
20
1.4332492519685038
11
0.2106299212598425
21
1.4335629921259843
0
LINE
8
BLACK
6
CONTINUOUS
10
0.2106299212598425
20
1.4335629921259843
11
0.2460629921259843
21
1.4335629921259843
0
LINE
8
BLACK
6
CONTINUOUS
10
0.2460629921259843
20
1.4335629921259843
11
0.248767125984252
21
1.4332492519685038
0
LINE
8
BLACK
6
CONTINUOUS
10
1.281247440944882
20
1.4603161811023622
11
1.2852181496062991
21
1.4585629527559054
0
LINE
8
BLACK
6
CONTINUOUS
10
1.2852181496062991
20
1.4585629527559054
11
1.2882873622047244
21
1.4554937401574803
0
LINE
8
BLACK
6
CONTINUOUS
10
1.2882873622047244
20
1.4554937401574803
11
1.2900405905511811
21
1.451523031496063
0
LINE
8
BLACK
6
CONTINUOUS
10
1.2900405905511811
20
1.451523031496063
11
1.2903543307086613
21
1.4488188976377951
0
LINE
8
BLACK
6
CONTINUOUS
10
1.2903543307086613
20
1.4488188976377951
11
1.2903543307086613
21
1.4291338582677164
0
LINE
8
BLACK
6
CONTINUOUS
10
1.2903543307086613
20
1.4291338582677164
11
1.2900405905511811
21
1.4264297244094488
0
LINE
8
BLACK
6
CONTINUOUS
10
1.2900405905511811
20
1.4264297244094488
11
1.2882873622047244
21
1.4224590157480315
0
LINE
8
BLACK
6
CONTINUOUS
10
1.2882873622047244
20
1.4224590157480315
11
1.2852181496062991
21
1.4193898031496062
0
LINE
8
BLACK
6
CONTINUOUS
10
1.2852181496062991
20
1.4193898031496062
11
1.281247440944882
21
1.4176365748031496
0
LINE
8
BLACK
6
CONTINUOUS
10
1.281247440944882
20
1.4176365748031496
11
1.2785433070866141
21
1.4173228346456692
0
LINE
8
BLACK
6
CONTINUOUS
10
1.2785433070866141
20
1.4173228346456692
11
1.2411417322834646
21
1.4173228346456692
0
LINE
8
BLACK
6
CONTINUOUS
10
1.2411417322834646
20
1.4173228346456692
11
1.2384375984251967
21
1.4176365748031496
0
LINE
8
BLACK
6
CONTINUOUS
10
1.2384375984251967
20
1.4176365748031496
11
1.2344668897637796
21
1.4193898031496062
0
LINE
8
BLACK
6
CONTINUOUS
10
1.2344668897637796
20
1.4193898031496062
11
1.2313976771653543
21
1.4224590157480315
0
LINE
8
BLACK
6
CONTINUOUS
10
1.2313976771653543
20
1.4224590157480315
11
1.2296444488188976
21
1.4264297244094488
0
LINE
8
BLACK
6
CONTINUOUS
10
1.2296444488188976
20
1.4264297244094488
11
1.2293307086614174
21
1.4291338582677164
0
LINE
8
BLACK
6
CONTINUOUS
10
1.2293307086614174
20
1.4291338582677164
11
1.2293307086614174
21
1.4488188976377951
0
LINE
8
BLACK
6
CONTINUOUS
10
1.2293307086614174
20
1.4488188976377951
11
1.2296444488188976
21
1.451523031496063
0
LINE
8
BLACK
6
CONTINUOUS
10
1.2296444488188976
20
1.451523031496063
11
1.2313976771653543
21
1.4554937401574803
0
LINE
8
BLACK
6
CONTINUOUS
10
1.2313976771653543
20
1.4554937401574803
11
1.2344668897637796
21
1.4585629527559054
0
LINE
8
BLACK
6
CONTINUOUS
10
1.2344668897637796
20
1.4585629527559054
11
1.2384375984251967
21
1.4603161811023622
0
LINE
8
BLACK
6
CONTINUOUS
10
1.2384375984251967
20
1.4603161811023622
11
1.2411417322834646
21
1.4606299212598426
0
LINE
8
BLACK
6
CONTINUOUS
10
1.2411417322834646
20
1.4606299212598426
11
1.2785433070866141
21
1.4606299212598426
0
LINE
8
BLACK
6
CONTINUOUS
10
1.2785433070866141
20
1.4606299212598426
11
1.281247440944882
21
1.4603161811023622
0
LINE
8
BLACK
6
CONTINUOUS
10
0.1149088582677165
20
1.46474531496063
11
0.1188795669291339
21
1.4629920866141732
0
LINE
8
BLACK
6
CONTINUOUS
10
0.1188795669291339
20
1.4629920866141732
11
0.1219487795275591
21
1.4599228740157479
0
LINE
8
BLACK
6
CONTINUOUS
10
0.1219487795275591
20
1.4599228740157479
11
0.1237020078740158
21
1.4559521653543306
0
LINE
8
BLACK
6
CONTINUOUS
10
0.1237020078740158
20
1.4559521653543306
11
0.1240157480314961
21
1.453248031496063
0
LINE
8
BLACK
6
CONTINUOUS
10
0.1240157480314961
20
1.453248031496063
11
0.1240157480314961
21
1.4325787401574803
0
LINE
8
BLACK
6
CONTINUOUS
10
0.1240157480314961
20
1.4325787401574803
11
0.1237020078740158
21
1.4298746062992125
0
LINE
8
BLACK
6
CONTINUOUS
10
0.1237020078740158
20
1.4298746062992125
11
0.1219487795275591
21
1.4259038976377953
0
LINE
8
BLACK
6
CONTINUOUS
10
0.1219487795275591
20
1.4259038976377953
11
0.1188795669291339
21
1.4228346850393701
0
LINE
8
BLACK
6
CONTINUOUS
10
0.1188795669291339
20
1.4228346850393701
11
0.1149088582677165
21
1.4210814566929133
0
LINE
8
BLACK
6
CONTINUOUS
10
0.1149088582677165
20
1.4210814566929133
11
0.1122047244094488
21
1.4207677165354331
0
LINE
8
BLACK
6
CONTINUOUS
10
0.1122047244094488
20
1.4207677165354331
11
0.0767716535433071
21
1.4207677165354331
0
LINE
8
BLACK
6
CONTINUOUS
10
0.0767716535433071
20
1.4207677165354331
11
0.0740675196850394
21
1.4210814566929133
0
LINE
8
BLACK
6
CONTINUOUS
10
0.0740675196850394
20
1.4210814566929133
11
0.070096811023622
21
1.4228346850393701
0
LINE
8
BLACK
6
CONTINUOUS
10
0.070096811023622
20
1.4228346850393701
11
0.0670275984251968
21
1.4259038976377953
0
LINE
8
BLACK
6
CONTINUOUS
10
0.0670275984251968
20
1.4259038976377953
11
0.0652743700787402
21
1.4298746062992125
0
LINE
8
BLACK
6
CONTINUOUS
10
0.0652743700787402
20
1.4298746062992125
11
0.0649606299212598
21
1.4325787401574803
0
LINE
8
BLACK
6
CONTINUOUS
10
0.0649606299212598
20
1.4325787401574803
11
0.0649606299212598
21
1.453248031496063
0
LINE
8
BLACK
6
CONTINUOUS
10
0.0649606299212598
20
1.453248031496063
11
0.0652743700787402
21
1.4559521653543306
0
LINE
8
BLACK
6
CONTINUOUS
10
0.0652743700787402
20
1.4559521653543306
11
0.0670275984251968
21
1.4599228740157479
0
LINE
8
BLACK
6
CONTINUOUS
10
0.0670275984251968
20
1.4599228740157479
11
0.070096811023622
21
1.4629920866141732
0
LINE
8
BLACK
6
CONTINUOUS
10
0.070096811023622
20
1.4629920866141732
11
0.0740675196850394
21
1.46474531496063
0
LINE
8
BLACK
6
CONTINUOUS
10
0.0740675196850394
20
1.46474531496063
11
0.0767716535433071
21
1.4650590551181102
0
LINE
8
BLACK
6
CONTINUOUS
10
0.0767716535433071
20
1.4650590551181102
11
0.1122047244094488
21
1.4650590551181102
0
LINE
8
BLACK
6
CONTINUOUS
10
0.1122047244094488
20
1.4650590551181102
11
0.1149088582677165
21
1.46474531496063
0
LINE
8
BLACK
6
CONTINUOUS
10
0.0214049212598425
20
1.4681901968503936
11
0.0253756299212598
21
1.4664369685039369
0
LINE
8
BLACK
6
CONTINUOUS
10
0.0253756299212598
20
1.4664369685039369
11
0.028444842519685
21
1.4633677559055118
0
LINE
8
BLACK
6
CONTINUOUS
10
0.028444842519685
20
1.4633677559055118
11
0.0301980708661417
21
1.4593970472440945
0
LINE
8
BLACK
6
CONTINUOUS
10
0.0301980708661417
20
1.4593970472440945
11
0.030511811023622
21
1.4566929133858268
0
LINE
8
BLACK
6
CONTINUOUS
10
0.030511811023622
20
1.4566929133858268
11
0.030511811023622
21
1.4370078740157479
0
LINE
8
BLACK
6
CONTINUOUS
10
0.030511811023622
20
1.4370078740157479
11
0.0301980708661417
21
1.4343037401574803
0
LINE
8
BLACK
6
CONTINUOUS
10
0.0301980708661417
20
1.4343037401574803
11
0.028444842519685
21
1.4303330314960629
0
LINE
8
BLACK
6
CONTINUOUS
10
0.028444842519685
20
1.4303330314960629
11
0.0253756299212598
21
1.4272638188976379
0
LINE
8
BLACK
6
CONTINUOUS
10
0.0253756299212598
20
1.4272638188976379
11
0.0214049212598425
21
1.4255105905511811
0
LINE
8
BLACK
6
CONTINUOUS
10
0.0214049212598425
20
1.4255105905511811
11
0.0187007874015748
21
1.4251968503937007
0
LINE
8
BLACK
6
CONTINUOUS
10
0.0187007874015748
20
1.4251968503937007
11
-0.0187007874015748
21
1.4251968503937007
0
LINE
8
BLACK
6
CONTINUOUS
10
-0.0187007874015748
20
1.4251968503937007
11
-0.0214049212598425
21
1.4255105905511811
0
LINE
8
BLACK
6
CONTINUOUS
10
-0.0214049212598425
20
1.4255105905511811
11
-0.0253756299212598
21
1.4272638188976379
0
LINE
8
BLACK
6
CONTINUOUS
10
-0.0253756299212598
20
1.4272638188976379
11
-0.028444842519685
21
1.4303330314960629
0
LINE
8
BLACK
6
CONTINUOUS
10
-0.028444842519685
20
1.4303330314960629
11
-0.0301980708661417
21
1.4343037401574803
0
LINE
8
BLACK
6
CONTINUOUS
10
-0.0301980708661417
20
1.4343037401574803
11
-0.030511811023622
21
1.4370078740157479
0
LINE
8
BLACK
6
CONTINUOUS
10
-0.030511811023622
20
1.4370078740157479
11
-0.030511811023622
21
1.4566929133858268
0
LINE
8
BLACK
6
CONTINUOUS
10
-0.030511811023622
20
1.4566929133858268
11
-0.0301980708661417
21
1.4593970472440945
0
LINE
8
BLACK
6
CONTINUOUS
10
-0.0301980708661417
20
1.4593970472440945
11
-0.028444842519685
21
1.4633677559055118
0
LINE
8
BLACK
6
CONTINUOUS
10
-0.028444842519685
20
1.4633677559055118
11
-0.0253756299212598
21
1.4664369685039369
0
LINE
8
BLACK
6
CONTINUOUS
10
-0.0253756299212598
20
1.4664369685039369
11
-0.0214049212598425
21
1.4681901968503936
0
LINE
8
BLACK
6
CONTINUOUS
10
-0.0214049212598425
20
1.4681901968503936
11
-0.0187007874015748
21
1.4685039370078741
0
LINE
8
BLACK
6
CONTINUOUS
10
-0.0187007874015748
20
1.4685039370078741
11
0.0187007874015748
21
1.4685039370078741
0
LINE
8
BLACK
6
CONTINUOUS
10
0.0187007874015748
20
1.4685039370078741
11
0.0214049212598425
21
1.4681901968503936
0
LINE
8
BLACK
6
CONTINUOUS
10
0.248767125984252
20
1.5050996456692913
11
0.2527378346456693
21
1.5033464173228346
0
LINE
8
BLACK
6
CONTINUOUS
10
0.2527378346456693
20
1.5033464173228346
11
0.2558070472440945
21
1.5002772047244095
0
LINE
8
BLACK
6
CONTINUOUS
10
0.2558070472440945
20
1.5002772047244095
11
0.2575602755905512
21
1.4963064960629922
0
LINE
8
BLACK
6
CONTINUOUS
10
0.2575602755905512
20
1.4963064960629922
11
0.2578740157480315
21
1.4936023622047243
0
LINE
8
BLACK
6
CONTINUOUS
10
0.2578740157480315
20
1.4936023622047243
11
0.2578740157480315
21
1.4729330708661417
0
LINE
8
BLACK
6
CONTINUOUS
10
0.2578740157480315
20
1.4729330708661417
11
0.2575602755905512
21
1.470228937007874
0
LINE
8
BLACK
6
CONTINUOUS
10
0.2575602755905512
20
1.470228937007874
11
0.2558070472440945
21
1.4662582283464567
0
LINE
8
BLACK
6
CONTINUOUS
10
0.2558070472440945
20
1.4662582283464567
11
0.2527378346456693
21
1.4631890157480314
0
LINE
8
BLACK
6
CONTINUOUS
10
0.2527378346456693
20
1.4631890157480314
11
0.248767125984252
21
1.4614357874015749
0
LINE
8
BLACK
6
CONTINUOUS
10
0.248767125984252
20
1.4614357874015749
11
0.2460629921259843
21
1.4611220472440944
0
LINE
8
BLACK
6
CONTINUOUS
10
0.2460629921259843
20
1.4611220472440944
11
0.2106299212598425
21
1.4611220472440944
0
LINE
8
BLACK
6
CONTINUOUS
10
0.2106299212598425
20
1.4611220472440944
11
0.2079257874015748
21
1.4614357874015749
0
LINE
8
BLACK
6
CONTINUOUS
10
0.2079257874015748
20
1.4614357874015749
11
0.2039550787401575
21
1.4631890157480314
0
LINE
8
BLACK
6
CONTINUOUS
10
0.2039550787401575
20
1.4631890157480314
11
0.2008858661417323
21
1.4662582283464567
0
LINE
8
BLACK
6
CONTINUOUS
10
0.2008858661417323
20
1.4662582283464567
11
0.1991326377952756
21
1.470228937007874
0
LINE
8
BLACK
6
CONTINUOUS
10
0.1991326377952756
20
1.470228937007874
11
0.1988188976377953
21
1.4729330708661417
0
LINE
8
BLACK
6
CONTINUOUS
10
0.1988188976377953
20
1.4729330708661417
11
0.1988188976377953
21
1.4936023622047243
0
LINE
8
BLACK
6
CONTINUOUS
10
0.1988188976377953
20
1.4936023622047243
11
0.1991326377952756
21
1.4963064960629922
0
LINE
8
BLACK
6
CONTINUOUS
10
0.1991326377952756
20
1.4963064960629922
11
0.2008858661417323
21
1.5002772047244095
0
LINE
8
BLACK
6
CONTINUOUS
10
0.2008858661417323
20
1.5002772047244095
11
0.2039550787401575
21
1.5033464173228346
0
LINE
8
BLACK
6
CONTINUOUS
10
0.2039550787401575
20
1.5033464173228346
11
0.2079257874015748
21
1.5050996456692913
0
LINE
8
BLACK
6
CONTINUOUS
10
0.2079257874015748
20
1.5050996456692913
11
0.2106299212598425
21
1.5054133858267715
0
LINE
8
BLACK
6
CONTINUOUS
10
0.2106299212598425
20
1.5054133858267715
11
0.2460629921259843
21
1.5054133858267715
0
LINE
8
BLACK
6
CONTINUOUS
10
0.2460629921259843
20
1.5054133858267715
11
0.248767125984252
21
1.5050996456692913
0
LINE
8
BLACK
6
CONTINUOUS
10
1.3863794094488189
20
1.513180157480315
11
1.3889338976377952
21
1.5114732677165355
0
LINE
8
BLACK
6
CONTINUOUS
10
1.3889338976377952
20
1.5114732677165355
11
1.3906407874015747
21
1.5089187795275589
0
LINE
8
BLACK
6
CONTINUOUS
10
1.3906407874015747
20
1.5089187795275589
11
1.3912401574803148
21
1.5059055118110236
0
LINE
8
BLACK
6
CONTINUOUS
10
1.3912401574803148
20
1.5059055118110236
11
1.3912401574803148
21
1.4940944881889764
0
LINE
8
BLACK
6
CONTINUOUS
10
1.3912401574803148
20
1.4940944881889764
11
1.3906407874015747
21
1.4910812204724408
0
LINE
8
BLACK
6
CONTINUOUS
10
1.3906407874015747
20
1.4910812204724408
11
1.3889338976377952
21
1.4885267322834645
0
LINE
8
BLACK
6
CONTINUOUS
10
1.3889338976377952
20
1.4885267322834645
11
1.3863794094488189
21
1.486819842519685
0
LINE
8
BLACK
6
CONTINUOUS
10
1.3863794094488189
20
1.486819842519685
11
1.3833661417322833
21
1.4862204724409449
0
LINE
8
BLACK
6
CONTINUOUS
10
1.3833661417322833
20
1.4862204724409449
11
1.343011811023622
21
1.4862204724409449
0
LINE
8
BLACK
6
CONTINUOUS
10
1.343011811023622
20
1.4862204724409449
11
1.3399985433070867
21
1.486819842519685
0
LINE
8
BLACK
6
CONTINUOUS
10
1.3399985433070867
20
1.486819842519685
11
1.3374440551181102
21
1.4885267322834645
0
LINE
8
BLACK
6
CONTINUOUS
10
1.3374440551181102
20
1.4885267322834645
11
1.3357371653543306
21
1.4910812204724408
0
LINE
8
BLACK
6
CONTINUOUS
10
1.3357371653543306
20
1.4910812204724408
11
1.3351377952755905
21
1.4940944881889764
0
LINE
8
BLACK
6
CONTINUOUS
10
1.3351377952755905
20
1.4940944881889764
11
1.3351377952755905
21
1.5059055118110236
0
LINE
8
BLACK
6
CONTINUOUS
10
1.3351377952755905
20
1.5059055118110236
11
1.3357371653543306
21
1.5089187795275589
0
LINE
8
BLACK
6
CONTINUOUS
10
1.3357371653543306
20
1.5089187795275589
11
1.3374440551181102
21
1.5114732677165355
0
LINE
8
BLACK
6
CONTINUOUS
10
1.3374440551181102
20
1.5114732677165355
11
1.3399985433070867
21
1.513180157480315
0
LINE
8
BLACK
6
CONTINUOUS
10
1.3399985433070867
20
1.513180157480315
11
1.343011811023622
21
1.5137795275590551
0
LINE
8
BLACK
6
CONTINUOUS
10
1.343011811023622
20
1.5137795275590551
11
1.3833661417322833
21
1.5137795275590551
0
LINE
8
BLACK
6
CONTINUOUS
10
1.3833661417322833
20
1.5137795275590551
11
1.3863794094488189
21
1.513180157480315
0
LINE
8
BLACK
6
CONTINUOUS
10
1.4759463385826772
20
1.513180157480315
11
1.4785008267716535
21
1.5114732677165355
0
LINE
8
BLACK
6
CONTINUOUS
10
1.4785008267716535
20
1.5114732677165355
11
1.480207716535433
21
1.5089187795275589
0
LINE
8
BLACK
6
CONTINUOUS
10
1.480207716535433
20
1.5089187795275589
11
1.4808070866141732
21
1.5059055118110236
0
LINE
8
BLACK
6
CONTINUOUS
10
1.4808070866141732
20
1.5059055118110236
11
1.4808070866141732
21
1.4940944881889764
0
LINE
8
BLACK
6
CONTINUOUS
10
1.4808070866141732
20
1.4940944881889764
11
1.480207716535433
21
1.4910812204724408
0
LINE
8
BLACK
6
CONTINUOUS
10
1.480207716535433
20
1.4910812204724408
11
1.4785008267716535
21
1.4885267322834645
0
LINE
8
BLACK
6
CONTINUOUS
10
1.4785008267716535
20
1.4885267322834645
11
1.4759463385826772
21
1.486819842519685
0
LINE
8
BLACK
6
CONTINUOUS
10
1.4759463385826772
20
1.486819842519685
11
1.4729330708661417
21
1.4862204724409449
0
LINE
8
BLACK
6
CONTINUOUS
10
1.4729330708661417
20
1.4862204724409449
11
1.4325787401574803
21
1.4862204724409449
0
LINE
8
BLACK
6
CONTINUOUS
10
1.4325787401574803
20
1.4862204724409449
11
1.4295654724409448
21
1.486819842519685
0
LINE
8
BLACK
6
CONTINUOUS
10
1.4295654724409448
20
1.486819842519685
11
1.4270109842519685
21
1.4885267322834645
0
LINE
8
BLACK
6
CONTINUOUS
10
1.4270109842519685
20
1.4885267322834645
11
1.425304094488189
21
1.4910812204724408
0
LINE
8
BLACK
6
CONTINUOUS
10
1.425304094488189
20
1.4910812204724408
11
1.4247047244094488
21
1.4940944881889764
0
LINE
8
BLACK
6
CONTINUOUS
10
1.4247047244094488
20
1.4940944881889764
11
1.4247047244094488
21
1.5059055118110236
0
LINE
8
BLACK
6
CONTINUOUS
10
1.4247047244094488
20
1.5059055118110236
11
1.425304094488189
21
1.5089187795275589
0
LINE
8
BLACK
6
CONTINUOUS
10
1.425304094488189
20
1.5089187795275589
11
1.4270109842519685
21
1.5114732677165355
0
LINE
8
BLACK
6
CONTINUOUS
10
1.4270109842519685
20
1.5114732677165355
11
1.4295654724409448
21
1.513180157480315
0
LINE
8
BLACK
6
CONTINUOUS
10
1.4295654724409448
20
1.513180157480315
11
1.4325787401574803
21
1.5137795275590551
0
LINE
8
BLACK
6
CONTINUOUS
10
1.4325787401574803
20
1.5137795275590551
11
1.4729330708661417
21
1.5137795275590551
0
LINE
8
BLACK
6
CONTINUOUS
10
1.4729330708661417
20
1.5137795275590551
11
1.4759463385826772
21
1.513180157480315
0
LINE
8
BLACK
6
CONTINUOUS
10
1.281247440944882
20
1.5311823228346457
11
1.2852181496062991
21
1.529429094488189
0
LINE
8
BLACK
6
CONTINUOUS
10
1.2852181496062991
20
1.529429094488189
11
1.2882873622047244
21
1.5263598818897637
0
LINE
8
BLACK
6
CONTINUOUS
10
1.2882873622047244
20
1.5263598818897637
11
1.2900405905511811
21
1.5223891732283463
0
LINE
8
BLACK
6
CONTINUOUS
10
1.2900405905511811
20
1.5223891732283463
11
1.2903543307086613
21
1.5196850393700787
0
LINE
8
BLACK
6
CONTINUOUS
10
1.2903543307086613
20
1.5196850393700787
11
1.2903543307086613
21
1.5
0
LINE
8
BLACK
6
CONTINUOUS
10
1.2903543307086613
20
1.5
11
1.2900405905511811
21
1.4972958661417322
0
LINE
8
BLACK
6
CONTINUOUS
10
1.2900405905511811
20
1.4972958661417322
11
1.2882873622047244
21
1.493325157480315
0
LINE
8
BLACK
6
CONTINUOUS
10
1.2882873622047244
20
1.493325157480315
11
1.2852181496062991
21
1.4902559448818897
0
LINE
8
BLACK
6
CONTINUOUS
10
1.2852181496062991
20
1.4902559448818897
11
1.281247440944882
21
1.488502716535433
0
LINE
8
BLACK
6
CONTINUOUS
10
1.281247440944882
20
1.488502716535433
11
1.2785433070866141
21
1.4881889763779528
0
LINE
8
BLACK
6
CONTINUOUS
10
1.2785433070866141
20
1.4881889763779528
11
1.2411417322834646
21
1.4881889763779528
0
LINE
8
BLACK
6
CONTINUOUS
10
1.2411417322834646
20
1.4881889763779528
11
1.2384375984251967
21
1.488502716535433
0
LINE
8
BLACK
6
CONTINUOUS
10
1.2384375984251967
20
1.488502716535433
11
1.2344668897637796
21
1.4902559448818897
0
LINE
8
BLACK
6
CONTINUOUS
10
1.2344668897637796
20
1.4902559448818897
11
1.2313976771653543
21
1.493325157480315
0
LINE
8
BLACK
6
CONTINUOUS
10
1.2313976771653543
20
1.493325157480315
11
1.2296444488188976
21
1.4972958661417322
0
LINE
8
BLACK
6
CONTINUOUS
10
1.2296444488188976
20
1.4972958661417322
11
1.2293307086614174
21
1.5
0
LINE
8
BLACK
6
CONTINUOUS
10
1.2293307086614174
20
1.5
11
1.2293307086614174
21
1.5196850393700787
0
LINE
8
BLACK
6
CONTINUOUS
10
1.2293307086614174
20
1.5196850393700787
11
1.2296444488188976
21
1.5223891732283463
0
LINE
8
BLACK
6
CONTINUOUS
10
1.2296444488188976
20
1.5223891732283463
11
1.2313976771653543
21
1.5263598818897637
0
LINE
8
BLACK
6
CONTINUOUS
10
1.2313976771653543
20
1.5263598818897637
11
1.2344668897637796
21
1.529429094488189
0
LINE
8
BLACK
6
CONTINUOUS
10
1.2344668897637796
20
1.529429094488189
11
1.2384375984251967
21
1.5311823228346457
0
LINE
8
BLACK
6
CONTINUOUS
10
1.2384375984251967
20
1.5311823228346457
11
1.2411417322834646
21
1.5314960629921259
0
LINE
8
BLACK
6
CONTINUOUS
10
1.2411417322834646
20
1.5314960629921259
11
1.2785433070866141
21
1.5314960629921259
0
LINE
8
BLACK
6
CONTINUOUS
10
1.2785433070866141
20
1.5314960629921259
11
1.281247440944882
21
1.5311823228346457
0
LINE
8
BLACK
6
CONTINUOUS
10
1.3863794094488189
20
1.5505817322834645
11
1.3889338976377952
21
1.548874842519685
0
LINE
8
BLACK
6
CONTINUOUS
10
1.3889338976377952
20
1.548874842519685
11
1.3906407874015747
21
1.5463203543307087
0
LINE
8
BLACK
6
CONTINUOUS
10
1.3906407874015747
20
1.5463203543307087
11
1.3912401574803148
21
1.5433070866141732
0
LINE
8
BLACK
6
CONTINUOUS
10
1.3912401574803148
20
1.5433070866141732
11
1.3912401574803148
21
1.5314960629921259
0
LINE
8
BLACK
6
CONTINUOUS
10
1.3912401574803148
20
1.5314960629921259
11
1.3906407874015747
21
1.5284827952755906
0
LINE
8
BLACK
6
CONTINUOUS
10
1.3906407874015747
20
1.5284827952755906
11
1.3889338976377952
21
1.5259283070866141
0
LINE
8
BLACK
6
CONTINUOUS
10
1.3889338976377952
20
1.5259283070866141
11
1.3863794094488189
21
1.5242214173228346
0
LINE
8
BLACK
6
CONTINUOUS
10
1.3863794094488189
20
1.5242214173228346
11
1.3833661417322833
21
1.5236220472440944
0
LINE
8
BLACK
6
CONTINUOUS
10
1.3833661417322833
20
1.5236220472440944
11
1.343011811023622
21
1.5236220472440944
0
LINE
8
BLACK
6
CONTINUOUS
10
1.343011811023622
20
1.5236220472440944
11
1.3399985433070867
21
1.5242214173228346
0
LINE
8
BLACK
6
CONTINUOUS
10
1.3399985433070867
20
1.5242214173228346
11
1.3374440551181102
21
1.5259283070866141
0
LINE
8
BLACK
6
CONTINUOUS
10
1.3374440551181102
20
1.5259283070866141
11
1.3357371653543306
21
1.5284827952755906
0
LINE
8
BLACK
6
CONTINUOUS
10
1.3357371653543306
20
1.5284827952755906
11
1.3351377952755905
21
1.5314960629921259
0
LINE
8
BLACK
6
CONTINUOUS
10
1.3351377952755905
20
1.5314960629921259
11
1.3351377952755905
21
1.5433070866141732
0
LINE
8
BLACK
6
CONTINUOUS
10
1.3351377952755905
20
1.5433070866141732
11
1.3357371653543306
21
1.5463203543307087
0
LINE
8
BLACK
6
CONTINUOUS
10
1.3357371653543306
20
1.5463203543307087
11
1.3374440551181102
21
1.548874842519685
0
LINE
8
BLACK
6
CONTINUOUS
10
1.3374440551181102
20
1.548874842519685
11
1.3399985433070867
21
1.5505817322834645
0
LINE
8
BLACK
6
CONTINUOUS
10
1.3399985433070867
20
1.5505817322834645
11
1.343011811023622
21
1.5511811023622046
0
LINE
8
BLACK
6
CONTINUOUS
10
1.343011811023622
20
1.5511811023622046
11
1.3833661417322833
21
1.5511811023622046
0
LINE
8
BLACK
6
CONTINUOUS
10
1.3833661417322833
20
1.5511811023622046
11
1.3863794094488189
21
1.5505817322834645
0
LINE
8
BLACK
6
CONTINUOUS
10
1.5597907480314961
20
1.6168122440944881
11
1.5637614566929134
21
1.6150590157480316
0
LINE
8
BLACK
6
CONTINUOUS
10
1.5637614566929134
20
1.6150590157480316
11
1.5668306692913385
21
1.6119898031496063
0
LINE
8
BLACK
6
CONTINUOUS
10
1.5668306692913385
20
1.6119898031496063
11
1.5685838976377953
21
1.6080190944881889
0
LINE
8
BLACK
6
CONTINUOUS
10
1.5685838976377953
20
1.6080190944881889
11
1.5688976377952755
21
1.6053149606299213
0
LINE
8
BLACK
6
CONTINUOUS
10
1.5688976377952755
20
1.6053149606299213
11
1.5688976377952755
21
1.5679133858267715
0
LINE
8
BLACK
6
CONTINUOUS
10
1.5688976377952755
20
1.5679133858267715
11
1.5685838976377953
21
1.5652092519685039
0
LINE
8
BLACK
6
CONTINUOUS
10
1.5685838976377953
20
1.5652092519685039
11
1.5668306692913385
21
1.5612385433070866
0
LINE
8
BLACK
6
CONTINUOUS
10
1.5668306692913385
20
1.5612385433070866
11
1.5637614566929134
21
1.5581693307086615
0
LINE
8
BLACK
6
CONTINUOUS
10
1.5637614566929134
20
1.5581693307086615
11
1.5597907480314961
21
1.5564161023622047
0
LINE
8
BLACK
6
CONTINUOUS
10
1.5597907480314961
20
1.5564161023622047
11
1.5570866141732282
21
1.5561023622047243
0
LINE
8
BLACK
6
CONTINUOUS
10
1.5570866141732282
20
1.5561023622047243
11
1.5374015748031495
21
1.5561023622047243
0
LINE
8
BLACK
6
CONTINUOUS
10
1.5374015748031495
20
1.5561023622047243
11
1.5346974409448819
21
1.5564161023622047
0
LINE
8
BLACK
6
CONTINUOUS
10
1.5346974409448819
20
1.5564161023622047
11
1.5307267322834646
21
1.5581693307086615
0
LINE
8
BLACK
6
CONTINUOUS
10
1.5307267322834646
20
1.5581693307086615
11
1.5276575196850393
21
1.5612385433070866
0
LINE
8
BLACK
6
CONTINUOUS
10
1.5276575196850393
20
1.5612385433070866
11
1.5259042913385827
21
1.5652092519685039
0
LINE
8
BLACK
6
CONTINUOUS
10
1.5259042913385827
20
1.5652092519685039
11
1.5255905511811023
21
1.5679133858267715
0
LINE
8
BLACK
6
CONTINUOUS
10
1.5255905511811023
20
1.5679133858267715
11
1.5255905511811023
21
1.6053149606299213
0
LINE
8
BLACK
6
CONTINUOUS
10
1.5255905511811023
20
1.6053149606299213
11
1.5259042913385827
21
1.6080190944881889
0
LINE
8
BLACK
6
CONTINUOUS
10
1.5259042913385827
20
1.6080190944881889
11
1.5276575196850393
21
1.6119898031496063
0
LINE
8
BLACK
6
CONTINUOUS
10
1.5276575196850393
20
1.6119898031496063
11
1.5307267322834646
21
1.6150590157480316
0
LINE
8
BLACK
6
CONTINUOUS
10
1.5307267322834646
20
1.6150590157480316
11
1.5346974409448819
21
1.6168122440944881
0
LINE
8
BLACK
6
CONTINUOUS
10
1.5346974409448819
20
1.6168122440944881
11
1.5374015748031495
21
1.6171259842519685
0
LINE
8
BLACK
6
CONTINUOUS
10
1.5374015748031495
20
1.6171259842519685
11
1.5570866141732282
21
1.6171259842519685
0
LINE
8
BLACK
6
CONTINUOUS
10
1.5570866141732282
20
1.6171259842519685
11
1.5597907480314961
21
1.6168122440944881
0
LINE
8
BLACK
6
CONTINUOUS
10
1.6345938976377952
20
1.6168122440944881
11
1.6385646062992125
21
1.6150590157480316
0
LINE
8
BLACK
6
CONTINUOUS
10
1.6385646062992125
20
1.6150590157480316
11
1.6416338188976378
21
1.6119898031496063
0
LINE
8
BLACK
6
CONTINUOUS
10
1.6416338188976378
20
1.6119898031496063
11
1.6433870472440943
21
1.6080190944881889
0
LINE
8
BLACK
6
CONTINUOUS
10
1.6433870472440943
20
1.6080190944881889
11
1.6437007874015748
21
1.6053149606299213
0
LINE
8
BLACK
6
CONTINUOUS
10
1.6437007874015748
20
1.6053149606299213
11
1.6437007874015748
21
1.5679133858267715
0
LINE
8
BLACK
6
CONTINUOUS
10
1.6437007874015748
20
1.5679133858267715
11
1.6433870472440943
21
1.5652092519685039
0
LINE
8
BLACK
6
CONTINUOUS
10
1.6433870472440943
20
1.5652092519685039
11
1.6416338188976378
21
1.5612385433070866
0
LINE
8
BLACK
6
CONTINUOUS
10
1.6416338188976378
20
1.5612385433070866
11
1.6385646062992125
21
1.5581693307086615
0
LINE
8
BLACK
6
CONTINUOUS
10
1.6385646062992125
20
1.5581693307086615
11
1.6345938976377952
21
1.5564161023622047
0
LINE
8
BLACK
6
CONTINUOUS
10
1.6345938976377952
20
1.5564161023622047
11
1.6318897637795275
21
1.5561023622047243
0
LINE
8
BLACK
6
CONTINUOUS
10
1.6318897637795275
20
1.5561023622047243
11
1.6122047244094488
21
1.5561023622047243
0
LINE
8
BLACK
6
CONTINUOUS
10
1.6122047244094488
20
1.5561023622047243
11
1.609500590551181
21
1.5564161023622047
0
LINE
8
BLACK
6
CONTINUOUS
10
1.609500590551181
20
1.5564161023622047
11
1.6055298818897636
21
1.5581693307086615
0
LINE
8
BLACK
6
CONTINUOUS
10
1.6055298818897636
20
1.5581693307086615
11
1.6024606692913386
21
1.5612385433070866
0
LINE
8
BLACK
6
CONTINUOUS
10
1.6024606692913386
20
1.5612385433070866
11
1.6007074409448818
21
1.5652092519685039
0
LINE
8
BLACK
6
CONTINUOUS
10
1.6007074409448818
20
1.5652092519685039
11
1.6003937007874016
21
1.5679133858267715
0
LINE
8
BLACK
6
CONTINUOUS
10
1.6003937007874016
20
1.5679133858267715
11
1.6003937007874016
21
1.6053149606299213
0
LINE
8
BLACK
6
CONTINUOUS
10
1.6003937007874016
20
1.6053149606299213
11
1.6007074409448818
21
1.6080190944881889
0
LINE
8
BLACK
6
CONTINUOUS
10
1.6007074409448818
20
1.6080190944881889
11
1.6024606692913386
21
1.6119898031496063
0
LINE
8
BLACK
6
CONTINUOUS
10
1.6024606692913386
20
1.6119898031496063
11
1.6055298818897636
21
1.6150590157480316
0
LINE
8
BLACK
6
CONTINUOUS
10
1.6055298818897636
20
1.6150590157480316
11
1.609500590551181
21
1.6168122440944881
0
LINE
8
BLACK
6
CONTINUOUS
10
1.609500590551181
20
1.6168122440944881
11
1.6122047244094488
21
1.6171259842519685
0
LINE
8
BLACK
6
CONTINUOUS
10
1.6122047244094488
20
1.6171259842519685
11
1.6318897637795275
21
1.6171259842519685
0
LINE
8
BLACK
6
CONTINUOUS
10
1.6318897637795275
20
1.6171259842519685
11
1.6345938976377952
21
1.6168122440944881
0
LINE
8
BLACK
6
CONTINUOUS
10
1.3863794094488189
20
1.5879833070866141
11
1.3889338976377952
21
1.5862764173228345
0
LINE
8
BLACK
6
CONTINUOUS
10
1.3889338976377952
20
1.5862764173228345
11
1.3906407874015747
21
1.5837219291338582
0
LINE
8
BLACK
6
CONTINUOUS
10
1.3906407874015747
20
1.5837219291338582
11
1.3912401574803148
21
1.5807086614173227
0
LINE
8
BLACK
6
CONTINUOUS
10
1.3912401574803148
20
1.5807086614173227
11
1.3912401574803148
21
1.5688976377952755
0
LINE
8
BLACK
6
CONTINUOUS
10
1.3912401574803148
20
1.5688976377952755
11
1.3906407874015747
21
1.5658843700787402
0
LINE
8
BLACK
6
CONTINUOUS
10
1.3906407874015747
20
1.5658843700787402
11
1.3889338976377952
21
1.5633298818897639
0
LINE
8
BLACK
6
CONTINUOUS
10
1.3889338976377952
20
1.5633298818897639
11
1.3863794094488189
21
1.5616229921259843
0
LINE
8
BLACK
6
CONTINUOUS
10
1.3863794094488189
20
1.5616229921259843
11
1.3833661417322833
21
1.561023622047244
0
LINE
8
BLACK
6
CONTINUOUS
10
1.3833661417322833
20
1.561023622047244
11
1.343011811023622
21
1.561023622047244
0
LINE
8
BLACK
6
CONTINUOUS
10
1.343011811023622
20
1.561023622047244
11
1.3399985433070867
21
1.5616229921259843
0
LINE
8
BLACK
6
CONTINUOUS
10
1.3399985433070867
20
1.5616229921259843
11
1.3374440551181102
21
1.5633298818897639
0
LINE
8
BLACK
6
CONTINUOUS
10
1.3374440551181102
20
1.5633298818897639
11
1.3357371653543306
21
1.5658843700787402
0
LINE
8
BLACK
6
CONTINUOUS
10
1.3357371653543306
20
1.5658843700787402
11
1.3351377952755905
21
1.5688976377952755
0
LINE
8
BLACK
6
CONTINUOUS
10
1.3351377952755905
20
1.5688976377952755
11
1.3351377952755905
21
1.5807086614173227
0
LINE
8
BLACK
6
CONTINUOUS
10
1.3351377952755905
20
1.5807086614173227
11
1.3357371653543306
21
1.5837219291338582
0
LINE
8
BLACK
6
CONTINUOUS
10
1.3357371653543306
20
1.5837219291338582
11
1.3374440551181102
21
1.5862764173228345
0
LINE
8
BLACK
6
CONTINUOUS
10
1.3374440551181102
20
1.5862764173228345
11
1.3399985433070867
21
1.5879833070866141
0
LINE
8
BLACK
6
CONTINUOUS
10
1.3399985433070867
20
1.5879833070866141
11
1.343011811023622
21
1.5885826771653544
0
LINE
8
BLACK
6
CONTINUOUS
10
1.343011811023622
20
1.5885826771653544
11
1.3833661417322833
21
1.5885826771653544
0
LINE
8
BLACK
6
CONTINUOUS
10
1.3833661417322833
20
1.5885826771653544
11
1.3863794094488189
21
1.5879833070866141
0
LINE
8
BLACK
6
CONTINUOUS
10
1.4759463385826772
20
1.5879833070866141
11
1.4785008267716535
21
1.5862764173228345
0
LINE
8
BLACK
6
CONTINUOUS
10
1.4785008267716535
20
1.5862764173228345
11
1.480207716535433
21
1.5837219291338582
0
LINE
8
BLACK
6
CONTINUOUS
10
1.480207716535433
20
1.5837219291338582
11
1.4808070866141732
21
1.5807086614173227
0
LINE
8
BLACK
6
CONTINUOUS
10
1.4808070866141732
20
1.5807086614173227
11
1.4808070866141732
21
1.5688976377952755
0
LINE
8
BLACK
6
CONTINUOUS
10
1.4808070866141732
20
1.5688976377952755
11
1.480207716535433
21
1.5658843700787402
0
LINE
8
BLACK
6
CONTINUOUS
10
1.480207716535433
20
1.5658843700787402
11
1.4785008267716535
21
1.5633298818897639
0
LINE
8
BLACK
6
CONTINUOUS
10
1.4785008267716535
20
1.5633298818897639
11
1.4759463385826772
21
1.5616229921259843
0
LINE
8
BLACK
6
CONTINUOUS
10
1.4759463385826772
20
1.5616229921259843
11
1.4729330708661417
21
1.561023622047244
0
LINE
8
BLACK
6
CONTINUOUS
10
1.4729330708661417
20
1.561023622047244
11
1.4325787401574803
21
1.561023622047244
0
LINE
8
BLACK
6
CONTINUOUS
10
1.4325787401574803
20
1.561023622047244
11
1.4295654724409448
21
1.5616229921259843
0
LINE
8
BLACK
6
CONTINUOUS
10
1.4295654724409448
20
1.5616229921259843
11
1.4270109842519685
21
1.5633298818897639
0
LINE
8
BLACK
6
CONTINUOUS
10
1.4270109842519685
20
1.5633298818897639
11
1.425304094488189
21
1.5658843700787402
0
LINE
8
BLACK
6
CONTINUOUS
10
1.425304094488189
20
1.5658843700787402
11
1.4247047244094488
21
1.5688976377952755
0
LINE
8
BLACK
6
CONTINUOUS
10
1.4247047244094488
20
1.5688976377952755
11
1.4247047244094488
21
1.5807086614173227
0
LINE
8
BLACK
6
CONTINUOUS
10
1.4247047244094488
20
1.5807086614173227
11
1.425304094488189
21
1.5837219291338582
0
LINE
8
BLACK
6
CONTINUOUS
10
1.425304094488189
20
1.5837219291338582
11
1.4270109842519685
21
1.5862764173228345
0
LINE
8
BLACK
6
CONTINUOUS
10
1.4270109842519685
20
1.5862764173228345
11
1.4295654724409448
21
1.5879833070866141
0
LINE
8
BLACK
6
CONTINUOUS
10
1.4295654724409448
20
1.5879833070866141
11
1.4325787401574803
21
1.5885826771653544
0
LINE
8
BLACK
6
CONTINUOUS
10
1.4325787401574803
20
1.5885826771653544
11
1.4729330708661417
21
1.5885826771653544
0
LINE
8
BLACK
6
CONTINUOUS
10
1.4729330708661417
20
1.5885826771653544
11
1.4759463385826772
21
1.5879833070866141
0
LINE
8
BLACK
6
CONTINUOUS
10
1.281247440944882
20
1.6059854724409448
11
1.2852181496062991
21
1.6042322440944881
0
LINE
8
BLACK
6
CONTINUOUS
10
1.2852181496062991
20
1.6042322440944881
11
1.2882873622047244
21
1.601163031496063
0
LINE
8
BLACK
6
CONTINUOUS
10
1.2882873622047244
20
1.601163031496063
11
1.2900405905511811
21
1.5971923228346456
0
LINE
8
BLACK
6
CONTINUOUS
10
1.2900405905511811
20
1.5971923228346456
11
1.2903543307086613
21
1.594488188976378
0
LINE
8
BLACK
6
CONTINUOUS
10
1.2903543307086613
20
1.594488188976378
11
1.2903543307086613
21
1.5748031496062991
0
LINE
8
BLACK
6
CONTINUOUS
10
1.2903543307086613
20
1.5748031496062991
11
1.2900405905511811
21
1.5720990157480315
0
LINE
8
BLACK
6
CONTINUOUS
10
1.2900405905511811
20
1.5720990157480315
11
1.2882873622047244
21
1.5681283070866141
0
LINE
8
BLACK
6
CONTINUOUS
10
1.2882873622047244
20
1.5681283070866141
11
1.2852181496062991
21
1.565059094488189
0
LINE
8
BLACK
6
CONTINUOUS
10
1.2852181496062991
20
1.565059094488189
11
1.281247440944882
21
1.5633058661417323
0
LINE
8
BLACK
6
CONTINUOUS
10
1.281247440944882
20
1.5633058661417323
11
1.2785433070866141
21
1.5629921259842519
0
LINE
8
BLACK
6
CONTINUOUS
10
1.2785433070866141
20
1.5629921259842519
11
1.2411417322834646
21
1.5629921259842519
0
LINE
8
BLACK
6
CONTINUOUS
10
1.2411417322834646
20
1.5629921259842519
11
1.2384375984251967
21
1.5633058661417323
0
LINE
8
BLACK
6
CONTINUOUS
10
1.2384375984251967
20
1.5633058661417323
11
1.2344668897637796
21
1.565059094488189
0
LINE
8
BLACK
6
CONTINUOUS
10
1.2344668897637796
20
1.565059094488189
11
1.2313976771653543
21
1.5681283070866141
0
LINE
8
BLACK
6
CONTINUOUS
10
1.2313976771653543
20
1.5681283070866141
11
1.2296444488188976
21
1.5720990157480315
0
LINE
8
BLACK
6
CONTINUOUS
10
1.2296444488188976
20
1.5720990157480315
11
1.2293307086614174
21
1.5748031496062991
0
LINE
8
BLACK
6
CONTINUOUS
10
1.2293307086614174
20
1.5748031496062991
11
1.2293307086614174
21
1.594488188976378
0
LINE
8
BLACK
6
CONTINUOUS
10
1.2293307086614174
20
1.594488188976378
11
1.2296444488188976
21
1.5971923228346456
0
LINE
8
BLACK
6
CONTINUOUS
10
1.2296444488188976
20
1.5971923228346456
11
1.2313976771653543
21
1.601163031496063
0
LINE
8
BLACK
6
CONTINUOUS
10
1.2313976771653543
20
1.601163031496063
11
1.2344668897637796
21
1.6042322440944881
0
LINE
8
BLACK
6
CONTINUOUS
10
1.2344668897637796
20
1.6042322440944881
11
1.2384375984251967
21
1.6059854724409448
0
LINE
8
BLACK
6
CONTINUOUS
10
1.2384375984251967
20
1.6059854724409448
11
1.2411417322834646
21
1.6062992125984252
0
LINE
8
BLACK
6
CONTINUOUS
10
1.2411417322834646
20
1.6062992125984252
11
1.2785433070866141
21
1.6062992125984252
0
LINE
8
BLACK
6
CONTINUOUS
10
1.2785433070866141
20
1.6062992125984252
11
1.281247440944882
21
1.6059854724409448
0
LINE
8
BLACK
6
CONTINUOUS
10
0.9498636614173228
20
1.7070777952755904
11
0.9524181496062992
21
1.7053709055118109
0
LINE
8
BLACK
6
CONTINUOUS
10
0.9524181496062992
20
1.7053709055118109
11
0.9541250393700788
21
1.7028164173228346
0
LINE
8
BLACK
6
CONTINUOUS
10
0.9541250393700788
20
1.7028164173228346
11
0.9547244094488189
21
1.6998031496062991
0
LINE
8
BLACK
6
CONTINUOUS
10
0.9547244094488189
20
1.6998031496062991
11
0.9547244094488189
21
1.6387795275590551
0
LINE
8
BLACK
6
CONTINUOUS
10
0.9547244094488189
20
1.6387795275590551
11
0.9541250393700788
21
1.6357662598425196
0
LINE
8
BLACK
6
CONTINUOUS
10
0.9541250393700788
20
1.6357662598425196
11
0.9524181496062992
21
1.6332117716535433
0
LINE
8
BLACK
6
CONTINUOUS
10
0.9524181496062992
20
1.6332117716535433
11
0.9498636614173228
21
1.6315048818897637
0
LINE
8
BLACK
6
CONTINUOUS
10
0.9498636614173228
20
1.6315048818897637
11
0.9468503937007874
21
1.6309055118110236
0
LINE
8
BLACK
6
CONTINUOUS
10
0.9468503937007874
20
1.6309055118110236
11
0.9350393700787402
21
1.6309055118110236
0
LINE
8
BLACK
6
CONTINUOUS
10
0.9350393700787402
20
1.6309055118110236
11
0.9320261023622047
21
1.6315048818897637
0
LINE
8
BLACK
6
CONTINUOUS
10
0.9320261023622047
20
1.6315048818897637
11
0.9294716141732283
21
1.6332117716535433
0
LINE
8
BLACK
6
CONTINUOUS
10
0.9294716141732283
20
1.6332117716535433
11
0.9277647244094488
21
1.6357662598425196
0
LINE
8
BLACK
6
CONTINUOUS
10
0.9277647244094488
20
1.6357662598425196
11
0.9271653543307087
21
1.6387795275590551
0
LINE
8
BLACK
6
CONTINUOUS
10
0.9271653543307087
20
1.6387795275590551
11
0.9271653543307087
21
1.6998031496062991
0
LINE
8
BLACK
6
CONTINUOUS
10
0.9271653543307087
20
1.6998031496062991
11
0.9277647244094488
21
1.7028164173228346
0
LINE
8
BLACK
6
CONTINUOUS
10
0.9277647244094488
20
1.7028164173228346
11
0.9294716141732283
21
1.7053709055118109
0
LINE
8
BLACK
6
CONTINUOUS
10
0.9294716141732283
20
1.7053709055118109
11
0.9320261023622047
21
1.7070777952755904
0
LINE
8
BLACK
6
CONTINUOUS
10
0.9320261023622047
20
1.7070777952755904
11
0.9350393700787402
21
1.7076771653543306
0
LINE
8
BLACK
6
CONTINUOUS
10
0.9350393700787402
20
1.7076771653543306
11
0.9468503937007874
21
1.7076771653543306
0
LINE
8
BLACK
6
CONTINUOUS
10
0.9468503937007874
20
1.7076771653543306
11
0.9498636614173228
21
1.7070777952755904
0
LINE
8
BLACK
6
CONTINUOUS
10
0.9892337401574803
20
1.7070777952755904
11
0.9917882283464566
21
1.7053709055118109
0
LINE
8
BLACK
6
CONTINUOUS
10
0.9917882283464566
20
1.7053709055118109
11
0.9934951181102362
21
1.7028164173228346
0
LINE
8
BLACK
6
CONTINUOUS
10
0.9934951181102362
20
1.7028164173228346
11
0.9940944881889764
21
1.6998031496062991
0
LINE
8
BLACK
6
CONTINUOUS
10
0.9940944881889764
20
1.6998031496062991
11
0.9940944881889764
21
1.6387795275590551
0
LINE
8
BLACK
6
CONTINUOUS
10
0.9940944881889764
20
1.6387795275590551
11
0.9934951181102362
21
1.6357662598425196
0
LINE
8
BLACK
6
CONTINUOUS
10
0.9934951181102362
20
1.6357662598425196
11
0.9917882283464566
21
1.6332117716535433
0
LINE
8
BLACK
6
CONTINUOUS
10
0.9917882283464566
20
1.6332117716535433
11
0.9892337401574803
21
1.6315048818897637
0
LINE
8
BLACK
6
CONTINUOUS
10
0.9892337401574803
20
1.6315048818897637
11
0.9862204724409449
21
1.6309055118110236
0
LINE
8
BLACK
6
CONTINUOUS
10
0.9862204724409449
20
1.6309055118110236
11
0.9744094488188976
21
1.6309055118110236
0
LINE
8
BLACK
6
CONTINUOUS
10
0.9744094488188976
20
1.6309055118110236
11
0.9713961811023621
21
1.6315048818897637
0
LINE
8
BLACK
6
CONTINUOUS
10
0.9713961811023621
20
1.6315048818897637
11
0.9688416929133858
21
1.6332117716535433
0
LINE
8
BLACK
6
CONTINUOUS
10
0.9688416929133858
20
1.6332117716535433
11
0.9671348031496063
21
1.6357662598425196
0
LINE
8
BLACK
6
CONTINUOUS
10
0.9671348031496063
20
1.6357662598425196
11
0.9665354330708661
21
1.6387795275590551
0
LINE
8
BLACK
6
CONTINUOUS
10
0.9665354330708661
20
1.6387795275590551
11
0.9665354330708661
21
1.6998031496062991
0
LINE
8
BLACK
6
CONTINUOUS
10
0.9665354330708661
20
1.6998031496062991
11
0.9671348031496063
21
1.7028164173228346
0
LINE
8
BLACK
6
CONTINUOUS
10
0.9671348031496063
20
1.7028164173228346
11
0.9688416929133858
21
1.7053709055118109
0
LINE
8
BLACK
6
CONTINUOUS
10
0.9688416929133858
20
1.7053709055118109
11
0.9713961811023621
21
1.7070777952755904
0
LINE
8
BLACK
6
CONTINUOUS
10
0.9713961811023621
20
1.7070777952755904
11
0.9744094488188976
21
1.7076771653543306
0
LINE
8
BLACK
6
CONTINUOUS
10
0.9744094488188976
20
1.7076771653543306
11
0.9862204724409449
21
1.7076771653543306
0
LINE
8
BLACK
6
CONTINUOUS
10
0.9862204724409449
20
1.7076771653543306
11
0.9892337401574803
21
1.7070777952755904
0
LINE
8
BLACK
6
CONTINUOUS
10
1.0286038188976379
20
1.7070777952755904
11
1.0311583070866142
21
1.7053709055118109
0
LINE
8
BLACK
6
CONTINUOUS
10
1.0311583070866142
20
1.7053709055118109
11
1.0328651968503937
21
1.7028164173228346
0
LINE
8
BLACK
6
CONTINUOUS
10
1.0328651968503937
20
1.7028164173228346
11
1.0334645669291338
21
1.6998031496062991
0
LINE
8
BLACK
6
CONTINUOUS
10
1.0334645669291338
20
1.6998031496062991
11
1.0334645669291338
21
1.6387795275590551
0
LINE
8
BLACK
6
CONTINUOUS
10
1.0334645669291338
20
1.6387795275590551
11
1.0328651968503937
21
1.6357662598425196
0
LINE
8
BLACK
6
CONTINUOUS
10
1.0328651968503937
20
1.6357662598425196
11
1.0311583070866142
21
1.6332117716535433
0
LINE
8
BLACK
6
CONTINUOUS
10
1.0311583070866142
20
1.6332117716535433
11
1.0286038188976379
21
1.6315048818897637
0
LINE
8
BLACK
6
CONTINUOUS
10
1.0286038188976379
20
1.6315048818897637
11
1.0255905511811023
21
1.6309055118110236
0
LINE
8
BLACK
6
CONTINUOUS
10
1.0255905511811023
20
1.6309055118110236
11
1.0137795275590551
21
1.6309055118110236
0
LINE
8
BLACK
6
CONTINUOUS
10
1.0137795275590551
20
1.6309055118110236
11
1.0107662598425196
21
1.6315048818897637
0
LINE
8
BLACK
6
CONTINUOUS
10
1.0107662598425196
20
1.6315048818897637
11
1.0082117716535433
21
1.6332117716535433
0
LINE
8
BLACK
6
CONTINUOUS
10
1.0082117716535433
20
1.6332117716535433
11
1.0065048818897637
21
1.6357662598425196
0
LINE
8
BLACK
6
CONTINUOUS
10
1.0065048818897637
20
1.6357662598425196
11
1.0059055118110236
21
1.6387795275590551
0
LINE
8
BLACK
6
CONTINUOUS
10
1.0059055118110236
20
1.6387795275590551
11
1.0059055118110236
21
1.6998031496062991
0
LINE
8
BLACK
6
CONTINUOUS
10
1.0059055118110236
20
1.6998031496062991
11
1.0065048818897637
21
1.7028164173228346
0
LINE
8
BLACK
6
CONTINUOUS
10
1.0065048818897637
20
1.7028164173228346
11
1.0082117716535433
21
1.7053709055118109
0
LINE
8
BLACK
6
CONTINUOUS
10
1.0082117716535433
20
1.7053709055118109
11
1.0107662598425196
21
1.7070777952755904
0
LINE
8
BLACK
6
CONTINUOUS
10
1.0107662598425196
20
1.7070777952755904
11
1.0137795275590551
21
1.7076771653543306
0
LINE
8
BLACK
6
CONTINUOUS
10
1.0137795275590551
20
1.7076771653543306
11
1.0255905511811023
21
1.7076771653543306
0
LINE
8
BLACK
6
CONTINUOUS
10
1.0255905511811023
20
1.7076771653543306
11
1.0286038188976379
21
1.7070777952755904
0
LINE
8
BLACK
6
CONTINUOUS
10
1.0679738976377953
20
1.7070777952755904
11
1.0705283858267716
21
1.7053709055118109
0
LINE
8
BLACK
6
CONTINUOUS
10
1.0705283858267716
20
1.7053709055118109
11
1.0722352755905511
21
1.7028164173228346
0
LINE
8
BLACK
6
CONTINUOUS
10
1.0722352755905511
20
1.7028164173228346
11
1.0728346456692912
21
1.6998031496062991
0
LINE
8
BLACK
6
CONTINUOUS
10
1.0728346456692912
20
1.6998031496062991
11
1.0728346456692912
21
1.6387795275590551
0
LINE
8
BLACK
6
CONTINUOUS
10
1.0728346456692912
20
1.6387795275590551
11
1.0722352755905511
21
1.6357662598425196
0
LINE
8
BLACK
6
CONTINUOUS
10
1.0722352755905511
20
1.6357662598425196
11
1.0705283858267716
21
1.6332117716535433
0
LINE
8
BLACK
6
CONTINUOUS
10
1.0705283858267716
20
1.6332117716535433
11
1.0679738976377953
21
1.6315048818897637
0
LINE
8
BLACK
6
CONTINUOUS
10
1.0679738976377953
20
1.6315048818897637
11
1.0649606299212597
21
1.6309055118110236
0
LINE
8
BLACK
6
CONTINUOUS
10
1.0649606299212597
20
1.6309055118110236
11
1.0531496062992125
21
1.6309055118110236
0
LINE
8
BLACK
6
CONTINUOUS
10
1.0531496062992125
20
1.6309055118110236
11
1.0501363385826772
21
1.6315048818897637
0
LINE
8
BLACK
6
CONTINUOUS
10
1.0501363385826772
20
1.6315048818897637
11
1.0475818503937007
21
1.6332117716535433
0
LINE
8
BLACK
6
CONTINUOUS
10
1.0475818503937007
20
1.6332117716535433
11
1.0458749606299211
21
1.6357662598425196
0
LINE
8
BLACK
6
CONTINUOUS
10
1.0458749606299211
20
1.6357662598425196
11
1.045275590551181
21
1.6387795275590551
0
LINE
8
BLACK
6
CONTINUOUS
10
1.045275590551181
20
1.6387795275590551
11
1.045275590551181
21
1.6998031496062991
0
LINE
8
BLACK
6
CONTINUOUS
10
1.045275590551181
20
1.6998031496062991
11
1.0458749606299211
21
1.7028164173228346
0
LINE
8
BLACK
6
CONTINUOUS
10
1.0458749606299211
20
1.7028164173228346
11
1.0475818503937007
21
1.7053709055118109
0
LINE
8
BLACK
6
CONTINUOUS
10
1.0475818503937007
20
1.7053709055118109
11
1.0501363385826772
21
1.7070777952755904
0
LINE
8
BLACK
6
CONTINUOUS
10
1.0501363385826772
20
1.7070777952755904
11
1.0531496062992125
21
1.7076771653543306
0
LINE
8
BLACK
6
CONTINUOUS
10
1.0531496062992125
20
1.7076771653543306
11
1.0649606299212597
21
1.7076771653543306
0
LINE
8
BLACK
6
CONTINUOUS
10
1.0649606299212597
20
1.7076771653543306
11
1.0679738976377953
21
1.7070777952755904
0
LINE
8
BLACK
6
CONTINUOUS
10
0.4761470078740158
20
1.6932162992125983
11
0.4767856299212598
21
1.6927895669291337
0
LINE
8
BLACK
6
CONTINUOUS
10
0.4767856299212598
20
1.6927895669291337
11
0.4772123622047244
21
1.6921509448818897
0
LINE
8
BLACK
6
CONTINUOUS
10
0.4772123622047244
20
1.6921509448818897
11
0.4773622047244094
21
1.6913976377952755
0
LINE
8
BLACK
6
CONTINUOUS
10
0.4773622047244094
20
1.6913976377952755
11
0.4773622047244094
21
1.6333267716535433
0
LINE
8
BLACK
6
CONTINUOUS
10
0.4773622047244094
20
1.6333267716535433
11
0.4772123622047244
21
1.6325734645669292
0
LINE
8
BLACK
6
CONTINUOUS
10
0.4772123622047244
20
1.6325734645669292
11
0.4767856299212598
21
1.6319348425196849
0
LINE
8
BLACK
6
CONTINUOUS
10
0.4767856299212598
20
1.6319348425196849
11
0.4761470078740158
21
1.6315081102362203
0
LINE
8
BLACK
6
CONTINUOUS
10
0.4761470078740158
20
1.6315081102362203
11
0.4753937007874016
21
1.6313582677165355
0
LINE
8
BLACK
6
CONTINUOUS
10
0.4753937007874016
20
1.6313582677165355
11
0.4576771653543307
21
1.6313582677165355
0
LINE
8
BLACK
6
CONTINUOUS
10
0.4576771653543307
20
1.6313582677165355
11
0.4569238582677165
21
1.6315081102362203
0
LINE
8
BLACK
6
CONTINUOUS
10
0.4569238582677165
20
1.6315081102362203
11
0.4562852362204725
21
1.6319348425196849
0
LINE
8
BLACK
6
CONTINUOUS
10
0.4562852362204725
20
1.6319348425196849
11
0.4558585039370079
21
1.6325734645669292
0
LINE
8
BLACK
6
CONTINUOUS
10
0.4558585039370079
20
1.6325734645669292
11
0.4557086614173228
21
1.6333267716535433
0
LINE
8
BLACK
6
CONTINUOUS
10
0.4557086614173228
20
1.6333267716535433
11
0.4557086614173228
21
1.6913976377952755
0
LINE
8
BLACK
6
CONTINUOUS
10
0.4557086614173228
20
1.6913976377952755
11
0.4558585039370079
21
1.6921509448818897
0
LINE
8
BLACK
6
CONTINUOUS
10
0.4558585039370079
20
1.6921509448818897
11
0.4562852362204725
21
1.6927895669291337
0
LINE
8
BLACK
6
CONTINUOUS
10
0.4562852362204725
20
1.6927895669291337
11
0.4569238582677165
21
1.6932162992125983
0
LINE
8
BLACK
6
CONTINUOUS
10
0.4569238582677165
20
1.6932162992125983
11
0.4576771653543307
21
1.6933661417322834
0
LINE
8
BLACK
6
CONTINUOUS
10
0.4576771653543307
20
1.6933661417322834
11
0.4753937007874016
21
1.6933661417322834
0
LINE
8
BLACK
6
CONTINUOUS
10
0.4753937007874016
20
1.6933661417322834
11
0.4761470078740158
21
1.6932162992125983
0
LINE
8
BLACK
6
CONTINUOUS
10
0.5017375590551181
20
1.6932162992125983
11
0.5023761811023622
21
1.6927895669291337
0
LINE
8
BLACK
6
CONTINUOUS
10
0.5023761811023622
20
1.6927895669291337
11
0.5028029133858267
21
1.6921509448818897
0
LINE
8
BLACK
6
CONTINUOUS
10
0.5028029133858267
20
1.6921509448818897
11
0.5029527559055118
21
1.6913976377952755
0
LINE
8
BLACK
6
CONTINUOUS
10
0.5029527559055118
20
1.6913976377952755
11
0.5029527559055118
21
1.6333267716535433
0
LINE
8
BLACK
6
CONTINUOUS
10
0.5029527559055118
20
1.6333267716535433
11
0.5028029133858267
21
1.6325734645669292
0
LINE
8
BLACK
6
CONTINUOUS
10
0.5028029133858267
20
1.6325734645669292
11
0.5023761811023622
21
1.6319348425196849
0
LINE
8
BLACK
6
CONTINUOUS
10
0.5023761811023622
20
1.6319348425196849
11
0.5017375590551181
21
1.6315081102362203
0
LINE
8
BLACK
6
CONTINUOUS
10
0.5017375590551181
20
1.6315081102362203
11
0.5009842519685039
21
1.6313582677165355
0
LINE
8
BLACK
6
CONTINUOUS
10
0.5009842519685039
20
1.6313582677165355
11
0.483267716535433
21
1.6313582677165355
0
LINE
8
BLACK
6
CONTINUOUS
10
0.483267716535433
20
1.6313582677165355
11
0.4825144094488189
21
1.6315081102362203
0
LINE
8
BLACK
6
CONTINUOUS
10
0.4825144094488189
20
1.6315081102362203
11
0.4818757874015748
21
1.6319348425196849
0
LINE
8
BLACK
6
CONTINUOUS
10
0.4818757874015748
20
1.6319348425196849
11
0.4814490551181102
21
1.6325734645669292
0
LINE
8
BLACK
6
CONTINUOUS
10
0.4814490551181102
20
1.6325734645669292
11
0.4812992125984252
21
1.6333267716535433
0
LINE
8
BLACK
6
CONTINUOUS
10
0.4812992125984252
20
1.6333267716535433
11
0.4812992125984252
21
1.6913976377952755
0
LINE
8
BLACK
6
CONTINUOUS
10
0.4812992125984252
20
1.6913976377952755
11
0.4814490551181102
21
1.6921509448818897
0
LINE
8
BLACK
6
CONTINUOUS
10
0.4814490551181102
20
1.6921509448818897
11
0.4818757874015748
21
1.6927895669291337
0
LINE
8
BLACK
6
CONTINUOUS
10
0.4818757874015748
20
1.6927895669291337
11
0.4825144094488189
21
1.6932162992125983
0
LINE
8
BLACK
6
CONTINUOUS
10
0.4825144094488189
20
1.6932162992125983
11
0.483267716535433
21
1.6933661417322834
0
LINE
8
BLACK
6
CONTINUOUS
10
0.483267716535433
20
1.6933661417322834
11
0.5009842519685039
21
1.6933661417322834
0
LINE
8
BLACK
6
CONTINUOUS
10
0.5009842519685039
20
1.6933661417322834
11
0.5017375590551181
21
1.6932162992125983
0
LINE
8
BLACK
6
CONTINUOUS
10
0.5273281102362205
20
1.6932162992125983
11
0.5279667322834646
21
1.6927895669291337
0
LINE
8
BLACK
6
CONTINUOUS
10
0.5279667322834646
20
1.6927895669291337
11
0.5283934645669291
21
1.6921509448818897
0
LINE
8
BLACK
6
CONTINUOUS
10
0.5283934645669291
20
1.6921509448818897
11
0.5285433070866141
21
1.6913976377952755
0
LINE
8
BLACK
6
CONTINUOUS
10
0.5285433070866141
20
1.6913976377952755
11
0.5285433070866141
21
1.6333267716535433
0
LINE
8
BLACK
6
CONTINUOUS
10
0.5285433070866141
20
1.6333267716535433
11
0.5283934645669291
21
1.6325734645669292
0
LINE
8
BLACK
6
CONTINUOUS
10
0.5283934645669291
20
1.6325734645669292
11
0.5279667322834646
21
1.6319348425196849
0
LINE
8
BLACK
6
CONTINUOUS
10
0.5279667322834646
20
1.6319348425196849
11
0.5273281102362205
21
1.6315081102362203
0
LINE
8
BLACK
6
CONTINUOUS
10
0.5273281102362205
20
1.6315081102362203
11
0.5265748031496063
21
1.6313582677165355
0
LINE
8
BLACK
6
CONTINUOUS
10
0.5265748031496063
20
1.6313582677165355
11
0.5088582677165354
21
1.6313582677165355
0
LINE
8
BLACK
6
CONTINUOUS
10
0.5088582677165354
20
1.6313582677165355
11
0.5081049606299213
21
1.6315081102362203
0
LINE
8
BLACK
6
CONTINUOUS
10
0.5081049606299213
20
1.6315081102362203
11
0.5074663385826772
21
1.6319348425196849
0
LINE
8
BLACK
6
CONTINUOUS
10
0.5074663385826772
20
1.6319348425196849
11
0.5070396062992126
21
1.6325734645669292
0
LINE
8
BLACK
6
CONTINUOUS
10
0.5070396062992126
20
1.6325734645669292
11
0.5068897637795275
21
1.6333267716535433
0
LINE
8
BLACK
6
CONTINUOUS
10
0.5068897637795275
20
1.6333267716535433
11
0.5068897637795275
21
1.6913976377952755
0
LINE
8
BLACK
6
CONTINUOUS
10
0.5068897637795275
20
1.6913976377952755
11
0.5070396062992126
21
1.6921509448818897
0
LINE
8
BLACK
6
CONTINUOUS
10
0.5070396062992126
20
1.6921509448818897
11
0.5074663385826772
21
1.6927895669291337
0
LINE
8
BLACK
6
CONTINUOUS
10
0.5074663385826772
20
1.6927895669291337
11
0.5081049606299213
21
1.6932162992125983
0
LINE
8
BLACK
6
CONTINUOUS
10
0.5081049606299213
20
1.6932162992125983
11
0.5088582677165354
21
1.6933661417322834
0
LINE
8
BLACK
6
CONTINUOUS
10
0.5088582677165354
20
1.6933661417322834
11
0.5265748031496063
21
1.6933661417322834
0
LINE
8
BLACK
6
CONTINUOUS
10
0.5265748031496063
20
1.6933661417322834
11
0.5273281102362205
21
1.6932162992125983
0
LINE
8
BLACK
6
CONTINUOUS
10
0.5529186614173228
20
1.6932162992125983
11
0.5535572834645669
21
1.6927895669291337
0
LINE
8
BLACK
6
CONTINUOUS
10
0.5535572834645669
20
1.6927895669291337
11
0.5539840157480315
21
1.6921509448818897
0
LINE
8
BLACK
6
CONTINUOUS
10
0.5539840157480315
20
1.6921509448818897
11
0.5541338582677166
21
1.6913976377952755
0
LINE
8
BLACK
6
CONTINUOUS
10
0.5541338582677166
20
1.6913976377952755
11
0.5541338582677166
21
1.6333267716535433
0
LINE
8
BLACK
6
CONTINUOUS
10
0.5541338582677166
20
1.6333267716535433
11
0.5539840157480315
21
1.6325734645669292
0
LINE
8
BLACK
6
CONTINUOUS
10
0.5539840157480315
20
1.6325734645669292
11
0.5535572834645669
21
1.6319348425196849
0
LINE
8
BLACK
6
CONTINUOUS
10
0.5535572834645669
20
1.6319348425196849
11
0.5529186614173228
21
1.6315081102362203
0
LINE
8
BLACK
6
CONTINUOUS
10
0.5529186614173228
20
1.6315081102362203
11
0.5521653543307087
21
1.6313582677165355
0
LINE
8
BLACK
6
CONTINUOUS
10
0.5521653543307087
20
1.6313582677165355
11
0.5344488188976377
21
1.6313582677165355
0
LINE
8
BLACK
6
CONTINUOUS
10
0.5344488188976377
20
1.6313582677165355
11
0.5336955118110236
21
1.6315081102362203
0
LINE
8
BLACK
6
CONTINUOUS
10
0.5336955118110236
20
1.6315081102362203
11
0.5330568897637795
21
1.6319348425196849
0
LINE
8
BLACK
6
CONTINUOUS
10
0.5330568897637795
20
1.6319348425196849
11
0.5326301574803149
21
1.6325734645669292
0
LINE
8
BLACK
6
CONTINUOUS
10
0.5326301574803149
20
1.6325734645669292
11
0.5324803149606299
21
1.6333267716535433
0
LINE
8
BLACK
6
CONTINUOUS
10
0.5324803149606299
20
1.6333267716535433
11
0.5324803149606299
21
1.6913976377952755
0
LINE
8
BLACK
6
CONTINUOUS
10
0.5324803149606299
20
1.6913976377952755
11
0.5326301574803149
21
1.6921509448818897
0
LINE
8
BLACK
6
CONTINUOUS
10
0.5326301574803149
20
1.6921509448818897
11
0.5330568897637795
21
1.6927895669291337
0
LINE
8
BLACK
6
CONTINUOUS
10
0.5330568897637795
20
1.6927895669291337
11
0.5336955118110236
21
1.6932162992125983
0
LINE
8
BLACK
6
CONTINUOUS
10
0.5336955118110236
20
1.6932162992125983
11
0.5344488188976377
21
1.6933661417322834
0
LINE
8
BLACK
6
CONTINUOUS
10
0.5344488188976377
20
1.6933661417322834
11
0.5521653543307087
21
1.6933661417322834
0
LINE
8
BLACK
6
CONTINUOUS
10
0.5521653543307087
20
1.6933661417322834
11
0.5529186614173228
21
1.6932162992125983
0
LINE
8
BLACK
6
CONTINUOUS
10
0.5785092125984251
20
1.6932162992125983
11
0.5791478346456693
21
1.6927895669291337
0
LINE
8
BLACK
6
CONTINUOUS
10
0.5791478346456693
20
1.6927895669291337
11
0.5795745669291339
21
1.6921509448818897
0
LINE
8
BLACK
6
CONTINUOUS
10
0.5795745669291339
20
1.6921509448818897
11
0.5797244094488189
21
1.6913976377952755
0
LINE
8
BLACK
6
CONTINUOUS
10
0.5797244094488189
20
1.6913976377952755
11
0.5797244094488189
21
1.6333267716535433
0
LINE
8
BLACK
6
CONTINUOUS
10
0.5797244094488189
20
1.6333267716535433
11
0.5795745669291339
21
1.6325734645669292
0
LINE
8
BLACK
6
CONTINUOUS
10
0.5795745669291339
20
1.6325734645669292
11
0.5791478346456693
21
1.6319348425196849
0
LINE
8
BLACK
6
CONTINUOUS
10
0.5791478346456693
20
1.6319348425196849
11
0.5785092125984251
21
1.6315081102362203
0
LINE
8
BLACK
6
CONTINUOUS
10
0.5785092125984251
20
1.6315081102362203
11
0.577755905511811
21
1.6313582677165355
0
LINE
8
BLACK
6
CONTINUOUS
10
0.577755905511811
20
1.6313582677165355
11
0.5600393700787402
21
1.6313582677165355
0
LINE
8
BLACK
6
CONTINUOUS
10
0.5600393700787402
20
1.6313582677165355
11
0.559286062992126
21
1.6315081102362203
0
LINE
8
BLACK
6
CONTINUOUS
10
0.559286062992126
20
1.6315081102362203
11
0.5586474409448818
21
1.6319348425196849
0
LINE
8
BLACK
6
CONTINUOUS
10
0.5586474409448818
20
1.6319348425196849
11
0.5582207086614173
21
1.6325734645669292
0
LINE
8
BLACK
6
CONTINUOUS
10
0.5582207086614173
20
1.6325734645669292
11
0.5580708661417323
21
1.6333267716535433
0
LINE
8
BLACK
6
CONTINUOUS
10
0.5580708661417323
20
1.6333267716535433
11
0.5580708661417323
21
1.6913976377952755
0
LINE
8
BLACK
6
CONTINUOUS
10
0.5580708661417323
20
1.6913976377952755
11
0.5582207086614173
21
1.6921509448818897
0
LINE
8
BLACK
6
CONTINUOUS
10
0.5582207086614173
20
1.6921509448818897
11
0.5586474409448818
21
1.6927895669291337
0
LINE
8
BLACK
6
CONTINUOUS
10
0.5586474409448818
20
1.6927895669291337
11
0.559286062992126
21
1.6932162992125983
0
LINE
8
BLACK
6
CONTINUOUS
10
0.559286062992126
20
1.6932162992125983
11
0.5600393700787402
21
1.6933661417322834
0
LINE
8
BLACK
6
CONTINUOUS
10
0.5600393700787402
20
1.6933661417322834
11
0.577755905511811
21
1.6933661417322834
0
LINE
8
BLACK
6
CONTINUOUS
10
0.577755905511811
20
1.6933661417322834
11
0.5785092125984251
21
1.6932162992125983
0
LINE
8
BLACK
6
CONTINUOUS
10
0.6040997637795276
20
1.6932162992125983
11
0.6047383858267716
21
1.6927895669291337
0
LINE
8
BLACK
6
CONTINUOUS
10
0.6047383858267716
20
1.6927895669291337
11
0.6051651181102362
21
1.6921509448818897
0
LINE
8
BLACK
6
CONTINUOUS
10
0.6051651181102362
20
1.6921509448818897
11
0.6053149606299213
21
1.6913976377952755
0
LINE
8
BLACK
6
CONTINUOUS
10
0.6053149606299213
20
1.6913976377952755
11
0.6053149606299213
21
1.6333267716535433
0
LINE
8
BLACK
6
CONTINUOUS
10
0.6053149606299213
20
1.6333267716535433
11
0.6051651181102362
21
1.6325734645669292
0
LINE
8
BLACK
6
CONTINUOUS
10
0.6051651181102362
20
1.6325734645669292
11
0.6047383858267716
21
1.6319348425196849
0
LINE
8
BLACK
6
CONTINUOUS
10
0.6047383858267716
20
1.6319348425196849
11
0.6040997637795276
21
1.6315081102362203
0
LINE
8
BLACK
6
CONTINUOUS
10
0.6040997637795276
20
1.6315081102362203
11
0.6033464566929134
21
1.6313582677165355
0
LINE
8
BLACK
6
CONTINUOUS
10
0.6033464566929134
20
1.6313582677165355
11
0.5856299212598425
21
1.6313582677165355
0
LINE
8
BLACK
6
CONTINUOUS
10
0.5856299212598425
20
1.6313582677165355
11
0.5848766141732283
21
1.6315081102362203
0
LINE
8
BLACK
6
CONTINUOUS
10
0.5848766141732283
20
1.6315081102362203
11
0.5842379921259843
21
1.6319348425196849
0
LINE
8
BLACK
6
CONTINUOUS
10
0.5842379921259843
20
1.6319348425196849
11
0.5838112598425197
21
1.6325734645669292
0
LINE
8
BLACK
6
CONTINUOUS
10
0.5838112598425197
20
1.6325734645669292
11
0.5836614173228346
21
1.6333267716535433
0
LINE
8
BLACK
6
CONTINUOUS
10
0.5836614173228346
20
1.6333267716535433
11
0.5836614173228346
21
1.6913976377952755
0
LINE
8
BLACK
6
CONTINUOUS
10
0.5836614173228346
20
1.6913976377952755
11
0.5838112598425197
21
1.6921509448818897
0
LINE
8
BLACK
6
CONTINUOUS
10
0.5838112598425197
20
1.6921509448818897
11
0.5842379921259843
21
1.6927895669291337
0
LINE
8
BLACK
6
CONTINUOUS
10
0.5842379921259843
20
1.6927895669291337
11
0.5848766141732283
21
1.6932162992125983
0
LINE
8
BLACK
6
CONTINUOUS
10
0.5848766141732283
20
1.6932162992125983
11
0.5856299212598425
21
1.6933661417322834
0
LINE
8
BLACK
6
CONTINUOUS
10
0.5856299212598425
20
1.6933661417322834
11
0.6033464566929134
21
1.6933661417322834
0
LINE
8
BLACK
6
CONTINUOUS
10
0.6033464566929134
20
1.6933661417322834
11
0.6040997637795276
21
1.6932162992125983
0
LINE
8
BLACK
6
CONTINUOUS
10
0.6296903149606299
20
1.6932162992125983
11
0.630328937007874
21
1.6927895669291337
0
LINE
8
BLACK
6
CONTINUOUS
10
0.630328937007874
20
1.6927895669291337
11
0.6307556692913385
21
1.6921509448818897
0
LINE
8
BLACK
6
CONTINUOUS
10
0.6307556692913385
20
1.6921509448818897
11
0.6309055118110236
21
1.6913976377952755
0
LINE
8
BLACK
6
CONTINUOUS
10
0.6309055118110236
20
1.6913976377952755
11
0.6309055118110236
21
1.6333267716535433
0
LINE
8
BLACK
6
CONTINUOUS
10
0.6309055118110236
20
1.6333267716535433
11
0.6307556692913385
21
1.6325734645669292
0
LINE
8
BLACK
6
CONTINUOUS
10
0.6307556692913385
20
1.6325734645669292
11
0.630328937007874
21
1.6319348425196849
0
LINE
8
BLACK
6
CONTINUOUS
10
0.630328937007874
20
1.6319348425196849
11
0.6296903149606299
21
1.6315081102362203
0
LINE
8
BLACK
6
CONTINUOUS
10
0.6296903149606299
20
1.6315081102362203
11
0.6289370078740157
21
1.6313582677165355
0
LINE
8
BLACK
6
CONTINUOUS
10
0.6289370078740157
20
1.6313582677165355
11
0.6112204724409449
21
1.6313582677165355
0
LINE
8
BLACK
6
CONTINUOUS
10
0.6112204724409449
20
1.6313582677165355
11
0.6104671653543307
21
1.6315081102362203
0
LINE
8
BLACK
6
CONTINUOUS
10
0.6104671653543307
20
1.6315081102362203
11
0.6098285433070866
21
1.6319348425196849
0
LINE
8
BLACK
6
CONTINUOUS
10
0.6098285433070866
20
1.6319348425196849
11
0.609401811023622
21
1.6325734645669292
0
LINE
8
BLACK
6
CONTINUOUS
10
0.609401811023622
20
1.6325734645669292
11
0.609251968503937
21
1.6333267716535433
0
LINE
8
BLACK
6
CONTINUOUS
10
0.609251968503937
20
1.6333267716535433
11
0.609251968503937
21
1.6913976377952755
0
LINE
8
BLACK
6
CONTINUOUS
10
0.609251968503937
20
1.6913976377952755
11
0.609401811023622
21
1.6921509448818897
0
LINE
8
BLACK
6
CONTINUOUS
10
0.609401811023622
20
1.6921509448818897
11
0.6098285433070866
21
1.6927895669291337
0
LINE
8
BLACK
6
CONTINUOUS
10
0.6098285433070866
20
1.6927895669291337
11
0.6104671653543307
21
1.6932162992125983
0
LINE
8
BLACK
6
CONTINUOUS
10
0.6104671653543307
20
1.6932162992125983
11
0.6112204724409449
21
1.6933661417322834
0
LINE
8
BLACK
6
CONTINUOUS
10
0.6112204724409449
20
1.6933661417322834
11
0.6289370078740157
21
1.6933661417322834
0
LINE
8
BLACK
6
CONTINUOUS
10
0.6289370078740157
20
1.6933661417322834
11
0.6296903149606299
21
1.6932162992125983
0
LINE
8
BLACK
6
CONTINUOUS
10
0.6552808661417323
20
1.6932162992125983
11
0.6559194881889764
21
1.6927895669291337
0
LINE
8
BLACK
6
CONTINUOUS
10
0.6559194881889764
20
1.6927895669291337
11
0.656346220472441
21
1.6921509448818897
0
LINE
8
BLACK
6
CONTINUOUS
10
0.656346220472441
20
1.6921509448818897
11
0.6564960629921259
21
1.6913976377952755
0
LINE
8
BLACK
6
CONTINUOUS
10
0.6564960629921259
20
1.6913976377952755
11
0.6564960629921259
21
1.6333267716535433
0
LINE
8
BLACK
6
CONTINUOUS
10
0.6564960629921259
20
1.6333267716535433
11
0.656346220472441
21
1.6325734645669292
0
LINE
8
BLACK
6
CONTINUOUS
10
0.656346220472441
20
1.6325734645669292
11
0.6559194881889764
21
1.6319348425196849
0
LINE
8
BLACK
6
CONTINUOUS
10
0.6559194881889764
20
1.6319348425196849
11
0.6552808661417323
21
1.6315081102362203
0
LINE
8
BLACK
6
CONTINUOUS
10
0.6552808661417323
20
1.6315081102362203
11
0.6545275590551181
21
1.6313582677165355
0
LINE
8
BLACK
6
CONTINUOUS
10
0.6545275590551181
20
1.6313582677165355
11
0.6368110236220472
21
1.6313582677165355
0
LINE
8
BLACK
6
CONTINUOUS
10
0.6368110236220472
20
1.6313582677165355
11
0.6360577165354331
21
1.6315081102362203
0
LINE
8
BLACK
6
CONTINUOUS
10
0.6360577165354331
20
1.6315081102362203
11
0.635419094488189
21
1.6319348425196849
0
LINE
8
BLACK
6
CONTINUOUS
10
0.635419094488189
20
1.6319348425196849
11
0.6349923622047244
21
1.6325734645669292
0
LINE
8
BLACK
6
CONTINUOUS
10
0.6349923622047244
20
1.6325734645669292
11
0.6348425196850394
21
1.6333267716535433
0
LINE
8
BLACK
6
CONTINUOUS
10
0.6348425196850394
20
1.6333267716535433
11
0.6348425196850394
21
1.6913976377952755
0
LINE
8
BLACK
6
CONTINUOUS
10
0.6348425196850394
20
1.6913976377952755
11
0.6349923622047244
21
1.6921509448818897
0
LINE
8
BLACK
6
CONTINUOUS
10
0.6349923622047244
20
1.6921509448818897
11
0.635419094488189
21
1.6927895669291337
0
LINE
8
BLACK
6
CONTINUOUS
10
0.635419094488189
20
1.6927895669291337
11
0.6360577165354331
21
1.6932162992125983
0
LINE
8
BLACK
6
CONTINUOUS
10
0.6360577165354331
20
1.6932162992125983
11
0.6368110236220472
21
1.6933661417322834
0
LINE
8
BLACK
6
CONTINUOUS
10
0.6368110236220472
20
1.6933661417322834
11
0.6545275590551181
21
1.6933661417322834
0
LINE
8
BLACK
6
CONTINUOUS
10
0.6545275590551181
20
1.6933661417322834
11
0.6552808661417323
21
1.6932162992125983
0
LINE
8
BLACK
6
CONTINUOUS
10
1.5597907874015748
20
1.7034264173228346
11
1.5637614960629922
21
1.7016731889763779
0
LINE
8
BLACK
6
CONTINUOUS
10
1.5637614960629922
20
1.7016731889763779
11
1.5668307086614173
21
1.6986039763779528
0
LINE
8
BLACK
6
CONTINUOUS
10
1.5668307086614173
20
1.6986039763779528
11
1.568583937007874
21
1.6946332677165354
0
LINE
8
BLACK
6
CONTINUOUS
10
1.568583937007874
20
1.6946332677165354
11
1.5688976771653542
21
1.6919291338582676
0
LINE
8
BLACK
6
CONTINUOUS
10
1.5688976771653542
20
1.6919291338582676
11
1.5688976771653542
21
1.6545275590551181
0
LINE
8
BLACK
6
CONTINUOUS
10
1.5688976771653542
20
1.6545275590551181
11
1.568583937007874
21
1.6518234251968504
0
LINE
8
BLACK
6
CONTINUOUS
10
1.568583937007874
20
1.6518234251968504
11
1.5668307086614173
21
1.6478527165354331
0
LINE
8
BLACK
6
CONTINUOUS
10
1.5668307086614173
20
1.6478527165354331
11
1.5637614960629922
21
1.6447835039370078
0
LINE
8
BLACK
6
CONTINUOUS
10
1.5637614960629922
20
1.6447835039370078
11
1.5597907874015748
21
1.643030275590551
0
LINE
8
BLACK
6
CONTINUOUS
10
1.5597907874015748
20
1.643030275590551
11
1.557086653543307
21
1.6427165354330708
0
LINE
8
BLACK
6
CONTINUOUS
10
1.557086653543307
20
1.6427165354330708
11
1.5374016141732283
21
1.6427165354330708
0
LINE
8
BLACK
6
CONTINUOUS
10
1.5374016141732283
20
1.6427165354330708
11
1.5346974803149607
21
1.643030275590551
0
LINE
8
BLACK
6
CONTINUOUS
10
1.5346974803149607
20
1.643030275590551
11
1.5307267716535433
21
1.6447835039370078
0
LINE
8
BLACK
6
CONTINUOUS
10
1.5307267716535433
20
1.6447835039370078
11
1.527657559055118
21
1.6478527165354331
0
LINE
8
BLACK
6
CONTINUOUS
10
1.527657559055118
20
1.6478527165354331
11
1.5259043307086613
21
1.6518234251968504
0
LINE
8
BLACK
6
CONTINUOUS
10
1.5259043307086613
20
1.6518234251968504
11
1.5255905905511811
21
1.6545275590551181
0
LINE
8
BLACK
6
CONTINUOUS
10
1.5255905905511811
20
1.6545275590551181
11
1.5255905905511811
21
1.6919291338582676
0
LINE
8
BLACK
6
CONTINUOUS
10
1.5255905905511811
20
1.6919291338582676
11
1.5259043307086613
21
1.6946332677165354
0
LINE
8
BLACK
6
CONTINUOUS
10
1.5259043307086613
20
1.6946332677165354
11
1.527657559055118
21
1.6986039763779528
0
LINE
8
BLACK
6
CONTINUOUS
10
1.527657559055118
20
1.6986039763779528
11
1.5307267716535433
21
1.7016731889763779
0
LINE
8
BLACK
6
CONTINUOUS
10
1.5307267716535433
20
1.7016731889763779
11
1.5346974803149607
21
1.7034264173228346
0
LINE
8
BLACK
6
CONTINUOUS
10
1.5346974803149607
20
1.7034264173228346
11
1.5374016141732283
21
1.7037401574803148
0
LINE
8
BLACK
6
CONTINUOUS
10
1.5374016141732283
20
1.7037401574803148
11
1.557086653543307
21
1.7037401574803148
0
LINE
8
BLACK
6
CONTINUOUS
10
1.557086653543307
20
1.7037401574803148
11
1.5597907874015748
21
1.7034264173228346
0
LINE
8
BLACK
6
CONTINUOUS
10
1.6345939370078739
20
1.7034264173228346
11
1.6385646456692913
21
1.7016731889763779
0
LINE
8
BLACK
6
CONTINUOUS
10
1.6385646456692913
20
1.7016731889763779
11
1.6416338582677166
21
1.6986039763779528
0
LINE
8
BLACK
6
CONTINUOUS
10
1.6416338582677166
20
1.6986039763779528
11
1.6433870866141731
21
1.6946332677165354
0
LINE
8
BLACK
6
CONTINUOUS
10
1.6433870866141731
20
1.6946332677165354
11
1.6437008267716535
21
1.6919291338582676
0
LINE
8
BLACK
6
CONTINUOUS
10
1.6437008267716535
20
1.6919291338582676
11
1.6437008267716535
21
1.6545275590551181
0
LINE
8
BLACK
6
CONTINUOUS
10
1.6437008267716535
20
1.6545275590551181
11
1.6433870866141731
21
1.6518234251968504
0
LINE
8
BLACK
6
CONTINUOUS
10
1.6433870866141731
20
1.6518234251968504
11
1.6416338582677166
21
1.6478527165354331
0
LINE
8
BLACK
6
CONTINUOUS
10
1.6416338582677166
20
1.6478527165354331
11
1.6385646456692913
21
1.6447835039370078
0
LINE
8
BLACK
6
CONTINUOUS
10
1.6385646456692913
20
1.6447835039370078
11
1.6345939370078739
21
1.643030275590551
0
LINE
8
BLACK
6
CONTINUOUS
10
1.6345939370078739
20
1.643030275590551
11
1.6318898031496063
21
1.6427165354330708
0
LINE
8
BLACK
6
CONTINUOUS
10
1.6318898031496063
20
1.6427165354330708
11
1.6122047637795276
21
1.6427165354330708
0
LINE
8
BLACK
6
CONTINUOUS
10
1.6122047637795276
20
1.6427165354330708
11
1.6095006299212598
21
1.643030275590551
0
LINE
8
BLACK
6
CONTINUOUS
10
1.6095006299212598
20
1.643030275590551
11
1.6055299212598424
21
1.6447835039370078
0
LINE
8
BLACK
6
CONTINUOUS
10
1.6055299212598424
20
1.6447835039370078
11
1.6024607086614173
21
1.6478527165354331
0
LINE
8
BLACK
6
CONTINUOUS
10
1.6024607086614173
20
1.6478527165354331
11
1.6007074803149606
21
1.6518234251968504
0
LINE
8
BLACK
6
CONTINUOUS
10
1.6007074803149606
20
1.6518234251968504
11
1.6003937401574804
21
1.6545275590551181
0
LINE
8
BLACK
6
CONTINUOUS
10
1.6003937401574804
20
1.6545275590551181
11
1.6003937401574804
21
1.6919291338582676
0
LINE
8
BLACK
6
CONTINUOUS
10
1.6003937401574804
20
1.6919291338582676
11
1.6007074803149606
21
1.6946332677165354
0
LINE
8
BLACK
6
CONTINUOUS
10
1.6007074803149606
20
1.6946332677165354
11
1.6024607086614173
21
1.6986039763779528
0
LINE
8
BLACK
6
CONTINUOUS
10
1.6024607086614173
20
1.6986039763779528
11
1.6055299212598424
21
1.7016731889763779
0
LINE
8
BLACK
6
CONTINUOUS
10
1.6055299212598424
20
1.7016731889763779
11
1.6095006299212598
21
1.7034264173228346
0
LINE
8
BLACK
6
CONTINUOUS
10
1.6095006299212598
20
1.7034264173228346
11
1.6122047637795276
21
1.7037401574803148
0
LINE
8
BLACK
6
CONTINUOUS
10
1.6122047637795276
20
1.7037401574803148
11
1.6318898031496063
21
1.7037401574803148
0
LINE
8
BLACK
6
CONTINUOUS
10
1.6318898031496063
20
1.7037401574803148
11
1.6345939370078739
21
1.7034264173228346
0
LINE
8
BLACK
6
CONTINUOUS
10
1.306162874015748
20
1.7346368503937009
11
1.3087173622047243
21
1.7329299606299213
0
LINE
8
BLACK
6
CONTINUOUS
10
1.3087173622047243
20
1.7329299606299213
11
1.3104242519685039
21
1.7303754724409448
0
LINE
8
BLACK
6
CONTINUOUS
10
1.3104242519685039
20
1.7303754724409448
11
1.311023622047244
21
1.7273622047244095
0
LINE
8
BLACK
6
CONTINUOUS
10
1.311023622047244
20
1.7273622047244095
11
1.311023622047244
21
1.6870078740157479
0
LINE
8
BLACK
6
CONTINUOUS
10
1.311023622047244
20
1.6870078740157479
11
1.3104242519685039
21
1.6839946062992126
0
LINE
8
BLACK
6
CONTINUOUS
10
1.3104242519685039
20
1.6839946062992126
11
1.3087173622047243
21
1.6814401181102361
0
LINE
8
BLACK
6
CONTINUOUS
10
1.3087173622047243
20
1.6814401181102361
11
1.306162874015748
21
1.6797332283464566
0
LINE
8
BLACK
6
CONTINUOUS
10
1.306162874015748
20
1.6797332283464566
11
1.3031496062992125
21
1.6791338582677164
0
LINE
8
BLACK
6
CONTINUOUS
10
1.3031496062992125
20
1.6791338582677164
11
1.2913385826771653
21
1.6791338582677164
0
LINE
8
BLACK
6
CONTINUOUS
10
1.2913385826771653
20
1.6791338582677164
11
1.28832531496063
21
1.6797332283464566
0
LINE
8
BLACK
6
CONTINUOUS
10
1.28832531496063
20
1.6797332283464566
11
1.2857708267716534
21
1.6814401181102361
0
LINE
8
BLACK
6
CONTINUOUS
10
1.2857708267716534
20
1.6814401181102361
11
1.2840639370078739
21
1.6839946062992126
0
LINE
8
BLACK
6
CONTINUOUS
10
1.2840639370078739
20
1.6839946062992126
11
1.2834645669291338
21
1.6870078740157479
0
LINE
8
BLACK
6
CONTINUOUS
10
1.2834645669291338
20
1.6870078740157479
11
1.2834645669291338
21
1.7273622047244095
0
LINE
8
BLACK
6
CONTINUOUS
10
1.2834645669291338
20
1.7273622047244095
11
1.2840639370078739
21
1.7303754724409448
0
LINE
8
BLACK
6
CONTINUOUS
10
1.2840639370078739
20
1.7303754724409448
11
1.2857708267716534
21
1.7329299606299213
0
LINE
8
BLACK
6
CONTINUOUS
10
1.2857708267716534
20
1.7329299606299213
11
1.28832531496063
21
1.7346368503937009
0
LINE
8
BLACK
6
CONTINUOUS
10
1.28832531496063
20
1.7346368503937009
11
1.2913385826771653
21
1.735236220472441
0
LINE
8
BLACK
6
CONTINUOUS
10
1.2913385826771653
20
1.735236220472441
11
1.3031496062992125
21
1.735236220472441
0
LINE
8
BLACK
6
CONTINUOUS
10
1.3031496062992125
20
1.735236220472441
11
1.306162874015748
21
1.7346368503937009
0
LINE
8
BLACK
6
CONTINUOUS
10
1.3809660236220471
20
1.7346368503937009
11
1.3835205118110236
21
1.7329299606299213
0
LINE
8
BLACK
6
CONTINUOUS
10
1.3835205118110236
20
1.7329299606299213
11
1.3852274015748032
21
1.7303754724409448
0
LINE
8
BLACK
6
CONTINUOUS
10
1.3852274015748032
20
1.7303754724409448
11
1.3858267716535433
21
1.7273622047244095
0
LINE
8
BLACK
6
CONTINUOUS
10
1.3858267716535433
20
1.7273622047244095
11
1.3858267716535433
21
1.6870078740157479
0
LINE
8
BLACK
6
CONTINUOUS
10
1.3858267716535433
20
1.6870078740157479
11
1.3852274015748032
21
1.6839946062992126
0
LINE
8
BLACK
6
CONTINUOUS
10
1.3852274015748032
20
1.6839946062992126
11
1.3835205118110236
21
1.6814401181102361
0
LINE
8
BLACK
6
CONTINUOUS
10
1.3835205118110236
20
1.6814401181102361
11
1.3809660236220471
21
1.6797332283464566
0
LINE
8
BLACK
6
CONTINUOUS
10
1.3809660236220471
20
1.6797332283464566
11
1.3779527559055118
21
1.6791338582677164
0
LINE
8
BLACK
6
CONTINUOUS
10
1.3779527559055118
20
1.6791338582677164
11
1.3661417322834646
21
1.6791338582677164
0
LINE
8
BLACK
6
CONTINUOUS
10
1.3661417322834646
20
1.6791338582677164
11
1.363128464566929
21
1.6797332283464566
0
LINE
8
BLACK
6
CONTINUOUS
10
1.363128464566929
20
1.6797332283464566
11
1.3605739763779527
21
1.6814401181102361
0
LINE
8
BLACK
6
CONTINUOUS
10
1.3605739763779527
20
1.6814401181102361
11
1.3588670866141732
21
1.6839946062992126
0
LINE
8
BLACK
6
CONTINUOUS
10
1.3588670866141732
20
1.6839946062992126
11
1.3582677165354331
21
1.6870078740157479
0
LINE
8
BLACK
6
CONTINUOUS
10
1.3582677165354331
20
1.6870078740157479
11
1.3582677165354331
21
1.7273622047244095
0
LINE
8
BLACK
6
CONTINUOUS
10
1.3582677165354331
20
1.7273622047244095
11
1.3588670866141732
21
1.7303754724409448
0
LINE
8
BLACK
6
CONTINUOUS
10
1.3588670866141732
20
1.7303754724409448
11
1.3605739763779527
21
1.7329299606299213
0
LINE
8
BLACK
6
CONTINUOUS
10
1.3605739763779527
20
1.7329299606299213
11
1.363128464566929
21
1.7346368503937009
0
LINE
8
BLACK
6
CONTINUOUS
10
1.363128464566929
20
1.7346368503937009
11
1.3661417322834646
21
1.735236220472441
0
LINE
8
BLACK
6
CONTINUOUS
10
1.3661417322834646
20
1.735236220472441
11
1.3779527559055118
21
1.735236220472441
0
LINE
8
BLACK
6
CONTINUOUS
10
1.3779527559055118
20
1.735236220472441
11
1.3809660236220471
21
1.7346368503937009
0
LINE
8
BLACK
6
CONTINUOUS
10
0.84721
20
1.8758344094488189
11
0.8478486220472441
21
1.8754076771653543
0
LINE
8
BLACK
6
CONTINUOUS
10
0.8478486220472441
20
1.8754076771653543
11
0.8482753543307087
21
1.8747690551181102
0
LINE
8
BLACK
6
CONTINUOUS
10
0.8482753543307087
20
1.8747690551181102
11
0.8484251968503936
21
1.8740157480314961
0
LINE
8
BLACK
6
CONTINUOUS
10
0.8484251968503936
20
1.8740157480314961
11
0.8484251968503936
21
1.7047244094488188
0
LINE
8
BLACK
6
CONTINUOUS
10
0.8484251968503936
20
1.7047244094488188
11
0.8482753543307087
21
1.7039711023622046
0
LINE
8
BLACK
6
CONTINUOUS
10
0.8482753543307087
20
1.7039711023622046
11
0.8478486220472441
21
1.7033324803149605
0
LINE
8
BLACK
6
CONTINUOUS
10
0.8478486220472441
20
1.7033324803149605
11
0.84721
21
1.702905748031496
0
LINE
8
BLACK
6
CONTINUOUS
10
0.84721
20
1.702905748031496
11
0.8464566929133858
21
1.7027559055118109
0
LINE
8
BLACK
6
CONTINUOUS
10
0.8464566929133858
20
1.7027559055118109
11
0.7637795275590551
21
1.7027559055118109
0
LINE
8
BLACK
6
CONTINUOUS
10
0.7637795275590551
20
1.7027559055118109
11
0.763026220472441
21
1.702905748031496
0
LINE
8
BLACK
6
CONTINUOUS
10
0.763026220472441
20
1.702905748031496
11
0.7623875984251969
21
1.7033324803149605
0
LINE
8
BLACK
6
CONTINUOUS
10
0.7623875984251969
20
1.7033324803149605
11
0.7619608661417323
21
1.7039711023622046
0
LINE
8
BLACK
6
CONTINUOUS
10
0.7619608661417323
20
1.7039711023622046
11
0.7618110236220472
21
1.7047244094488188
0
LINE
8
BLACK
6
CONTINUOUS
10
0.7618110236220472
20
1.7047244094488188
11
0.7618110236220472
21
1.8740157480314961
0
LINE
8
BLACK
6
CONTINUOUS
10
0.7618110236220472
20
1.8740157480314961
11
0.7619608661417323
21
1.8747690551181102
0
LINE
8
BLACK
6
CONTINUOUS
10
0.7619608661417323
20
1.8747690551181102
11
0.7623875984251969
21
1.8754076771653543
0
LINE
8
BLACK
6
CONTINUOUS
10
0.7623875984251969
20
1.8754076771653543
11
0.763026220472441
21
1.8758344094488189
0
LINE
8
BLACK
6
CONTINUOUS
10
0.763026220472441
20
1.8758344094488189
11
0.7637795275590551
21
1.8759842519685039
0
LINE
8
BLACK
6
CONTINUOUS
10
0.7637795275590551
20
1.8759842519685039
11
0.8464566929133858
21
1.8759842519685039
0
LINE
8
BLACK
6
CONTINUOUS
10
0.8464566929133858
20
1.8759842519685039
11
0.84721
21
1.8758344094488189
0
LINE
8
BLACK
6
CONTINUOUS
10
1.236973779527559
20
1.8758344094488189
11
1.2376124015748031
21
1.8754076771653543
0
LINE
8
BLACK
6
CONTINUOUS
10
1.2376124015748031
20
1.8754076771653543
11
1.2380391338582677
21
1.8747690551181102
0
LINE
8
BLACK
6
CONTINUOUS
10
1.2380391338582677
20
1.8747690551181102
11
1.2381889763779528
21
1.8740157480314961
0
LINE
8
BLACK
6
CONTINUOUS
10
1.2381889763779528
20
1.8740157480314961
11
1.2381889763779528
21
1.7047244094488188
0
LINE
8
BLACK
6
CONTINUOUS
10
1.2381889763779528
20
1.7047244094488188
11
1.2380391338582677
21
1.7039711023622046
0
LINE
8
BLACK
6
CONTINUOUS
10
1.2380391338582677
20
1.7039711023622046
11
1.2376124015748031
21
1.7033324803149605
0
LINE
8
BLACK
6
CONTINUOUS
10
1.2376124015748031
20
1.7033324803149605
11
1.236973779527559
21
1.702905748031496
0
LINE
8
BLACK
6
CONTINUOUS
10
1.236973779527559
20
1.702905748031496
11
1.2362204724409449
21
1.7027559055118109
0
LINE
8
BLACK
6
CONTINUOUS
10
1.2362204724409449
20
1.7027559055118109
11
1.1535433070866141
21
1.7027559055118109
0
LINE
8
BLACK
6
CONTINUOUS
10
1.1535433070866141
20
1.7027559055118109
11
1.15279
21
1.702905748031496
0
LINE
8
BLACK
6
CONTINUOUS
10
1.15279
20
1.702905748031496
11
1.1521513779527559
21
1.7033324803149605
0
LINE
8
BLACK
6
CONTINUOUS
10
1.1521513779527559
20
1.7033324803149605
11
1.1517246456692913
21
1.7039711023622046
0
LINE
8
BLACK
6
CONTINUOUS
10
1.1517246456692913
20
1.7039711023622046
11
1.1515748031496063
21
1.7047244094488188
0
LINE
8
BLACK
6
CONTINUOUS
10
1.1515748031496063
20
1.7047244094488188
11
1.1515748031496063
21
1.8740157480314961
0
LINE
8
BLACK
6
CONTINUOUS
10
1.1515748031496063
20
1.8740157480314961
11
1.1517246456692913
21
1.8747690551181102
0
LINE
8
BLACK
6
CONTINUOUS
10
1.1517246456692913
20
1.8747690551181102
11
1.1521513779527559
21
1.8754076771653543
0
LINE
8
BLACK
6
CONTINUOUS
10
1.1521513779527559
20
1.8754076771653543
11
1.15279
21
1.8758344094488189
0
LINE
8
BLACK
6
CONTINUOUS
10
1.15279
20
1.8758344094488189
11
1.1535433070866141
21
1.8759842519685039
0
LINE
8
BLACK
6
CONTINUOUS
10
1.1535433070866141
20
1.8759842519685039
11
1.2362204724409449
21
1.8759842519685039
0
LINE
8
BLACK
6
CONTINUOUS
10
1.2362204724409449
20
1.8759842519685039
11
1.236973779527559
21
1.8758344094488189
0
LINE
8
BLACK
6
CONTINUOUS
10
1.4702238188976378
20
1.7516547637795274
11
1.4741945275590551
21
1.7499015354330709
0
LINE
8
BLACK
6
CONTINUOUS
10
1.4741945275590551
20
1.7499015354330709
11
1.4772637401574802
21
1.7468323228346456
0
LINE
8
BLACK
6
CONTINUOUS
10
1.4772637401574802
20
1.7468323228346456
11
1.4790169685039369
21
1.7428616141732283
0
LINE
8
BLACK
6
CONTINUOUS
10
1.4790169685039369
20
1.7428616141732283
11
1.4793307086614174
21
1.7401574803149606
0
LINE
8
BLACK
6
CONTINUOUS
10
1.4793307086614174
20
1.7401574803149606
11
1.4793307086614174
21
1.7204724409448819
0
LINE
8
BLACK
6
CONTINUOUS
10
1.4793307086614174
20
1.7204724409448819
11
1.4790169685039369
21
1.7177683070866141
0
LINE
8
BLACK
6
CONTINUOUS
10
1.4790169685039369
20
1.7177683070866141
11
1.4772637401574802
21
1.7137975984251967
0
LINE
8
BLACK
6
CONTINUOUS
10
1.4772637401574802
20
1.7137975984251967
11
1.4741945275590551
21
1.7107283858267717
0
LINE
8
BLACK
6
CONTINUOUS
10
1.4741945275590551
20
1.7107283858267717
11
1.4702238188976378
21
1.7089751574803149
0
LINE
8
BLACK
6
CONTINUOUS
10
1.4702238188976378
20
1.7089751574803149
11
1.4675196850393701
21
1.7086614173228345
0
LINE
8
BLACK
6
CONTINUOUS
10
1.4675196850393701
20
1.7086614173228345
11
1.4301181102362204
21
1.7086614173228345
0
LINE
8
BLACK
6
CONTINUOUS
10
1.4301181102362204
20
1.7086614173228345
11
1.4274139763779528
21
1.7089751574803149
0
LINE
8
BLACK
6
CONTINUOUS
10
1.4274139763779528
20
1.7089751574803149
11
1.4234432677165354
21
1.7107283858267717
0
LINE
8
BLACK
6
CONTINUOUS
10
1.4234432677165354
20
1.7107283858267717
11
1.4203740551181101
21
1.7137975984251967
0
LINE
8
BLACK
6
CONTINUOUS
10
1.4203740551181101
20
1.7137975984251967
11
1.4186208267716536
21
1.7177683070866141
0
LINE
8
BLACK
6
CONTINUOUS
10
1.4186208267716536
20
1.7177683070866141
11
1.4183070866141732
21
1.7204724409448819
0
LINE
8
BLACK
6
CONTINUOUS
10
1.4183070866141732
20
1.7204724409448819
11
1.4183070866141732
21
1.7401574803149606
0
LINE
8
BLACK
6
CONTINUOUS
10
1.4183070866141732
20
1.7401574803149606
11
1.4186208267716536
21
1.7428616141732283
0
LINE
8
BLACK
6
CONTINUOUS
10
1.4186208267716536
20
1.7428616141732283
11
1.4203740551181101
21
1.7468323228346456
0
LINE
8
BLACK
6
CONTINUOUS
10
1.4203740551181101
20
1.7468323228346456
11
1.4234432677165354
21
1.7499015354330709
0
LINE
8
BLACK
6
CONTINUOUS
10
1.4234432677165354
20
1.7499015354330709
11
1.4274139763779528
21
1.7516547637795274
0
LINE
8
BLACK
6
CONTINUOUS
10
1.4274139763779528
20
1.7516547637795274
11
1.4301181102362204
21
1.7519685039370079
0
LINE
8
BLACK
6
CONTINUOUS
10
1.4301181102362204
20
1.7519685039370079
11
1.4675196850393701
21
1.7519685039370079
0
LINE
8
BLACK
6
CONTINUOUS
10
1.4675196850393701
20
1.7519685039370079
11
1.4702238188976378
21
1.7516547637795274
0
LINE
8
BLACK
6
CONTINUOUS
10
0.4101844488188977
20
1.7851193307086615
11
0.414155157480315
21
1.7833661023622047
0
LINE
8
BLACK
6
CONTINUOUS
10
0.414155157480315
20
1.7833661023622047
11
0.4172243700787401
21
1.7802968897637794
0
LINE
8
BLACK
6
CONTINUOUS
10
0.4172243700787401
20
1.7802968897637794
11
0.4189775984251968
21
1.7763261811023621
0
LINE
8
BLACK
6
CONTINUOUS
10
0.4189775984251968
20
1.7763261811023621
11
0.4192913385826771
21
1.7736220472440944
0
LINE
8
BLACK
6
CONTINUOUS
10
0.4192913385826771
20
1.7736220472440944
11
0.4192913385826771
21
1.7529527559055118
0
LINE
8
BLACK
6
CONTINUOUS
10
0.4192913385826771
20
1.7529527559055118
11
0.4189775984251968
21
1.750248622047244
0
LINE
8
BLACK
6
CONTINUOUS
10
0.4189775984251968
20
1.750248622047244
11
0.4172243700787401
21
1.7462779133858268
0
LINE
8
BLACK
6
CONTINUOUS
10
0.4172243700787401
20
1.7462779133858268
11
0.414155157480315
21
1.7432087007874015
0
LINE
8
BLACK
6
CONTINUOUS
10
0.414155157480315
20
1.7432087007874015
11
0.4101844488188977
21
1.7414554724409448
0
LINE
8
BLACK
6
CONTINUOUS
10
0.4101844488188977
20
1.7414554724409448
11
0.4074803149606299
21
1.7411417322834646
0
LINE
8
BLACK
6
CONTINUOUS
10
0.4074803149606299
20
1.7411417322834646
11
0.3720472440944882
21
1.7411417322834646
0
LINE
8
BLACK
6
CONTINUOUS
10
0.3720472440944882
20
1.7411417322834646
11
0.3693431102362205
21
1.7414554724409448
0
LINE
8
BLACK
6
CONTINUOUS
10
0.3693431102362205
20
1.7414554724409448
11
0.3653724015748032
21
1.7432087007874015
0
LINE
8
BLACK
6
CONTINUOUS
10
0.3653724015748032
20
1.7432087007874015
11
0.3623031889763779
21
1.7462779133858268
0
LINE
8
BLACK
6
CONTINUOUS
10
0.3623031889763779
20
1.7462779133858268
11
0.3605499606299212
21
1.750248622047244
0
LINE
8
BLACK
6
CONTINUOUS
10
0.3605499606299212
20
1.750248622047244
11
0.3602362204724409
21
1.7529527559055118
0
LINE
8
BLACK
6
CONTINUOUS
10
0.3602362204724409
20
1.7529527559055118
11
0.3602362204724409
21
1.7736220472440944
0
LINE
8
BLACK
6
CONTINUOUS
10
0.3602362204724409
20
1.7736220472440944
11
0.3605499606299212
21
1.7763261811023621
0
LINE
8
BLACK
6
CONTINUOUS
10
0.3605499606299212
20
1.7763261811023621
11
0.3623031889763779
21
1.7802968897637794
0
LINE
8
BLACK
6
CONTINUOUS
10
0.3623031889763779
20
1.7802968897637794
11
0.3653724015748032
21
1.7833661023622047
0
LINE
8
BLACK
6
CONTINUOUS
10
0.3653724015748032
20
1.7833661023622047
11
0.3693431102362205
21
1.7851193307086615
0
LINE
8
BLACK
6
CONTINUOUS
10
0.3693431102362205
20
1.7851193307086615
11
0.3720472440944882
21
1.7854330708661417
0
LINE
8
BLACK
6
CONTINUOUS
10
0.3720472440944882
20
1.7854330708661417
11
0.4074803149606299
21
1.7854330708661417
0
LINE
8
BLACK
6
CONTINUOUS
10
0.4074803149606299
20
1.7854330708661417
11
0.4101844488188977
21
1.7851193307086615
0
LINE
8
BLACK
6
CONTINUOUS
10
1.306162874015748
20
1.824203779527559
11
1.3087173622047243
21
1.8224968897637794
0
LINE
8
BLACK
6
CONTINUOUS
10
1.3087173622047243
20
1.8224968897637794
11
1.3104242519685039
21
1.8199424015748031
0
LINE
8
BLACK
6
CONTINUOUS
10
1.3104242519685039
20
1.8199424015748031
11
1.311023622047244
21
1.8169291338582676
0
LINE
8
BLACK
6
CONTINUOUS
10
1.311023622047244
20
1.8169291338582676
11
1.311023622047244
21
1.7765748031496063
0
LINE
8
BLACK
6
CONTINUOUS
10
1.311023622047244
20
1.7765748031496063
11
1.3104242519685039
21
1.7735615354330709
0
LINE
8
BLACK
6
CONTINUOUS
10
1.3104242519685039
20
1.7735615354330709
11
1.3087173622047243
21
1.7710070472440944
0
LINE
8
BLACK
6
CONTINUOUS
10
1.3087173622047243
20
1.7710070472440944
11
1.306162874015748
21
1.7693001574803149
0
LINE
8
BLACK
6
CONTINUOUS
10
1.306162874015748
20
1.7693001574803149
11
1.3031496062992125
21
1.7687007874015748
0
LINE
8
BLACK
6
CONTINUOUS
10
1.3031496062992125
20
1.7687007874015748
11
1.2913385826771653
21
1.7687007874015748
0
LINE
8
BLACK
6
CONTINUOUS
10
1.2913385826771653
20
1.7687007874015748
11
1.28832531496063
21
1.7693001574803149
0
LINE
8
BLACK
6
CONTINUOUS
10
1.28832531496063
20
1.7693001574803149
11
1.2857708267716534
21
1.7710070472440944
0
LINE
8
BLACK
6
CONTINUOUS
10
1.2857708267716534
20
1.7710070472440944
11
1.2840639370078739
21
1.7735615354330709
0
LINE
8
BLACK
6
CONTINUOUS
10
1.2840639370078739
20
1.7735615354330709
11
1.2834645669291338
21
1.7765748031496063
0
LINE
8
BLACK
6
CONTINUOUS
10
1.2834645669291338
20
1.7765748031496063
11
1.2834645669291338
21
1.8169291338582676
0
LINE
8
BLACK
6
CONTINUOUS
10
1.2834645669291338
20
1.8169291338582676
11
1.2840639370078739
21
1.8199424015748031
0
LINE
8
BLACK
6
CONTINUOUS
10
1.2840639370078739
20
1.8199424015748031
11
1.2857708267716534
21
1.8224968897637794
0
LINE
8
BLACK
6
CONTINUOUS
10
1.2857708267716534
20
1.8224968897637794
11
1.28832531496063
21
1.824203779527559
0
LINE
8
BLACK
6
CONTINUOUS
10
1.28832531496063
20
1.824203779527559
11
1.2913385826771653
21
1.8248031496062991
0
LINE
8
BLACK
6
CONTINUOUS
10
1.2913385826771653
20
1.8248031496062991
11
1.3031496062992125
21
1.8248031496062991
0
LINE
8
BLACK
6
CONTINUOUS
10
1.3031496062992125
20
1.8248031496062991
11
1.306162874015748
21
1.824203779527559
0
LINE
8
BLACK
6
CONTINUOUS
10
1.3435644488188976
20
1.824203779527559
11
1.3461189370078739
21
1.8224968897637794
0
LINE
8
BLACK
6
CONTINUOUS
10
1.3461189370078739
20
1.8224968897637794
11
1.3478258267716534
21
1.8199424015748031
0
LINE
8
BLACK
6
CONTINUOUS
10
1.3478258267716534
20
1.8199424015748031
11
1.3484251968503937
21
1.8169291338582676
0
LINE
8
BLACK
6
CONTINUOUS
10
1.3484251968503937
20
1.8169291338582676
11
1.3484251968503937
21
1.7765748031496063
0
LINE
8
BLACK
6
CONTINUOUS
10
1.3484251968503937
20
1.7765748031496063
11
1.3478258267716534
21
1.7735615354330709
0
LINE
8
BLACK
6
CONTINUOUS
10
1.3478258267716534
20
1.7735615354330709
11
1.3461189370078739
21
1.7710070472440944
0
LINE
8
BLACK
6
CONTINUOUS
10
1.3461189370078739
20
1.7710070472440944
11
1.3435644488188976
21
1.7693001574803149
0
LINE
8
BLACK
6
CONTINUOUS
10
1.3435644488188976
20
1.7693001574803149
11
1.3405511811023623
21
1.7687007874015748
0
LINE
8
BLACK
6
CONTINUOUS
10
1.3405511811023623
20
1.7687007874015748
11
1.3287401574803148
21
1.7687007874015748
0
LINE
8
BLACK
6
CONTINUOUS
10
1.3287401574803148
20
1.7687007874015748
11
1.3257268897637795
21
1.7693001574803149
0
LINE
8
BLACK
6
CONTINUOUS
10
1.3257268897637795
20
1.7693001574803149
11
1.3231724015748032
21
1.7710070472440944
0
LINE
8
BLACK
6
CONTINUOUS
10
1.3231724015748032
20
1.7710070472440944
11
1.3214655118110237
21
1.7735615354330709
0
LINE
8
BLACK
6
CONTINUOUS
10
1.3214655118110237
20
1.7735615354330709
11
1.3208661417322833
21
1.7765748031496063
0
LINE
8
BLACK
6
CONTINUOUS
10
1.3208661417322833
20
1.7765748031496063
11
1.3208661417322833
21
1.8169291338582676
0
LINE
8
BLACK
6
CONTINUOUS
10
1.3208661417322833
20
1.8169291338582676
11
1.3214655118110237
21
1.8199424015748031
0
LINE
8
BLACK
6
CONTINUOUS
10
1.3214655118110237
20
1.8199424015748031
11
1.3231724015748032
21
1.8224968897637794
0
LINE
8
BLACK
6
CONTINUOUS
10
1.3231724015748032
20
1.8224968897637794
11
1.3257268897637795
21
1.824203779527559
0
LINE
8
BLACK
6
CONTINUOUS
10
1.3257268897637795
20
1.824203779527559
11
1.3287401574803148
21
1.8248031496062991
0
LINE
8
BLACK
6
CONTINUOUS
10
1.3287401574803148
20
1.8248031496062991
11
1.3405511811023623
21
1.8248031496062991
0
LINE
8
BLACK
6
CONTINUOUS
10
1.3405511811023623
20
1.8248031496062991
11
1.3435644488188976
21
1.824203779527559
0
LINE
8
BLACK
6
CONTINUOUS
10
1.3809660236220471
20
1.824203779527559
11
1.3835205118110236
21
1.8224968897637794
0
LINE
8
BLACK
6
CONTINUOUS
10
1.3835205118110236
20
1.8224968897637794
11
1.3852274015748032
21
1.8199424015748031
0
LINE
8
BLACK
6
CONTINUOUS
10
1.3852274015748032
20
1.8199424015748031
11
1.3858267716535433
21
1.8169291338582676
0
LINE
8
BLACK
6
CONTINUOUS
10
1.3858267716535433
20
1.8169291338582676
11
1.3858267716535433
21
1.7765748031496063
0
LINE
8
BLACK
6
CONTINUOUS
10
1.3858267716535433
20
1.7765748031496063
11
1.3852274015748032
21
1.7735615354330709
0
LINE
8
BLACK
6
CONTINUOUS
10
1.3852274015748032
20
1.7735615354330709
11
1.3835205118110236
21
1.7710070472440944
0
LINE
8
BLACK
6
CONTINUOUS
10
1.3835205118110236
20
1.7710070472440944
11
1.3809660236220471
21
1.7693001574803149
0
LINE
8
BLACK
6
CONTINUOUS
10
1.3809660236220471
20
1.7693001574803149
11
1.3779527559055118
21
1.7687007874015748
0
LINE
8
BLACK
6
CONTINUOUS
10
1.3779527559055118
20
1.7687007874015748
11
1.3661417322834646
21
1.7687007874015748
0
LINE
8
BLACK
6
CONTINUOUS
10
1.3661417322834646
20
1.7687007874015748
11
1.363128464566929
21
1.7693001574803149
0
LINE
8
BLACK
6
CONTINUOUS
10
1.363128464566929
20
1.7693001574803149
11
1.3605739763779527
21
1.7710070472440944
0
LINE
8
BLACK
6
CONTINUOUS
10
1.3605739763779527
20
1.7710070472440944
11
1.3588670866141732
21
1.7735615354330709
0
LINE
8
BLACK
6
CONTINUOUS
10
1.3588670866141732
20
1.7735615354330709
11
1.3582677165354331
21
1.7765748031496063
0
LINE
8
BLACK
6
CONTINUOUS
10
1.3582677165354331
20
1.7765748031496063
11
1.3582677165354331
21
1.8169291338582676
0
LINE
8
BLACK
6
CONTINUOUS
10
1.3582677165354331
20
1.8169291338582676
11
1.3588670866141732
21
1.8199424015748031
0
LINE
8
BLACK
6
CONTINUOUS
10
1.3588670866141732
20
1.8199424015748031
11
1.3605739763779527
21
1.8224968897637794
0
LINE
8
BLACK
6
CONTINUOUS
10
1.3605739763779527
20
1.8224968897637794
11
1.363128464566929
21
1.824203779527559
0
LINE
8
BLACK
6
CONTINUOUS
10
1.363128464566929
20
1.824203779527559
11
1.3661417322834646
21
1.8248031496062991
0
LINE
8
BLACK
6
CONTINUOUS
10
1.3661417322834646
20
1.8248031496062991
11
1.3779527559055118
21
1.8248031496062991
0
LINE
8
BLACK
6
CONTINUOUS
10
1.3779527559055118
20
1.8248031496062991
11
1.3809660236220471
21
1.824203779527559
0
LINE
8
BLACK
6
CONTINUOUS
10
1.4702238188976378
20
1.8264579133858267
11
1.4741945275590551
21
1.82470468503937
0
LINE
8
BLACK
6
CONTINUOUS
10
1.4741945275590551
20
1.82470468503937
11
1.4772637401574802
21
1.8216354724409449
0
LINE
8
BLACK
6
CONTINUOUS
10
1.4772637401574802
20
1.8216354724409449
11
1.4790169685039369
21
1.8176647637795276
0
LINE
8
BLACK
6
CONTINUOUS
10
1.4790169685039369
20
1.8176647637795276
11
1.4793307086614174
21
1.8149606299212597
0
LINE
8
BLACK
6
CONTINUOUS
10
1.4793307086614174
20
1.8149606299212597
11
1.4793307086614174
21
1.795275590551181
0
LINE
8
BLACK
6
CONTINUOUS
10
1.4793307086614174
20
1.795275590551181
11
1.4790169685039369
21
1.7925714566929134
0
LINE
8
BLACK
6
CONTINUOUS
10
1.4790169685039369
20
1.7925714566929134
11
1.4772637401574802
21
1.788600748031496
0
LINE
8
BLACK
6
CONTINUOUS
10
1.4772637401574802
20
1.788600748031496
11
1.4741945275590551
21
1.7855315354330707
0
LINE
8
BLACK
6
CONTINUOUS
10
1.4741945275590551
20
1.7855315354330707
11
1.4702238188976378
21
1.7837783070866142
0
LINE
8
BLACK
6
CONTINUOUS
10
1.4702238188976378
20
1.7837783070866142
11
1.4675196850393701
21
1.7834645669291338
0
LINE
8
BLACK
6
CONTINUOUS
10
1.4675196850393701
20
1.7834645669291338
11
1.4301181102362204
21
1.7834645669291338
0
LINE
8
BLACK
6
CONTINUOUS
10
1.4301181102362204
20
1.7834645669291338
11
1.4274139763779528
21
1.7837783070866142
0
LINE
8
BLACK
6
CONTINUOUS
10
1.4274139763779528
20
1.7837783070866142
11
1.4234432677165354
21
1.7855315354330707
0
LINE
8
BLACK
6
CONTINUOUS
10
1.4234432677165354
20
1.7855315354330707
11
1.4203740551181101
21
1.788600748031496
0
LINE
8
BLACK
6
CONTINUOUS
10
1.4203740551181101
20
1.788600748031496
11
1.4186208267716536
21
1.7925714566929134
0
LINE
8
BLACK
6
CONTINUOUS
10
1.4186208267716536
20
1.7925714566929134
11
1.4183070866141732
21
1.795275590551181
0
LINE
8
BLACK
6
CONTINUOUS
10
1.4183070866141732
20
1.795275590551181
11
1.4183070866141732
21
1.8149606299212597
0
LINE
8
BLACK
6
CONTINUOUS
10
1.4183070866141732
20
1.8149606299212597
11
1.4186208267716536
21
1.8176647637795276
0
LINE
8
BLACK
6
CONTINUOUS
10
1.4186208267716536
20
1.8176647637795276
11
1.4203740551181101
21
1.8216354724409449
0
LINE
8
BLACK
6
CONTINUOUS
10
1.4203740551181101
20
1.8216354724409449
11
1.4234432677165354
21
1.82470468503937
0
LINE
8
BLACK
6
CONTINUOUS
10
1.4234432677165354
20
1.82470468503937
11
1.4274139763779528
21
1.8264579133858267
0
LINE
8
BLACK
6
CONTINUOUS
10
1.4274139763779528
20
1.8264579133858267
11
1.4301181102362204
21
1.826771653543307
0
LINE
8
BLACK
6
CONTINUOUS
10
1.4301181102362204
20
1.826771653543307
11
1.4675196850393701
21
1.826771653543307
0
LINE
8
BLACK
6
CONTINUOUS
10
1.4675196850393701
20
1.826771653543307
11
1.4702238188976378
21
1.8264579133858267
0
LINE
8
BLACK
6
CONTINUOUS
10
0.4101844488188977
20
1.8569697244094487
11
0.414155157480315
21
1.855216496062992
0
LINE
8
BLACK
6
CONTINUOUS
10
0.414155157480315
20
1.855216496062992
11
0.4172243700787401
21
1.8521472834645669
0
LINE
8
BLACK
6
CONTINUOUS
10
0.4172243700787401
20
1.8521472834645669
11
0.4189775984251968
21
1.8481765748031496
0
LINE
8
BLACK
6
CONTINUOUS
10
0.4189775984251968
20
1.8481765748031496
11
0.4192913385826771
21
1.8454724409448819
0
LINE
8
BLACK
6
CONTINUOUS
10
0.4192913385826771
20
1.8454724409448819
11
0.4192913385826771
21
1.8248031496062991
0
LINE
8
BLACK
6
CONTINUOUS
10
0.4192913385826771
20
1.8248031496062991
11
0.4189775984251968
21
1.8220990157480315
0
LINE
8
BLACK
6
CONTINUOUS
10
0.4189775984251968
20
1.8220990157480315
11
0.4172243700787401
21
1.8181283070866141
0
LINE
8
BLACK
6
CONTINUOUS
10
0.4172243700787401
20
1.8181283070866141
11
0.414155157480315
21
1.815059094488189
0
LINE
8
BLACK
6
CONTINUOUS
10
0.414155157480315
20
1.815059094488189
11
0.4101844488188977
21
1.8133058661417323
0
LINE
8
BLACK
6
CONTINUOUS
10
0.4101844488188977
20
1.8133058661417323
11
0.4074803149606299
21
1.8129921259842519
0
LINE
8
BLACK
6
CONTINUOUS
10
0.4074803149606299
20
1.8129921259842519
11
0.3720472440944882
21
1.8129921259842519
0
LINE
8
BLACK
6
CONTINUOUS
10
0.3720472440944882
20
1.8129921259842519
11
0.3693431102362205
21
1.8133058661417323
0
LINE
8
BLACK
6
CONTINUOUS
10
0.3693431102362205
20
1.8133058661417323
11
0.3653724015748032
21
1.815059094488189
0
LINE
8
BLACK
6
CONTINUOUS
10
0.3653724015748032
20
1.815059094488189
11
0.3623031889763779
21
1.8181283070866141
0
LINE
8
BLACK
6
CONTINUOUS
10
0.3623031889763779
20
1.8181283070866141
11
0.3605499606299212
21
1.8220990157480315
0
LINE
8
BLACK
6
CONTINUOUS
10
0.3605499606299212
20
1.8220990157480315
11
0.3602362204724409
21
1.8248031496062991
0
LINE
8
BLACK
6
CONTINUOUS
10
0.3602362204724409
20
1.8248031496062991
11
0.3602362204724409
21
1.8454724409448819
0
LINE
8
BLACK
6
CONTINUOUS
10
0.3602362204724409
20
1.8454724409448819
11
0.3605499606299212
21
1.8481765748031496
0
LINE
8
BLACK
6
CONTINUOUS
10
0.3605499606299212
20
1.8481765748031496
11
0.3623031889763779
21
1.8521472834645669
0
LINE
8
BLACK
6
CONTINUOUS
10
0.3623031889763779
20
1.8521472834645669
11
0.3653724015748032
21
1.855216496062992
0
LINE
8
BLACK
6
CONTINUOUS
10
0.3653724015748032
20
1.855216496062992
11
0.3693431102362205
21
1.8569697244094487
0
LINE
8
BLACK
6
CONTINUOUS
10
0.3693431102362205
20
1.8569697244094487
11
0.3720472440944882
21
1.8572834645669292
0
LINE
8
BLACK
6
CONTINUOUS
10
0.3720472440944882
20
1.8572834645669292
11
0.4074803149606299
21
1.8572834645669292
0
LINE
8
BLACK
6
CONTINUOUS
10
0.4074803149606299
20
1.8572834645669292
11
0.4101844488188977
21
1.8569697244094487
0
LINE
8
BLACK
6
CONTINUOUS
10
1.3102828346456692
20
1.9071665748031497
11
1.3142535433070865
21
1.9054133464566929
0
LINE
8
BLACK
6
CONTINUOUS
10
1.3142535433070865
20
1.9054133464566929
11
1.3173227559055118
21
1.9023441338582676
0
LINE
8
BLACK
6
CONTINUOUS
10
1.3173227559055118
20
1.9023441338582676
11
1.3190759842519684
21
1.8983734251968503
0
LINE
8
BLACK
6
CONTINUOUS
10
1.3190759842519684
20
1.8983734251968503
11
1.3193897244094488
21
1.8956692913385826
0
LINE
8
BLACK
6
CONTINUOUS
10
1.3193897244094488
20
1.8956692913385826
11
1.3193897244094488
21
1.860236220472441
0
LINE
8
BLACK
6
CONTINUOUS
10
1.3193897244094488
20
1.860236220472441
11
1.3190759842519684
21
1.8575320866141731
0
LINE
8
BLACK
6
CONTINUOUS
10
1.3190759842519684
20
1.8575320866141731
11
1.3173227559055118
21
1.8535613779527558
0
LINE
8
BLACK
6
CONTINUOUS
10
1.3173227559055118
20
1.8535613779527558
11
1.3142535433070865
21
1.8504921653543307
0
LINE
8
BLACK
6
CONTINUOUS
10
1.3142535433070865
20
1.8504921653543307
11
1.3102828346456692
21
1.848738937007874
0
LINE
8
BLACK
6
CONTINUOUS
10
1.3102828346456692
20
1.848738937007874
11
1.3075787007874016
21
1.8484251968503937
0
LINE
8
BLACK
6
CONTINUOUS
10
1.3075787007874016
20
1.8484251968503937
11
1.2869094094488189
21
1.8484251968503937
0
LINE
8
BLACK
6
CONTINUOUS
10
1.2869094094488189
20
1.8484251968503937
11
1.2842052755905511
21
1.848738937007874
0
LINE
8
BLACK
6
CONTINUOUS
10
1.2842052755905511
20
1.848738937007874
11
1.2802345669291337
21
1.8504921653543307
0
LINE
8
BLACK
6
CONTINUOUS
10
1.2802345669291337
20
1.8504921653543307
11
1.2771653543307087
21
1.8535613779527558
0
LINE
8
BLACK
6
CONTINUOUS
10
1.2771653543307087
20
1.8535613779527558
11
1.2754121259842519
21
1.8575320866141731
0
LINE
8
BLACK
6
CONTINUOUS
10
1.2754121259842519
20
1.8575320866141731
11
1.2750983858267717
21
1.860236220472441
0
LINE
8
BLACK
6
CONTINUOUS
10
1.2750983858267717
20
1.860236220472441
11
1.2750983858267717
21
1.8956692913385826
0
LINE
8
BLACK
6
CONTINUOUS
10
1.2750983858267717
20
1.8956692913385826
11
1.2754121259842519
21
1.8983734251968503
0
LINE
8
BLACK
6
CONTINUOUS
10
1.2754121259842519
20
1.8983734251968503
11
1.2771653543307087
21
1.9023441338582676
0
LINE
8
BLACK
6
CONTINUOUS
10
1.2771653543307087
20
1.9023441338582676
11
1.2802345669291337
21
1.9054133464566929
0
LINE
8
BLACK
6
CONTINUOUS
10
1.2802345669291337
20
1.9054133464566929
11
1.2842052755905511
21
1.9071665748031497
0
LINE
8
BLACK
6
CONTINUOUS
10
1.2842052755905511
20
1.9071665748031497
11
1.2869094094488189
21
1.9074803149606299
0
LINE
8
BLACK
6
CONTINUOUS
10
1.2869094094488189
20
1.9074803149606299
11
1.3075787007874016
21
1.9074803149606299
0
LINE
8
BLACK
6
CONTINUOUS
10
1.3075787007874016
20
1.9074803149606299
11
1.3102828346456692
21
1.9071665748031497
0
LINE
8
BLACK
6
CONTINUOUS
10
1.3821332283464567
20
1.9071665748031497
11
1.386103937007874
21
1.9054133464566929
0
LINE
8
BLACK
6
CONTINUOUS
10
1.386103937007874
20
1.9054133464566929
11
1.3891731496062991
21
1.9023441338582676
0
LINE
8
BLACK
6
CONTINUOUS
10
1.3891731496062991
20
1.9023441338582676
11
1.3909263779527559
21
1.8983734251968503
0
LINE
8
BLACK
6
CONTINUOUS
10
1.3909263779527559
20
1.8983734251968503
11
1.3912401181102363
21
1.8956692913385826
0
LINE
8
BLACK
6
CONTINUOUS
10
1.3912401181102363
20
1.8956692913385826
11
1.3912401181102363
21
1.860236220472441
0
LINE
8
BLACK
6
CONTINUOUS
10
1.3912401181102363
20
1.860236220472441
11
1.3909263779527559
21
1.8575320866141731
0
LINE
8
BLACK
6
CONTINUOUS
10
1.3909263779527559
20
1.8575320866141731
11
1.3891731496062991
21
1.8535613779527558
0
LINE
8
BLACK
6
CONTINUOUS
10
1.3891731496062991
20
1.8535613779527558
11
1.386103937007874
21
1.8504921653543307
0
LINE
8
BLACK
6
CONTINUOUS
10
1.386103937007874
20
1.8504921653543307
11
1.3821332283464567
21
1.848738937007874
0
LINE
8
BLACK
6
CONTINUOUS
10
1.3821332283464567
20
1.848738937007874
11
1.3794290944881888
21
1.8484251968503937
0
LINE
8
BLACK
6
CONTINUOUS
10
1.3794290944881888
20
1.8484251968503937
11
1.3587598031496062
21
1.8484251968503937
0
LINE
8
BLACK
6
CONTINUOUS
10
1.3587598031496062
20
1.8484251968503937
11
1.3560556692913386
21
1.848738937007874
0
LINE
8
BLACK
6
CONTINUOUS
10
1.3560556692913386
20
1.848738937007874
11
1.3520849606299212
21
1.8504921653543307
0
LINE
8
BLACK
6
CONTINUOUS
10
1.3520849606299212
20
1.8504921653543307
11
1.3490157480314959
21
1.8535613779527558
0
LINE
8
BLACK
6
CONTINUOUS
10
1.3490157480314959
20
1.8535613779527558
11
1.3472625196850394
21
1.8575320866141731
0
LINE
8
BLACK
6
CONTINUOUS
10
1.3472625196850394
20
1.8575320866141731
11
1.346948779527559
21
1.860236220472441
0
LINE
8
BLACK
6
CONTINUOUS
10
1.346948779527559
20
1.860236220472441
11
1.346948779527559
21
1.8956692913385826
0
LINE
8
BLACK
6
CONTINUOUS
10
1.346948779527559
20
1.8956692913385826
11
1.3472625196850394
21
1.8983734251968503
0
LINE
8
BLACK
6
CONTINUOUS
10
1.3472625196850394
20
1.8983734251968503
11
1.3490157480314959
21
1.9023441338582676
0
LINE
8
BLACK
6
CONTINUOUS
10
1.3490157480314959
20
1.9023441338582676
11
1.3520849606299212
21
1.9054133464566929
0
LINE
8
BLACK
6
CONTINUOUS
10
1.3520849606299212
20
1.9054133464566929
11
1.3560556692913386
21
1.9071665748031497
0
LINE
8
BLACK
6
CONTINUOUS
10
1.3560556692913386
20
1.9071665748031497
11
1.3587598031496062
21
1.9074803149606299
0
LINE
8
BLACK
6
CONTINUOUS
10
1.3587598031496062
20
1.9074803149606299
11
1.3794290944881888
21
1.9074803149606299
0
LINE
8
BLACK
6
CONTINUOUS
10
1.3794290944881888
20
1.9074803149606299
11
1.3821332283464567
21
1.9071665748031497
0
LINE
8
BLACK
6
CONTINUOUS
10
0.4761470078740158
20
1.9245548818897638
11
0.4767856299212598
21
1.9241281496062992
0
LINE
8
BLACK
6
CONTINUOUS
10
0.4767856299212598
20
1.9241281496062992
11
0.4772123622047244
21
1.9234895275590551
0
LINE
8
BLACK
6
CONTINUOUS
10
0.4772123622047244
20
1.9234895275590551
11
0.4773622047244094
21
1.922736220472441
0
LINE
8
BLACK
6
CONTINUOUS
10
0.4773622047244094
20
1.922736220472441
11
0.4773622047244094
21
1.8646653543307086
0
LINE
8
BLACK
6
CONTINUOUS
10
0.4773622047244094
20
1.8646653543307086
11
0.4772123622047244
21
1.8639120472440944
0
LINE
8
BLACK
6
CONTINUOUS
10
0.4772123622047244
20
1.8639120472440944
11
0.4767856299212598
21
1.8632734251968504
0
LINE
8
BLACK
6
CONTINUOUS
10
0.4767856299212598
20
1.8632734251968504
11
0.4761470078740158
21
1.8628466929133858
0
LINE
8
BLACK
6
CONTINUOUS
10
0.4761470078740158
20
1.8628466929133858
11
0.4753937007874016
21
1.8626968503937007
0
LINE
8
BLACK
6
CONTINUOUS
10
0.4753937007874016
20
1.8626968503937007
11
0.4576771653543307
21
1.8626968503937007
0
LINE
8
BLACK
6
CONTINUOUS
10
0.4576771653543307
20
1.8626968503937007
11
0.4569238582677165
21
1.8628466929133858
0
LINE
8
BLACK
6
CONTINUOUS
10
0.4569238582677165
20
1.8628466929133858
11
0.4562852362204725
21
1.8632734251968504
0
LINE
8
BLACK
6
CONTINUOUS
10
0.4562852362204725
20
1.8632734251968504
11
0.4558585039370079
21
1.8639120472440944
0
LINE
8
BLACK
6
CONTINUOUS
10
0.4558585039370079
20
1.8639120472440944
11
0.4557086614173228
21
1.8646653543307086
0
LINE
8
BLACK
6
CONTINUOUS
10
0.4557086614173228
20
1.8646653543307086
11
0.4557086614173228
21
1.922736220472441
0
LINE
8
BLACK
6
CONTINUOUS
10
0.4557086614173228
20
1.922736220472441
11
0.4558585039370079
21
1.9234895275590551
0
LINE
8
BLACK
6
CONTINUOUS
10
0.4558585039370079
20
1.9234895275590551
11
0.4562852362204725
21
1.9241281496062992
0
LINE
8
BLACK
6
CONTINUOUS
10
0.4562852362204725
20
1.9241281496062992
11
0.4569238582677165
21
1.9245548818897638
0
LINE
8
BLACK
6
CONTINUOUS
10
0.4569238582677165
20
1.9245548818897638
11
0.4576771653543307
21
1.9247047244094488
0
LINE
8
BLACK
6
CONTINUOUS
10
0.4576771653543307
20
1.9247047244094488
11
0.4753937007874016
21
1.9247047244094488
0
LINE
8
BLACK
6
CONTINUOUS
10
0.4753937007874016
20
1.9247047244094488
11
0.4761470078740158
21
1.9245548818897638
0
LINE
8
BLACK
6
CONTINUOUS
10
0.5017375590551181
20
1.9245548818897638
11
0.5023761811023622
21
1.9241281496062992
0
LINE
8
BLACK
6
CONTINUOUS
10
0.5023761811023622
20
1.9241281496062992
11
0.5028029133858267
21
1.9234895275590551
0
LINE
8
BLACK
6
CONTINUOUS
10
0.5028029133858267
20
1.9234895275590551
11
0.5029527559055118
21
1.922736220472441
0
LINE
8
BLACK
6
CONTINUOUS
10
0.5029527559055118
20
1.922736220472441
11
0.5029527559055118
21
1.8646653543307086
0
LINE
8
BLACK
6
CONTINUOUS
10
0.5029527559055118
20
1.8646653543307086
11
0.5028029133858267
21
1.8639120472440944
0
LINE
8
BLACK
6
CONTINUOUS
10
0.5028029133858267
20
1.8639120472440944
11
0.5023761811023622
21
1.8632734251968504
0
LINE
8
BLACK
6
CONTINUOUS
10
0.5023761811023622
20
1.8632734251968504
11
0.5017375590551181
21
1.8628466929133858
0
LINE
8
BLACK
6
CONTINUOUS
10
0.5017375590551181
20
1.8628466929133858
11
0.5009842519685039
21
1.8626968503937007
0
LINE
8
BLACK
6
CONTINUOUS
10
0.5009842519685039
20
1.8626968503937007
11
0.483267716535433
21
1.8626968503937007
0
LINE
8
BLACK
6
CONTINUOUS
10
0.483267716535433
20
1.8626968503937007
11
0.4825144094488189
21
1.8628466929133858
0
LINE
8
BLACK
6
CONTINUOUS
10
0.4825144094488189
20
1.8628466929133858
11
0.4818757874015748
21
1.8632734251968504
0
LINE
8
BLACK
6
CONTINUOUS
10
0.4818757874015748
20
1.8632734251968504
11
0.4814490551181102
21
1.8639120472440944
0
LINE
8
BLACK
6
CONTINUOUS
10
0.4814490551181102
20
1.8639120472440944
11
0.4812992125984252
21
1.8646653543307086
0
LINE
8
BLACK
6
CONTINUOUS
10
0.4812992125984252
20
1.8646653543307086
11
0.4812992125984252
21
1.922736220472441
0
LINE
8
BLACK
6
CONTINUOUS
10
0.4812992125984252
20
1.922736220472441
11
0.4814490551181102
21
1.9234895275590551
0
LINE
8
BLACK
6
CONTINUOUS
10
0.4814490551181102
20
1.9234895275590551
11
0.4818757874015748
21
1.9241281496062992
0
LINE
8
BLACK
6
CONTINUOUS
10
0.4818757874015748
20
1.9241281496062992
11
0.4825144094488189
21
1.9245548818897638
0
LINE
8
BLACK
6
CONTINUOUS
10
0.4825144094488189
20
1.9245548818897638
11
0.483267716535433
21
1.9247047244094488
0
LINE
8
BLACK
6
CONTINUOUS
10
0.483267716535433
20
1.9247047244094488
11
0.5009842519685039
21
1.9247047244094488
0
LINE
8
BLACK
6
CONTINUOUS
10
0.5009842519685039
20
1.9247047244094488
11
0.5017375590551181
21
1.9245548818897638
0
LINE
8
BLACK
6
CONTINUOUS
10
0.5273281102362205
20
1.9245548818897638
11
0.5279667322834646
21
1.9241281496062992
0
LINE
8
BLACK
6
CONTINUOUS
10
0.5279667322834646
20
1.9241281496062992
11
0.5283934645669291
21
1.9234895275590551
0
LINE
8
BLACK
6
CONTINUOUS
10
0.5283934645669291
20
1.9234895275590551
11
0.5285433070866141
21
1.922736220472441
0
LINE
8
BLACK
6
CONTINUOUS
10
0.5285433070866141
20
1.922736220472441
11
0.5285433070866141
21
1.8646653543307086
0
LINE
8
BLACK
6
CONTINUOUS
10
0.5285433070866141
20
1.8646653543307086
11
0.5283934645669291
21
1.8639120472440944
0
LINE
8
BLACK
6
CONTINUOUS
10
0.5283934645669291
20
1.8639120472440944
11
0.5279667322834646
21
1.8632734251968504
0
LINE
8
BLACK
6
CONTINUOUS
10
0.5279667322834646
20
1.8632734251968504
11
0.5273281102362205
21
1.8628466929133858
0
LINE
8
BLACK
6
CONTINUOUS
10
0.5273281102362205
20
1.8628466929133858
11
0.5265748031496063
21
1.8626968503937007
0
LINE
8
BLACK
6
CONTINUOUS
10
0.5265748031496063
20
1.8626968503937007
11
0.5088582677165354
21
1.8626968503937007
0
LINE
8
BLACK
6
CONTINUOUS
10
0.5088582677165354
20
1.8626968503937007
11
0.5081049606299213
21
1.8628466929133858
0
LINE
8
BLACK
6
CONTINUOUS
10
0.5081049606299213
20
1.8628466929133858
11
0.5074663385826772
21
1.8632734251968504
0
LINE
8
BLACK
6
CONTINUOUS
10
0.5074663385826772
20
1.8632734251968504
11
0.5070396062992126
21
1.8639120472440944
0
LINE
8
BLACK
6
CONTINUOUS
10
0.5070396062992126
20
1.8639120472440944
11
0.5068897637795275
21
1.8646653543307086
0
LINE
8
BLACK
6
CONTINUOUS
10
0.5068897637795275
20
1.8646653543307086
11
0.5068897637795275
21
1.922736220472441
0
LINE
8
BLACK
6
CONTINUOUS
10
0.5068897637795275
20
1.922736220472441
11
0.5070396062992126
21
1.9234895275590551
0
LINE
8
BLACK
6
CONTINUOUS
10
0.5070396062992126
20
1.9234895275590551
11
0.5074663385826772
21
1.9241281496062992
0
LINE
8
BLACK
6
CONTINUOUS
10
0.5074663385826772
20
1.9241281496062992
11
0.5081049606299213
21
1.9245548818897638
0
LINE
8
BLACK
6
CONTINUOUS
10
0.5081049606299213
20
1.9245548818897638
11
0.5088582677165354
21
1.9247047244094488
0
LINE
8
BLACK
6
CONTINUOUS
10
0.5088582677165354
20
1.9247047244094488
11
0.5265748031496063
21
1.9247047244094488
0
LINE
8
BLACK
6
CONTINUOUS
10
0.5265748031496063
20
1.9247047244094488
11
0.5273281102362205
21
1.9245548818897638
0
LINE
8
BLACK
6
CONTINUOUS
10
0.5529186614173228
20
1.9245548818897638
11
0.5535572834645669
21
1.9241281496062992
0
LINE
8
BLACK
6
CONTINUOUS
10
0.5535572834645669
20
1.9241281496062992
11
0.5539840157480315
21
1.9234895275590551
0
LINE
8
BLACK
6
CONTINUOUS
10
0.5539840157480315
20
1.9234895275590551
11
0.5541338582677166
21
1.922736220472441
0
LINE
8
BLACK
6
CONTINUOUS
10
0.5541338582677166
20
1.922736220472441
11
0.5541338582677166
21
1.8646653543307086
0
LINE
8
BLACK
6
CONTINUOUS
10
0.5541338582677166
20
1.8646653543307086
11
0.5539840157480315
21
1.8639120472440944
0
LINE
8
BLACK
6
CONTINUOUS
10
0.5539840157480315
20
1.8639120472440944
11
0.5535572834645669
21
1.8632734251968504
0
LINE
8
BLACK
6
CONTINUOUS
10
0.5535572834645669
20
1.8632734251968504
11
0.5529186614173228
21
1.8628466929133858
0
LINE
8
BLACK
6
CONTINUOUS
10
0.5529186614173228
20
1.8628466929133858
11
0.5521653543307087
21
1.8626968503937007
0
LINE
8
BLACK
6
CONTINUOUS
10
0.5521653543307087
20
1.8626968503937007
11
0.5344488188976377
21
1.8626968503937007
0
LINE
8
BLACK
6
CONTINUOUS
10
0.5344488188976377
20
1.8626968503937007
11
0.5336955118110236
21
1.8628466929133858
0
LINE
8
BLACK
6
CONTINUOUS
10
0.5336955118110236
20
1.8628466929133858
11
0.5330568897637795
21
1.8632734251968504
0
LINE
8
BLACK
6
CONTINUOUS
10
0.5330568897637795
20
1.8632734251968504
11
0.5326301574803149
21
1.8639120472440944
0
LINE
8
BLACK
6
CONTINUOUS
10
0.5326301574803149
20
1.8639120472440944
11
0.5324803149606299
21
1.8646653543307086
0
LINE
8
BLACK
6
CONTINUOUS
10
0.5324803149606299
20
1.8646653543307086
11
0.5324803149606299
21
1.922736220472441
0
LINE
8
BLACK
6
CONTINUOUS
10
0.5324803149606299
20
1.922736220472441
11
0.5326301574803149
21
1.9234895275590551
0
LINE
8
BLACK
6
CONTINUOUS
10
0.5326301574803149
20
1.9234895275590551
11
0.5330568897637795
21
1.9241281496062992
0
LINE
8
BLACK
6
CONTINUOUS
10
0.5330568897637795
20
1.9241281496062992
11
0.5336955118110236
21
1.9245548818897638
0
LINE
8
BLACK
6
CONTINUOUS
10
0.5336955118110236
20
1.9245548818897638
11
0.5344488188976377
21
1.9247047244094488
0
LINE
8
BLACK
6
CONTINUOUS
10
0.5344488188976377
20
1.9247047244094488
11
0.5521653543307087
21
1.9247047244094488
0
LINE
8
BLACK
6
CONTINUOUS
10
0.5521653543307087
20
1.9247047244094488
11
0.5529186614173228
21
1.9245548818897638
0
LINE
8
BLACK
6
CONTINUOUS
10
0.5785092125984251
20
1.9245548818897638
11
0.5791478346456693
21
1.9241281496062992
0
LINE
8
BLACK
6
CONTINUOUS
10
0.5791478346456693
20
1.9241281496062992
11
0.5795745669291339
21
1.9234895275590551
0
LINE
8
BLACK
6
CONTINUOUS
10
0.5795745669291339
20
1.9234895275590551
11
0.5797244094488189
21
1.922736220472441
0
LINE
8
BLACK
6
CONTINUOUS
10
0.5797244094488189
20
1.922736220472441
11
0.5797244094488189
21
1.8646653543307086
0
LINE
8
BLACK
6
CONTINUOUS
10
0.5797244094488189
20
1.8646653543307086
11
0.5795745669291339
21
1.8639120472440944
0
LINE
8
BLACK
6
CONTINUOUS
10
0.5795745669291339
20
1.8639120472440944
11
0.5791478346456693
21
1.8632734251968504
0
LINE
8
BLACK
6
CONTINUOUS
10
0.5791478346456693
20
1.8632734251968504
11
0.5785092125984251
21
1.8628466929133858
0
LINE
8
BLACK
6
CONTINUOUS
10
0.5785092125984251
20
1.8628466929133858
11
0.577755905511811
21
1.8626968503937007
0
LINE
8
BLACK
6
CONTINUOUS
10
0.577755905511811
20
1.8626968503937007
11
0.5600393700787402
21
1.8626968503937007
0
LINE
8
BLACK
6
CONTINUOUS
10
0.5600393700787402
20
1.8626968503937007
11
0.559286062992126
21
1.8628466929133858
0
LINE
8
BLACK
6
CONTINUOUS
10
0.559286062992126
20
1.8628466929133858
11
0.5586474409448818
21
1.8632734251968504
0
LINE
8
BLACK
6
CONTINUOUS
10
0.5586474409448818
20
1.8632734251968504
11
0.5582207086614173
21
1.8639120472440944
0
LINE
8
BLACK
6
CONTINUOUS
10
0.5582207086614173
20
1.8639120472440944
11
0.5580708661417323
21
1.8646653543307086
0
LINE
8
BLACK
6
CONTINUOUS
10
0.5580708661417323
20
1.8646653543307086
11
0.5580708661417323
21
1.922736220472441
0
LINE
8
BLACK
6
CONTINUOUS
10
0.5580708661417323
20
1.922736220472441
11
0.5582207086614173
21
1.9234895275590551
0
LINE
8
BLACK
6
CONTINUOUS
10
0.5582207086614173
20
1.9234895275590551
11
0.5586474409448818
21
1.9241281496062992
0
LINE
8
BLACK
6
CONTINUOUS
10
0.5586474409448818
20
1.9241281496062992
11
0.559286062992126
21
1.9245548818897638
0
LINE
8
BLACK
6
CONTINUOUS
10
0.559286062992126
20
1.9245548818897638
11
0.5600393700787402
21
1.9247047244094488
0
LINE
8
BLACK
6
CONTINUOUS
10
0.5600393700787402
20
1.9247047244094488
11
0.577755905511811
21
1.9247047244094488
0
LINE
8
BLACK
6
CONTINUOUS
10
0.577755905511811
20
1.9247047244094488
11
0.5785092125984251
21
1.9245548818897638
0
LINE
8
BLACK
6
CONTINUOUS
10
0.6040997637795276
20
1.9245548818897638
11
0.6047383858267716
21
1.9241281496062992
0
LINE
8
BLACK
6
CONTINUOUS
10
0.6047383858267716
20
1.9241281496062992
11
0.6051651181102362
21
1.9234895275590551
0
LINE
8
BLACK
6
CONTINUOUS
10
0.6051651181102362
20
1.9234895275590551
11
0.6053149606299213
21
1.922736220472441
0
LINE
8
BLACK
6
CONTINUOUS
10
0.6053149606299213
20
1.922736220472441
11
0.6053149606299213
21
1.8646653543307086
0
LINE
8
BLACK
6
CONTINUOUS
10
0.6053149606299213
20
1.8646653543307086
11
0.6051651181102362
21
1.8639120472440944
0
LINE
8
BLACK
6
CONTINUOUS
10
0.6051651181102362
20
1.8639120472440944
11
0.6047383858267716
21
1.8632734251968504
0
LINE
8
BLACK
6
CONTINUOUS
10
0.6047383858267716
20
1.8632734251968504
11
0.6040997637795276
21
1.8628466929133858
0
LINE
8
BLACK
6
CONTINUOUS
10
0.6040997637795276
20
1.8628466929133858
11
0.6033464566929134
21
1.8626968503937007
0
LINE
8
BLACK
6
CONTINUOUS
10
0.6033464566929134
20
1.8626968503937007
11
0.5856299212598425
21
1.8626968503937007
0
LINE
8
BLACK
6
CONTINUOUS
10
0.5856299212598425
20
1.8626968503937007
11
0.5848766141732283
21
1.8628466929133858
0
LINE
8
BLACK
6
CONTINUOUS
10
0.5848766141732283
20
1.8628466929133858
11
0.5842379921259843
21
1.8632734251968504
0
LINE
8
BLACK
6
CONTINUOUS
10
0.5842379921259843
20
1.8632734251968504
11
0.5838112598425197
21
1.8639120472440944
0
LINE
8
BLACK
6
CONTINUOUS
10
0.5838112598425197
20
1.8639120472440944
11
0.5836614173228346
21
1.8646653543307086
0
LINE
8
BLACK
6
CONTINUOUS
10
0.5836614173228346
20
1.8646653543307086
11
0.5836614173228346
21
1.922736220472441
0
LINE
8
BLACK
6
CONTINUOUS
10
0.5836614173228346
20
1.922736220472441
11
0.5838112598425197
21
1.9234895275590551
0
LINE
8
BLACK
6
CONTINUOUS
10
0.5838112598425197
20
1.9234895275590551
11
0.5842379921259843
21
1.9241281496062992
0
LINE
8
BLACK
6
CONTINUOUS
10
0.5842379921259843
20
1.9241281496062992
11
0.5848766141732283
21
1.9245548818897638
0
LINE
8
BLACK
6
CONTINUOUS
10
0.5848766141732283
20
1.9245548818897638
11
0.5856299212598425
21
1.9247047244094488
0
LINE
8
BLACK
6
CONTINUOUS
10
0.5856299212598425
20
1.9247047244094488
11
0.6033464566929134
21
1.9247047244094488
0
LINE
8
BLACK
6
CONTINUOUS
10
0.6033464566929134
20
1.9247047244094488
11
0.6040997637795276
21
1.9245548818897638
0
LINE
8
BLACK
6
CONTINUOUS
10
0.6296903149606299
20
1.9245548818897638
11
0.630328937007874
21
1.9241281496062992
0
LINE
8
BLACK
6
CONTINUOUS
10
0.630328937007874
20
1.9241281496062992
11
0.6307556692913385
21
1.9234895275590551
0
LINE
8
BLACK
6
CONTINUOUS
10
0.6307556692913385
20
1.9234895275590551
11
0.6309055118110236
21
1.922736220472441
0
LINE
8
BLACK
6
CONTINUOUS
10
0.6309055118110236
20
1.922736220472441
11
0.6309055118110236
21
1.8646653543307086
0
LINE
8
BLACK
6
CONTINUOUS
10
0.6309055118110236
20
1.8646653543307086
11
0.6307556692913385
21
1.8639120472440944
0
LINE
8
BLACK
6
CONTINUOUS
10
0.6307556692913385
20
1.8639120472440944
11
0.630328937007874
21
1.8632734251968504
0
LINE
8
BLACK
6
CONTINUOUS
10
0.630328937007874
20
1.8632734251968504
11
0.6296903149606299
21
1.8628466929133858
0
LINE
8
BLACK
6
CONTINUOUS
10
0.6296903149606299
20
1.8628466929133858
11
0.6289370078740157
21
1.8626968503937007
0
LINE
8
BLACK
6
CONTINUOUS
10
0.6289370078740157
20
1.8626968503937007
11
0.6112204724409449
21
1.8626968503937007
0
LINE
8
BLACK
6
CONTINUOUS
10
0.6112204724409449
20
1.8626968503937007
11
0.6104671653543307
21
1.8628466929133858
0
LINE
8
BLACK
6
CONTINUOUS
10
0.6104671653543307
20
1.8628466929133858
11
0.6098285433070866
21
1.8632734251968504
0
LINE
8
BLACK
6
CONTINUOUS
10
0.6098285433070866
20
1.8632734251968504
11
0.609401811023622
21
1.8639120472440944
0
LINE
8
BLACK
6
CONTINUOUS
10
0.609401811023622
20
1.8639120472440944
11
0.609251968503937
21
1.8646653543307086
0
LINE
8
BLACK
6
CONTINUOUS
10
0.609251968503937
20
1.8646653543307086
11
0.609251968503937
21
1.922736220472441
0
LINE
8
BLACK
6
CONTINUOUS
10
0.609251968503937
20
1.922736220472441
11
0.609401811023622
21
1.9234895275590551
0
LINE
8
BLACK
6
CONTINUOUS
10
0.609401811023622
20
1.9234895275590551
11
0.6098285433070866
21
1.9241281496062992
0
LINE
8
BLACK
6
CONTINUOUS
10
0.6098285433070866
20
1.9241281496062992
11
0.6104671653543307
21
1.9245548818897638
0
LINE
8
BLACK
6
CONTINUOUS
10
0.6104671653543307
20
1.9245548818897638
11
0.6112204724409449
21
1.9247047244094488
0
LINE
8
BLACK
6
CONTINUOUS
10
0.6112204724409449
20
1.9247047244094488
11
0.6289370078740157
21
1.9247047244094488
0
LINE
8
BLACK
6
CONTINUOUS
10
0.6289370078740157
20
1.9247047244094488
11
0.6296903149606299
21
1.9245548818897638
0
LINE
8
BLACK
6
CONTINUOUS
10
0.6552808661417323
20
1.9245548818897638
11
0.6559194881889764
21
1.9241281496062992
0
LINE
8
BLACK
6
CONTINUOUS
10
0.6559194881889764
20
1.9241281496062992
11
0.656346220472441
21
1.9234895275590551
0
LINE
8
BLACK
6
CONTINUOUS
10
0.656346220472441
20
1.9234895275590551
11
0.6564960629921259
21
1.922736220472441
0
LINE
8
BLACK
6
CONTINUOUS
10
0.6564960629921259
20
1.922736220472441
11
0.6564960629921259
21
1.8646653543307086
0
LINE
8
BLACK
6
CONTINUOUS
10
0.6564960629921259
20
1.8646653543307086
11
0.656346220472441
21
1.8639120472440944
0
LINE
8
BLACK
6
CONTINUOUS
10
0.656346220472441
20
1.8639120472440944
11
0.6559194881889764
21
1.8632734251968504
0
LINE
8
BLACK
6
CONTINUOUS
10
0.6559194881889764
20
1.8632734251968504
11
0.6552808661417323
21
1.8628466929133858
0
LINE
8
BLACK
6
CONTINUOUS
10
0.6552808661417323
20
1.8628466929133858
11
0.6545275590551181
21
1.8626968503937007
0
LINE
8
BLACK
6
CONTINUOUS
10
0.6545275590551181
20
1.8626968503937007
11
0.6368110236220472
21
1.8626968503937007
0
LINE
8
BLACK
6
CONTINUOUS
10
0.6368110236220472
20
1.8626968503937007
11
0.6360577165354331
21
1.8628466929133858
0
LINE
8
BLACK
6
CONTINUOUS
10
0.6360577165354331
20
1.8628466929133858
11
0.635419094488189
21
1.8632734251968504
0
LINE
8
BLACK
6
CONTINUOUS
10
0.635419094488189
20
1.8632734251968504
11
0.6349923622047244
21
1.8639120472440944
0
LINE
8
BLACK
6
CONTINUOUS
10
0.6349923622047244
20
1.8639120472440944
11
0.6348425196850394
21
1.8646653543307086
0
LINE
8
BLACK
6
CONTINUOUS
10
0.6348425196850394
20
1.8646653543307086
11
0.6348425196850394
21
1.922736220472441
0
LINE
8
BLACK
6
CONTINUOUS
10
0.6348425196850394
20
1.922736220472441
11
0.6349923622047244
21
1.9234895275590551
0
LINE
8
BLACK
6
CONTINUOUS
10
0.6349923622047244
20
1.9234895275590551
11
0.635419094488189
21
1.9241281496062992
0
LINE
8
BLACK
6
CONTINUOUS
10
0.635419094488189
20
1.9241281496062992
11
0.6360577165354331
21
1.9245548818897638
0
LINE
8
BLACK
6
CONTINUOUS
10
0.6360577165354331
20
1.9245548818897638
11
0.6368110236220472
21
1.9247047244094488
0
LINE
8
BLACK
6
CONTINUOUS
10
0.6368110236220472
20
1.9247047244094488
11
0.6545275590551181
21
1.9247047244094488
0
LINE
8
BLACK
6
CONTINUOUS
10
0.6545275590551181
20
1.9247047244094488
11
0.6552808661417323
21
1.9245548818897638
0
LINE
8
BLACK
6
CONTINUOUS
10
0.27829468503937
20
1.9514579133858267
11
0.2822653937007874
21
1.94970468503937
0
LINE
8
BLACK
6
CONTINUOUS
10
0.2822653937007874
20
1.94970468503937
11
0.2853346062992126
21
1.9466354724409449
0
LINE
8
BLACK
6
CONTINUOUS
10
0.2853346062992126
20
1.9466354724409449
11
0.2870878346456693
21
1.9426647637795276
0
LINE
8
BLACK
6
CONTINUOUS
10
0.2870878346456693
20
1.9426647637795276
11
0.2874015748031496
21
1.9399606299212597
0
LINE
8
BLACK
6
CONTINUOUS
10
0.2874015748031496
20
1.9399606299212597
11
0.2874015748031496
21
1.9025590551181102
0
LINE
8
BLACK
6
CONTINUOUS
10
0.2874015748031496
20
1.9025590551181102
11
0.2870878346456693
21
1.8998549212598426
0
LINE
8
BLACK
6
CONTINUOUS
10
0.2870878346456693
20
1.8998549212598426
11
0.2853346062992126
21
1.8958842125984252
0
LINE
8
BLACK
6
CONTINUOUS
10
0.2853346062992126
20
1.8958842125984252
11
0.2822653937007874
21
1.8928149999999999
0
LINE
8
BLACK
6
CONTINUOUS
10
0.2822653937007874
20
1.8928149999999999
11
0.27829468503937
21
1.8910617716535432
0
LINE
8
BLACK
6
CONTINUOUS
10
0.27829468503937
20
1.8910617716535432
11
0.2755905511811024
21
1.890748031496063
0
LINE
8
BLACK
6
CONTINUOUS
10
0.2755905511811024
20
1.890748031496063
11
0.2559055118110236
21
1.890748031496063
0
LINE
8
BLACK
6
CONTINUOUS
10
0.2559055118110236
20
1.890748031496063
11
0.2532013779527559
21
1.8910617716535432
0
LINE
8
BLACK
6
CONTINUOUS
10
0.2532013779527559
20
1.8910617716535432
11
0.2492306692913386
21
1.8928149999999999
0
LINE
8
BLACK
6
CONTINUOUS
10
0.2492306692913386
20
1.8928149999999999
11
0.2461614566929134
21
1.8958842125984252
0
LINE
8
BLACK
6
CONTINUOUS
10
0.2461614566929134
20
1.8958842125984252
11
0.2444082283464567
21
1.8998549212598426
0
LINE
8
BLACK
6
CONTINUOUS
10
0.2444082283464567
20
1.8998549212598426
11
0.2440944881889764
21
1.9025590551181102
0
LINE
8
BLACK
6
CONTINUOUS
10
0.2440944881889764
20
1.9025590551181102
11
0.2440944881889764
21
1.9399606299212597
0
LINE
8
BLACK
6
CONTINUOUS
10
0.2440944881889764
20
1.9399606299212597
11
0.2444082283464567
21
1.9426647637795276
0
LINE
8
BLACK
6
CONTINUOUS
10
0.2444082283464567
20
1.9426647637795276
11
0.2461614566929134
21
1.9466354724409449
0
LINE
8
BLACK
6
CONTINUOUS
10
0.2461614566929134
20
1.9466354724409449
11
0.2492306692913386
21
1.94970468503937
0
LINE
8
BLACK
6
CONTINUOUS
10
0.2492306692913386
20
1.94970468503937
11
0.2532013779527559
21
1.9514579133858267
0
LINE
8
BLACK
6
CONTINUOUS
10
0.2532013779527559
20
1.9514579133858267
11
0.2559055118110236
21
1.951771653543307
0
LINE
8
BLACK
6
CONTINUOUS
10
0.2559055118110236
20
1.951771653543307
11
0.2755905511811024
21
1.951771653543307
0
LINE
8
BLACK
6
CONTINUOUS
10
0.2755905511811024
20
1.951771653543307
11
0.27829468503937
21
1.9514579133858267
0
LINE
8
BLACK
6
CONTINUOUS
10
0.3530978346456693
20
1.9514579133858267
11
0.3570685433070866
21
1.94970468503937
0
LINE
8
BLACK
6
CONTINUOUS
10
0.3570685433070866
20
1.94970468503937
11
0.3601377559055118
21
1.9466354724409449
0
LINE
8
BLACK
6
CONTINUOUS
10
0.3601377559055118
20
1.9466354724409449
11
0.3618909842519685
21
1.9426647637795276
0
LINE
8
BLACK
6
CONTINUOUS
10
0.3618909842519685
20
1.9426647637795276
11
0.3622047244094488
21
1.9399606299212597
0
LINE
8
BLACK
6
CONTINUOUS
10
0.3622047244094488
20
1.9399606299212597
11
0.3622047244094488
21
1.9025590551181102
0
LINE
8
BLACK
6
CONTINUOUS
10
0.3622047244094488
20
1.9025590551181102
11
0.3618909842519685
21
1.8998549212598426
0
LINE
8
BLACK
6
CONTINUOUS
10
0.3618909842519685
20
1.8998549212598426
11
0.3601377559055118
21
1.8958842125984252
0
LINE
8
BLACK
6
CONTINUOUS
10
0.3601377559055118
20
1.8958842125984252
11
0.3570685433070866
21
1.8928149999999999
0
LINE
8
BLACK
6
CONTINUOUS
10
0.3570685433070866
20
1.8928149999999999
11
0.3530978346456693
21
1.8910617716535432
0
LINE
8
BLACK
6
CONTINUOUS
10
0.3530978346456693
20
1.8910617716535432
11
0.3503937007874016
21
1.890748031496063
0
LINE
8
BLACK
6
CONTINUOUS
10
0.3503937007874016
20
1.890748031496063
11
0.3307086614173228
21
1.890748031496063
0
LINE
8
BLACK
6
CONTINUOUS
10
0.3307086614173228
20
1.890748031496063
11
0.3280045275590551
21
1.8910617716535432
0
LINE
8
BLACK
6
CONTINUOUS
10
0.3280045275590551
20
1.8910617716535432
11
0.3240338188976378
21
1.8928149999999999
0
LINE
8
BLACK
6
CONTINUOUS
10
0.3240338188976378
20
1.8928149999999999
11
0.3209646062992126
21
1.8958842125984252
0
LINE
8
BLACK
6
CONTINUOUS
10
0.3209646062992126
20
1.8958842125984252
11
0.3192113779527559
21
1.8998549212598426
0
LINE
8
BLACK
6
CONTINUOUS
10
0.3192113779527559
20
1.8998549212598426
11
0.3188976377952756
21
1.9025590551181102
0
LINE
8
BLACK
6
CONTINUOUS
10
0.3188976377952756
20
1.9025590551181102
11
0.3188976377952756
21
1.9399606299212597
0
LINE
8
BLACK
6
CONTINUOUS
10
0.3188976377952756
20
1.9399606299212597
11
0.3192113779527559
21
1.9426647637795276
0
LINE
8
BLACK
6
CONTINUOUS
10
0.3192113779527559
20
1.9426647637795276
11
0.3209646062992126
21
1.9466354724409449
0
LINE
8
BLACK
6
CONTINUOUS
10
0.3209646062992126
20
1.9466354724409449
11
0.3240338188976378
21
1.94970468503937
0
LINE
8
BLACK
6
CONTINUOUS
10
0.3240338188976378
20
1.94970468503937
11
0.3280045275590551
21
1.9514579133858267
0
LINE
8
BLACK
6
CONTINUOUS
10
0.3280045275590551
20
1.9514579133858267
11
0.3307086614173228
21
1.951771653543307
0
LINE
8
BLACK
6
CONTINUOUS
10
0.3307086614173228
20
1.951771653543307
11
0.3503937007874016
21
1.951771653543307
0
LINE
8
BLACK
6
CONTINUOUS
10
0.3503937007874016
20
1.951771653543307
11
0.3530978346456693
21
1.9514579133858267
0
LINE
8
BLACK
6
CONTINUOUS
10
0.0803596062992126
20
2.0515037007874017
11
0.0809982283464567
21
2.0510769685039372
0
LINE
8
BLACK
6
CONTINUOUS
10
0.0809982283464567
20
2.0510769685039372
11
0.0814249606299213
21
2.0504383464566929
0
LINE
8
BLACK
6
CONTINUOUS
10
0.0814249606299213
20
2.0504383464566929
11
0.0815748031496063
21
2.0496850393700785
0
LINE
8
BLACK
6
CONTINUOUS
10
0.0815748031496063
20
2.0496850393700785
11
0.0815748031496063
21
1.9896850393700787
0
LINE
8
BLACK
6
CONTINUOUS
10
0.0815748031496063
20
1.9896850393700787
11
0.0814249606299213
21
1.9889317322834645
0
LINE
8
BLACK
6
CONTINUOUS
10
0.0814249606299213
20
1.9889317322834645
11
0.0809982283464567
21
1.9882931102362205
0
LINE
8
BLACK
6
CONTINUOUS
10
0.0809982283464567
20
1.9882931102362205
11
0.0803596062992126
21
1.9878663779527559
0
LINE
8
BLACK
6
CONTINUOUS
10
0.0803596062992126
20
1.9878663779527559
11
0.0796062992125984
21
1.9877165354330708
0
LINE
8
BLACK
6
CONTINUOUS
10
0.0796062992125984
20
1.9877165354330708
11
0.0196062992125984
21
1.9877165354330708
0
LINE
8
BLACK
6
CONTINUOUS
10
0.0196062992125984
20
1.9877165354330708
11
0.0188529921259843
21
1.9878663779527559
0
LINE
8
BLACK
6
CONTINUOUS
10
0.0188529921259843
20
1.9878663779527559
11
0.0182143700787402
21
1.9882931102362205
0
LINE
8
BLACK
6
CONTINUOUS
10
0.0182143700787402
20
1.9882931102362205
11
0.0177876377952756
21
1.9889317322834645
0
LINE
8
BLACK
6
CONTINUOUS
10
0.0177876377952756
20
1.9889317322834645
11
0.0176377952755906
21
1.9896850393700787
0
LINE
8
BLACK
6
CONTINUOUS
10
0.0176377952755906
20
1.9896850393700787
11
0.0176377952755906
21
2.0496850393700785
0
LINE
8
BLACK
6
CONTINUOUS
10
0.0176377952755906
20
2.0496850393700785
11
0.0177876377952756
21
2.0504383464566929
0
LINE
8
BLACK
6
CONTINUOUS
10
0.0177876377952756
20
2.0504383464566929
11
0.0182143700787402
21
2.0510769685039372
0
LINE
8
BLACK
6
CONTINUOUS
10
0.0182143700787402
20
2.0510769685039372
11
0.0188529921259843
21
2.0515037007874017
0
LINE
8
BLACK
6
CONTINUOUS
10
0.0188529921259843
20
2.0515037007874017
11
0.0196062992125984
21
2.0516535433070864
0
LINE
8
BLACK
6
CONTINUOUS
10
0.0196062992125984
20
2.0516535433070864
11
0.0796062992125984
21
2.0516535433070864
0
LINE
8
BLACK
6
CONTINUOUS
10
0.0796062992125984
20
2.0516535433070864
11
0.0803596062992126
21
2.0515037007874017
0
LINE
8
BLACK
6
CONTINUOUS
10
0.1803596062992126
20
2.0515037007874017
11
0.1809982283464567
21
2.0510769685039372
0
LINE
8
BLACK
6
CONTINUOUS
10
0.1809982283464567
20
2.0510769685039372
11
0.1814249606299213
21
2.0504383464566929
0
LINE
8
BLACK
6
CONTINUOUS
10
0.1814249606299213
20
2.0504383464566929
11
0.1815748031496063
21
2.0496850393700785
0
LINE
8
BLACK
6
CONTINUOUS
10
0.1815748031496063
20
2.0496850393700785
11
0.1815748031496063
21
1.9896850393700787
0
LINE
8
BLACK
6
CONTINUOUS
10
0.1815748031496063
20
1.9896850393700787
11
0.1814249606299213
21
1.9889317322834645
0
LINE
8
BLACK
6
CONTINUOUS
10
0.1814249606299213
20
1.9889317322834645
11
0.1809982283464567
21
1.9882931102362205
0
LINE
8
BLACK
6
CONTINUOUS
10
0.1809982283464567
20
1.9882931102362205
11
0.1803596062992126
21
1.9878663779527559
0
LINE
8
BLACK
6
CONTINUOUS
10
0.1803596062992126
20
1.9878663779527559
11
0.1796062992125984
21
1.9877165354330708
0
LINE
8
BLACK
6
CONTINUOUS
10
0.1796062992125984
20
1.9877165354330708
11
0.1196062992125984
21
1.9877165354330708
0
LINE
8
BLACK
6
CONTINUOUS
10
0.1196062992125984
20
1.9877165354330708
11
0.1188529921259843
21
1.9878663779527559
0
LINE
8
BLACK
6
CONTINUOUS
10
0.1188529921259843
20
1.9878663779527559
11
0.1182143700787402
21
1.9882931102362205
0
LINE
8
BLACK
6
CONTINUOUS
10
0.1182143700787402
20
1.9882931102362205
11
0.1177876377952756
21
1.9889317322834645
0
LINE
8
BLACK
6
CONTINUOUS
10
0.1177876377952756
20
1.9889317322834645
11
0.1176377952755906
21
1.9896850393700787
0
LINE
8
BLACK
6
CONTINUOUS
10
0.1176377952755906
20
1.9896850393700787
11
0.1176377952755906
21
2.0496850393700785
0
LINE
8
BLACK
6
CONTINUOUS
10
0.1176377952755906
20
2.0496850393700785
11
0.1177876377952756
21
2.0504383464566929
0
LINE
8
BLACK
6
CONTINUOUS
10
0.1177876377952756
20
2.0504383464566929
11
0.1182143700787402
21
2.0510769685039372
0
LINE
8
BLACK
6
CONTINUOUS
10
0.1182143700787402
20
2.0510769685039372
11
0.1188529921259843
21
2.0515037007874017
0
LINE
8
BLACK
6
CONTINUOUS
10
0.1188529921259843
20
2.0515037007874017
11
0.1196062992125984
21
2.0516535433070864
0
LINE
8
BLACK
6
CONTINUOUS
10
0.1196062992125984
20
2.0516535433070864
11
0.1796062992125984
21
2.0516535433070864
0
LINE
8
BLACK
6
CONTINUOUS
10
0.1796062992125984
20
2.0516535433070864
11
0.1803596062992126
21
2.0515037007874017
0
LINE
8
BLACK
6
CONTINUOUS
10
0.2803596062992126
20
2.0515037007874017
11
0.2809982283464567
21
2.0510769685039372
0
LINE
8
BLACK
6
CONTINUOUS
10
0.2809982283464567
20
2.0510769685039372
11
0.2814249606299212
21
2.0504383464566929
0
LINE
8
BLACK
6
CONTINUOUS
10
0.2814249606299212
20
2.0504383464566929
11
0.2815748031496063
21
2.0496850393700785
0
LINE
8
BLACK
6
CONTINUOUS
10
0.2815748031496063
20
2.0496850393700785
11
0.2815748031496063
21
1.9896850393700787
0
LINE
8
BLACK
6
CONTINUOUS
10
0.2815748031496063
20
1.9896850393700787
11
0.2814249606299212
21
1.9889317322834645
0
LINE
8
BLACK
6
CONTINUOUS
10
0.2814249606299212
20
1.9889317322834645
11
0.2809982283464567
21
1.9882931102362205
0
LINE
8
BLACK
6
CONTINUOUS
10
0.2809982283464567
20
1.9882931102362205
11
0.2803596062992126
21
1.9878663779527559
0
LINE
8
BLACK
6
CONTINUOUS
10
0.2803596062992126
20
1.9878663779527559
11
0.2796062992125984
21
1.9877165354330708
0
LINE
8
BLACK
6
CONTINUOUS
10
0.2796062992125984
20
1.9877165354330708
11
0.2196062992125984
21
1.9877165354330708
0
LINE
8
BLACK
6
CONTINUOUS
10
0.2196062992125984
20
1.9877165354330708
11
0.2188529921259842
21
1.9878663779527559
0
LINE
8
BLACK
6
CONTINUOUS
10
0.2188529921259842
20
1.9878663779527559
11
0.2182143700787401
21
1.9882931102362205
0
LINE
8
BLACK
6
CONTINUOUS
10
0.2182143700787401
20
1.9882931102362205
11
0.2177876377952756
21
1.9889317322834645
0
LINE
8
BLACK
6
CONTINUOUS
10
0.2177876377952756
20
1.9889317322834645
11
0.2176377952755905
21
1.9896850393700787
0
LINE
8
BLACK
6
CONTINUOUS
10
0.2176377952755905
20
1.9896850393700787
11
0.2176377952755905
21
2.0496850393700785
0
LINE
8
BLACK
6
CONTINUOUS
10
0.2176377952755905
20
2.0496850393700785
11
0.2177876377952756
21
2.0504383464566929
0
LINE
8
BLACK
6
CONTINUOUS
10
0.2177876377952756
20
2.0504383464566929
11
0.2182143700787401
21
2.0510769685039372
0
LINE
8
BLACK
6
CONTINUOUS
10
0.2182143700787401
20
2.0510769685039372
11
0.2188529921259842
21
2.0515037007874017
0
LINE
8
BLACK
6
CONTINUOUS
10
0.2188529921259842
20
2.0515037007874017
11
0.2196062992125984
21
2.0516535433070864
0
LINE
8
BLACK
6
CONTINUOUS
10
0.2196062992125984
20
2.0516535433070864
11
0.2796062992125984
21
2.0516535433070864
0
LINE
8
BLACK
6
CONTINUOUS
10
0.2796062992125984
20
2.0516535433070864
11
0.2803596062992126
21
2.0515037007874017
0
LINE
8
BLACK
6
CONTINUOUS
10
0.3803596062992126
20
2.0515037007874017
11
0.3809982283464567
21
2.0510769685039372
0
LINE
8
BLACK
6
CONTINUOUS
10
0.3809982283464567
20
2.0510769685039372
11
0.3814249606299213
21
2.0504383464566929
0
LINE
8
BLACK
6
CONTINUOUS
10
0.3814249606299213
20
2.0504383464566929
11
0.3815748031496063
21
2.0496850393700785
0
LINE
8
BLACK
6
CONTINUOUS
10
0.3815748031496063
20
2.0496850393700785
11
0.3815748031496063
21
1.9896850393700787
0
LINE
8
BLACK
6
CONTINUOUS
10
0.3815748031496063
20
1.9896850393700787
11
0.3814249606299213
21
1.9889317322834645
0
LINE
8
BLACK
6
CONTINUOUS
10
0.3814249606299213
20
1.9889317322834645
11
0.3809982283464567
21
1.9882931102362205
0
LINE
8
BLACK
6
CONTINUOUS
10
0.3809982283464567
20
1.9882931102362205
11
0.3803596062992126
21
1.9878663779527559
0
LINE
8
BLACK
6
CONTINUOUS
10
0.3803596062992126
20
1.9878663779527559
11
0.3796062992125984
21
1.9877165354330708
0
LINE
8
BLACK
6
CONTINUOUS
10
0.3796062992125984
20
1.9877165354330708
11
0.3196062992125984
21
1.9877165354330708
0
LINE
8
BLACK
6
CONTINUOUS
10
0.3196062992125984
20
1.9877165354330708
11
0.3188529921259842
21
1.9878663779527559
0
LINE
8
BLACK
6
CONTINUOUS
10
0.3188529921259842
20
1.9878663779527559
11
0.3182143700787401
21
1.9882931102362205
0
LINE
8
BLACK
6
CONTINUOUS
10
0.3182143700787401
20
1.9882931102362205
11
0.3177876377952756
21
1.9889317322834645
0
LINE
8
BLACK
6
CONTINUOUS
10
0.3177876377952756
20
1.9889317322834645
11
0.3176377952755906
21
1.9896850393700787
0
LINE
8
BLACK
6
CONTINUOUS
10
0.3176377952755906
20
1.9896850393700787
11
0.3176377952755906
21
2.0496850393700785
0
LINE
8
BLACK
6
CONTINUOUS
10
0.3176377952755906
20
2.0496850393700785
11
0.3177876377952756
21
2.0504383464566929
0
LINE
8
BLACK
6
CONTINUOUS
10
0.3177876377952756
20
2.0504383464566929
11
0.3182143700787401
21
2.0510769685039372
0
LINE
8
BLACK
6
CONTINUOUS
10
0.3182143700787401
20
2.0510769685039372
11
0.3188529921259842
21
2.0515037007874017
0
LINE
8
BLACK
6
CONTINUOUS
10
0.3188529921259842
20
2.0515037007874017
11
0.3196062992125984
21
2.0516535433070864
0
LINE
8
BLACK
6
CONTINUOUS
10
0.3196062992125984
20
2.0516535433070864
11
0.3796062992125984
21
2.0516535433070864
0
LINE
8
BLACK
6
CONTINUOUS
10
0.3796062992125984
20
2.0516535433070864
11
0.3803596062992126
21
2.0515037007874017
0
LINE
8
BLACK
6
CONTINUOUS
10
0.4803596062992126
20
2.0515037007874017
11
0.4809982283464567
21
2.0510769685039372
0
LINE
8
BLACK
6
CONTINUOUS
10
0.4809982283464567
20
2.0510769685039372
11
0.4814249606299212
21
2.0504383464566929
0
LINE
8
BLACK
6
CONTINUOUS
10
0.4814249606299212
20
2.0504383464566929
11
0.4815748031496063
21
2.0496850393700785
0
LINE
8
BLACK
6
CONTINUOUS
10
0.4815748031496063
20
2.0496850393700785
11
0.4815748031496063
21
1.9896850393700787
0
LINE
8
BLACK
6
CONTINUOUS
10
0.4815748031496063
20
1.9896850393700787
11
0.4814249606299212
21
1.9889317322834645
0
LINE
8
BLACK
6
CONTINUOUS
10
0.4814249606299212
20
1.9889317322834645
11
0.4809982283464567
21
1.9882931102362205
0
LINE
8
BLACK
6
CONTINUOUS
10
0.4809982283464567
20
1.9882931102362205
11
0.4803596062992126
21
1.9878663779527559
0
LINE
8
BLACK
6
CONTINUOUS
10
0.4803596062992126
20
1.9878663779527559
11
0.4796062992125984
21
1.9877165354330708
0
LINE
8
BLACK
6
CONTINUOUS
10
0.4796062992125984
20
1.9877165354330708
11
0.4196062992125984
21
1.9877165354330708
0
LINE
8
BLACK
6
CONTINUOUS
10
0.4196062992125984
20
1.9877165354330708
11
0.4188529921259843
21
1.9878663779527559
0
LINE
8
BLACK
6
CONTINUOUS
10
0.4188529921259843
20
1.9878663779527559
11
0.4182143700787401
21
1.9882931102362205
0
LINE
8
BLACK
6
CONTINUOUS
10
0.4182143700787401
20
1.9882931102362205
11
0.4177876377952756
21
1.9889317322834645
0
LINE
8
BLACK
6
CONTINUOUS
10
0.4177876377952756
20
1.9889317322834645
11
0.4176377952755905
21
1.9896850393700787
0
LINE
8
BLACK
6
CONTINUOUS
10
0.4176377952755905
20
1.9896850393700787
11
0.4176377952755905
21
2.0496850393700785
0
LINE
8
BLACK
6
CONTINUOUS
10
0.4176377952755905
20
2.0496850393700785
11
0.4177876377952756
21
2.0504383464566929
0
LINE
8
BLACK
6
CONTINUOUS
10
0.4177876377952756
20
2.0504383464566929
11
0.4182143700787401
21
2.0510769685039372
0
LINE
8
BLACK
6
CONTINUOUS
10
0.4182143700787401
20
2.0510769685039372
11
0.4188529921259843
21
2.0515037007874017
0
LINE
8
BLACK
6
CONTINUOUS
10
0.4188529921259843
20
2.0515037007874017
11
0.4196062992125984
21
2.0516535433070864
0
LINE
8
BLACK
6
CONTINUOUS
10
0.4196062992125984
20
2.0516535433070864
11
0.4796062992125984
21
2.0516535433070864
0
LINE
8
BLACK
6
CONTINUOUS
10
0.4796062992125984
20
2.0516535433070864
11
0.4803596062992126
21
2.0515037007874017
0
LINE
8
BLACK
6
CONTINUOUS
10
0.5803596062992126
20
2.0515037007874017
11
0.5809982283464566
21
2.0510769685039372
0
LINE
8
BLACK
6
CONTINUOUS
10
0.5809982283464566
20
2.0510769685039372
11
0.5814249606299212
21
2.0504383464566929
0
LINE
8
BLACK
6
CONTINUOUS
10
0.5814249606299212
20
2.0504383464566929
11
0.5815748031496063
21
2.0496850393700785
0
LINE
8
BLACK
6
CONTINUOUS
10
0.5815748031496063
20
2.0496850393700785
11
0.5815748031496063
21
1.9896850393700787
0
LINE
8
BLACK
6
CONTINUOUS
10
0.5815748031496063
20
1.9896850393700787
11
0.5814249606299212
21
1.9889317322834645
0
LINE
8
BLACK
6
CONTINUOUS
10
0.5814249606299212
20
1.9889317322834645
11
0.5809982283464566
21
1.9882931102362205
0
LINE
8
BLACK
6
CONTINUOUS
10
0.5809982283464566
20
1.9882931102362205
11
0.5803596062992126
21
1.9878663779527559
0
LINE
8
BLACK
6
CONTINUOUS
10
0.5803596062992126
20
1.9878663779527559
11
0.5796062992125984
21
1.9877165354330708
0
LINE
8
BLACK
6
CONTINUOUS
10
0.5796062992125984
20
1.9877165354330708
11
0.5196062992125984
21
1.9877165354330708
0
LINE
8
BLACK
6
CONTINUOUS
10
0.5196062992125984
20
1.9877165354330708
11
0.5188529921259842
21
1.9878663779527559
0
LINE
8
BLACK
6
CONTINUOUS
10
0.5188529921259842
20
1.9878663779527559
11
0.5182143700787402
21
1.9882931102362205
0
LINE
8
BLACK
6
CONTINUOUS
10
0.5182143700787402
20
1.9882931102362205
11
0.5177876377952756
21
1.9889317322834645
0
LINE
8
BLACK
6
CONTINUOUS
10
0.5177876377952756
20
1.9889317322834645
11
0.5176377952755905
21
1.9896850393700787
0
LINE
8
BLACK
6
CONTINUOUS
10
0.5176377952755905
20
1.9896850393700787
11
0.5176377952755905
21
2.0496850393700785
0
LINE
8
BLACK
6
CONTINUOUS
10
0.5176377952755905
20
2.0496850393700785
11
0.5177876377952756
21
2.0504383464566929
0
LINE
8
BLACK
6
CONTINUOUS
10
0.5177876377952756
20
2.0504383464566929
11
0.5182143700787402
21
2.0510769685039372
0
LINE
8
BLACK
6
CONTINUOUS
10
0.5182143700787402
20
2.0510769685039372
11
0.5188529921259842
21
2.0515037007874017
0
LINE
8
BLACK
6
CONTINUOUS
10
0.5188529921259842
20
2.0515037007874017
11
0.5196062992125984
21
2.0516535433070864
0
LINE
8
BLACK
6
CONTINUOUS
10
0.5196062992125984
20
2.0516535433070864
11
0.5796062992125984
21
2.0516535433070864
0
LINE
8
BLACK
6
CONTINUOUS
10
0.5796062992125984
20
2.0516535433070864
11
0.5803596062992126
21
2.0515037007874017
0
LINE
8
BLACK
6
CONTINUOUS
10
0.6803596062992125
20
2.0515037007874017
11
0.6809982283464566
21
2.0510769685039372
0
LINE
8
BLACK
6
CONTINUOUS
10
0.6809982283464566
20
2.0510769685039372
11
0.6814249606299212
21
2.0504383464566929
0
LINE
8
BLACK
6
CONTINUOUS
10
0.6814249606299212
20
2.0504383464566929
11
0.6815748031496063
21
2.0496850393700785
0
LINE
8
BLACK
6
CONTINUOUS
10
0.6815748031496063
20
2.0496850393700785
11
0.6815748031496063
21
1.9896850393700787
0
LINE
8
BLACK
6
CONTINUOUS
10
0.6815748031496063
20
1.9896850393700787
11
0.6814249606299212
21
1.9889317322834645
0
LINE
8
BLACK
6
CONTINUOUS
10
0.6814249606299212
20
1.9889317322834645
11
0.6809982283464566
21
1.9882931102362205
0
LINE
8
BLACK
6
CONTINUOUS
10
0.6809982283464566
20
1.9882931102362205
11
0.6803596062992125
21
1.9878663779527559
0
LINE
8
BLACK
6
CONTINUOUS
10
0.6803596062992125
20
1.9878663779527559
11
0.6796062992125984
21
1.9877165354330708
0
LINE
8
BLACK
6
CONTINUOUS
10
0.6796062992125984
20
1.9877165354330708
11
0.6196062992125985
21
1.9877165354330708
0
LINE
8
BLACK
6
CONTINUOUS
10
0.6196062992125985
20
1.9877165354330708
11
0.6188529921259842
21
1.9878663779527559
0
LINE
8
BLACK
6
CONTINUOUS
10
0.6188529921259842
20
1.9878663779527559
11
0.6182143700787401
21
1.9882931102362205
0
LINE
8
BLACK
6
CONTINUOUS
10
0.6182143700787401
20
1.9882931102362205
11
0.6177876377952756
21
1.9889317322834645
0
LINE
8
BLACK
6
CONTINUOUS
10
0.6177876377952756
20
1.9889317322834645
11
0.6176377952755905
21
1.9896850393700787
0
LINE
8
BLACK
6
CONTINUOUS
10
0.6176377952755905
20
1.9896850393700787
11
0.6176377952755905
21
2.0496850393700785
0
LINE
8
BLACK
6
CONTINUOUS
10
0.6176377952755905
20
2.0496850393700785
11
0.6177876377952756
21
2.0504383464566929
0
LINE
8
BLACK
6
CONTINUOUS
10
0.6177876377952756
20
2.0504383464566929
11
0.6182143700787401
21
2.0510769685039372
0
LINE
8
BLACK
6
CONTINUOUS
10
0.6182143700787401
20
2.0510769685039372
11
0.6188529921259842
21
2.0515037007874017
0
LINE
8
BLACK
6
CONTINUOUS
10
0.6188529921259842
20
2.0515037007874017
11
0.6196062992125985
21
2.0516535433070864
0
LINE
8
BLACK
6
CONTINUOUS
10
0.6196062992125985
20
2.0516535433070864
11
0.6796062992125984
21
2.0516535433070864
0
LINE
8
BLACK
6
CONTINUOUS
10
0.6796062992125984
20
2.0516535433070864
11
0.6803596062992125
21
2.0515037007874017
0
LINE
8
BLACK
6
CONTINUOUS
10
0.7803596062992125
20
2.0515037007874017
11
0.7809982283464567
21
2.0510769685039372
0
LINE
8
BLACK
6
CONTINUOUS
10
0.7809982283464567
20
2.0510769685039372
11
0.7814249606299213
21
2.0504383464566929
0
LINE
8
BLACK
6
CONTINUOUS
10
0.7814249606299213
20
2.0504383464566929
11
0.7815748031496063
21
2.0496850393700785
0
LINE
8
BLACK
6
CONTINUOUS
10
0.7815748031496063
20
2.0496850393700785
11
0.7815748031496063
21
1.9896850393700787
0
LINE
8
BLACK
6
CONTINUOUS
10
0.7815748031496063
20
1.9896850393700787
11
0.7814249606299213
21
1.9889317322834645
0
LINE
8
BLACK
6
CONTINUOUS
10
0.7814249606299213
20
1.9889317322834645
11
0.7809982283464567
21
1.9882931102362205
0
LINE
8
BLACK
6
CONTINUOUS
10
0.7809982283464567
20
1.9882931102362205
11
0.7803596062992125
21
1.9878663779527559
0
LINE
8
BLACK
6
CONTINUOUS
10
0.7803596062992125
20
1.9878663779527559
11
0.7796062992125984
21
1.9877165354330708
0
LINE
8
BLACK
6
CONTINUOUS
10
0.7796062992125984
20
1.9877165354330708
11
0.7196062992125984
21
1.9877165354330708
0
LINE
8
BLACK
6
CONTINUOUS
10
0.7196062992125984
20
1.9877165354330708
11
0.7188529921259842
21
1.9878663779527559
0
LINE
8
BLACK
6
CONTINUOUS
10
0.7188529921259842
20
1.9878663779527559
11
0.7182143700787401
21
1.9882931102362205
0
LINE
8
BLACK
6
CONTINUOUS
10
0.7182143700787401
20
1.9882931102362205
11
0.7177876377952755
21
1.9889317322834645
0
LINE
8
BLACK
6
CONTINUOUS
10
0.7177876377952755
20
1.9889317322834645
11
0.7176377952755906
21
1.9896850393700787
0
LINE
8
BLACK
6
CONTINUOUS
10
0.7176377952755906
20
1.9896850393700787
11
0.7176377952755906
21
2.0496850393700785
0
LINE
8
BLACK
6
CONTINUOUS
10
0.7176377952755906
20
2.0496850393700785
11
0.7177876377952755
21
2.0504383464566929
0
LINE
8
BLACK
6
CONTINUOUS
10
0.7177876377952755
20
2.0504383464566929
11
0.7182143700787401
21
2.0510769685039372
0
LINE
8
BLACK
6
CONTINUOUS
10
0.7182143700787401
20
2.0510769685039372
11
0.7188529921259842
21
2.0515037007874017
0
LINE
8
BLACK
6
CONTINUOUS
10
0.7188529921259842
20
2.0515037007874017
11
0.7196062992125984
21
2.0516535433070864
0
LINE
8
BLACK
6
CONTINUOUS
10
0.7196062992125984
20
2.0516535433070864
11
0.7796062992125984
21
2.0516535433070864
0
LINE
8
BLACK
6
CONTINUOUS
10
0.7796062992125984
20
2.0516535433070864
11
0.7803596062992125
21
2.0515037007874017
0
LINE
8
BLACK
6
CONTINUOUS
10
0.8803596062992126
20
2.0515037007874017
11
0.8809982283464567
21
2.0510769685039372
0
LINE
8
BLACK
6
CONTINUOUS
10
0.8809982283464567
20
2.0510769685039372
11
0.8814249606299213
21
2.0504383464566929
0
LINE
8
BLACK
6
CONTINUOUS
10
0.8814249606299213
20
2.0504383464566929
11
0.8815748031496062
21
2.0496850393700785
0
LINE
8
BLACK
6
CONTINUOUS
10
0.8815748031496062
20
2.0496850393700785
11
0.8815748031496062
21
1.9896850393700787
0
LINE
8
BLACK
6
CONTINUOUS
10
0.8815748031496062
20
1.9896850393700787
11
0.8814249606299213
21
1.9889317322834645
0
LINE
8
BLACK
6
CONTINUOUS
10
0.8814249606299213
20
1.9889317322834645
11
0.8809982283464567
21
1.9882931102362205
0
LINE
8
BLACK
6
CONTINUOUS
10
0.8809982283464567
20
1.9882931102362205
11
0.8803596062992126
21
1.9878663779527559
0
LINE
8
BLACK
6
CONTINUOUS
10
0.8803596062992126
20
1.9878663779527559
11
0.8796062992125984
21
1.9877165354330708
0
LINE
8
BLACK
6
CONTINUOUS
10
0.8796062992125984
20
1.9877165354330708
11
0.8196062992125984
21
1.9877165354330708
0
LINE
8
BLACK
6
CONTINUOUS
10
0.8196062992125984
20
1.9877165354330708
11
0.8188529921259843
21
1.9878663779527559
0
LINE
8
BLACK
6
CONTINUOUS
10
0.8188529921259843
20
1.9878663779527559
11
0.8182143700787401
21
1.9882931102362205
0
LINE
8
BLACK
6
CONTINUOUS
10
0.8182143700787401
20
1.9882931102362205
11
0.8177876377952755
21
1.9889317322834645
0
LINE
8
BLACK
6
CONTINUOUS
10
0.8177876377952755
20
1.9889317322834645
11
0.8176377952755906
21
1.9896850393700787
0
LINE
8
BLACK
6
CONTINUOUS
10
0.8176377952755906
20
1.9896850393700787
11
0.8176377952755906
21
2.0496850393700785
0
LINE
8
BLACK
6
CONTINUOUS
10
0.8176377952755906
20
2.0496850393700785
11
0.8177876377952755
21
2.0504383464566929
0
LINE
8
BLACK
6
CONTINUOUS
10
0.8177876377952755
20
2.0504383464566929
11
0.8182143700787401
21
2.0510769685039372
0
LINE
8
BLACK
6
CONTINUOUS
10
0.8182143700787401
20
2.0510769685039372
11
0.8188529921259843
21
2.0515037007874017
0
LINE
8
BLACK
6
CONTINUOUS
10
0.8188529921259843
20
2.0515037007874017
11
0.8196062992125984
21
2.0516535433070864
0
LINE
8
BLACK
6
CONTINUOUS
10
0.8196062992125984
20
2.0516535433070864
11
0.8796062992125984
21
2.0516535433070864
0
LINE
8
BLACK
6
CONTINUOUS
10
0.8796062992125984
20
2.0516535433070864
11
0.8803596062992126
21
2.0515037007874017
0
LINE
8
BLACK
6
CONTINUOUS
10
0.9803596062992126
20
2.0515037007874017
11
0.9809982283464567
21
2.0510769685039372
0
LINE
8
BLACK
6
CONTINUOUS
10
0.9809982283464567
20
2.0510769685039372
11
0.9814249606299212
21
2.0504383464566929
0
LINE
8
BLACK
6
CONTINUOUS
10
0.9814249606299212
20
2.0504383464566929
11
0.9815748031496063
21
2.0496850393700785
0
LINE
8
BLACK
6
CONTINUOUS
10
0.9815748031496063
20
2.0496850393700785
11
0.9815748031496063
21
1.9896850393700787
0
LINE
8
BLACK
6
CONTINUOUS
10
0.9815748031496063
20
1.9896850393700787
11
0.9814249606299212
21
1.9889317322834645
0
LINE
8
BLACK
6
CONTINUOUS
10
0.9814249606299212
20
1.9889317322834645
11
0.9809982283464567
21
1.9882931102362205
0
LINE
8
BLACK
6
CONTINUOUS
10
0.9809982283464567
20
1.9882931102362205
11
0.9803596062992126
21
1.9878663779527559
0
LINE
8
BLACK
6
CONTINUOUS
10
0.9803596062992126
20
1.9878663779527559
11
0.9796062992125985
21
1.9877165354330708
0
LINE
8
BLACK
6
CONTINUOUS
10
0.9796062992125985
20
1.9877165354330708
11
0.9196062992125984
21
1.9877165354330708
0
LINE
8
BLACK
6
CONTINUOUS
10
0.9196062992125984
20
1.9877165354330708
11
0.9188529921259843
21
1.9878663779527559
0
LINE
8
BLACK
6
CONTINUOUS
10
0.9188529921259843
20
1.9878663779527559
11
0.9182143700787402
21
1.9882931102362205
0
LINE
8
BLACK
6
CONTINUOUS
10
0.9182143700787402
20
1.9882931102362205
11
0.9177876377952756
21
1.9889317322834645
0
LINE
8
BLACK
6
CONTINUOUS
10
0.9177876377952756
20
1.9889317322834645
11
0.9176377952755905
21
1.9896850393700787
0
LINE
8
BLACK
6
CONTINUOUS
10
0.9176377952755905
20
1.9896850393700787
11
0.9176377952755905
21
2.0496850393700785
0
LINE
8
BLACK
6
CONTINUOUS
10
0.9176377952755905
20
2.0496850393700785
11
0.9177876377952756
21
2.0504383464566929
0
LINE
8
BLACK
6
CONTINUOUS
10
0.9177876377952756
20
2.0504383464566929
11
0.9182143700787402
21
2.0510769685039372
0
LINE
8
BLACK
6
CONTINUOUS
10
0.9182143700787402
20
2.0510769685039372
11
0.9188529921259843
21
2.0515037007874017
0
LINE
8
BLACK
6
CONTINUOUS
10
0.9188529921259843
20
2.0515037007874017
11
0.9196062992125984
21
2.0516535433070864
0
LINE
8
BLACK
6
CONTINUOUS
10
0.9196062992125984
20
2.0516535433070864
11
0.9796062992125985
21
2.0516535433070864
0
LINE
8
BLACK
6
CONTINUOUS
10
0.9796062992125985
20
2.0516535433070864
11
0.9803596062992126
21
2.0515037007874017
0
LINE
8
BLACK
6
CONTINUOUS
10
1.0803596062992127
20
2.0515037007874017
11
1.0809982283464568
21
2.0510769685039372
0
LINE
8
BLACK
6
CONTINUOUS
10
1.0809982283464568
20
2.0510769685039372
11
1.0814249606299213
21
2.0504383464566929
0
LINE
8
BLACK
6
CONTINUOUS
10
1.0814249606299213
20
2.0504383464566929
11
1.0815748031496062
21
2.0496850393700785
0
LINE
8
BLACK
6
CONTINUOUS
10
1.0815748031496062
20
2.0496850393700785
11
1.0815748031496062
21
1.9896850393700787
0
LINE
8
BLACK
6
CONTINUOUS
10
1.0815748031496062
20
1.9896850393700787
11
1.0814249606299213
21
1.9889317322834645
0
LINE
8
BLACK
6
CONTINUOUS
10
1.0814249606299213
20
1.9889317322834645
11
1.0809982283464568
21
1.9882931102362205
0
LINE
8
BLACK
6
CONTINUOUS
10
1.0809982283464568
20
1.9882931102362205
11
1.0803596062992127
21
1.9878663779527559
0
LINE
8
BLACK
6
CONTINUOUS
10
1.0803596062992127
20
1.9878663779527559
11
1.0796062992125983
21
1.9877165354330708
0
LINE
8
BLACK
6
CONTINUOUS
10
1.0796062992125983
20
1.9877165354330708
11
1.0196062992125985
21
1.9877165354330708
0
LINE
8
BLACK
6
CONTINUOUS
10
1.0196062992125985
20
1.9877165354330708
11
1.0188529921259841
21
1.9878663779527559
0
LINE
8
BLACK
6
CONTINUOUS
10
1.0188529921259841
20
1.9878663779527559
11
1.01821437007874
21
1.9882931102362205
0
LINE
8
BLACK
6
CONTINUOUS
10
1.01821437007874
20
1.9882931102362205
11
1.0177876377952755
21
1.9889317322834645
0
LINE
8
BLACK
6
CONTINUOUS
10
1.0177876377952755
20
1.9889317322834645
11
1.0176377952755906
21
1.9896850393700787
0
LINE
8
BLACK
6
CONTINUOUS
10
1.0176377952755906
20
1.9896850393700787
11
1.0176377952755906
21
2.0496850393700785
0
LINE
8
BLACK
6
CONTINUOUS
10
1.0176377952755906
20
2.0496850393700785
11
1.0177876377952755
21
2.0504383464566929
0
LINE
8
BLACK
6
CONTINUOUS
10
1.0177876377952755
20
2.0504383464566929
11
1.01821437007874
21
2.0510769685039372
0
LINE
8
BLACK
6
CONTINUOUS
10
1.01821437007874
20
2.0510769685039372
11
1.0188529921259841
21
2.0515037007874017
0
LINE
8
BLACK
6
CONTINUOUS
10
1.0188529921259841
20
2.0515037007874017
11
1.0196062992125985
21
2.0516535433070864
0
LINE
8
BLACK
6
CONTINUOUS
10
1.0196062992125985
20
2.0516535433070864
11
1.0796062992125983
21
2.0516535433070864
0
LINE
8
BLACK
6
CONTINUOUS
10
1.0796062992125983
20
2.0516535433070864
11
1.0803596062992127
21
2.0515037007874017
0
LINE
8
BLACK
6
CONTINUOUS
10
1.1803596062992125
20
2.0515037007874017
11
1.1809982283464566
21
2.0510769685039372
0
LINE
8
BLACK
6
CONTINUOUS
10
1.1809982283464566
20
2.0510769685039372
11
1.1814249606299212
21
2.0504383464566929
0
LINE
8
BLACK
6
CONTINUOUS
10
1.1814249606299212
20
2.0504383464566929
11
1.1815748031496063
21
2.0496850393700785
0
LINE
8
BLACK
6
CONTINUOUS
10
1.1815748031496063
20
2.0496850393700785
11
1.1815748031496063
21
1.9896850393700787
0
LINE
8
BLACK
6
CONTINUOUS
10
1.1815748031496063
20
1.9896850393700787
11
1.1814249606299212
21
1.9889317322834645
0
LINE
8
BLACK
6
CONTINUOUS
10
1.1814249606299212
20
1.9889317322834645
11
1.1809982283464566
21
1.9882931102362205
0
LINE
8
BLACK
6
CONTINUOUS
10
1.1809982283464566
20
1.9882931102362205
11
1.1803596062992125
21
1.9878663779527559
0
LINE
8
BLACK
6
CONTINUOUS
10
1.1803596062992125
20
1.9878663779527559
11
1.1796062992125984
21
1.9877165354330708
0
LINE
8
BLACK
6
CONTINUOUS
10
1.1796062992125984
20
1.9877165354330708
11
1.1196062992125984
21
1.9877165354330708
0
LINE
8
BLACK
6
CONTINUOUS
10
1.1196062992125984
20
1.9877165354330708
11
1.1188529921259842
21
1.9878663779527559
0
LINE
8
BLACK
6
CONTINUOUS
10
1.1188529921259842
20
1.9878663779527559
11
1.1182143700787401
21
1.9882931102362205
0
LINE
8
BLACK
6
CONTINUOUS
10
1.1182143700787401
20
1.9882931102362205
11
1.1177876377952756
21
1.9889317322834645
0
LINE
8
BLACK
6
CONTINUOUS
10
1.1177876377952756
20
1.9889317322834645
11
1.1176377952755905
21
1.9896850393700787
0
LINE
8
BLACK
6
CONTINUOUS
10
1.1176377952755905
20
1.9896850393700787
11
1.1176377952755905
21
2.0496850393700785
0
LINE
8
BLACK
6
CONTINUOUS
10
1.1176377952755905
20
2.0496850393700785
11
1.1177876377952756
21
2.0504383464566929
0
LINE
8
BLACK
6
CONTINUOUS
10
1.1177876377952756
20
2.0504383464566929
11
1.1182143700787401
21
2.0510769685039372
0
LINE
8
BLACK
6
CONTINUOUS
10
1.1182143700787401
20
2.0510769685039372
11
1.1188529921259842
21
2.0515037007874017
0
LINE
8
BLACK
6
CONTINUOUS
10
1.1188529921259842
20
2.0515037007874017
11
1.1196062992125984
21
2.0516535433070864
0
LINE
8
BLACK
6
CONTINUOUS
10
1.1196062992125984
20
2.0516535433070864
11
1.1796062992125984
21
2.0516535433070864
0
LINE
8
BLACK
6
CONTINUOUS
10
1.1796062992125984
20
2.0516535433070864
11
1.1803596062992125
21
2.0515037007874017
0
LINE
8
BLACK
6
CONTINUOUS
10
1.2803596062992126
20
2.0515037007874017
11
1.2809982283464567
21
2.0510769685039372
0
LINE
8
BLACK
6
CONTINUOUS
10
1.2809982283464567
20
2.0510769685039372
11
1.2814249606299213
21
2.0504383464566929
0
LINE
8
BLACK
6
CONTINUOUS
10
1.2814249606299213
20
2.0504383464566929
11
1.2815748031496064
21
2.0496850393700785
0
LINE
8
BLACK
6
CONTINUOUS
10
1.2815748031496064
20
2.0496850393700785
11
1.2815748031496064
21
1.9896850393700787
0
LINE
8
BLACK
6
CONTINUOUS
10
1.2815748031496064
20
1.9896850393700787
11
1.2814249606299213
21
1.9889317322834645
0
LINE
8
BLACK
6
CONTINUOUS
10
1.2814249606299213
20
1.9889317322834645
11
1.2809982283464567
21
1.9882931102362205
0
LINE
8
BLACK
6
CONTINUOUS
10
1.2809982283464567
20
1.9882931102362205
11
1.2803596062992126
21
1.9878663779527559
0
LINE
8
BLACK
6
CONTINUOUS
10
1.2803596062992126
20
1.9878663779527559
11
1.2796062992125985
21
1.9877165354330708
0
LINE
8
BLACK
6
CONTINUOUS
10
1.2796062992125985
20
1.9877165354330708
11
1.2196062992125984
21
1.9877165354330708
0
LINE
8
BLACK
6
CONTINUOUS
10
1.2196062992125984
20
1.9877165354330708
11
1.2188529921259843
21
1.9878663779527559
0
LINE
8
BLACK
6
CONTINUOUS
10
1.2188529921259843
20
1.9878663779527559
11
1.2182143700787402
21
1.9882931102362205
0
LINE
8
BLACK
6
CONTINUOUS
10
1.2182143700787402
20
1.9882931102362205
11
1.2177876377952757
21
1.9889317322834645
0
LINE
8
BLACK
6
CONTINUOUS
10
1.2177876377952757
20
1.9889317322834645
11
1.2176377952755906
21
1.9896850393700787
0
LINE
8
BLACK
6
CONTINUOUS
10
1.2176377952755906
20
1.9896850393700787
11
1.2176377952755906
21
2.0496850393700785
0
LINE
8
BLACK
6
CONTINUOUS
10
1.2176377952755906
20
2.0496850393700785
11
1.2177876377952757
21
2.0504383464566929
0
LINE
8
BLACK
6
CONTINUOUS
10
1.2177876377952757
20
2.0504383464566929
11
1.2182143700787402
21
2.0510769685039372
0
LINE
8
BLACK
6
CONTINUOUS
10
1.2182143700787402
20
2.0510769685039372
11
1.2188529921259843
21
2.0515037007874017
0
LINE
8
BLACK
6
CONTINUOUS
10
1.2188529921259843
20
2.0515037007874017
11
1.2196062992125984
21
2.0516535433070864
0
LINE
8
BLACK
6
CONTINUOUS
10
1.2196062992125984
20
2.0516535433070864
11
1.2796062992125985
21
2.0516535433070864
0
LINE
8
BLACK
6
CONTINUOUS
10
1.2796062992125985
20
2.0516535433070864
11
1.2803596062992126
21
2.0515037007874017
0
LINE
8
BLACK
6
CONTINUOUS
10
1.3803596062992125
20
2.0515037007874017
11
1.3809982283464566
21
2.0510769685039372
0
LINE
8
BLACK
6
CONTINUOUS
10
1.3809982283464566
20
2.0510769685039372
11
1.3814249606299212
21
2.0504383464566929
0
LINE
8
BLACK
6
CONTINUOUS
10
1.3814249606299212
20
2.0504383464566929
11
1.3815748031496062
21
2.0496850393700785
0
LINE
8
BLACK
6
CONTINUOUS
10
1.3815748031496062
20
2.0496850393700785
11
1.3815748031496062
21
1.9896850393700787
0
LINE
8
BLACK
6
CONTINUOUS
10
1.3815748031496062
20
1.9896850393700787
11
1.3814249606299212
21
1.9889317322834645
0
LINE
8
BLACK
6
CONTINUOUS
10
1.3814249606299212
20
1.9889317322834645
11
1.3809982283464566
21
1.9882931102362205
0
LINE
8
BLACK
6
CONTINUOUS
10
1.3809982283464566
20
1.9882931102362205
11
1.3803596062992125
21
1.9878663779527559
0
LINE
8
BLACK
6
CONTINUOUS
10
1.3803596062992125
20
1.9878663779527559
11
1.3796062992125984
21
1.9877165354330708
0
LINE
8
BLACK
6
CONTINUOUS
10
1.3796062992125984
20
1.9877165354330708
11
1.3196062992125983
21
1.9877165354330708
0
LINE
8
BLACK
6
CONTINUOUS
10
1.3196062992125983
20
1.9877165354330708
11
1.3188529921259842
21
1.9878663779527559
0
LINE
8
BLACK
6
CONTINUOUS
10
1.3188529921259842
20
1.9878663779527559
11
1.3182143700787401
21
1.9882931102362205
0
LINE
8
BLACK
6
CONTINUOUS
10
1.3182143700787401
20
1.9882931102362205
11
1.3177876377952755
21
1.9889317322834645
0
LINE
8
BLACK
6
CONTINUOUS
10
1.3177876377952755
20
1.9889317322834645
11
1.3176377952755904
21
1.9896850393700787
0
LINE
8
BLACK
6
CONTINUOUS
10
1.3176377952755904
20
1.9896850393700787
11
1.3176377952755904
21
2.0496850393700785
0
LINE
8
BLACK
6
CONTINUOUS
10
1.3176377952755904
20
2.0496850393700785
11
1.3177876377952755
21
2.0504383464566929
0
LINE
8
BLACK
6
CONTINUOUS
10
1.3177876377952755
20
2.0504383464566929
11
1.3182143700787401
21
2.0510769685039372
0
LINE
8
BLACK
6
CONTINUOUS
10
1.3182143700787401
20
2.0510769685039372
11
1.3188529921259842
21
2.0515037007874017
0
LINE
8
BLACK
6
CONTINUOUS
10
1.3188529921259842
20
2.0515037007874017
11
1.3196062992125983
21
2.0516535433070864
0
LINE
8
BLACK
6
CONTINUOUS
10
1.3196062992125983
20
2.0516535433070864
11
1.3796062992125984
21
2.0516535433070864
0
LINE
8
BLACK
6
CONTINUOUS
10
1.3796062992125984
20
2.0516535433070864
11
1.3803596062992125
21
2.0515037007874017
0
LINE
8
BLACK
6
CONTINUOUS
10
1.4803596062992126
20
2.0515037007874017
11
1.4809982283464567
21
2.0510769685039372
0
LINE
8
BLACK
6
CONTINUOUS
10
1.4809982283464567
20
2.0510769685039372
11
1.4814249606299212
21
2.0504383464566929
0
LINE
8
BLACK
6
CONTINUOUS
10
1.4814249606299212
20
2.0504383464566929
11
1.4815748031496063
21
2.0496850393700785
0
LINE
8
BLACK
6
CONTINUOUS
10
1.4815748031496063
20
2.0496850393700785
11
1.4815748031496063
21
1.9896850393700787
0
LINE
8
BLACK
6
CONTINUOUS
10
1.4815748031496063
20
1.9896850393700787
11
1.4814249606299212
21
1.9889317322834645
0
LINE
8
BLACK
6
CONTINUOUS
10
1.4814249606299212
20
1.9889317322834645
11
1.4809982283464567
21
1.9882931102362205
0
LINE
8
BLACK
6
CONTINUOUS
10
1.4809982283464567
20
1.9882931102362205
11
1.4803596062992126
21
1.9878663779527559
0
LINE
8
BLACK
6
CONTINUOUS
10
1.4803596062992126
20
1.9878663779527559
11
1.4796062992125985
21
1.9877165354330708
0
LINE
8
BLACK
6
CONTINUOUS
10
1.4796062992125985
20
1.9877165354330708
11
1.4196062992125984
21
1.9877165354330708
0
LINE
8
BLACK
6
CONTINUOUS
10
1.4196062992125984
20
1.9877165354330708
11
1.4188529921259843
21
1.9878663779527559
0
LINE
8
BLACK
6
CONTINUOUS
10
1.4188529921259843
20
1.9878663779527559
11
1.4182143700787402
21
1.9882931102362205
0
LINE
8
BLACK
6
CONTINUOUS
10
1.4182143700787402
20
1.9882931102362205
11
1.4177876377952756
21
1.9889317322834645
0
LINE
8
BLACK
6
CONTINUOUS
10
1.4177876377952756
20
1.9889317322834645
11
1.4176377952755905
21
1.9896850393700787
0
LINE
8
BLACK
6
CONTINUOUS
10
1.4176377952755905
20
1.9896850393700787
11
1.4176377952755905
21
2.0496850393700785
0
LINE
8
BLACK
6
CONTINUOUS
10
1.4176377952755905
20
2.0496850393700785
11
1.4177876377952756
21
2.0504383464566929
0
LINE
8
BLACK
6
CONTINUOUS
10
1.4177876377952756
20
2.0504383464566929
11
1.4182143700787402
21
2.0510769685039372
0
LINE
8
BLACK
6
CONTINUOUS
10
1.4182143700787402
20
2.0510769685039372
11
1.4188529921259843
21
2.0515037007874017
0
LINE
8
BLACK
6
CONTINUOUS
10
1.4188529921259843
20
2.0515037007874017
11
1.4196062992125984
21
2.0516535433070864
0
LINE
8
BLACK
6
CONTINUOUS
10
1.4196062992125984
20
2.0516535433070864
11
1.4796062992125985
21
2.0516535433070864
0
LINE
8
BLACK
6
CONTINUOUS
10
1.4796062992125985
20
2.0516535433070864
11
1.4803596062992126
21
2.0515037007874017
0
LINE
8
BLACK
6
CONTINUOUS
10
1.5803596062992125
20
2.0515037007874017
11
1.5809982283464568
21
2.0510769685039372
0
LINE
8
BLACK
6
CONTINUOUS
10
1.5809982283464568
20
2.0510769685039372
11
1.5814249606299213
21
2.0504383464566929
0
LINE
8
BLACK
6
CONTINUOUS
10
1.5814249606299213
20
2.0504383464566929
11
1.5815748031496062
21
2.0496850393700785
0
LINE
8
BLACK
6
CONTINUOUS
10
1.5815748031496062
20
2.0496850393700785
11
1.5815748031496062
21
1.9896850393700787
0
LINE
8
BLACK
6
CONTINUOUS
10
1.5815748031496062
20
1.9896850393700787
11
1.5814249606299213
21
1.9889317322834645
0
LINE
8
BLACK
6
CONTINUOUS
10
1.5814249606299213
20
1.9889317322834645
11
1.5809982283464568
21
1.9882931102362205
0
LINE
8
BLACK
6
CONTINUOUS
10
1.5809982283464568
20
1.9882931102362205
11
1.5803596062992125
21
1.9878663779527559
0
LINE
8
BLACK
6
CONTINUOUS
10
1.5803596062992125
20
1.9878663779527559
11
1.5796062992125983
21
1.9877165354330708
0
LINE
8
BLACK
6
CONTINUOUS
10
1.5796062992125983
20
1.9877165354330708
11
1.5196062992125985
21
1.9877165354330708
0
LINE
8
BLACK
6
CONTINUOUS
10
1.5196062992125985
20
1.9877165354330708
11
1.5188529921259841
21
1.9878663779527559
0
LINE
8
BLACK
6
CONTINUOUS
10
1.5188529921259841
20
1.9878663779527559
11
1.51821437007874
21
1.9882931102362205
0
LINE
8
BLACK
6
CONTINUOUS
10
1.51821437007874
20
1.9882931102362205
11
1.5177876377952755
21
1.9889317322834645
0
LINE
8
BLACK
6
CONTINUOUS
10
1.5177876377952755
20
1.9889317322834645
11
1.5176377952755906
21
1.9896850393700787
0
LINE
8
BLACK
6
CONTINUOUS
10
1.5176377952755906
20
1.9896850393700787
11
1.5176377952755906
21
2.0496850393700785
0
LINE
8
BLACK
6
CONTINUOUS
10
1.5176377952755906
20
2.0496850393700785
11
1.5177876377952755
21
2.0504383464566929
0
LINE
8
BLACK
6
CONTINUOUS
10
1.5177876377952755
20
2.0504383464566929
11
1.51821437007874
21
2.0510769685039372
0
LINE
8
BLACK
6
CONTINUOUS
10
1.51821437007874
20
2.0510769685039372
11
1.5188529921259841
21
2.0515037007874017
0
LINE
8
BLACK
6
CONTINUOUS
10
1.5188529921259841
20
2.0515037007874017
11
1.5196062992125985
21
2.0516535433070864
0
LINE
8
BLACK
6
CONTINUOUS
10
1.5196062992125985
20
2.0516535433070864
11
1.5796062992125983
21
2.0516535433070864
0
LINE
8
BLACK
6
CONTINUOUS
10
1.5796062992125983
20
2.0516535433070864
11
1.5803596062992125
21
2.0515037007874017
0
LINE
8
BLACK
6
CONTINUOUS
10
1.6803596062992125
20
2.0515037007874017
11
1.6809982283464566
21
2.0510769685039372
0
LINE
8
BLACK
6
CONTINUOUS
10
1.6809982283464566
20
2.0510769685039372
11
1.6814249606299212
21
2.0504383464566929
0
LINE
8
BLACK
6
CONTINUOUS
10
1.6814249606299212
20
2.0504383464566929
11
1.6815748031496063
21
2.0496850393700785
0
LINE
8
BLACK
6
CONTINUOUS
10
1.6815748031496063
20
2.0496850393700785
11
1.6815748031496063
21
1.9896850393700787
0
LINE
8
BLACK
6
CONTINUOUS
10
1.6815748031496063
20
1.9896850393700787
11
1.6814249606299212
21
1.9889317322834645
0
LINE
8
BLACK
6
CONTINUOUS
10
1.6814249606299212
20
1.9889317322834645
11
1.6809982283464566
21
1.9882931102362205
0
LINE
8
BLACK
6
CONTINUOUS
10
1.6809982283464566
20
1.9882931102362205
11
1.6803596062992125
21
1.9878663779527559
0
LINE
8
BLACK
6
CONTINUOUS
10
1.6803596062992125
20
1.9878663779527559
11
1.6796062992125984
21
1.9877165354330708
0
LINE
8
BLACK
6
CONTINUOUS
10
1.6796062992125984
20
1.9877165354330708
11
1.6196062992125984
21
1.9877165354330708
0
LINE
8
BLACK
6
CONTINUOUS
10
1.6196062992125984
20
1.9877165354330708
11
1.6188529921259842
21
1.9878663779527559
0
LINE
8
BLACK
6
CONTINUOUS
10
1.6188529921259842
20
1.9878663779527559
11
1.6182143700787401
21
1.9882931102362205
0
LINE
8
BLACK
6
CONTINUOUS
10
1.6182143700787401
20
1.9882931102362205
11
1.6177876377952756
21
1.9889317322834645
0
LINE
8
BLACK
6
CONTINUOUS
10
1.6177876377952756
20
1.9889317322834645
11
1.6176377952755905
21
1.9896850393700787
0
LINE
8
BLACK
6
CONTINUOUS
10
1.6176377952755905
20
1.9896850393700787
11
1.6176377952755905
21
2.0496850393700785
0
LINE
8
BLACK
6
CONTINUOUS
10
1.6176377952755905
20
2.0496850393700785
11
1.6177876377952756
21
2.0504383464566929
0
LINE
8
BLACK
6
CONTINUOUS
10
1.6177876377952756
20
2.0504383464566929
11
1.6182143700787401
21
2.0510769685039372
0
LINE
8
BLACK
6
CONTINUOUS
10
1.6182143700787401
20
2.0510769685039372
11
1.6188529921259842
21
2.0515037007874017
0
LINE
8
BLACK
6
CONTINUOUS
10
1.6188529921259842
20
2.0515037007874017
11
1.6196062992125984
21
2.0516535433070864
0
LINE
8
BLACK
6
CONTINUOUS
10
1.6196062992125984
20
2.0516535433070864
11
1.6796062992125984
21
2.0516535433070864
0
LINE
8
BLACK
6
CONTINUOUS
10
1.6796062992125984
20
2.0516535433070864
11
1.6803596062992125
21
2.0515037007874017
0
LINE
8
BLACK
6
CONTINUOUS
10
1.7803596062992126
20
2.0515037007874017
11
1.7809982283464567
21
2.0510769685039372
0
LINE
8
BLACK
6
CONTINUOUS
10
1.7809982283464567
20
2.0510769685039372
11
1.7814249606299213
21
2.0504383464566929
0
LINE
8
BLACK
6
CONTINUOUS
10
1.7814249606299213
20
2.0504383464566929
11
1.7815748031496064
21
2.0496850393700785
0
LINE
8
BLACK
6
CONTINUOUS
10
1.7815748031496064
20
2.0496850393700785
11
1.7815748031496064
21
1.9896850393700787
0
LINE
8
BLACK
6
CONTINUOUS
10
1.7815748031496064
20
1.9896850393700787
11
1.7814249606299213
21
1.9889317322834645
0
LINE
8
BLACK
6
CONTINUOUS
10
1.7814249606299213
20
1.9889317322834645
11
1.7809982283464567
21
1.9882931102362205
0
LINE
8
BLACK
6
CONTINUOUS
10
1.7809982283464567
20
1.9882931102362205
11
1.7803596062992126
21
1.9878663779527559
0
LINE
8
BLACK
6
CONTINUOUS
10
1.7803596062992126
20
1.9878663779527559
11
1.7796062992125983
21
1.9877165354330708
0
LINE
8
BLACK
6
CONTINUOUS
10
1.7796062992125983
20
1.9877165354330708
11
1.7196062992125984
21
1.9877165354330708
0
LINE
8
BLACK
6
CONTINUOUS
10
1.7196062992125984
20
1.9877165354330708
11
1.7188529921259843
21
1.9878663779527559
0
LINE
8
BLACK
6
CONTINUOUS
10
1.7188529921259843
20
1.9878663779527559
11
1.7182143700787402
21
1.9882931102362205
0
LINE
8
BLACK
6
CONTINUOUS
10
1.7182143700787402
20
1.9882931102362205
11
1.7177876377952757
21
1.9889317322834645
0
LINE
8
BLACK
6
CONTINUOUS
10
1.7177876377952757
20
1.9889317322834645
11
1.7176377952755906
21
1.9896850393700787
0
LINE
8
BLACK
6
CONTINUOUS
10
1.7176377952755906
20
1.9896850393700787
11
1.7176377952755906
21
2.0496850393700785
0
LINE
8
BLACK
6
CONTINUOUS
10
1.7176377952755906
20
2.0496850393700785
11
1.7177876377952757
21
2.0504383464566929
0
LINE
8
BLACK
6
CONTINUOUS
10
1.7177876377952757
20
2.0504383464566929
11
1.7182143700787402
21
2.0510769685039372
0
LINE
8
BLACK
6
CONTINUOUS
10
1.7182143700787402
20
2.0510769685039372
11
1.7188529921259843
21
2.0515037007874017
0
LINE
8
BLACK
6
CONTINUOUS
10
1.7188529921259843
20
2.0515037007874017
11
1.7196062992125984
21
2.0516535433070864
0
LINE
8
BLACK
6
CONTINUOUS
10
1.7196062992125984
20
2.0516535433070864
11
1.7796062992125983
21
2.0516535433070864
0
LINE
8
BLACK
6
CONTINUOUS
10
1.7796062992125983
20
2.0516535433070864
11
1.7803596062992126
21
2.0515037007874017
0
LINE
8
BLACK
6
CONTINUOUS
10
1.8803596062992125
20
2.0515037007874017
11
1.8809982283464566
21
2.0510769685039372
0
LINE
8
BLACK
6
CONTINUOUS
10
1.8809982283464566
20
2.0510769685039372
11
1.8814249606299212
21
2.0504383464566929
0
LINE
8
BLACK
6
CONTINUOUS
10
1.8814249606299212
20
2.0504383464566929
11
1.8815748031496062
21
2.0496850393700785
0
LINE
8
BLACK
6
CONTINUOUS
10
1.8815748031496062
20
2.0496850393700785
11
1.8815748031496062
21
1.9896850393700787
0
LINE
8
BLACK
6
CONTINUOUS
10
1.8815748031496062
20
1.9896850393700787
11
1.8814249606299212
21
1.9889317322834645
0
LINE
8
BLACK
6
CONTINUOUS
10
1.8814249606299212
20
1.9889317322834645
11
1.8809982283464566
21
1.9882931102362205
0
LINE
8
BLACK
6
CONTINUOUS
10
1.8809982283464566
20
1.9882931102362205
11
1.8803596062992125
21
1.9878663779527559
0
LINE
8
BLACK
6
CONTINUOUS
10
1.8803596062992125
20
1.9878663779527559
11
1.8796062992125984
21
1.9877165354330708
0
LINE
8
BLACK
6
CONTINUOUS
10
1.8796062992125984
20
1.9877165354330708
11
1.8196062992125983
21
1.9877165354330708
0
LINE
8
BLACK
6
CONTINUOUS
10
1.8196062992125983
20
1.9877165354330708
11
1.8188529921259842
21
1.9878663779527559
0
LINE
8
BLACK
6
CONTINUOUS
10
1.8188529921259842
20
1.9878663779527559
11
1.8182143700787401
21
1.9882931102362205
0
LINE
8
BLACK
6
CONTINUOUS
10
1.8182143700787401
20
1.9882931102362205
11
1.8177876377952755
21
1.9889317322834645
0
LINE
8
BLACK
6
CONTINUOUS
10
1.8177876377952755
20
1.9889317322834645
11
1.8176377952755904
21
1.9896850393700787
0
LINE
8
BLACK
6
CONTINUOUS
10
1.8176377952755904
20
1.9896850393700787
11
1.8176377952755904
21
2.0496850393700785
0
LINE
8
BLACK
6
CONTINUOUS
10
1.8176377952755904
20
2.0496850393700785
11
1.8177876377952755
21
2.0504383464566929
0
LINE
8
BLACK
6
CONTINUOUS
10
1.8177876377952755
20
2.0504383464566929
11
1.8182143700787401
21
2.0510769685039372
0
LINE
8
BLACK
6
CONTINUOUS
10
1.8182143700787401
20
2.0510769685039372
11
1.8188529921259842
21
2.0515037007874017
0
LINE
8
BLACK
6
CONTINUOUS
10
1.8188529921259842
20
2.0515037007874017
11
1.8196062992125983
21
2.0516535433070864
0
LINE
8
BLACK
6
CONTINUOUS
10
1.8196062992125983
20
2.0516535433070864
11
1.8796062992125984
21
2.0516535433070864
0
LINE
8
BLACK
6
CONTINUOUS
10
1.8796062992125984
20
2.0516535433070864
11
1.8803596062992125
21
2.0515037007874017
0
LINE
8
BLACK
6
CONTINUOUS
10
1.9803596062992126
20
2.0515037007874017
11
1.9809982283464567
21
2.0510769685039372
0
LINE
8
BLACK
6
CONTINUOUS
10
1.9809982283464567
20
2.0510769685039372
11
1.9814249606299212
21
2.0504383464566929
0
LINE
8
BLACK
6
CONTINUOUS
10
1.9814249606299212
20
2.0504383464566929
11
1.9815748031496063
21
2.0496850393700785
0
LINE
8
BLACK
6
CONTINUOUS
10
1.9815748031496063
20
2.0496850393700785
11
1.9815748031496063
21
1.9896850393700787
0
LINE
8
BLACK
6
CONTINUOUS
10
1.9815748031496063
20
1.9896850393700787
11
1.9814249606299212
21
1.9889317322834645
0
LINE
8
BLACK
6
CONTINUOUS
10
1.9814249606299212
20
1.9889317322834645
11
1.9809982283464567
21
1.9882931102362205
0
LINE
8
BLACK
6
CONTINUOUS
10
1.9809982283464567
20
1.9882931102362205
11
1.9803596062992126
21
1.9878663779527559
0
LINE
8
BLACK
6
CONTINUOUS
10
1.9803596062992126
20
1.9878663779527559
11
1.9796062992125985
21
1.9877165354330708
0
LINE
8
BLACK
6
CONTINUOUS
10
1.9796062992125985
20
1.9877165354330708
11
1.9196062992125984
21
1.9877165354330708
0
LINE
8
BLACK
6
CONTINUOUS
10
1.9196062992125984
20
1.9877165354330708
11
1.9188529921259843
21
1.9878663779527559
0
LINE
8
BLACK
6
CONTINUOUS
10
1.9188529921259843
20
1.9878663779527559
11
1.9182143700787402
21
1.9882931102362205
0
LINE
8
BLACK
6
CONTINUOUS
10
1.9182143700787402
20
1.9882931102362205
11
1.9177876377952756
21
1.9889317322834645
0
LINE
8
BLACK
6
CONTINUOUS
10
1.9177876377952756
20
1.9889317322834645
11
1.9176377952755905
21
1.9896850393700787
0
LINE
8
BLACK
6
CONTINUOUS
10
1.9176377952755905
20
1.9896850393700787
11
1.9176377952755905
21
2.0496850393700785
0
LINE
8
BLACK
6
CONTINUOUS
10
1.9176377952755905
20
2.0496850393700785
11
1.9177876377952756
21
2.0504383464566929
0
LINE
8
BLACK
6
CONTINUOUS
10
1.9177876377952756
20
2.0504383464566929
11
1.9182143700787402
21
2.0510769685039372
0
LINE
8
BLACK
6
CONTINUOUS
10
1.9182143700787402
20
2.0510769685039372
11
1.9188529921259843
21
2.0515037007874017
0
LINE
8
BLACK
6
CONTINUOUS
10
1.9188529921259843
20
2.0515037007874017
11
1.9196062992125984
21
2.0516535433070864
0
LINE
8
BLACK
6
CONTINUOUS
10
1.9196062992125984
20
2.0516535433070864
11
1.9796062992125985
21
2.0516535433070864
0
LINE
8
BLACK
6
CONTINUOUS
10
1.9796062992125985
20
2.0516535433070864
11
1.9803596062992126
21
2.0515037007874017
0
LINE
8
BLACK
6
CONTINUOUS
10
1.217271062992126
20
2.1237020078740159
11
1.2212417716535433
21
2.1219487795275591
0
LINE
8
BLACK
6
CONTINUOUS
10
1.2212417716535433
20
2.1219487795275591
11
1.2243109842519684
21
2.1188795669291336
0
LINE
8
BLACK
6
CONTINUOUS
10
1.2243109842519684
20
2.1188795669291336
11
1.2260642125984251
21
2.1149088582677167
0
LINE
8
BLACK
6
CONTINUOUS
10
1.2260642125984251
20
2.1149088582677167
11
1.2263779527559056
21
2.1122047244094486
0
LINE
8
BLACK
6
CONTINUOUS
10
1.2263779527559056
20
2.1122047244094486
11
1.2263779527559056
21
2.0915354330708662
0
LINE
8
BLACK
6
CONTINUOUS
10
1.2263779527559056
20
2.0915354330708662
11
1.2260642125984251
21
2.0888312992125986
0
LINE
8
BLACK
6
CONTINUOUS
10
1.2260642125984251
20
2.0888312992125986
11
1.2243109842519684
21
2.0848605905511812
0
LINE
8
BLACK
6
CONTINUOUS
10
1.2243109842519684
20
2.0848605905511812
11
1.2212417716535433
21
2.0817913779527557
0
LINE
8
BLACK
6
CONTINUOUS
10
1.2212417716535433
20
2.0817913779527557
11
1.217271062992126
21
2.080038149606299
0
LINE
8
BLACK
6
CONTINUOUS
10
1.217271062992126
20
2.080038149606299
11
1.2145669291338583
21
2.079724409448819
0
LINE
8
BLACK
6
CONTINUOUS
10
1.2145669291338583
20
2.079724409448819
11
1.1791338582677164
21
2.079724409448819
0
LINE
8
BLACK
6
CONTINUOUS
10
1.1791338582677164
20
2.079724409448819
11
1.1764297244094488
21
2.080038149606299
0
LINE
8
BLACK
6
CONTINUOUS
10
1.1764297244094488
20
2.080038149606299
11
1.1724590157480315
21
2.0817913779527557
0
LINE
8
BLACK
6
CONTINUOUS
10
1.1724590157480315
20
2.0817913779527557
11
1.1693898031496062
21
2.0848605905511812
0
LINE
8
BLACK
6
CONTINUOUS
10
1.1693898031496062
20
2.0848605905511812
11
1.1676365748031496
21
2.0888312992125986
0
LINE
8
BLACK
6
CONTINUOUS
10
1.1676365748031496
20
2.0888312992125986
11
1.1673228346456692
21
2.0915354330708662
0
LINE
8
BLACK
6
CONTINUOUS
10
1.1673228346456692
20
2.0915354330708662
11
1.1673228346456692
21
2.1122047244094486
0
LINE
8
BLACK
6
CONTINUOUS
10
1.1673228346456692
20
2.1122047244094486
11
1.1676365748031496
21
2.1149088582677167
0
LINE
8
BLACK
6
CONTINUOUS
10
1.1676365748031496
20
2.1149088582677167
11
1.1693898031496062
21
2.1188795669291336
0
LINE
8
BLACK
6
CONTINUOUS
10
1.1693898031496062
20
2.1188795669291336
11
1.1724590157480315
21
2.1219487795275591
0
LINE
8
BLACK
6
CONTINUOUS
10
1.1724590157480315
20
2.1219487795275591
11
1.1764297244094488
21
2.1237020078740159
0
LINE
8
BLACK
6
CONTINUOUS
10
1.1764297244094488
20
2.1237020078740159
11
1.1791338582677164
21
2.1240157480314958
0
LINE
8
BLACK
6
CONTINUOUS
10
1.1791338582677164
20
2.1240157480314958
11
1.2145669291338583
21
2.1240157480314958
0
LINE
8
BLACK
6
CONTINUOUS
10
1.2145669291338583
20
2.1240157480314958
11
1.217271062992126
21
2.1237020078740159
0
LINE
8
BLACK
6
CONTINUOUS
10
1.296011220472441
20
2.1237020078740159
11
1.2999819291338581
21
2.1219487795275591
0
LINE
8
BLACK
6
CONTINUOUS
10
1.2999819291338581
20
2.1219487795275591
11
1.3030511417322834
21
2.1188795669291336
0
LINE
8
BLACK
6
CONTINUOUS
10
1.3030511417322834
20
2.1188795669291336
11
1.3048043700787402
21
2.1149088582677167
0
LINE
8
BLACK
6
CONTINUOUS
10
1.3048043700787402
20
2.1149088582677167
11
1.3051181102362204
21
2.1122047244094486
0
LINE
8
BLACK
6
CONTINUOUS
10
1.3051181102362204
20
2.1122047244094486
11
1.3051181102362204
21
2.0915354330708662
0
LINE
8
BLACK
6
CONTINUOUS
10
1.3051181102362204
20
2.0915354330708662
11
1.3048043700787402
21
2.0888312992125986
0
LINE
8
BLACK
6
CONTINUOUS
10
1.3048043700787402
20
2.0888312992125986
11
1.3030511417322834
21
2.0848605905511812
0
LINE
8
BLACK
6
CONTINUOUS
10
1.3030511417322834
20
2.0848605905511812
11
1.2999819291338581
21
2.0817913779527557
0
LINE
8
BLACK
6
CONTINUOUS
10
1.2999819291338581
20
2.0817913779527557
11
1.296011220472441
21
2.080038149606299
0
LINE
8
BLACK
6
CONTINUOUS
10
1.296011220472441
20
2.080038149606299
11
1.2933070866141732
21
2.079724409448819
0
LINE
8
BLACK
6
CONTINUOUS
10
1.2933070866141732
20
2.079724409448819
11
1.2578740157480315
21
2.079724409448819
0
LINE
8
BLACK
6
CONTINUOUS
10
1.2578740157480315
20
2.079724409448819
11
1.2551698818897639
21
2.080038149606299
0
LINE
8
BLACK
6
CONTINUOUS
10
1.2551698818897639
20
2.080038149606299
11
1.2511991732283465
21
2.0817913779527557
0
LINE
8
BLACK
6
CONTINUOUS
10
1.2511991732283465
20
2.0817913779527557
11
1.2481299606299212
21
2.0848605905511812
0
LINE
8
BLACK
6
CONTINUOUS
10
1.2481299606299212
20
2.0848605905511812
11
1.2463767322834645
21
2.0888312992125986
0
LINE
8
BLACK
6
CONTINUOUS
10
1.2463767322834645
20
2.0888312992125986
11
1.2460629921259843
21
2.0915354330708662
0
LINE
8
BLACK
6
CONTINUOUS
10
1.2460629921259843
20
2.0915354330708662
11
1.2460629921259843
21
2.1122047244094486
0
LINE
8
BLACK
6
CONTINUOUS
10
1.2460629921259843
20
2.1122047244094486
11
1.2463767322834645
21
2.1149088582677167
0
LINE
8
BLACK
6
CONTINUOUS
10
1.2463767322834645
20
2.1149088582677167
11
1.2481299606299212
21
2.1188795669291336
0
LINE
8
BLACK
6
CONTINUOUS
10
1.2481299606299212
20
2.1188795669291336
11
1.2511991732283465
21
2.1219487795275591
0
LINE
8
BLACK
6
CONTINUOUS
10
1.2511991732283465
20
2.1219487795275591
11
1.2551698818897639
21
2.1237020078740159
0
LINE
8
BLACK
6
CONTINUOUS
10
1.2551698818897639
20
2.1237020078740159
11
1.2578740157480315
21
2.1240157480314958
0
LINE
8
BLACK
6
CONTINUOUS
10
1.2578740157480315
20
2.1240157480314958
11
1.2933070866141732
21
2.1240157480314958
0
LINE
8
BLACK
6
CONTINUOUS
10
1.2933070866141732
20
2.1240157480314958
11
1.296011220472441
21
2.1237020078740159
0
LINE
8
BLACK
6
CONTINUOUS
10
0.3762277952755905
20
2.1551980708661418
11
0.3801985039370079
21
2.153444842519685
0
LINE
8
BLACK
6
CONTINUOUS
10
0.3801985039370079
20
2.153444842519685
11
0.3832677165354331
21
2.15037562992126
0
LINE
8
BLACK
6
CONTINUOUS
10
0.3832677165354331
20
2.15037562992126
11
0.3850209448818898
21
2.1464049212598426
0
LINE
8
BLACK
6
CONTINUOUS
10
0.3850209448818898
20
2.1464049212598426
11
0.3853346850393701
21
2.1437007874015745
0
LINE
8
BLACK
6
CONTINUOUS
10
0.3853346850393701
20
2.1437007874015745
11
0.3853346850393701
21
2.1082677165354329
0
LINE
8
BLACK
6
CONTINUOUS
10
0.3853346850393701
20
2.1082677165354329
11
0.3850209448818898
21
2.1055635826771653
0
LINE
8
BLACK
6
CONTINUOUS
10
0.3850209448818898
20
2.1055635826771653
11
0.3832677165354331
21
2.1015928740157479
0
LINE
8
BLACK
6
CONTINUOUS
10
0.3832677165354331
20
2.1015928740157479
11
0.3801985039370079
21
2.0985236614173228
0
LINE
8
BLACK
6
CONTINUOUS
10
0.3801985039370079
20
2.0985236614173228
11
0.3762277952755905
21
2.0967704330708661
0
LINE
8
BLACK
6
CONTINUOUS
10
0.3762277952755905
20
2.0967704330708661
11
0.3735236614173228
21
2.0964566929133857
0
LINE
8
BLACK
6
CONTINUOUS
10
0.3735236614173228
20
2.0964566929133857
11
0.3528543700787402
21
2.0964566929133857
0
LINE
8
BLACK
6
CONTINUOUS
10
0.3528543700787402
20
2.0964566929133857
11
0.3501502362204724
21
2.0967704330708661
0
LINE
8
BLACK
6
CONTINUOUS
10
0.3501502362204724
20
2.0967704330708661
11
0.3461795275590551
21
2.0985236614173228
0
LINE
8
BLACK
6
CONTINUOUS
10
0.3461795275590551
20
2.0985236614173228
11
0.3431103149606299
21
2.1015928740157479
0
LINE
8
BLACK
6
CONTINUOUS
10
0.3431103149606299
20
2.1015928740157479
11
0.3413570866141732
21
2.1055635826771653
0
LINE
8
BLACK
6
CONTINUOUS
10
0.3413570866141732
20
2.1055635826771653
11
0.3410433464566929
21
2.1082677165354329
0
LINE
8
BLACK
6
CONTINUOUS
10
0.3410433464566929
20
2.1082677165354329
11
0.3410433464566929
21
2.1437007874015745
0
LINE
8
BLACK
6
CONTINUOUS
10
0.3410433464566929
20
2.1437007874015745
11
0.3413570866141732
21
2.1464049212598426
0
LINE
8
BLACK
6
CONTINUOUS
10
0.3413570866141732
20
2.1464049212598426
11
0.3431103149606299
21
2.15037562992126
0
LINE
8
BLACK
6
CONTINUOUS
10
0.3431103149606299
20
2.15037562992126
11
0.3461795275590551
21
2.153444842519685
0
LINE
8
BLACK
6
CONTINUOUS
10
0.3461795275590551
20
2.153444842519685
11
0.3501502362204724
21
2.1551980708661418
0
LINE
8
BLACK
6
CONTINUOUS
10
0.3501502362204724
20
2.1551980708661418
11
0.3528543700787402
21
2.1555118110236222
0
LINE
8
BLACK
6
CONTINUOUS
10
0.3528543700787402
20
2.1555118110236222
11
0.3735236614173228
21
2.1555118110236222
0
LINE
8
BLACK
6
CONTINUOUS
10
0.3735236614173228
20
2.1555118110236222
11
0.3762277952755905
21
2.1551980708661418
0
LINE
8
BLACK
6
CONTINUOUS
10
0.448078188976378
20
2.1551980708661418
11
0.4520488976377953
21
2.153444842519685
0
LINE
8
BLACK
6
CONTINUOUS
10
0.4520488976377953
20
2.153444842519685
11
0.4551181102362205
21
2.15037562992126
0
LINE
8
BLACK
6
CONTINUOUS
10
0.4551181102362205
20
2.15037562992126
11
0.4568713385826771
21
2.1464049212598426
0
LINE
8
BLACK
6
CONTINUOUS
10
0.4568713385826771
20
2.1464049212598426
11
0.4571850787401575
21
2.1437007874015745
0
LINE
8
BLACK
6
CONTINUOUS
10
0.4571850787401575
20
2.1437007874015745
11
0.4571850787401575
21
2.1082677165354329
0
LINE
8
BLACK
6
CONTINUOUS
10
0.4571850787401575
20
2.1082677165354329
11
0.4568713385826771
21
2.1055635826771653
0
LINE
8
BLACK
6
CONTINUOUS
10
0.4568713385826771
20
2.1055635826771653
11
0.4551181102362205
21
2.1015928740157479
0
LINE
8
BLACK
6
CONTINUOUS
10
0.4551181102362205
20
2.1015928740157479
11
0.4520488976377953
21
2.0985236614173228
0
LINE
8
BLACK
6
CONTINUOUS
10
0.4520488976377953
20
2.0985236614173228
11
0.448078188976378
21
2.0967704330708661
0
LINE
8
BLACK
6
CONTINUOUS
10
0.448078188976378
20
2.0967704330708661
11
0.4453740551181102
21
2.0964566929133857
0
LINE
8
BLACK
6
CONTINUOUS
10
0.4453740551181102
20
2.0964566929133857
11
0.4247047637795275
21
2.0964566929133857
0
LINE
8
BLACK
6
CONTINUOUS
10
0.4247047637795275
20
2.0964566929133857
11
0.4220006299212598
21
2.0967704330708661
0
LINE
8
BLACK
6
CONTINUOUS
10
0.4220006299212598
20
2.0967704330708661
11
0.4180299212598425
21
2.0985236614173228
0
LINE
8
BLACK
6
CONTINUOUS
10
0.4180299212598425
20
2.0985236614173228
11
0.4149607086614173
21
2.1015928740157479
0
LINE
8
BLACK
6
CONTINUOUS
10
0.4149607086614173
20
2.1015928740157479
11
0.4132074803149606
21
2.1055635826771653
0
LINE
8
BLACK
6
CONTINUOUS
10
0.4132074803149606
20
2.1055635826771653
11
0.4128937401574803
21
2.1082677165354329
0
LINE
8
BLACK
6
CONTINUOUS
10
0.4128937401574803
20
2.1082677165354329
11
0.4128937401574803
21
2.1437007874015745
0
LINE
8
BLACK
6
CONTINUOUS
10
0.4128937401574803
20
2.1437007874015745
11
0.4132074803149606
21
2.1464049212598426
0
LINE
8
BLACK
6
CONTINUOUS
10
0.4132074803149606
20
2.1464049212598426
11
0.4149607086614173
21
2.15037562992126
0
LINE
8
BLACK
6
CONTINUOUS
10
0.4149607086614173
20
2.15037562992126
11
0.4180299212598425
21
2.153444842519685
0
LINE
8
BLACK
6
CONTINUOUS
10
0.4180299212598425
20
2.153444842519685
11
0.4220006299212598
21
2.1551980708661418
0
LINE
8
BLACK
6
CONTINUOUS
10
0.4220006299212598
20
2.1551980708661418
11
0.4247047637795275
21
2.1555118110236222
0
LINE
8
BLACK
6
CONTINUOUS
10
0.4247047637795275
20
2.1555118110236222
11
0.4453740551181102
21
2.1555118110236222
0
LINE
8
BLACK
6
CONTINUOUS
10
0.4453740551181102
20
2.1555118110236222
11
0.448078188976378
21
2.1551980708661418
0
LINE
8
BLACK
6
CONTINUOUS
10
1.9899088582677165
20
2.1492925590551182
11
1.9938795669291338
21
2.1475393307086614
0
LINE
8
BLACK
6
CONTINUOUS
10
1.9938795669291338
20
2.1475393307086614
11
1.9969487795275591
21
2.1444701181102364
0
LINE
8
BLACK
6
CONTINUOUS
10
1.9969487795275591
20
2.1444701181102364
11
1.9987020078740156
21
2.140499409448819
0
LINE
8
BLACK
6
CONTINUOUS
10
1.9987020078740156
20
2.140499409448819
11
1.9990157480314961
21
2.1377952755905509
0
LINE
8
BLACK
6
CONTINUOUS
10
1.9990157480314961
20
2.1377952755905509
11
1.9990157480314961
21
2.1181102362204722
0
LINE
8
BLACK
6
CONTINUOUS
10
1.9990157480314961
20
2.1181102362204722
11
1.9987020078740156
21
2.1154061023622046
0
LINE
8
BLACK
6
CONTINUOUS
10
1.9987020078740156
20
2.1154061023622046
11
1.9969487795275591
21
2.1114353937007873
0
LINE
8
BLACK
6
CONTINUOUS
10
1.9969487795275591
20
2.1114353937007873
11
1.9938795669291338
21
2.1083661811023622
0
LINE
8
BLACK
6
CONTINUOUS
10
1.9938795669291338
20
2.1083661811023622
11
1.9899088582677165
21
2.1066129527559054
0
LINE
8
BLACK
6
CONTINUOUS
10
1.9899088582677165
20
2.1066129527559054
11
1.9872047244094488
21
2.106299212598425
0
LINE
8
BLACK
6
CONTINUOUS
10
1.9872047244094488
20
2.106299212598425
11
1.9498031496062991
21
2.106299212598425
0
LINE
8
BLACK
6
CONTINUOUS
10
1.9498031496062991
20
2.106299212598425
11
1.9470990157480315
21
2.1066129527559054
0
LINE
8
BLACK
6
CONTINUOUS
10
1.9470990157480315
20
2.1066129527559054
11
1.9431283070866141
21
2.1083661811023622
0
LINE
8
BLACK
6
CONTINUOUS
10
1.9431283070866141
20
2.1083661811023622
11
1.940059094488189
21
2.1114353937007873
0
LINE
8
BLACK
6
CONTINUOUS
10
1.940059094488189
20
2.1114353937007873
11
1.9383058661417323
21
2.1154061023622046
0
LINE
8
BLACK
6
CONTINUOUS
10
1.9383058661417323
20
2.1154061023622046
11
1.9379921259842519
21
2.1181102362204722
0
LINE
8
BLACK
6
CONTINUOUS
10
1.9379921259842519
20
2.1181102362204722
11
1.9379921259842519
21
2.1377952755905509
0
LINE
8
BLACK
6
CONTINUOUS
10
1.9379921259842519
20
2.1377952755905509
11
1.9383058661417323
21
2.140499409448819
0
LINE
8
BLACK
6
CONTINUOUS
10
1.9383058661417323
20
2.140499409448819
11
1.940059094488189
21
2.1444701181102364
0
LINE
8
BLACK
6
CONTINUOUS
10
1.940059094488189
20
2.1444701181102364
11
1.9431283070866141
21
2.1475393307086614
0
LINE
8
BLACK
6
CONTINUOUS
10
1.9431283070866141
20
2.1475393307086614
11
1.9470990157480315
21
2.1492925590551182
0
LINE
8
BLACK
6
CONTINUOUS
10
1.9470990157480315
20
2.1492925590551182
11
1.9498031496062991
21
2.1496062992125982
0
LINE
8
BLACK
6
CONTINUOUS
10
1.9498031496062991
20
2.1496062992125982
11
1.9872047244094488
21
2.1496062992125982
0
LINE
8
BLACK
6
CONTINUOUS
10
1.9872047244094488
20
2.1496062992125982
11
1.9899088582677165
21
2.1492925590551182
0
LINE
8
BLACK
6
CONTINUOUS
10
1.902310433070866
20
2.1507689370078737
11
1.9062811417322834
21
2.1490157086614174
0
LINE
8
BLACK
6
CONTINUOUS
10
1.9062811417322834
20
2.1490157086614174
11
1.9093503543307087
21
2.1459464960629919
0
LINE
8
BLACK
6
CONTINUOUS
10
1.9093503543307087
20
2.1459464960629919
11
1.9111035826771654
21
2.1419757874015746
0
LINE
8
BLACK
6
CONTINUOUS
10
1.9111035826771654
20
2.1419757874015746
11
1.9114173228346456
21
2.139271653543307
0
LINE
8
BLACK
6
CONTINUOUS
10
1.9114173228346456
20
2.139271653543307
11
1.9114173228346456
21
2.1186023622047245
0
LINE
8
BLACK
6
CONTINUOUS
10
1.9114173228346456
20
2.1186023622047245
11
1.9111035826771654
21
2.1158982283464565
0
LINE
8
BLACK
6
CONTINUOUS
10
1.9111035826771654
20
2.1158982283464565
11
1.9093503543307087
21
2.1119275196850391
0
LINE
8
BLACK
6
CONTINUOUS
10
1.9093503543307087
20
2.1119275196850391
11
1.9062811417322834
21
2.108858307086614
0
LINE
8
BLACK
6
CONTINUOUS
10
1.9062811417322834
20
2.108858307086614
11
1.902310433070866
21
2.1071050787401573
0
LINE
8
BLACK
6
CONTINUOUS
10
1.902310433070866
20
2.1071050787401573
11
1.8996062992125984
21
2.1067913385826773
0
LINE
8
BLACK
6
CONTINUOUS
10
1.8996062992125984
20
2.1067913385826773
11
1.8641732283464567
21
2.1067913385826773
0
LINE
8
BLACK
6
CONTINUOUS
10
1.8641732283464567
20
2.1067913385826773
11
1.8614690944881889
21
2.1071050787401573
0
LINE
8
BLACK
6
CONTINUOUS
10
1.8614690944881889
20
2.1071050787401573
11
1.8574983858267715
21
2.108858307086614
0
LINE
8
BLACK
6
CONTINUOUS
10
1.8574983858267715
20
2.108858307086614
11
1.8544291732283464
21
2.1119275196850391
0
LINE
8
BLACK
6
CONTINUOUS
10
1.8544291732283464
20
2.1119275196850391
11
1.8526759448818897
21
2.1158982283464565
0
LINE
8
BLACK
6
CONTINUOUS
10
1.8526759448818897
20
2.1158982283464565
11
1.8523622047244095
21
2.1186023622047245
0
LINE
8
BLACK
6
CONTINUOUS
10
1.8523622047244095
20
2.1186023622047245
11
1.8523622047244095
21
2.139271653543307
0
LINE
8
BLACK
6
CONTINUOUS
10
1.8523622047244095
20
2.139271653543307
11
1.8526759448818897
21
2.1419757874015746
0
LINE
8
BLACK
6
CONTINUOUS
10
1.8526759448818897
20
2.1419757874015746
11
1.8544291732283464
21
2.1459464960629919
0
LINE
8
BLACK
6
CONTINUOUS
10
1.8544291732283464
20
2.1459464960629919
11
1.8574983858267715
21
2.1490157086614174
0
LINE
8
BLACK
6
CONTINUOUS
10
1.8574983858267715
20
2.1490157086614174
11
1.8614690944881889
21
2.1507689370078737
0
LINE
8
BLACK
6
CONTINUOUS
10
1.8614690944881889
20
2.1507689370078737
11
1.8641732283464567
21
2.1510826771653542
0
LINE
8
BLACK
6
CONTINUOUS
10
1.8641732283464567
20
2.1510826771653542
11
1.8996062992125984
21
2.1510826771653542
0
LINE
8
BLACK
6
CONTINUOUS
10
1.8996062992125984
20
2.1510826771653542
11
1.902310433070866
21
2.1507689370078737
0
LINE
8
BLACK
6
CONTINUOUS
10
1.7093970472440945
20
2.167009094488189
11
1.7133677559055118
21
2.1652558661417323
0
LINE
8
BLACK
6
CONTINUOUS
10
1.7133677559055118
20
2.1652558661417323
11
1.7164369685039369
21
2.1621866535433072
0
LINE
8
BLACK
6
CONTINUOUS
10
1.7164369685039369
20
2.1621866535433072
11
1.7181901968503936
21
2.1582159448818898
0
LINE
8
BLACK
6
CONTINUOUS
10
1.7181901968503936
20
2.1582159448818898
11
1.7185039370078741
21
2.1555118110236222
0
LINE
8
BLACK
6
CONTINUOUS
10
1.7185039370078741
20
2.1555118110236222
11
1.7185039370078741
21
2.1200787401574801
0
LINE
8
BLACK
6
CONTINUOUS
10
1.7185039370078741
20
2.1200787401574801
11
1.7181901968503936
21
2.1173746062992125
0
LINE
8
BLACK
6
CONTINUOUS
10
1.7181901968503936
20
2.1173746062992125
11
1.7164369685039369
21
2.1134038976377951
0
LINE
8
BLACK
6
CONTINUOUS
10
1.7164369685039369
20
2.1134038976377951
11
1.7133677559055118
21
2.1103346850393701
0
LINE
8
BLACK
6
CONTINUOUS
10
1.7133677559055118
20
2.1103346850393701
11
1.7093970472440945
21
2.1085814566929133
0
LINE
8
BLACK
6
CONTINUOUS
10
1.7093970472440945
20
2.1085814566929133
11
1.7066929133858266
21
2.1082677165354329
0
LINE
8
BLACK
6
CONTINUOUS
10
1.7066929133858266
20
2.1082677165354329
11
1.686023622047244
21
2.1082677165354329
0
LINE
8
BLACK
6
CONTINUOUS
10
1.686023622047244
20
2.1082677165354329
11
1.6833194881889764
21
2.1085814566929133
0
LINE
8
BLACK
6
CONTINUOUS
10
1.6833194881889764
20
2.1085814566929133
11
1.679348779527559
21
2.1103346850393701
0
LINE
8
BLACK
6
CONTINUOUS
10
1.679348779527559
20
2.1103346850393701
11
1.6762795669291337
21
2.1134038976377951
0
LINE
8
BLACK
6
CONTINUOUS
10
1.6762795669291337
20
2.1134038976377951
11
1.6745263385826772
21
2.1173746062992125
0
LINE
8
BLACK
6
CONTINUOUS
10
1.6745263385826772
20
2.1173746062992125
11
1.6742125984251968
21
2.1200787401574801
0
LINE
8
BLACK
6
CONTINUOUS
10
1.6742125984251968
20
2.1200787401574801
11
1.6742125984251968
21
2.1555118110236222
0
LINE
8
BLACK
6
CONTINUOUS
10
1.6742125984251968
20
2.1555118110236222
11
1.6745263385826772
21
2.1582159448818898
0
LINE
8
BLACK
6
CONTINUOUS
10
1.6745263385826772
20
2.1582159448818898
11
1.6762795669291337
21
2.1621866535433072
0
LINE
8
BLACK
6
CONTINUOUS
10
1.6762795669291337
20
2.1621866535433072
11
1.679348779527559
21
2.1652558661417323
0
LINE
8
BLACK
6
CONTINUOUS
10
1.679348779527559
20
2.1652558661417323
11
1.6833194881889764
21
2.167009094488189
0
LINE
8
BLACK
6
CONTINUOUS
10
1.6833194881889764
20
2.167009094488189
11
1.686023622047244
21
2.1673228346456694
0
LINE
8
BLACK
6
CONTINUOUS
10
1.686023622047244
20
2.1673228346456694
11
1.7066929133858266
21
2.1673228346456694
0
LINE
8
BLACK
6
CONTINUOUS
10
1.7066929133858266
20
2.1673228346456694
11
1.7093970472440945
21
2.167009094488189
0
LINE
8
BLACK
6
CONTINUOUS
10
1.7812474409448817
20
2.167009094488189
11
1.7852181496062991
21
2.1652558661417323
0
LINE
8
BLACK
6
CONTINUOUS
10
1.7852181496062991
20
2.1652558661417323
11
1.7882873622047244
21
2.1621866535433072
0
LINE
8
BLACK
6
CONTINUOUS
10
1.7882873622047244
20
2.1621866535433072
11
1.7900405905511811
21
2.1582159448818898
0
LINE
8
BLACK
6
CONTINUOUS
10
1.7900405905511811
20
2.1582159448818898
11
1.7903543307086613
21
2.1555118110236222
0
LINE
8
BLACK
6
CONTINUOUS
10
1.7903543307086613
20
2.1555118110236222
11
1.7903543307086613
21
2.1200787401574801
0
LINE
8
BLACK
6
CONTINUOUS
10
1.7903543307086613
20
2.1200787401574801
11
1.7900405905511811
21
2.1173746062992125
0
LINE
8
BLACK
6
CONTINUOUS
10
1.7900405905511811
20
2.1173746062992125
11
1.7882873622047244
21
2.1134038976377951
0
LINE
8
BLACK
6
CONTINUOUS
10
1.7882873622047244
20
2.1134038976377951
11
1.7852181496062991
21
2.1103346850393701
0
LINE
8
BLACK
6
CONTINUOUS
10
1.7852181496062991
20
2.1103346850393701
11
1.7812474409448817
21
2.1085814566929133
0
LINE
8
BLACK
6
CONTINUOUS
10
1.7812474409448817
20
2.1085814566929133
11
1.7785433070866141
21
2.1082677165354329
0
LINE
8
BLACK
6
CONTINUOUS
10
1.7785433070866141
20
2.1082677165354329
11
1.7578740157480315
21
2.1082677165354329
0
LINE
8
BLACK
6
CONTINUOUS
10
1.7578740157480315
20
2.1082677165354329
11
1.7551698818897636
21
2.1085814566929133
0
LINE
8
BLACK
6
CONTINUOUS
10
1.7551698818897636
20
2.1085814566929133
11
1.7511991732283465
21
2.1103346850393701
0
LINE
8
BLACK
6
CONTINUOUS
10
1.7511991732283465
20
2.1103346850393701
11
1.7481299606299212
21
2.1134038976377951
0
LINE
8
BLACK
6
CONTINUOUS
10
1.7481299606299212
20
2.1134038976377951
11
1.7463767322834645
21
2.1173746062992125
0
LINE
8
BLACK
6
CONTINUOUS
10
1.7463767322834645
20
2.1173746062992125
11
1.7460629921259843
21
2.1200787401574801
0
LINE
8
BLACK
6
CONTINUOUS
10
1.7460629921259843
20
2.1200787401574801
11
1.7460629921259843
21
2.1555118110236222
0
LINE
8
BLACK
6
CONTINUOUS
10
1.7460629921259843
20
2.1555118110236222
11
1.7463767322834645
21
2.1582159448818898
0
LINE
8
BLACK
6
CONTINUOUS
10
1.7463767322834645
20
2.1582159448818898
11
1.7481299606299212
21
2.1621866535433072
0
LINE
8
BLACK
6
CONTINUOUS
10
1.7481299606299212
20
2.1621866535433072
11
1.7511991732283465
21
2.1652558661417323
0
LINE
8
BLACK
6
CONTINUOUS
10
1.7511991732283465
20
2.1652558661417323
11
1.7551698818897636
21
2.167009094488189
0
LINE
8
BLACK
6
CONTINUOUS
10
1.7551698818897636
20
2.167009094488189
11
1.7578740157480315
21
2.1673228346456694
0
LINE
8
BLACK
6
CONTINUOUS
10
1.7578740157480315
20
2.1673228346456694
11
1.7785433070866141
21
2.1673228346456694
0
LINE
8
BLACK
6
CONTINUOUS
10
1.7785433070866141
20
2.1673228346456694
11
1.7812474409448817
21
2.167009094488189
0
LINE
8
BLACK
6
CONTINUOUS
10
1.4495722047244095
20
2.1504407086614172
11
1.4502108267716536
21
2.1500139763779527
0
LINE
8
BLACK
6
CONTINUOUS
10
1.4502108267716536
20
2.1500139763779527
11
1.4506375590551182
21
2.1493753543307088
0
LINE
8
BLACK
6
CONTINUOUS
10
1.4506375590551182
20
2.1493753543307088
11
1.450787401574803
21
2.1486220472440944
0
LINE
8
BLACK
6
CONTINUOUS
10
1.450787401574803
20
2.1486220472440944
11
1.450787401574803
21
2.1328740157480315
0
LINE
8
BLACK
6
CONTINUOUS
10
1.450787401574803
20
2.1328740157480315
11
1.4506375590551182
21
2.1321207086614171
0
LINE
8
BLACK
6
CONTINUOUS
10
1.4506375590551182
20
2.1321207086614171
11
1.4502108267716536
21
2.1314820866141733
0
LINE
8
BLACK
6
CONTINUOUS
10
1.4502108267716536
20
2.1314820866141733
11
1.4495722047244095
21
2.1310553543307087
0
LINE
8
BLACK
6
CONTINUOUS
10
1.4495722047244095
20
2.1310553543307087
11
1.4488188976377951
21
2.1309055118110236
0
LINE
8
BLACK
6
CONTINUOUS
10
1.4488188976377951
20
2.1309055118110236
11
1.405511811023622
21
2.1309055118110236
0
LINE
8
BLACK
6
CONTINUOUS
10
1.405511811023622
20
2.1309055118110236
11
1.4047585039370079
21
2.1310553543307087
0
LINE
8
BLACK
6
CONTINUOUS
10
1.4047585039370079
20
2.1310553543307087
11
1.4041198818897638
21
2.1314820866141733
0
LINE
8
BLACK
6
CONTINUOUS
10
1.4041198818897638
20
2.1314820866141733
11
1.4036931496062992
21
2.1321207086614171
0
LINE
8
BLACK
6
CONTINUOUS
10
1.4036931496062992
20
2.1321207086614171
11
1.4035433070866141
21
2.1328740157480315
0
LINE
8
BLACK
6
CONTINUOUS
10
1.4035433070866141
20
2.1328740157480315
11
1.4035433070866141
21
2.1486220472440944
0
LINE
8
BLACK
6
CONTINUOUS
10
1.4035433070866141
20
2.1486220472440944
11
1.4036931496062992
21
2.1493753543307088
0
LINE
8
BLACK
6
CONTINUOUS
10
1.4036931496062992
20
2.1493753543307088
11
1.4041198818897638
21
2.1500139763779527
0
LINE
8
BLACK
6
CONTINUOUS
10
1.4041198818897638
20
2.1500139763779527
11
1.4047585039370079
21
2.1504407086614172
0
LINE
8
BLACK
6
CONTINUOUS
10
1.4047585039370079
20
2.1504407086614172
11
1.405511811023622
21
2.1505905511811023
0
LINE
8
BLACK
6
CONTINUOUS
10
1.405511811023622
20
2.1505905511811023
11
1.4488188976377951
21
2.1505905511811023
0
LINE
8
BLACK
6
CONTINUOUS
10
1.4488188976377951
20
2.1505905511811023
11
1.4495722047244095
21
2.1504407086614172
0
LINE
8
BLACK
6
CONTINUOUS
10
1.6188635433070866
20
2.1504407086614172
11
1.6195021653543307
21
2.1500139763779527
0
LINE
8
BLACK
6
CONTINUOUS
10
1.6195021653543307
20
2.1500139763779527
11
1.6199288976377952
21
2.1493753543307088
0
LINE
8
BLACK
6
CONTINUOUS
10
1.6199288976377952
20
2.1493753543307088
11
1.6200787401574803
21
2.1486220472440944
0
LINE
8
BLACK
6
CONTINUOUS
10
1.6200787401574803
20
2.1486220472440944
11
1.6200787401574803
21
2.1328740157480315
0
LINE
8
BLACK
6
CONTINUOUS
10
1.6200787401574803
20
2.1328740157480315
11
1.6199288976377952
21
2.1321207086614171
0
LINE
8
BLACK
6
CONTINUOUS
10
1.6199288976377952
20
2.1321207086614171
11
1.6195021653543307
21
2.1314820866141733
0
LINE
8
BLACK
6
CONTINUOUS
10
1.6195021653543307
20
2.1314820866141733
11
1.6188635433070866
21
2.1310553543307087
0
LINE
8
BLACK
6
CONTINUOUS
10
1.6188635433070866
20
2.1310553543307087
11
1.6181102362204725
21
2.1309055118110236
0
LINE
8
BLACK
6
CONTINUOUS
10
1.6181102362204725
20
2.1309055118110236
11
1.5748031496062991
21
2.1309055118110236
0
LINE
8
BLACK
6
CONTINUOUS
10
1.5748031496062991
20
2.1309055118110236
11
1.5740498425196849
21
2.1310553543307087
0
LINE
8
BLACK
6
CONTINUOUS
10
1.5740498425196849
20
2.1310553543307087
11
1.5734112204724409
21
2.1314820866141733
0
LINE
8
BLACK
6
CONTINUOUS
10
1.5734112204724409
20
2.1314820866141733
11
1.5729844881889763
21
2.1321207086614171
0
LINE
8
BLACK
6
CONTINUOUS
10
1.5729844881889763
20
2.1321207086614171
11
1.5728346456692912
21
2.1328740157480315
0
LINE
8
BLACK
6
CONTINUOUS
10
1.5728346456692912
20
2.1328740157480315
11
1.5728346456692912
21
2.1486220472440944
0
LINE
8
BLACK
6
CONTINUOUS
10
1.5728346456692912
20
2.1486220472440944
11
1.5729844881889763
21
2.1493753543307088
0
LINE
8
BLACK
6
CONTINUOUS
10
1.5729844881889763
20
2.1493753543307088
11
1.5734112204724409
21
2.1500139763779527
0
LINE
8
BLACK
6
CONTINUOUS
10
1.5734112204724409
20
2.1500139763779527
11
1.5740498425196849
21
2.1504407086614172
0
LINE
8
BLACK
6
CONTINUOUS
10
1.5740498425196849
20
2.1504407086614172
11
1.5748031496062991
21
2.1505905511811023
0
LINE
8
BLACK
6
CONTINUOUS
10
1.5748031496062991
20
2.1505905511811023
11
1.6181102362204725
21
2.1505905511811023
0
LINE
8
BLACK
6
CONTINUOUS
10
1.6181102362204725
20
2.1505905511811023
11
1.6188635433070866
21
2.1504407086614172
0
LINE
8
BLACK
6
CONTINUOUS
10
1.217271062992126
20
2.1955524015748029
11
1.2212417716535433
21
2.1937991732283466
0
LINE
8
BLACK
6
CONTINUOUS
10
1.2212417716535433
20
2.1937991732283466
11
1.2243109842519684
21
2.1907299606299211
0
LINE
8
BLACK
6
CONTINUOUS
10
1.2243109842519684
20
2.1907299606299211
11
1.2260642125984251
21
2.1867592519685037
0
LINE
8
BLACK
6
CONTINUOUS
10
1.2260642125984251
20
2.1867592519685037
11
1.2263779527559056
21
2.1840551181102361
0
LINE
8
BLACK
6
CONTINUOUS
10
1.2263779527559056
20
2.1840551181102361
11
1.2263779527559056
21
2.1633858267716537
0
LINE
8
BLACK
6
CONTINUOUS
10
1.2263779527559056
20
2.1633858267716537
11
1.2260642125984251
21
2.1606816929133856
0
LINE
8
BLACK
6
CONTINUOUS
10
1.2260642125984251
20
2.1606816929133856
11
1.2243109842519684
21
2.1567109842519683
0
LINE
8
BLACK
6
CONTINUOUS
10
1.2243109842519684
20
2.1567109842519683
11
1.2212417716535433
21
2.1536417716535432
0
LINE
8
BLACK
6
CONTINUOUS
10
1.2212417716535433
20
2.1536417716535432
11
1.217271062992126
21
2.1518885433070865
0
LINE
8
BLACK
6
CONTINUOUS
10
1.217271062992126
20
2.1518885433070865
11
1.2145669291338583
21
2.151574803149606
0
LINE
8
BLACK
6
CONTINUOUS
10
1.2145669291338583
20
2.151574803149606
11
1.1791338582677164
21
2.151574803149606
0
LINE
8
BLACK
6
CONTINUOUS
10
1.1791338582677164
20
2.151574803149606
11
1.1764297244094488
21
2.1518885433070865
0
LINE
8
BLACK
6
CONTINUOUS
10
1.1764297244094488
20
2.1518885433070865
11
1.1724590157480315
21
2.1536417716535432
0
LINE
8
BLACK
6
CONTINUOUS
10
1.1724590157480315
20
2.1536417716535432
11
1.1693898031496062
21
2.1567109842519683
0
LINE
8
BLACK
6
CONTINUOUS
10
1.1693898031496062
20
2.1567109842519683
11
1.1676365748031496
21
2.1606816929133856
0
LINE
8
BLACK
6
CONTINUOUS
10
1.1676365748031496
20
2.1606816929133856
11
1.1673228346456692
21
2.1633858267716537
0
LINE
8
BLACK
6
CONTINUOUS
10
1.1673228346456692
20
2.1633858267716537
11
1.1673228346456692
21
2.1840551181102361
0
LINE
8
BLACK
6
CONTINUOUS
10
1.1673228346456692
20
2.1840551181102361
11
1.1676365748031496
21
2.1867592519685037
0
LINE
8
BLACK
6
CONTINUOUS
10
1.1676365748031496
20
2.1867592519685037
11
1.1693898031496062
21
2.1907299606299211
0
LINE
8
BLACK
6
CONTINUOUS
10
1.1693898031496062
20
2.1907299606299211
11
1.1724590157480315
21
2.1937991732283466
0
LINE
8
BLACK
6
CONTINUOUS
10
1.1724590157480315
20
2.1937991732283466
11
1.1764297244094488
21
2.1955524015748029
0
LINE
8
BLACK
6
CONTINUOUS
10
1.1764297244094488
20
2.1955524015748029
11
1.1791338582677164
21
2.1958661417322833
0
LINE
8
BLACK
6
CONTINUOUS
10
1.1791338582677164
20
2.1958661417322833
11
1.2145669291338583
21
2.1958661417322833
0
LINE
8
BLACK
6
CONTINUOUS
10
1.2145669291338583
20
2.1958661417322833
11
1.217271062992126
21
2.1955524015748029
0
LINE
8
BLACK
6
CONTINUOUS
10
1.296011220472441
20
2.1955524015748029
11
1.2999819291338581
21
2.1937991732283466
0
LINE
8
BLACK
6
CONTINUOUS
10
1.2999819291338581
20
2.1937991732283466
11
1.3030511417322834
21
2.1907299606299211
0
LINE
8
BLACK
6
CONTINUOUS
10
1.3030511417322834
20
2.1907299606299211
11
1.3048043700787402
21
2.1867592519685037
0
LINE
8
BLACK
6
CONTINUOUS
10
1.3048043700787402
20
2.1867592519685037
11
1.3051181102362204
21
2.1840551181102361
0
LINE
8
BLACK
6
CONTINUOUS
10
1.3051181102362204
20
2.1840551181102361
11
1.3051181102362204
21
2.1633858267716537
0
LINE
8
BLACK
6
CONTINUOUS
10
1.3051181102362204
20
2.1633858267716537
11
1.3048043700787402
21
2.1606816929133856
0
LINE
8
BLACK
6
CONTINUOUS
10
1.3048043700787402
20
2.1606816929133856
11
1.3030511417322834
21
2.1567109842519683
0
LINE
8
BLACK
6
CONTINUOUS
10
1.3030511417322834
20
2.1567109842519683
11
1.2999819291338581
21
2.1536417716535432
0
LINE
8
BLACK
6
CONTINUOUS
10
1.2999819291338581
20
2.1536417716535432
11
1.296011220472441
21
2.1518885433070865
0
LINE
8
BLACK
6
CONTINUOUS
10
1.296011220472441
20
2.1518885433070865
11
1.2933070866141732
21
2.151574803149606
0
LINE
8
BLACK
6
CONTINUOUS
10
1.2933070866141732
20
2.151574803149606
11
1.2578740157480315
21
2.151574803149606
0
LINE
8
BLACK
6
CONTINUOUS
10
1.2578740157480315
20
2.151574803149606
11
1.2551698818897639
21
2.1518885433070865
0
LINE
8
BLACK
6
CONTINUOUS
10
1.2551698818897639
20
2.1518885433070865
11
1.2511991732283465
21
2.1536417716535432
0
LINE
8
BLACK
6
CONTINUOUS
10
1.2511991732283465
20
2.1536417716535432
11
1.2481299606299212
21
2.1567109842519683
0
LINE
8
BLACK
6
CONTINUOUS
10
1.2481299606299212
20
2.1567109842519683
11
1.2463767322834645
21
2.1606816929133856
0
LINE
8
BLACK
6
CONTINUOUS
10
1.2463767322834645
20
2.1606816929133856
11
1.2460629921259843
21
2.1633858267716537
0
LINE
8
BLACK
6
CONTINUOUS
10
1.2460629921259843
20
2.1633858267716537
11
1.2460629921259843
21
2.1840551181102361
0
LINE
8
BLACK
6
CONTINUOUS
10
1.2460629921259843
20
2.1840551181102361
11
1.2463767322834645
21
2.1867592519685037
0
LINE
8
BLACK
6
CONTINUOUS
10
1.2463767322834645
20
2.1867592519685037
11
1.2481299606299212
21
2.1907299606299211
0
LINE
8
BLACK
6
CONTINUOUS
10
1.2481299606299212
20
2.1907299606299211
11
1.2511991732283465
21
2.1937991732283466
0
LINE
8
BLACK
6
CONTINUOUS
10
1.2511991732283465
20
2.1937991732283466
11
1.2551698818897639
21
2.1955524015748029
0
LINE
8
BLACK
6
CONTINUOUS
10
1.2551698818897639
20
2.1955524015748029
11
1.2578740157480315
21
2.1958661417322833
0
LINE
8
BLACK
6
CONTINUOUS
10
1.2578740157480315
20
2.1958661417322833
11
1.2933070866141732
21
2.1958661417322833
0
LINE
8
BLACK
6
CONTINUOUS
10
1.2933070866141732
20
2.1958661417322833
11
1.296011220472441
21
2.1955524015748029
0
LINE
8
BLACK
6
CONTINUOUS
10
1.4495722047244095
20
2.1760312598425195
11
1.4502108267716536
21
2.175604527559055
0
LINE
8
BLACK
6
CONTINUOUS
10
1.4502108267716536
20
2.175604527559055
11
1.4506375590551182
21
2.1749659055118111
0
LINE
8
BLACK
6
CONTINUOUS
10
1.4506375590551182
20
2.1749659055118111
11
1.450787401574803
21
2.1742125984251968
0
LINE
8
BLACK
6
CONTINUOUS
10
1.450787401574803
20
2.1742125984251968
11
1.450787401574803
21
2.1584645669291338
0
LINE
8
BLACK
6
CONTINUOUS
10
1.450787401574803
20
2.1584645669291338
11
1.4506375590551182
21
2.1577112598425194
0
LINE
8
BLACK
6
CONTINUOUS
10
1.4506375590551182
20
2.1577112598425194
11
1.4502108267716536
21
2.1570726377952756
0
LINE
8
BLACK
6
CONTINUOUS
10
1.4502108267716536
20
2.1570726377952756
11
1.4495722047244095
21
2.156645905511811
0
LINE
8
BLACK
6
CONTINUOUS
10
1.4495722047244095
20
2.156645905511811
11
1.4488188976377951
21
2.1564960629921259
0
LINE
8
BLACK
6
CONTINUOUS
10
1.4488188976377951
20
2.1564960629921259
11
1.405511811023622
21
2.1564960629921259
0
LINE
8
BLACK
6
CONTINUOUS
10
1.405511811023622
20
2.1564960629921259
11
1.4047585039370079
21
2.156645905511811
0
LINE
8
BLACK
6
CONTINUOUS
10
1.4047585039370079
20
2.156645905511811
11
1.4041198818897638
21
2.1570726377952756
0
LINE
8
BLACK
6
CONTINUOUS
10
1.4041198818897638
20
2.1570726377952756
11
1.4036931496062992
21
2.1577112598425194
0
LINE
8
BLACK
6
CONTINUOUS
10
1.4036931496062992
20
2.1577112598425194
11
1.4035433070866141
21
2.1584645669291338
0
LINE
8
BLACK
6
CONTINUOUS
10
1.4035433070866141
20
2.1584645669291338
11
1.4035433070866141
21
2.1742125984251968
0
LINE
8
BLACK
6
CONTINUOUS
10
1.4035433070866141
20
2.1742125984251968
11
1.4036931496062992
21
2.1749659055118111
0
LINE
8
BLACK
6
CONTINUOUS
10
1.4036931496062992
20
2.1749659055118111
11
1.4041198818897638
21
2.175604527559055
0
LINE
8
BLACK
6
CONTINUOUS
10
1.4041198818897638
20
2.175604527559055
11
1.4047585039370079
21
2.1760312598425195
0
LINE
8
BLACK
6
CONTINUOUS
10
1.4047585039370079
20
2.1760312598425195
11
1.405511811023622
21
2.1761811023622046
0
LINE
8
BLACK
6
CONTINUOUS
10
1.405511811023622
20
2.1761811023622046
11
1.4488188976377951
21
2.1761811023622046
0
LINE
8
BLACK
6
CONTINUOUS
10
1.4488188976377951
20
2.1761811023622046
11
1.4495722047244095
21
2.1760312598425195
0
LINE
8
BLACK
6
CONTINUOUS
10
1.6188635433070866
20
2.1760312598425195
11
1.6195021653543307
21
2.175604527559055
0
LINE
8
BLACK
6
CONTINUOUS
10
1.6195021653543307
20
2.175604527559055
11
1.6199288976377952
21
2.1749659055118111
0
LINE
8
BLACK
6
CONTINUOUS
10
1.6199288976377952
20
2.1749659055118111
11
1.6200787401574803
21
2.1742125984251968
0
LINE
8
BLACK
6
CONTINUOUS
10
1.6200787401574803
20
2.1742125984251968
11
1.6200787401574803
21
2.1584645669291338
0
LINE
8
BLACK
6
CONTINUOUS
10
1.6200787401574803
20
2.1584645669291338
11
1.6199288976377952
21
2.1577112598425194
0
LINE
8
BLACK
6
CONTINUOUS
10
1.6199288976377952
20
2.1577112598425194
11
1.6195021653543307
21
2.1570726377952756
0
LINE
8
BLACK
6
CONTINUOUS
10
1.6195021653543307
20
2.1570726377952756
11
1.6188635433070866
21
2.156645905511811
0
LINE
8
BLACK
6
CONTINUOUS
10
1.6188635433070866
20
2.156645905511811
11
1.6181102362204725
21
2.1564960629921259
0
LINE
8
BLACK
6
CONTINUOUS
10
1.6181102362204725
20
2.1564960629921259
11
1.5748031496062991
21
2.1564960629921259
0
LINE
8
BLACK
6
CONTINUOUS
10
1.5748031496062991
20
2.1564960629921259
11
1.5740498425196849
21
2.156645905511811
0
LINE
8
BLACK
6
CONTINUOUS
10
1.5740498425196849
20
2.156645905511811
11
1.5734112204724409
21
2.1570726377952756
0
LINE
8
BLACK
6
CONTINUOUS
10
1.5734112204724409
20
2.1570726377952756
11
1.5729844881889763
21
2.1577112598425194
0
LINE
8
BLACK
6
CONTINUOUS
10
1.5729844881889763
20
2.1577112598425194
11
1.5728346456692912
21
2.1584645669291338
0
LINE
8
BLACK
6
CONTINUOUS
10
1.5728346456692912
20
2.1584645669291338
11
1.5728346456692912
21
2.1742125984251968
0
LINE
8
BLACK
6
CONTINUOUS
10
1.5728346456692912
20
2.1742125984251968
11
1.5729844881889763
21
2.1749659055118111
0
LINE
8
BLACK
6
CONTINUOUS
10
1.5729844881889763
20
2.1749659055118111
11
1.5734112204724409
21
2.175604527559055
0
LINE
8
BLACK
6
CONTINUOUS
10
1.5734112204724409
20
2.175604527559055
11
1.5740498425196849
21
2.1760312598425195
0
LINE
8
BLACK
6
CONTINUOUS
10
1.5740498425196849
20
2.1760312598425195
11
1.5748031496062991
21
2.1761811023622046
0
LINE
8
BLACK
6
CONTINUOUS
10
1.5748031496062991
20
2.1761811023622046
11
1.6181102362204725
21
2.1761811023622046
0
LINE
8
BLACK
6
CONTINUOUS
10
1.6181102362204725
20
2.1761811023622046
11
1.6188635433070866
21
2.1760312598425195
0
LINE
8
BLACK
6
CONTINUOUS
10
1.902310433070866
20
2.2226193307086612
11
1.9062811417322834
21
2.2208661023622045
0
LINE
8
BLACK
6
CONTINUOUS
10
1.9062811417322834
20
2.2208661023622045
11
1.9093503543307087
21
2.2177968897637794
0
LINE
8
BLACK
6
CONTINUOUS
10
1.9093503543307087
20
2.2177968897637794
11
1.9111035826771654
21
2.2138261811023621
0
LINE
8
BLACK
6
CONTINUOUS
10
1.9111035826771654
20
2.2138261811023621
11
1.9114173228346456
21
2.2111220472440944
0
LINE
8
BLACK
6
CONTINUOUS
10
1.9114173228346456
20
2.2111220472440944
11
1.9114173228346456
21
2.1904527559055116
0
LINE
8
BLACK
6
CONTINUOUS
10
1.9114173228346456
20
2.1904527559055116
11
1.9111035826771654
21
2.187748622047244
0
LINE
8
BLACK
6
CONTINUOUS
10
1.9111035826771654
20
2.187748622047244
11
1.9093503543307087
21
2.1837779133858266
0
LINE
8
BLACK
6
CONTINUOUS
10
1.9093503543307087
20
2.1837779133858266
11
1.9062811417322834
21
2.1807087007874015
0
LINE
8
BLACK
6
CONTINUOUS
10
1.9062811417322834
20
2.1807087007874015
11
1.902310433070866
21
2.1789554724409448
0
LINE
8
BLACK
6
CONTINUOUS
10
1.902310433070866
20
2.1789554724409448
11
1.8996062992125984
21
2.1786417322834644
0
LINE
8
BLACK
6
CONTINUOUS
10
1.8996062992125984
20
2.1786417322834644
11
1.8641732283464567
21
2.1786417322834644
0
LINE
8
BLACK
6
CONTINUOUS
10
1.8641732283464567
20
2.1786417322834644
11
1.8614690944881889
21
2.1789554724409448
0
LINE
8
BLACK
6
CONTINUOUS
10
1.8614690944881889
20
2.1789554724409448
11
1.8574983858267715
21
2.1807087007874015
0
LINE
8
BLACK
6
CONTINUOUS
10
1.8574983858267715
20
2.1807087007874015
11
1.8544291732283464
21
2.1837779133858266
0
LINE
8
BLACK
6
CONTINUOUS
10
1.8544291732283464
20
2.1837779133858266
11
1.8526759448818897
21
2.187748622047244
0
LINE
8
BLACK
6
CONTINUOUS
10
1.8526759448818897
20
2.187748622047244
11
1.8523622047244095
21
2.1904527559055116
0
LINE
8
BLACK
6
CONTINUOUS
10
1.8523622047244095
20
2.1904527559055116
11
1.8523622047244095
21
2.2111220472440944
0
LINE
8
BLACK
6
CONTINUOUS
10
1.8523622047244095
20
2.2111220472440944
11
1.8526759448818897
21
2.2138261811023621
0
LINE
8
BLACK
6
CONTINUOUS
10
1.8526759448818897
20
2.2138261811023621
11
1.8544291732283464
21
2.2177968897637794
0
LINE
8
BLACK
6
CONTINUOUS
10
1.8544291732283464
20
2.2177968897637794
11
1.8574983858267715
21
2.2208661023622045
0
LINE
8
BLACK
6
CONTINUOUS
10
1.8574983858267715
20
2.2208661023622045
11
1.8614690944881889
21
2.2226193307086612
0
LINE
8
BLACK
6
CONTINUOUS
10
1.8614690944881889
20
2.2226193307086612
11
1.8641732283464567
21
2.2229330708661417
0
LINE
8
BLACK
6
CONTINUOUS
10
1.8641732283464567
20
2.2229330708661417
11
1.8996062992125984
21
2.2229330708661417
0
LINE
8
BLACK
6
CONTINUOUS
10
1.8996062992125984
20
2.2229330708661417
11
1.902310433070866
21
2.2226193307086612
0
LINE
8
BLACK
6
CONTINUOUS
10
1.9899088582677165
20
2.2240957086614173
11
1.9938795669291338
21
2.2223424803149605
0
LINE
8
BLACK
6
CONTINUOUS
10
1.9938795669291338
20
2.2223424803149605
11
1.9969487795275591
21
2.2192732677165354
0
LINE
8
BLACK
6
CONTINUOUS
10
1.9969487795275591
20
2.2192732677165354
11
1.9987020078740156
21
2.2153025590551181
0
LINE
8
BLACK
6
CONTINUOUS
10
1.9987020078740156
20
2.2153025590551181
11
1.9990157480314961
21
2.2125984251968505
0
LINE
8
BLACK
6
CONTINUOUS
10
1.9990157480314961
20
2.2125984251968505
11
1.9990157480314961
21
2.1929133858267718
0
LINE
8
BLACK
6
CONTINUOUS
10
1.9990157480314961
20
2.1929133858267718
11
1.9987020078740156
21
2.1902092519685037
0
LINE
8
BLACK
6
CONTINUOUS
10
1.9987020078740156
20
2.1902092519685037
11
1.9969487795275591
21
2.1862385433070868
0
LINE
8
BLACK
6
CONTINUOUS
10
1.9969487795275591
20
2.1862385433070868
11
1.9938795669291338
21
2.1831693307086613
0
LINE
8
BLACK
6
CONTINUOUS
10
1.9938795669291338
20
2.1831693307086613
11
1.9899088582677165
21
2.1814161023622045
0
LINE
8
BLACK
6
CONTINUOUS
10
1.9899088582677165
20
2.1814161023622045
11
1.9872047244094488
21
2.1811023622047245
0
LINE
8
BLACK
6
CONTINUOUS
10
1.9872047244094488
20
2.1811023622047245
11
1.9498031496062991
21
2.1811023622047245
0
LINE
8
BLACK
6
CONTINUOUS
10
1.9498031496062991
20
2.1811023622047245
11
1.9470990157480315
21
2.1814161023622045
0
LINE
8
BLACK
6
CONTINUOUS
10
1.9470990157480315
20
2.1814161023622045
11
1.9431283070866141
21
2.1831693307086613
0
LINE
8
BLACK
6
CONTINUOUS
10
1.9431283070866141
20
2.1831693307086613
11
1.940059094488189
21
2.1862385433070868
0
LINE
8
BLACK
6
CONTINUOUS
10
1.940059094488189
20
2.1862385433070868
11
1.9383058661417323
21
2.1902092519685037
0
LINE
8
BLACK
6
CONTINUOUS
10
1.9383058661417323
20
2.1902092519685037
11
1.9379921259842519
21
2.1929133858267718
0
LINE
8
BLACK
6
CONTINUOUS
10
1.9379921259842519
20
2.1929133858267718
11
1.9379921259842519
21
2.2125984251968505
0
LINE
8
BLACK
6
CONTINUOUS
10
1.9379921259842519
20
2.2125984251968505
11
1.9383058661417323
21
2.2153025590551181
0
LINE
8
BLACK
6
CONTINUOUS
10
1.9383058661417323
20
2.2153025590551181
11
1.940059094488189
21
2.2192732677165354
0
LINE
8
BLACK
6
CONTINUOUS
10
1.940059094488189
20
2.2192732677165354
11
1.9431283070866141
21
2.2223424803149605
0
LINE
8
BLACK
6
CONTINUOUS
10
1.9431283070866141
20
2.2223424803149605
11
1.9470990157480315
21
2.2240957086614173
0
LINE
8
BLACK
6
CONTINUOUS
10
1.9470990157480315
20
2.2240957086614173
11
1.9498031496062991
21
2.2244094488188977
0
LINE
8
BLACK
6
CONTINUOUS
10
1.9498031496062991
20
2.2244094488188977
11
1.9872047244094488
21
2.2244094488188977
0
LINE
8
BLACK
6
CONTINUOUS
10
1.9872047244094488
20
2.2244094488188977
11
1.9899088582677165
21
2.2240957086614173
0
LINE
8
BLACK
6
CONTINUOUS
10
1.4495722047244095
20
2.2016218110236219
11
1.4502108267716536
21
2.2011950787401573
0
LINE
8
BLACK
6
CONTINUOUS
10
1.4502108267716536
20
2.2011950787401573
11
1.4506375590551182
21
2.2005564566929134
0
LINE
8
BLACK
6
CONTINUOUS
10
1.4506375590551182
20
2.2005564566929134
11
1.450787401574803
21
2.1998031496062991
0
LINE
8
BLACK
6
CONTINUOUS
10
1.450787401574803
20
2.1998031496062991
11
1.450787401574803
21
2.1840551181102361
0
LINE
8
BLACK
6
CONTINUOUS
10
1.450787401574803
20
2.1840551181102361
11
1.4506375590551182
21
2.1833018110236222
0
LINE
8
BLACK
6
CONTINUOUS
10
1.4506375590551182
20
2.1833018110236222
11
1.4502108267716536
21
2.1826631889763779
0
LINE
8
BLACK
6
CONTINUOUS
10
1.4502108267716536
20
2.1826631889763779
11
1.4495722047244095
21
2.1822364566929133
0
LINE
8
BLACK
6
CONTINUOUS
10
1.4495722047244095
20
2.1822364566929133
11
1.4488188976377951
21
2.1820866141732282
0
LINE
8
BLACK
6
CONTINUOUS
10
1.4488188976377951
20
2.1820866141732282
11
1.405511811023622
21
2.1820866141732282
0
LINE
8
BLACK
6
CONTINUOUS
10
1.405511811023622
20
2.1820866141732282
11
1.4047585039370079
21
2.1822364566929133
0
LINE
8
BLACK
6
CONTINUOUS
10
1.4047585039370079
20
2.1822364566929133
11
1.4041198818897638
21
2.1826631889763779
0
LINE
8
BLACK
6
CONTINUOUS
10
1.4041198818897638
20
2.1826631889763779
11
1.4036931496062992
21
2.1833018110236222
0
LINE
8
BLACK
6
CONTINUOUS
10
1.4036931496062992
20
2.1833018110236222
11
1.4035433070866141
21
2.1840551181102361
0
LINE
8
BLACK
6
CONTINUOUS
10
1.4035433070866141
20
2.1840551181102361
11
1.4035433070866141
21
2.1998031496062991
0
LINE
8
BLACK
6
CONTINUOUS
10
1.4035433070866141
20
2.1998031496062991
11
1.4036931496062992
21
2.2005564566929134
0
LINE
8
BLACK
6
CONTINUOUS
10
1.4036931496062992
20
2.2005564566929134
11
1.4041198818897638
21
2.2011950787401573
0
LINE
8
BLACK
6
CONTINUOUS
10
1.4041198818897638
20
2.2011950787401573
11
1.4047585039370079
21
2.2016218110236219
0
LINE
8
BLACK
6
CONTINUOUS
10
1.4047585039370079
20
2.2016218110236219
11
1.405511811023622
21
2.201771653543307
0
LINE
8
BLACK
6
CONTINUOUS
10
1.405511811023622
20
2.201771653543307
11
1.4488188976377951
21
2.201771653543307
0
LINE
8
BLACK
6
CONTINUOUS
10
1.4488188976377951
20
2.201771653543307
11
1.4495722047244095
21
2.2016218110236219
0
LINE
8
BLACK
6
CONTINUOUS
10
1.6188635433070866
20
2.2016218110236219
11
1.6195021653543307
21
2.2011950787401573
0
LINE
8
BLACK
6
CONTINUOUS
10
1.6195021653543307
20
2.2011950787401573
11
1.6199288976377952
21
2.2005564566929134
0
LINE
8
BLACK
6
CONTINUOUS
10
1.6199288976377952
20
2.2005564566929134
11
1.6200787401574803
21
2.1998031496062991
0
LINE
8
BLACK
6
CONTINUOUS
10
1.6200787401574803
20
2.1998031496062991
11
1.6200787401574803
21
2.1840551181102361
0
LINE
8
BLACK
6
CONTINUOUS
10
1.6200787401574803
20
2.1840551181102361
11
1.6199288976377952
21
2.1833018110236222
0
LINE
8
BLACK
6
CONTINUOUS
10
1.6199288976377952
20
2.1833018110236222
11
1.6195021653543307
21
2.1826631889763779
0
LINE
8
BLACK
6
CONTINUOUS
10
1.6195021653543307
20
2.1826631889763779
11
1.6188635433070866
21
2.1822364566929133
0
LINE
8
BLACK
6
CONTINUOUS
10
1.6188635433070866
20
2.1822364566929133
11
1.6181102362204725
21
2.1820866141732282
0
LINE
8
BLACK
6
CONTINUOUS
10
1.6181102362204725
20
2.1820866141732282
11
1.5748031496062991
21
2.1820866141732282
0
LINE
8
BLACK
6
CONTINUOUS
10
1.5748031496062991
20
2.1820866141732282
11
1.5740498425196849
21
2.1822364566929133
0
LINE
8
BLACK
6
CONTINUOUS
10
1.5740498425196849
20
2.1822364566929133
11
1.5734112204724409
21
2.1826631889763779
0
LINE
8
BLACK
6
CONTINUOUS
10
1.5734112204724409
20
2.1826631889763779
11
1.5729844881889763
21
2.1833018110236222
0
LINE
8
BLACK
6
CONTINUOUS
10
1.5729844881889763
20
2.1833018110236222
11
1.5728346456692912
21
2.1840551181102361
0
LINE
8
BLACK
6
CONTINUOUS
10
1.5728346456692912
20
2.1840551181102361
11
1.5728346456692912
21
2.1998031496062991
0
LINE
8
BLACK
6
CONTINUOUS
10
1.5728346456692912
20
2.1998031496062991
11
1.5729844881889763
21
2.2005564566929134
0
LINE
8
BLACK
6
CONTINUOUS
10
1.5729844881889763
20
2.2005564566929134
11
1.5734112204724409
21
2.2011950787401573
0
LINE
8
BLACK
6
CONTINUOUS
10
1.5734112204724409
20
2.2011950787401573
11
1.5740498425196849
21
2.2016218110236219
0
LINE
8
BLACK
6
CONTINUOUS
10
1.5740498425196849
20
2.2016218110236219
11
1.5748031496062991
21
2.201771653543307
0
LINE
8
BLACK
6
CONTINUOUS
10
1.5748031496062991
20
2.201771653543307
11
1.6181102362204725
21
2.201771653543307
0
LINE
8
BLACK
6
CONTINUOUS
10
1.6181102362204725
20
2.201771653543307
11
1.6188635433070866
21
2.2016218110236219
0
LINE
8
BLACK
6
CONTINUOUS
10
1.7093970472440945
20
2.2555917716535432
11
1.7133677559055118
21
2.2538385433070864
0
LINE
8
BLACK
6
CONTINUOUS
10
1.7133677559055118
20
2.2538385433070864
11
1.7164369685039369
21
2.2507693307086614
0
LINE
8
BLACK
6
CONTINUOUS
10
1.7164369685039369
20
2.2507693307086614
11
1.7181901968503936
21
2.246798622047244
0
LINE
8
BLACK
6
CONTINUOUS
10
1.7181901968503936
20
2.246798622047244
11
1.7185039370078741
21
2.2440944881889764
0
LINE
8
BLACK
6
CONTINUOUS
10
1.7185039370078741
20
2.2440944881889764
11
1.7185039370078741
21
2.2086614173228347
0
LINE
8
BLACK
6
CONTINUOUS
10
1.7185039370078741
20
2.2086614173228347
11
1.7181901968503936
21
2.2059572834645671
0
LINE
8
BLACK
6
CONTINUOUS
10
1.7181901968503936
20
2.2059572834645671
11
1.7164369685039369
21
2.2019865748031497
0
LINE
8
BLACK
6
CONTINUOUS
10
1.7164369685039369
20
2.2019865748031497
11
1.7133677559055118
21
2.1989173622047242
0
LINE
8
BLACK
6
CONTINUOUS
10
1.7133677559055118
20
2.1989173622047242
11
1.7093970472440945
21
2.1971641338582675
0
LINE
8
BLACK
6
CONTINUOUS
10
1.7093970472440945
20
2.1971641338582675
11
1.7066929133858266
21
2.1968503937007875
0
LINE
8
BLACK
6
CONTINUOUS
10
1.7066929133858266
20
2.1968503937007875
11
1.686023622047244
21
2.1968503937007875
0
LINE
8
BLACK
6
CONTINUOUS
10
1.686023622047244
20
2.1968503937007875
11
1.6833194881889764
21
2.1971641338582675
0
LINE
8
BLACK
6
CONTINUOUS
10
1.6833194881889764
20
2.1971641338582675
11
1.679348779527559
21
2.1989173622047242
0
LINE
8
BLACK
6
CONTINUOUS
10
1.679348779527559
20
2.1989173622047242
11
1.6762795669291337
21
2.2019865748031497
0
LINE
8
BLACK
6
CONTINUOUS
10
1.6762795669291337
20
2.2019865748031497
11
1.6745263385826772
21
2.2059572834645671
0
LINE
8
BLACK
6
CONTINUOUS
10
1.6745263385826772
20
2.2059572834645671
11
1.6742125984251968
21
2.2086614173228347
0
LINE
8
BLACK
6
CONTINUOUS
10
1.6742125984251968
20
2.2086614173228347
11
1.6742125984251968
21
2.2440944881889764
0
LINE
8
BLACK
6
CONTINUOUS
10
1.6742125984251968
20
2.2440944881889764
11
1.6745263385826772
21
2.246798622047244
0
LINE
8
BLACK
6
CONTINUOUS
10
1.6745263385826772
20
2.246798622047244
11
1.6762795669291337
21
2.2507693307086614
0
LINE
8
BLACK
6
CONTINUOUS
10
1.6762795669291337
20
2.2507693307086614
11
1.679348779527559
21
2.2538385433070864
0
LINE
8
BLACK
6
CONTINUOUS
10
1.679348779527559
20
2.2538385433070864
11
1.6833194881889764
21
2.2555917716535432
0
LINE
8
BLACK
6
CONTINUOUS
10
1.6833194881889764
20
2.2555917716535432
11
1.686023622047244
21
2.2559055118110236
0
LINE
8
BLACK
6
CONTINUOUS
10
1.686023622047244
20
2.2559055118110236
11
1.7066929133858266
21
2.2559055118110236
0
LINE
8
BLACK
6
CONTINUOUS
10
1.7066929133858266
20
2.2559055118110236
11
1.7093970472440945
21
2.2555917716535432
0
LINE
8
BLACK
6
CONTINUOUS
10
1.7812474409448817
20
2.2555917716535432
11
1.7852181496062991
21
2.2538385433070864
0
LINE
8
BLACK
6
CONTINUOUS
10
1.7852181496062991
20
2.2538385433070864
11
1.7882873622047244
21
2.2507693307086614
0
LINE
8
BLACK
6
CONTINUOUS
10
1.7882873622047244
20
2.2507693307086614
11
1.7900405905511811
21
2.246798622047244
0
LINE
8
BLACK
6
CONTINUOUS
10
1.7900405905511811
20
2.246798622047244
11
1.7903543307086613
21
2.2440944881889764
0
LINE
8
BLACK
6
CONTINUOUS
10
1.7903543307086613
20
2.2440944881889764
11
1.7903543307086613
21
2.2086614173228347
0
LINE
8
BLACK
6
CONTINUOUS
10
1.7903543307086613
20
2.2086614173228347
11
1.7900405905511811
21
2.2059572834645671
0
LINE
8
BLACK
6
CONTINUOUS
10
1.7900405905511811
20
2.2059572834645671
11
1.7882873622047244
21
2.2019865748031497
0
LINE
8
BLACK
6
CONTINUOUS
10
1.7882873622047244
20
2.2019865748031497
11
1.7852181496062991
21
2.1989173622047242
0
LINE
8
BLACK
6
CONTINUOUS
10
1.7852181496062991
20
2.1989173622047242
11
1.7812474409448817
21
2.1971641338582675
0
LINE
8
BLACK
6
CONTINUOUS
10
1.7812474409448817
20
2.1971641338582675
11
1.7785433070866141
21
2.1968503937007875
0
LINE
8
BLACK
6
CONTINUOUS
10
1.7785433070866141
20
2.1968503937007875
11
1.7578740157480315
21
2.1968503937007875
0
LINE
8
BLACK
6
CONTINUOUS
10
1.7578740157480315
20
2.1968503937007875
11
1.7551698818897636
21
2.1971641338582675
0
LINE
8
BLACK
6
CONTINUOUS
10
1.7551698818897636
20
2.1971641338582675
11
1.7511991732283465
21
2.1989173622047242
0
LINE
8
BLACK
6
CONTINUOUS
10
1.7511991732283465
20
2.1989173622047242
11
1.7481299606299212
21
2.2019865748031497
0
LINE
8
BLACK
6
CONTINUOUS
10
1.7481299606299212
20
2.2019865748031497
11
1.7463767322834645
21
2.2059572834645671
0
LINE
8
BLACK
6
CONTINUOUS
10
1.7463767322834645
20
2.2059572834645671
11
1.7460629921259843
21
2.2086614173228347
0
LINE
8
BLACK
6
CONTINUOUS
10
1.7460629921259843
20
2.2086614173228347
11
1.7460629921259843
21
2.2440944881889764
0
LINE
8
BLACK
6
CONTINUOUS
10
1.7460629921259843
20
2.2440944881889764
11
1.7463767322834645
21
2.246798622047244
0
LINE
8
BLACK
6
CONTINUOUS
10
1.7463767322834645
20
2.246798622047244
11
1.7481299606299212
21
2.2507693307086614
0
LINE
8
BLACK
6
CONTINUOUS
10
1.7481299606299212
20
2.2507693307086614
11
1.7511991732283465
21
2.2538385433070864
0
LINE
8
BLACK
6
CONTINUOUS
10
1.7511991732283465
20
2.2538385433070864
11
1.7551698818897636
21
2.2555917716535432
0
LINE
8
BLACK
6
CONTINUOUS
10
1.7551698818897636
20
2.2555917716535432
11
1.7578740157480315
21
2.2559055118110236
0
LINE
8
BLACK
6
CONTINUOUS
10
1.7578740157480315
20
2.2559055118110236
11
1.7785433070866141
21
2.2559055118110236
0
LINE
8
BLACK
6
CONTINUOUS
10
1.7785433070866141
20
2.2559055118110236
11
1.7812474409448817
21
2.2555917716535432
0
LINE
8
BLACK
6
CONTINUOUS
10
1.4495722047244095
20
2.2272123622047242
11
1.4502108267716536
21
2.2267856299212596
0
LINE
8
BLACK
6
CONTINUOUS
10
1.4502108267716536
20
2.2267856299212596
11
1.4506375590551182
21
2.2261470078740158
0
LINE
8
BLACK
6
CONTINUOUS
10
1.4506375590551182
20
2.2261470078740158
11
1.450787401574803
21
2.2253937007874014
0
LINE
8
BLACK
6
CONTINUOUS
10
1.450787401574803
20
2.2253937007874014
11
1.450787401574803
21
2.2096456692913384
0
LINE
8
BLACK
6
CONTINUOUS
10
1.450787401574803
20
2.2096456692913384
11
1.4506375590551182
21
2.2088923622047245
0
LINE
8
BLACK
6
CONTINUOUS
10
1.4506375590551182
20
2.2088923622047245
11
1.4502108267716536
21
2.2082537401574802
0
LINE
8
BLACK
6
CONTINUOUS
10
1.4502108267716536
20
2.2082537401574802
11
1.4495722047244095
21
2.2078270078740156
0
LINE
8
BLACK
6
CONTINUOUS
10
1.4495722047244095
20
2.2078270078740156
11
1.4488188976377951
21
2.2076771653543306
0
LINE
8
BLACK
6
CONTINUOUS
10
1.4488188976377951
20
2.2076771653543306
11
1.405511811023622
21
2.2076771653543306
0
LINE
8
BLACK
6
CONTINUOUS
10
1.405511811023622
20
2.2076771653543306
11
1.4047585039370079
21
2.2078270078740156
0
LINE
8
BLACK
6
CONTINUOUS
10
1.4047585039370079
20
2.2078270078740156
11
1.4041198818897638
21
2.2082537401574802
0
LINE
8
BLACK
6
CONTINUOUS
10
1.4041198818897638
20
2.2082537401574802
11
1.4036931496062992
21
2.2088923622047245
0
LINE
8
BLACK
6
CONTINUOUS
10
1.4036931496062992
20
2.2088923622047245
11
1.4035433070866141
21
2.2096456692913384
0
LINE
8
BLACK
6
CONTINUOUS
10
1.4035433070866141
20
2.2096456692913384
11
1.4035433070866141
21
2.2253937007874014
0
LINE
8
BLACK
6
CONTINUOUS
10
1.4035433070866141
20
2.2253937007874014
11
1.4036931496062992
21
2.2261470078740158
0
LINE
8
BLACK
6
CONTINUOUS
10
1.4036931496062992
20
2.2261470078740158
11
1.4041198818897638
21
2.2267856299212596
0
LINE
8
BLACK
6
CONTINUOUS
10
1.4041198818897638
20
2.2267856299212596
11
1.4047585039370079
21
2.2272123622047242
0
LINE
8
BLACK
6
CONTINUOUS
10
1.4047585039370079
20
2.2272123622047242
11
1.405511811023622
21
2.2273622047244093
0
LINE
8
BLACK
6
CONTINUOUS
10
1.405511811023622
20
2.2273622047244093
11
1.4488188976377951
21
2.2273622047244093
0
LINE
8
BLACK
6
CONTINUOUS
10
1.4488188976377951
20
2.2273622047244093
11
1.4495722047244095
21
2.2272123622047242
0
LINE
8
BLACK
6
CONTINUOUS
10
1.6188635433070866
20
2.2272123622047242
11
1.6195021653543307
21
2.2267856299212596
0
LINE
8
BLACK
6
CONTINUOUS
10
1.6195021653543307
20
2.2267856299212596
11
1.6199288976377952
21
2.2261470078740158
0
LINE
8
BLACK
6
CONTINUOUS
10
1.6199288976377952
20
2.2261470078740158
11
1.6200787401574803
21
2.2253937007874014
0
LINE
8
BLACK
6
CONTINUOUS
10
1.6200787401574803
20
2.2253937007874014
11
1.6200787401574803
21
2.2096456692913384
0
LINE
8
BLACK
6
CONTINUOUS
10
1.6200787401574803
20
2.2096456692913384
11
1.6199288976377952
21
2.2088923622047245
0
LINE
8
BLACK
6
CONTINUOUS
10
1.6199288976377952
20
2.2088923622047245
11
1.6195021653543307
21
2.2082537401574802
0
LINE
8
BLACK
6
CONTINUOUS
10
1.6195021653543307
20
2.2082537401574802
11
1.6188635433070866
21
2.2078270078740156
0
LINE
8
BLACK
6
CONTINUOUS
10
1.6188635433070866
20
2.2078270078740156
11
1.6181102362204725
21
2.2076771653543306
0
LINE
8
BLACK
6
CONTINUOUS
10
1.6181102362204725
20
2.2076771653543306
11
1.5748031496062991
21
2.2076771653543306
0
LINE
8
BLACK
6
CONTINUOUS
10
1.5748031496062991
20
2.2076771653543306
11
1.5740498425196849
21
2.2078270078740156
0
LINE
8
BLACK
6
CONTINUOUS
10
1.5740498425196849
20
2.2078270078740156
11
1.5734112204724409
21
2.2082537401574802
0
LINE
8
BLACK
6
CONTINUOUS
10
1.5734112204724409
20
2.2082537401574802
11
1.5729844881889763
21
2.2088923622047245
0
LINE
8
BLACK
6
CONTINUOUS
10
1.5729844881889763
20
2.2088923622047245
11
1.5728346456692912
21
2.2096456692913384
0
LINE
8
BLACK
6
CONTINUOUS
10
1.5728346456692912
20
2.2096456692913384
11
1.5728346456692912
21
2.2253937007874014
0
LINE
8
BLACK
6
CONTINUOUS
10
1.5728346456692912
20
2.2253937007874014
11
1.5729844881889763
21
2.2261470078740158
0
LINE
8
BLACK
6
CONTINUOUS
10
1.5729844881889763
20
2.2261470078740158
11
1.5734112204724409
21
2.2267856299212596
0
LINE
8
BLACK
6
CONTINUOUS
10
1.5734112204724409
20
2.2267856299212596
11
1.5740498425196849
21
2.2272123622047242
0
LINE
8
BLACK
6
CONTINUOUS
10
1.5740498425196849
20
2.2272123622047242
11
1.5748031496062991
21
2.2273622047244093
0
LINE
8
BLACK
6
CONTINUOUS
10
1.5748031496062991
20
2.2273622047244093
11
1.6181102362204725
21
2.2273622047244093
0
LINE
8
BLACK
6
CONTINUOUS
10
1.6181102362204725
20
2.2273622047244093
11
1.6188635433070866
21
2.2272123622047242
0
LINE
8
BLACK
6
CONTINUOUS
10
0.9712080708661417
20
2.2811823228346455
11
0.975178779527559
21
2.2794290944881888
0
LINE
8
BLACK
6
CONTINUOUS
10
0.975178779527559
20
2.2794290944881888
11
0.9782479921259842
21
2.2763598818897637
0
LINE
8
BLACK
6
CONTINUOUS
10
0.9782479921259842
20
2.2763598818897637
11
0.9800012204724409
21
2.2723891732283463
0
LINE
8
BLACK
6
CONTINUOUS
10
0.9800012204724409
20
2.2723891732283463
11
0.9803149606299212
21
2.2696850393700787
0
LINE
8
BLACK
6
CONTINUOUS
10
0.9803149606299212
20
2.2696850393700787
11
0.9803149606299212
21
2.2224409448818898
0
LINE
8
BLACK
6
CONTINUOUS
10
0.9803149606299212
20
2.2224409448818898
11
0.9800012204724409
21
2.2197368110236222
0
LINE
8
BLACK
6
CONTINUOUS
10
0.9800012204724409
20
2.2197368110236222
11
0.9782479921259842
21
2.2157661023622048
0
LINE
8
BLACK
6
CONTINUOUS
10
0.9782479921259842
20
2.2157661023622048
11
0.975178779527559
21
2.2126968897637793
0
LINE
8
BLACK
6
CONTINUOUS
10
0.975178779527559
20
2.2126968897637793
11
0.9712080708661417
21
2.2109436614173226
0
LINE
8
BLACK
6
CONTINUOUS
10
0.9712080708661417
20
2.2109436614173226
11
0.968503937007874
21
2.2106299212598426
0
LINE
8
BLACK
6
CONTINUOUS
10
0.968503937007874
20
2.2106299212598426
11
0.937007874015748
21
2.2106299212598426
0
LINE
8
BLACK
6
CONTINUOUS
10
0.937007874015748
20
2.2106299212598426
11
0.9343037401574803
21
2.2109436614173226
0
LINE
8
BLACK
6
CONTINUOUS
10
0.9343037401574803
20
2.2109436614173226
11
0.9303330314960629
21
2.2126968897637793
0
LINE
8
BLACK
6
CONTINUOUS
10
0.9303330314960629
20
2.2126968897637793
11
0.9272638188976378
21
2.2157661023622048
0
LINE
8
BLACK
6
CONTINUOUS
10
0.9272638188976378
20
2.2157661023622048
11
0.9255105905511811
21
2.2197368110236222
0
LINE
8
BLACK
6
CONTINUOUS
10
0.9255105905511811
20
2.2197368110236222
11
0.9251968503937008
21
2.2224409448818898
0
LINE
8
BLACK
6
CONTINUOUS
10
0.9251968503937008
20
2.2224409448818898
11
0.9251968503937008
21
2.2696850393700787
0
LINE
8
BLACK
6
CONTINUOUS
10
0.9251968503937008
20
2.2696850393700787
11
0.9255105905511811
21
2.2723891732283463
0
LINE
8
BLACK
6
CONTINUOUS
10
0.9255105905511811
20
2.2723891732283463
11
0.9272638188976378
21
2.2763598818897637
0
LINE
8
BLACK
6
CONTINUOUS
10
0.9272638188976378
20
2.2763598818897637
11
0.9303330314960629
21
2.2794290944881888
0
LINE
8
BLACK
6
CONTINUOUS
10
0.9303330314960629
20
2.2794290944881888
11
0.9343037401574803
21
2.2811823228346455
0
LINE
8
BLACK
6
CONTINUOUS
10
0.9343037401574803
20
2.2811823228346455
11
0.937007874015748
21
2.2814960629921259
0
LINE
8
BLACK
6
CONTINUOUS
10
0.937007874015748
20
2.2814960629921259
11
0.968503937007874
21
2.2814960629921259
0
LINE
8
BLACK
6
CONTINUOUS
10
0.968503937007874
20
2.2814960629921259
11
0.9712080708661417
21
2.2811823228346455
0
LINE
8
BLACK
6
CONTINUOUS
10
1.1090033464566929
20
2.2811823228346455
11
1.1129740551181102
21
2.2794290944881888
0
LINE
8
BLACK
6
CONTINUOUS
10
1.1129740551181102
20
2.2794290944881888
11
1.1160432677165355
21
2.2763598818897637
0
LINE
8
BLACK
6
CONTINUOUS
10
1.1160432677165355
20
2.2763598818897637
11
1.117796496062992
21
2.2723891732283463
0
LINE
8
BLACK
6
CONTINUOUS
10
1.117796496062992
20
2.2723891732283463
11
1.1181102362204725
21
2.2696850393700787
0
LINE
8
BLACK
6
CONTINUOUS
10
1.1181102362204725
20
2.2696850393700787
11
1.1181102362204725
21
2.2224409448818898
0
LINE
8
BLACK
6
CONTINUOUS
10
1.1181102362204725
20
2.2224409448818898
11
1.117796496062992
21
2.2197368110236222
0
LINE
8
BLACK
6
CONTINUOUS
10
1.117796496062992
20
2.2197368110236222
11
1.1160432677165355
21
2.2157661023622048
0
LINE
8
BLACK
6
CONTINUOUS
10
1.1160432677165355
20
2.2157661023622048
11
1.1129740551181102
21
2.2126968897637793
0
LINE
8
BLACK
6
CONTINUOUS
10
1.1129740551181102
20
2.2126968897637793
11
1.1090033464566929
21
2.2109436614173226
0
LINE
8
BLACK
6
CONTINUOUS
10
1.1090033464566929
20
2.2109436614173226
11
1.1062992125984252
21
2.2106299212598426
0
LINE
8
BLACK
6
CONTINUOUS
10
1.1062992125984252
20
2.2106299212598426
11
1.0748031496062991
21
2.2106299212598426
0
LINE
8
BLACK
6
CONTINUOUS
10
1.0748031496062991
20
2.2106299212598426
11
1.0720990157480315
21
2.2109436614173226
0
LINE
8
BLACK
6
CONTINUOUS
10
1.0720990157480315
20
2.2109436614173226
11
1.0681283070866141
21
2.2126968897637793
0
LINE
8
BLACK
6
CONTINUOUS
10
1.0681283070866141
20
2.2126968897637793
11
1.065059094488189
21
2.2157661023622048
0
LINE
8
BLACK
6
CONTINUOUS
10
1.065059094488189
20
2.2157661023622048
11
1.0633058661417323
21
2.2197368110236222
0
LINE
8
BLACK
6
CONTINUOUS
10
1.0633058661417323
20
2.2197368110236222
11
1.0629921259842519
21
2.2224409448818898
0
LINE
8
BLACK
6
CONTINUOUS
10
1.0629921259842519
20
2.2224409448818898
11
1.0629921259842519
21
2.2696850393700787
0
LINE
8
BLACK
6
CONTINUOUS
10
1.0629921259842519
20
2.2696850393700787
11
1.0633058661417323
21
2.2723891732283463
0
LINE
8
BLACK
6
CONTINUOUS
10
1.0633058661417323
20
2.2723891732283463
11
1.065059094488189
21
2.2763598818897637
0
LINE
8
BLACK
6
CONTINUOUS
10
1.065059094488189
20
2.2763598818897637
11
1.0681283070866141
21
2.2794290944881888
0
LINE
8
BLACK
6
CONTINUOUS
10
1.0681283070866141
20
2.2794290944881888
11
1.0720990157480315
21
2.2811823228346455
0
LINE
8
BLACK
6
CONTINUOUS
10
1.0720990157480315
20
2.2811823228346455
11
1.0748031496062991
21
2.2814960629921259
0
LINE
8
BLACK
6
CONTINUOUS
10
1.0748031496062991
20
2.2814960629921259
11
1.1062992125984252
21
2.2814960629921259
0
LINE
8
BLACK
6
CONTINUOUS
10
1.1062992125984252
20
2.2814960629921259
11
1.1090033464566929
21
2.2811823228346455
0
LINE
8
BLACK
6
CONTINUOUS
10
0.861461968503937
20
2.2822123622047243
11
0.862100590551181
21
2.2817856299212598
0
LINE
8
BLACK
6
CONTINUOUS
10
0.862100590551181
20
2.2817856299212598
11
0.8625273228346456
21
2.2811470078740155
0
LINE
8
BLACK
6
CONTINUOUS
10
0.8625273228346456
20
2.2811470078740155
11
0.8626771653543307
21
2.2803937007874016
0
LINE
8
BLACK
6
CONTINUOUS
10
0.8626771653543307
20
2.2803937007874016
11
0.8626771653543307
21
2.2203937007874015
0
LINE
8
BLACK
6
CONTINUOUS
10
0.8626771653543307
20
2.2203937007874015
11
0.8625273228346456
21
2.2196403937007871
0
LINE
8
BLACK
6
CONTINUOUS
10
0.8625273228346456
20
2.2196403937007871
11
0.862100590551181
21
2.2190017716535433
0
LINE
8
BLACK
6
CONTINUOUS
10
0.862100590551181
20
2.2190017716535433
11
0.861461968503937
21
2.2185750393700787
0
LINE
8
BLACK
6
CONTINUOUS
10
0.861461968503937
20
2.2185750393700787
11
0.8607086614173228
21
2.2184251968503936
0
LINE
8
BLACK
6
CONTINUOUS
10
0.8607086614173228
20
2.2184251968503936
11
0.8007086614173228
21
2.2184251968503936
0
LINE
8
BLACK
6
CONTINUOUS
10
0.8007086614173228
20
2.2184251968503936
11
0.7999553543307086
21
2.2185750393700787
0
LINE
8
BLACK
6
CONTINUOUS
10
0.7999553543307086
20
2.2185750393700787
11
0.7993167322834646
21
2.2190017716535433
0
LINE
8
BLACK
6
CONTINUOUS
10
0.7993167322834646
20
2.2190017716535433
11
0.79889
21
2.2196403937007871
0
LINE
8
BLACK
6
CONTINUOUS
10
0.79889
20
2.2196403937007871
11
0.7987401574803149
21
2.2203937007874015
0
LINE
8
BLACK
6
CONTINUOUS
10
0.7987401574803149
20
2.2203937007874015
11
0.7987401574803149
21
2.2803937007874016
0
LINE
8
BLACK
6
CONTINUOUS
10
0.7987401574803149
20
2.2803937007874016
11
0.79889
21
2.2811470078740155
0
LINE
8
BLACK
6
CONTINUOUS
10
0.79889
20
2.2811470078740155
11
0.7993167322834646
21
2.2817856299212598
0
LINE
8
BLACK
6
CONTINUOUS
10
0.7993167322834646
20
2.2817856299212598
11
0.7999553543307086
21
2.2822123622047243
0
LINE
8
BLACK
6
CONTINUOUS
10
0.7999553543307086
20
2.2822123622047243
11
0.8007086614173228
21
2.2823622047244094
0
LINE
8
BLACK
6
CONTINUOUS
10
0.8007086614173228
20
2.2823622047244094
11
0.8607086614173228
21
2.2823622047244094
0
LINE
8
BLACK
6
CONTINUOUS
10
0.8607086614173228
20
2.2823622047244094
11
0.861461968503937
21
2.2822123622047243
0
LINE
8
BLACK
6
CONTINUOUS
10
1.1739639763779528
20
2.2821665748031497
11
1.1779346850393702
21
2.2804133464566929
0
LINE
8
BLACK
6
CONTINUOUS
10
1.1779346850393702
20
2.2804133464566929
11
1.1810038976377952
21
2.2773441338582678
0
LINE
8
BLACK
6
CONTINUOUS
10
1.1810038976377952
20
2.2773441338582678
11
1.182757125984252
21
2.2733734251968505
0
LINE
8
BLACK
6
CONTINUOUS
10
1.182757125984252
20
2.2733734251968505
11
1.1830708661417322
21
2.2706692913385824
0
LINE
8
BLACK
6
CONTINUOUS
10
1.1830708661417322
20
2.2706692913385824
11
1.1830708661417322
21
2.2332677165354329
0
LINE
8
BLACK
6
CONTINUOUS
10
1.1830708661417322
20
2.2332677165354329
11
1.182757125984252
21
2.2305635826771653
0
LINE
8
BLACK
6
CONTINUOUS
10
1.182757125984252
20
2.2305635826771653
11
1.1810038976377952
21
2.2265928740157479
0
LINE
8
BLACK
6
CONTINUOUS
10
1.1810038976377952
20
2.2265928740157479
11
1.1779346850393702
21
2.2235236614173228
0
LINE
8
BLACK
6
CONTINUOUS
10
1.1779346850393702
20
2.2235236614173228
11
1.1739639763779528
21
2.2217704330708661
0
LINE
8
BLACK
6
CONTINUOUS
10
1.1739639763779528
20
2.2217704330708661
11
1.171259842519685
21
2.2214566929133857
0
LINE
8
BLACK
6
CONTINUOUS
10
1.171259842519685
20
2.2214566929133857
11
1.1515748031496063
21
2.2214566929133857
0
LINE
8
BLACK
6
CONTINUOUS
10
1.1515748031496063
20
2.2214566929133857
11
1.1488706692913386
21
2.2217704330708661
0
LINE
8
BLACK
6
CONTINUOUS
10
1.1488706692913386
20
2.2217704330708661
11
1.1448999606299213
21
2.2235236614173228
0
LINE
8
BLACK
6
CONTINUOUS
10
1.1448999606299213
20
2.2235236614173228
11
1.141830748031496
21
2.2265928740157479
0
LINE
8
BLACK
6
CONTINUOUS
10
1.141830748031496
20
2.2265928740157479
11
1.1400775196850395
21
2.2305635826771653
0
LINE
8
BLACK
6
CONTINUOUS
10
1.1400775196850395
20
2.2305635826771653
11
1.139763779527559
21
2.2332677165354329
0
LINE
8
BLACK
6
CONTINUOUS
10
1.139763779527559
20
2.2332677165354329
11
1.139763779527559
21
2.2706692913385824
0
LINE
8
BLACK
6
CONTINUOUS
10
1.139763779527559
20
2.2706692913385824
11
1.1400775196850395
21
2.2733734251968505
0
LINE
8
BLACK
6
CONTINUOUS
10
1.1400775196850395
20
2.2733734251968505
11
1.141830748031496
21
2.2773441338582678
0
LINE
8
BLACK
6
CONTINUOUS
10
1.141830748031496
20
2.2773441338582678
11
1.1448999606299213
21
2.2804133464566929
0
LINE
8
BLACK
6
CONTINUOUS
10
1.1448999606299213
20
2.2804133464566929
11
1.1488706692913386
21
2.2821665748031497
0
LINE
8
BLACK
6
CONTINUOUS
10
1.1488706692913386
20
2.2821665748031497
11
1.1515748031496063
21
2.2824803149606301
0
LINE
8
BLACK
6
CONTINUOUS
10
1.1515748031496063
20
2.2824803149606301
11
1.171259842519685
21
2.2824803149606301
0
LINE
8
BLACK
6
CONTINUOUS
10
1.171259842519685
20
2.2824803149606301
11
1.1739639763779528
21
2.2821665748031497
0
LINE
8
BLACK
6
CONTINUOUS
10
1.2487671259842519
20
2.2821665748031497
11
1.2527378346456692
21
2.2804133464566929
0
LINE
8
BLACK
6
CONTINUOUS
10
1.2527378346456692
20
2.2804133464566929
11
1.2558070472440945
21
2.2773441338582678
0
LINE
8
BLACK
6
CONTINUOUS
10
1.2558070472440945
20
2.2773441338582678
11
1.2575602755905511
21
2.2733734251968505
0
LINE
8
BLACK
6
CONTINUOUS
10
1.2575602755905511
20
2.2733734251968505
11
1.2578740157480315
21
2.2706692913385824
0
LINE
8
BLACK
6
CONTINUOUS
10
1.2578740157480315
20
2.2706692913385824
11
1.2578740157480315
21
2.2332677165354329
0
LINE
8
BLACK
6
CONTINUOUS
10
1.2578740157480315
20
2.2332677165354329
11
1.2575602755905511
21
2.2305635826771653
0
LINE
8
BLACK
6
CONTINUOUS
10
1.2575602755905511
20
2.2305635826771653
11
1.2558070472440945
21
2.2265928740157479
0
LINE
8
BLACK
6
CONTINUOUS
10
1.2558070472440945
20
2.2265928740157479
11
1.2527378346456692
21
2.2235236614173228
0
LINE
8
BLACK
6
CONTINUOUS
10
1.2527378346456692
20
2.2235236614173228
11
1.2487671259842519
21
2.2217704330708661
0
LINE
8
BLACK
6
CONTINUOUS
10
1.2487671259842519
20
2.2217704330708661
11
1.2460629921259843
21
2.2214566929133857
0
LINE
8
BLACK
6
CONTINUOUS
10
1.2460629921259843
20
2.2214566929133857
11
1.2263779527559056
21
2.2214566929133857
0
LINE
8
BLACK
6
CONTINUOUS
10
1.2263779527559056
20
2.2214566929133857
11
1.2236738188976377
21
2.2217704330708661
0
LINE
8
BLACK
6
CONTINUOUS
10
1.2236738188976377
20
2.2217704330708661
11
1.2197031102362204
21
2.2235236614173228
0
LINE
8
BLACK
6
CONTINUOUS
10
1.2197031102362204
20
2.2235236614173228
11
1.2166338976377953
21
2.2265928740157479
0
LINE
8
BLACK
6
CONTINUOUS
10
1.2166338976377953
20
2.2265928740157479
11
1.2148806692913385
21
2.2305635826771653
0
LINE
8
BLACK
6
CONTINUOUS
10
1.2148806692913385
20
2.2305635826771653
11
1.2145669291338583
21
2.2332677165354329
0
LINE
8
BLACK
6
CONTINUOUS
10
1.2145669291338583
20
2.2332677165354329
11
1.2145669291338583
21
2.2706692913385824
0
LINE
8
BLACK
6
CONTINUOUS
10
1.2145669291338583
20
2.2706692913385824
11
1.2148806692913385
21
2.2733734251968505
0
LINE
8
BLACK
6
CONTINUOUS
10
1.2148806692913385
20
2.2733734251968505
11
1.2166338976377953
21
2.2773441338582678
0
LINE
8
BLACK
6
CONTINUOUS
10
1.2166338976377953
20
2.2773441338582678
11
1.2197031102362204
21
2.2804133464566929
0
LINE
8
BLACK
6
CONTINUOUS
10
1.2197031102362204
20
2.2804133464566929
11
1.2236738188976377
21
2.2821665748031497
0
LINE
8
BLACK
6
CONTINUOUS
10
1.2236738188976377
20
2.2821665748031497
11
1.2263779527559056
21
2.2824803149606301
0
LINE
8
BLACK
6
CONTINUOUS
10
1.2263779527559056
20
2.2824803149606301
11
1.2460629921259843
21
2.2824803149606301
0
LINE
8
BLACK
6
CONTINUOUS
10
1.2460629921259843
20
2.2824803149606301
11
1.2487671259842519
21
2.2821665748031497
0
LINE
8
BLACK
6
CONTINUOUS
10
0.0134445669291339
20
2.520898503937008
11
0.0267200393700787
21
2.5186429133858268
0
LINE
8
BLACK
6
CONTINUOUS
10
0.0267200393700787
20
2.5186429133858268
11
0.0396594881889764
21
2.514915118110236
0
LINE
8
BLACK
6
CONTINUOUS
10
0.0396594881889764
20
2.514915118110236
11
0.0521001968503937
21
2.5097620078740155
0
LINE
8
BLACK
6
CONTINUOUS
10
0.0521001968503937
20
2.5097620078740155
11
0.0638857480314961
21
2.5032483858267716
0
LINE
8
BLACK
6
CONTINUOUS
10
0.0638857480314961
20
2.5032483858267716
11
0.074867874015748
21
2.4954561417322836
0
LINE
8
BLACK
6
CONTINUOUS
10
0.074867874015748
20
2.4954561417322836
11
0.0849085039370079
21
2.4864833070866141
0
LINE
8
BLACK
6
CONTINUOUS
10
0.0849085039370079
20
2.4864833070866141
11
0.0938813385826772
21
2.4764426771653545
0
LINE
8
BLACK
6
CONTINUOUS
10
0.0938813385826772
20
2.4764426771653545
11
0.1016735826771654
21
2.4654605511811023
0
LINE
8
BLACK
6
CONTINUOUS
10
0.1016735826771654
20
2.4654605511811023
11
0.1081872047244094
21
2.4536750000000001
0
LINE
8
BLACK
6
CONTINUOUS
10
0.1081872047244094
20
2.4536750000000001
11
0.1133403149606299
21
2.4412342913385827
0
LINE
8
BLACK
6
CONTINUOUS
10
0.1133403149606299
20
2.4412342913385827
11
0.1170681102362205
21
2.4282948425196849
0
LINE
8
BLACK
6
CONTINUOUS
10
0.1170681102362205
20
2.4282948425196849
11
0.1193237007874016
21
2.4150193700787401
0
LINE
8
BLACK
6
CONTINUOUS
10
0.1193237007874016
20
2.4150193700787401
11
0.1200787401574803
21
2.401574803149606
0
LINE
8
BLACK
6
CONTINUOUS
10
0.1200787401574803
20
2.401574803149606
11
0.1193237007874016
21
2.3881302362204724
0
LINE
8
BLACK
6
CONTINUOUS
10
0.1193237007874016
20
2.3881302362204724
11
0.1170681102362205
21
2.3748547637795276
0
LINE
8
BLACK
6
CONTINUOUS
10
0.1170681102362205
20
2.3748547637795276
11
0.1133403149606299
21
2.3619153149606298
0
LINE
8
BLACK
6
CONTINUOUS
10
0.1133403149606299
20
2.3619153149606298
11
0.1081872047244094
21
2.3494746062992125
0
LINE
8
BLACK
6
CONTINUOUS
10
0.1081872047244094
20
2.3494746062992125
11
0.1016735826771654
21
2.3376890551181102
0
LINE
8
BLACK
6
CONTINUOUS
10
0.1016735826771654
20
2.3376890551181102
11
0.0938813385826772
21
2.326706929133858
0
LINE
8
BLACK
6
CONTINUOUS
10
0.0938813385826772
20
2.326706929133858
11
0.0849085039370079
21
2.3166662992125984
0
LINE
8
BLACK
6
CONTINUOUS
10
0.0849085039370079
20
2.3166662992125984
11
0.074867874015748
21
2.3076934645669289
0
LINE
8
BLACK
6
CONTINUOUS
10
0.074867874015748
20
2.3076934645669289
11
0.0638857480314961
21
2.2999012204724409
0
LINE
8
BLACK
6
CONTINUOUS
10
0.0638857480314961
20
2.2999012204724409
11
0.0521001968503937
21
2.293387598425197
0
LINE
8
BLACK
6
CONTINUOUS
10
0.0521001968503937
20
2.293387598425197
11
0.0396594881889764
21
2.2882344881889765
0
LINE
8
BLACK
6
CONTINUOUS
10
0.0396594881889764
20
2.2882344881889765
11
0.0267200393700787
21
2.2845066929133857
0
LINE
8
BLACK
6
CONTINUOUS
10
0.0267200393700787
20
2.2845066929133857
11
0.0134445669291339
21
2.2822511023622045
0
LINE
8
BLACK
6
CONTINUOUS
10
0.0134445669291339
20
2.2822511023622045
11
0.
21
2.2814960629921259
0
LINE
8
BLACK
6
CONTINUOUS
10
0.
20
2.2814960629921259
11
-0.0134445669291339
21
2.2822511023622045
0
LINE
8
BLACK
6
CONTINUOUS
10
-0.0134445669291339
20
2.2822511023622045
11
-0.0267200393700787
21
2.2845066929133857
0
LINE
8
BLACK
6
CONTINUOUS
10
-0.0267200393700787
20
2.2845066929133857
11
-0.0396594881889764
21
2.2882344881889765
0
LINE
8
BLACK
6
CONTINUOUS
10
-0.0396594881889764
20
2.2882344881889765
11
-0.0521001968503937
21
2.293387598425197
0
LINE
8
BLACK
6
CONTINUOUS
10
-0.0521001968503937
20
2.293387598425197
11
-0.0638857480314961
21
2.2999012204724409
0
LINE
8
BLACK
6
CONTINUOUS
10
-0.0638857480314961
20
2.2999012204724409
11
-0.074867874015748
21
2.3076934645669289
0
LINE
8
BLACK
6
CONTINUOUS
10
-0.074867874015748
20
2.3076934645669289
11
-0.0849085039370079
21
2.3166662992125984
0
LINE
8
BLACK
6
CONTINUOUS
10
-0.0849085039370079
20
2.3166662992125984
11
-0.0938813385826772
21
2.326706929133858
0
LINE
8
BLACK
6
CONTINUOUS
10
-0.0938813385826772
20
2.326706929133858
11
-0.1016735826771654
21
2.3376890551181102
0
LINE
8
BLACK
6
CONTINUOUS
10
-0.1016735826771654
20
2.3376890551181102
11
-0.1081872047244094
21
2.3494746062992125
0
LINE
8
BLACK
6
CONTINUOUS
10
-0.1081872047244094
20
2.3494746062992125
11
-0.1133403149606299
21
2.3619153149606298
0
LINE
8
BLACK
6
CONTINUOUS
10
-0.1133403149606299
20
2.3619153149606298
11
-0.1170681102362205
21
2.3748547637795276
0
LINE
8
BLACK
6
CONTINUOUS
10
-0.1170681102362205
20
2.3748547637795276
11
-0.1193237007874016
21
2.3881302362204724
0
LINE
8
BLACK
6
CONTINUOUS
10
-0.1193237007874016
20
2.3881302362204724
11
-0.1200787401574803
21
2.401574803149606
0
LINE
8
BLACK
6
CONTINUOUS
10
-0.1200787401574803
20
2.401574803149606
11
-0.1193237007874016
21
2.4150193700787401
0
LINE
8
BLACK
6
CONTINUOUS
10
-0.1193237007874016
20
2.4150193700787401
11
-0.1170681102362205
21
2.4282948425196849
0
LINE
8
BLACK
6
CONTINUOUS
10
-0.1170681102362205
20
2.4282948425196849
11
-0.1133403149606299
21
2.4412342913385827
0
LINE
8
BLACK
6
CONTINUOUS
10
-0.1133403149606299
20
2.4412342913385827
11
-0.1081872047244094
21
2.4536750000000001
0
LINE
8
BLACK
6
CONTINUOUS
10
-0.1081872047244094
20
2.4536750000000001
11
-0.1016735826771654
21
2.4654605511811023
0
LINE
8
BLACK
6
CONTINUOUS
10
-0.1016735826771654
20
2.4654605511811023
11
-0.0938813385826772
21
2.4764426771653545
0
LINE
8
BLACK
6
CONTINUOUS
10
-0.0938813385826772
20
2.4764426771653545
11
-0.0849085039370079
21
2.4864833070866141
0
LINE
8
BLACK
6
CONTINUOUS
10
-0.0849085039370079
20
2.4864833070866141
11
-0.074867874015748
21
2.4954561417322836
0
LINE
8
BLACK
6
CONTINUOUS
10
-0.074867874015748
20
2.4954561417322836
11
-0.0638857480314961
21
2.5032483858267716
0
LINE
8
BLACK
6
CONTINUOUS
10
-0.0638857480314961
20
2.5032483858267716
11
-0.0521001968503937
21
2.5097620078740155
0
LINE
8
BLACK
6
CONTINUOUS
10
-0.0521001968503937
20
2.5097620078740155
11
-0.0396594881889764
21
2.514915118110236
0
LINE
8
BLACK
6
CONTINUOUS
10
-0.0396594881889764
20
2.514915118110236
11
-0.0267200393700787
21
2.5186429133858268
0
LINE
8
BLACK
6
CONTINUOUS
10
-0.0267200393700787
20
2.5186429133858268
11
-0.0134445669291339
21
2.520898503937008
0
LINE
8
BLACK
6
CONTINUOUS
10
-0.0134445669291339
20
2.520898503937008
11
0.
21
2.5216535433070866
0
LINE
8
BLACK
6
CONTINUOUS
10
0.
20
2.5216535433070866
11
0.0134445669291339
21
2.520898503937008
0
LINE
8
BLACK
6
CONTINUOUS
10
2.0134445669291337
20
2.520898503937008
11
2.0267200393700788
21
2.5186429133858268
0
LINE
8
BLACK
6
CONTINUOUS
10
2.0267200393700788
20
2.5186429133858268
11
2.0396594881889762
21
2.514915118110236
0
LINE
8
BLACK
6
CONTINUOUS
10
2.0396594881889762
20
2.514915118110236
11
2.0521001968503936
21
2.5097620078740155
0
LINE
8
BLACK
6
CONTINUOUS
10
2.0521001968503936
20
2.5097620078740155
11
2.0638857480314958
21
2.5032483858267716
0
LINE
8
BLACK
6
CONTINUOUS
10
2.0638857480314958
20
2.5032483858267716
11
2.074867874015748
21
2.4954561417322836
0
LINE
8
BLACK
6
CONTINUOUS
10
2.074867874015748
20
2.4954561417322836
11
2.0849085039370077
21
2.4864833070866141
0
LINE
8
BLACK
6
CONTINUOUS
10
2.0849085039370077
20
2.4864833070866141
11
2.0938813385826771
21
2.4764426771653545
0
LINE
8
BLACK
6
CONTINUOUS
10
2.0938813385826771
20
2.4764426771653545
11
2.1016735826771651
21
2.4654605511811023
0
LINE
8
BLACK
6
CONTINUOUS
10
2.1016735826771651
20
2.4654605511811023
11
2.1081872047244095
21
2.4536750000000001
0
LINE
8
BLACK
6
CONTINUOUS
10
2.1081872047244095
20
2.4536750000000001
11
2.11334031496063
21
2.4412342913385827
0
LINE
8
BLACK
6
CONTINUOUS
10
2.11334031496063
20
2.4412342913385827
11
2.1170681102362203
21
2.4282948425196849
0
LINE
8
BLACK
6
CONTINUOUS
10
2.1170681102362203
20
2.4282948425196849
11
2.1193237007874015
21
2.4150193700787401
0
LINE
8
BLACK
6
CONTINUOUS
10
2.1193237007874015
20
2.4150193700787401
11
2.1200787401574801
21
2.401574803149606
0
LINE
8
BLACK
6
CONTINUOUS
10
2.1200787401574801
20
2.401574803149606
11
2.1193237007874015
21
2.3881302362204724
0
LINE
8
BLACK
6
CONTINUOUS
10
2.1193237007874015
20
2.3881302362204724
11
2.1170681102362203
21
2.3748547637795276
0
LINE
8
BLACK
6
CONTINUOUS
10
2.1170681102362203
20
2.3748547637795276
11
2.11334031496063
21
2.3619153149606298
0
LINE
8
BLACK
6
CONTINUOUS
10
2.11334031496063
20
2.3619153149606298
11
2.1081872047244095
21
2.3494746062992125
0
LINE
8
BLACK
6
CONTINUOUS
10
2.1081872047244095
20
2.3494746062992125
11
2.1016735826771651
21
2.3376890551181102
0
LINE
8
BLACK
6
CONTINUOUS
10
2.1016735826771651
20
2.3376890551181102
11
2.0938813385826771
21
2.326706929133858
0
LINE
8
BLACK
6
CONTINUOUS
10
2.0938813385826771
20
2.326706929133858
11
2.0849085039370077
21
2.3166662992125984
0
LINE
8
BLACK
6
CONTINUOUS
10
2.0849085039370077
20
2.3166662992125984
11
2.074867874015748
21
2.3076934645669289
0
LINE
8
BLACK
6
CONTINUOUS
10
2.074867874015748
20
2.3076934645669289
11
2.0638857480314958
21
2.2999012204724409
0
LINE
8
BLACK
6
CONTINUOUS
10
2.0638857480314958
20
2.2999012204724409
11
2.0521001968503936
21
2.293387598425197
0
LINE
8
BLACK
6
CONTINUOUS
10
2.0521001968503936
20
2.293387598425197
11
2.0396594881889762
21
2.2882344881889765
0
LINE
8
BLACK
6
CONTINUOUS
10
2.0396594881889762
20
2.2882344881889765
11
2.0267200393700788
21
2.2845066929133857
0
LINE
8
BLACK
6
CONTINUOUS
10
2.0267200393700788
20
2.2845066929133857
11
2.0134445669291337
21
2.2822511023622045
0
LINE
8
BLACK
6
CONTINUOUS
10
2.0134445669291337
20
2.2822511023622045
11
2.
21
2.2814960629921259
0
LINE
8
BLACK
6
CONTINUOUS
10
2.
20
2.2814960629921259
11
1.9865554330708661
21
2.2822511023622045
0
LINE
8
BLACK
6
CONTINUOUS
10
1.9865554330708661
20
2.2822511023622045
11
1.9732799606299212
21
2.2845066929133857
0
LINE
8
BLACK
6
CONTINUOUS
10
1.9732799606299212
20
2.2845066929133857
11
1.9603405118110235
21
2.2882344881889765
0
LINE
8
BLACK
6
CONTINUOUS
10
1.9603405118110235
20
2.2882344881889765
11
1.9478998031496062
21
2.293387598425197
0
LINE
8
BLACK
6
CONTINUOUS
10
1.9478998031496062
20
2.293387598425197
11
1.936114251968504
21
2.2999012204724409
0
LINE
8
BLACK
6
CONTINUOUS
10
1.936114251968504
20
2.2999012204724409
11
1.925132125984252
21
2.3076934645669289
0
LINE
8
BLACK
6
CONTINUOUS
10
1.925132125984252
20
2.3076934645669289
11
1.9150914960629921
21
2.3166662992125984
0
LINE
8
BLACK
6
CONTINUOUS
10
1.9150914960629921
20
2.3166662992125984
11
1.9061186614173229
21
2.326706929133858
0
LINE
8
BLACK
6
CONTINUOUS
10
1.9061186614173229
20
2.326706929133858
11
1.8983264173228347
21
2.3376890551181102
0
LINE
8
BLACK
6
CONTINUOUS
10
1.8983264173228347
20
2.3376890551181102
11
1.8918127952755905
21
2.3494746062992125
0
LINE
8
BLACK
6
CONTINUOUS
10
1.8918127952755905
20
2.3494746062992125
11
1.88665968503937
21
2.3619153149606298
0
LINE
8
BLACK
6
CONTINUOUS
10
1.88665968503937
20
2.3619153149606298
11
1.8829318897637795
21
2.3748547637795276
0
LINE
8
BLACK
6
CONTINUOUS
10
1.8829318897637795
20
2.3748547637795276
11
1.8806762992125985
21
2.3881302362204724
0
LINE
8
BLACK
6
CONTINUOUS
10
1.8806762992125985
20
2.3881302362204724
11
1.8799212598425197
21
2.401574803149606
0
LINE
8
BLACK
6
CONTINUOUS
10
1.8799212598425197
20
2.401574803149606
11
1.8806762992125985
21
2.4150193700787401
0
LINE
8
BLACK
6
CONTINUOUS
10
1.8806762992125985
20
2.4150193700787401
11
1.8829318897637795
21
2.4282948425196849
0
LINE
8
BLACK
6
CONTINUOUS
10
1.8829318897637795
20
2.4282948425196849
11
1.88665968503937
21
2.4412342913385827
0
LINE
8
BLACK
6
CONTINUOUS
10
1.88665968503937
20
2.4412342913385827
11
1.8918127952755905
21
2.4536750000000001
0
LINE
8
BLACK
6
CONTINUOUS
10
1.8918127952755905
20
2.4536750000000001
11
1.8983264173228347
21
2.4654605511811023
0
LINE
8
BLACK
6
CONTINUOUS
10
1.8983264173228347
20
2.4654605511811023
11
1.9061186614173229
21
2.4764426771653545
0
LINE
8
BLACK
6
CONTINUOUS
10
1.9061186614173229
20
2.4764426771653545
11
1.9150914960629921
21
2.4864833070866141
0
LINE
8
BLACK
6
CONTINUOUS
10
1.9150914960629921
20
2.4864833070866141
11
1.925132125984252
21
2.4954561417322836
0
LINE
8
BLACK
6
CONTINUOUS
10
1.925132125984252
20
2.4954561417322836
11
1.936114251968504
21
2.5032483858267716
0
LINE
8
BLACK
6
CONTINUOUS
10
1.936114251968504
20
2.5032483858267716
11
1.9478998031496062
21
2.5097620078740155
0
LINE
8
BLACK
6
CONTINUOUS
10
1.9478998031496062
20
2.5097620078740155
11
1.9603405118110235
21
2.514915118110236
0
LINE
8
BLACK
6
CONTINUOUS
10
1.9603405118110235
20
2.514915118110236
11
1.9732799606299212
21
2.5186429133858268
0
LINE
8
BLACK
6
CONTINUOUS
10
1.9732799606299212
20
2.5186429133858268
11
1.9865554330708661
21
2.520898503937008
0
LINE
8
BLACK
6
CONTINUOUS
10
1.9865554330708661
20
2.520898503937008
11
2.
21
2.5216535433070866
0
LINE
8
BLACK
6
CONTINUOUS
10
2.
20
2.5216535433070866
11
2.0134445669291337
21
2.520898503937008
0
LINE
8
BLACK
6
CONTINUOUS
10
0.261461968503937
20
2.3794564566929135
11
0.2621005905511811
21
2.3790297244094489
0
LINE
8
BLACK
6
CONTINUOUS
10
0.2621005905511811
20
2.3790297244094489
11
0.2625273228346456
21
2.3783911023622046
0
LINE
8
BLACK
6
CONTINUOUS
10
0.2625273228346456
20
2.3783911023622046
11
0.2626771653543307
21
2.3776377952755907
0
LINE
8
BLACK
6
CONTINUOUS
10
0.2626771653543307
20
2.3776377952755907
11
0.2626771653543307
21
2.3176377952755907
0
LINE
8
BLACK
6
CONTINUOUS
10
0.2626771653543307
20
2.3176377952755907
11
0.2625273228346456
21
2.3168844881889763
0
LINE
8
BLACK
6
CONTINUOUS
10
0.2625273228346456
20
2.3168844881889763
11
0.2621005905511811
21
2.3162458661417324
0
LINE
8
BLACK
6
CONTINUOUS
10
0.2621005905511811
20
2.3162458661417324
11
0.261461968503937
21
2.3158191338582679
0
LINE
8
BLACK
6
CONTINUOUS
10
0.261461968503937
20
2.3158191338582679
11
0.2607086614173229
21
2.3156692913385828
0
LINE
8
BLACK
6
CONTINUOUS
10
0.2607086614173229
20
2.3156692913385828
11
0.2007086614173228
21
2.3156692913385828
0
LINE
8
BLACK
6
CONTINUOUS
10
0.2007086614173228
20
2.3156692913385828
11
0.1999553543307087
21
2.3158191338582679
0
LINE
8
BLACK
6
CONTINUOUS
10
0.1999553543307087
20
2.3158191338582679
11
0.1993167322834646
21
2.3162458661417324
0
LINE
8
BLACK
6
CONTINUOUS
10
0.1993167322834646
20
2.3162458661417324
11
0.19889
21
2.3168844881889763
0
LINE
8
BLACK
6
CONTINUOUS
10
0.19889
20
2.3168844881889763
11
0.198740157480315
21
2.3176377952755907
0
LINE
8
BLACK
6
CONTINUOUS
10
0.198740157480315
20
2.3176377952755907
11
0.198740157480315
21
2.3776377952755907
0
LINE
8
BLACK
6
CONTINUOUS
10
0.198740157480315
20
2.3776377952755907
11
0.19889
21
2.3783911023622046
0
LINE
8
BLACK
6
CONTINUOUS
10
0.19889
20
2.3783911023622046
11
0.1993167322834646
21
2.3790297244094489
0
LINE
8
BLACK
6
CONTINUOUS
10
0.1993167322834646
20
2.3790297244094489
11
0.1999553543307087
21
2.3794564566929135
0
LINE
8
BLACK
6
CONTINUOUS
10
0.1999553543307087
20
2.3794564566929135
11
0.2007086614173228
21
2.3796062992125986
0
LINE
8
BLACK
6
CONTINUOUS
10
0.2007086614173228
20
2.3796062992125986
11
0.2607086614173229
21
2.3796062992125986
0
LINE
8
BLACK
6
CONTINUOUS
10
0.2607086614173229
20
2.3796062992125986
11
0.261461968503937
21
2.3794564566929135
0
LINE
8
BLACK
6
CONTINUOUS
10
0.361461968503937
20
2.3794564566929135
11
0.3621005905511811
21
2.3790297244094489
0
LINE
8
BLACK
6
CONTINUOUS
10
0.3621005905511811
20
2.3790297244094489
11
0.3625273228346457
21
2.3783911023622046
0
LINE
8
BLACK
6
CONTINUOUS
10
0.3625273228346457
20
2.3783911023622046
11
0.3626771653543307
21
2.3776377952755907
0
LINE
8
BLACK
6
CONTINUOUS
10
0.3626771653543307
20
2.3776377952755907
11
0.3626771653543307
21
2.3176377952755907
0
LINE
8
BLACK
6
CONTINUOUS
10
0.3626771653543307
20
2.3176377952755907
11
0.3625273228346457
21
2.3168844881889763
0
LINE
8
BLACK
6
CONTINUOUS
10
0.3625273228346457
20
2.3168844881889763
11
0.3621005905511811
21
2.3162458661417324
0
LINE
8
BLACK
6
CONTINUOUS
10
0.3621005905511811
20
2.3162458661417324
11
0.361461968503937
21
2.3158191338582679
0
LINE
8
BLACK
6
CONTINUOUS
10
0.361461968503937
20
2.3158191338582679
11
0.3607086614173228
21
2.3156692913385828
0
LINE
8
BLACK
6
CONTINUOUS
10
0.3607086614173228
20
2.3156692913385828
11
0.3007086614173228
21
2.3156692913385828
0
LINE
8
BLACK
6
CONTINUOUS
10
0.3007086614173228
20
2.3156692913385828
11
0.2999553543307086
21
2.3158191338582679
0
LINE
8
BLACK
6
CONTINUOUS
10
0.2999553543307086
20
2.3158191338582679
11
0.2993167322834646
21
2.3162458661417324
0
LINE
8
BLACK
6
CONTINUOUS
10
0.2993167322834646
20
2.3162458661417324
11
0.29889
21
2.3168844881889763
0
LINE
8
BLACK
6
CONTINUOUS
10
0.29889
20
2.3168844881889763
11
0.298740157480315
21
2.3176377952755907
0
LINE
8
BLACK
6
CONTINUOUS
10
0.298740157480315
20
2.3176377952755907
11
0.298740157480315
21
2.3776377952755907
0
LINE
8
BLACK
6
CONTINUOUS
10
0.298740157480315
20
2.3776377952755907
11
0.29889
21
2.3783911023622046
0
LINE
8
BLACK
6
CONTINUOUS
10
0.29889
20
2.3783911023622046
11
0.2993167322834646
21
2.3790297244094489
0
LINE
8
BLACK
6
CONTINUOUS
10
0.2993167322834646
20
2.3790297244094489
11
0.2999553543307086
21
2.3794564566929135
0
LINE
8
BLACK
6
CONTINUOUS
10
0.2999553543307086
20
2.3794564566929135
11
0.3007086614173228
21
2.3796062992125986
0
LINE
8
BLACK
6
CONTINUOUS
10
0.3007086614173228
20
2.3796062992125986
11
0.3607086614173228
21
2.3796062992125986
0
LINE
8
BLACK
6
CONTINUOUS
10
0.3607086614173228
20
2.3796062992125986
11
0.361461968503937
21
2.3794564566929135
0
LINE
8
BLACK
6
CONTINUOUS
10
0.461461968503937
20
2.3794564566929135
11
0.4621005905511811
21
2.3790297244094489
0
LINE
8
BLACK
6
CONTINUOUS
10
0.4621005905511811
20
2.3790297244094489
11
0.4625273228346456
21
2.3783911023622046
0
LINE
8
BLACK
6
CONTINUOUS
10
0.4625273228346456
20
2.3783911023622046
11
0.4626771653543307
21
2.3776377952755907
0
LINE
8
BLACK
6
CONTINUOUS
10
0.4626771653543307
20
2.3776377952755907
11
0.4626771653543307
21
2.3176377952755907
0
LINE
8
BLACK
6
CONTINUOUS
10
0.4626771653543307
20
2.3176377952755907
11
0.4625273228346456
21
2.3168844881889763
0
LINE
8
BLACK
6
CONTINUOUS
10
0.4625273228346456
20
2.3168844881889763
11
0.4621005905511811
21
2.3162458661417324
0
LINE
8
BLACK
6
CONTINUOUS
10
0.4621005905511811
20
2.3162458661417324
11
0.461461968503937
21
2.3158191338582679
0
LINE
8
BLACK
6
CONTINUOUS
10
0.461461968503937
20
2.3158191338582679
11
0.4607086614173228
21
2.3156692913385828
0
LINE
8
BLACK
6
CONTINUOUS
10
0.4607086614173228
20
2.3156692913385828
11
0.4007086614173228
21
2.3156692913385828
0
LINE
8
BLACK
6
CONTINUOUS
10
0.4007086614173228
20
2.3156692913385828
11
0.3999553543307087
21
2.3158191338582679
0
LINE
8
BLACK
6
CONTINUOUS
10
0.3999553543307087
20
2.3158191338582679
11
0.3993167322834645
21
2.3162458661417324
0
LINE
8
BLACK
6
CONTINUOUS
10
0.3993167322834645
20
2.3162458661417324
11
0.39889
21
2.3168844881889763
0
LINE
8
BLACK
6
CONTINUOUS
10
0.39889
20
2.3168844881889763
11
0.3987401574803149
21
2.3176377952755907
0
LINE
8
BLACK
6
CONTINUOUS
10
0.3987401574803149
20
2.3176377952755907
11
0.3987401574803149
21
2.3776377952755907
0
LINE
8
BLACK
6
CONTINUOUS
10
0.3987401574803149
20
2.3776377952755907
11
0.39889
21
2.3783911023622046
0
LINE
8
BLACK
6
CONTINUOUS
10
0.39889
20
2.3783911023622046
11
0.3993167322834645
21
2.3790297244094489
0
LINE
8
BLACK
6
CONTINUOUS
10
0.3993167322834645
20
2.3790297244094489
11
0.3999553543307087
21
2.3794564566929135
0
LINE
8
BLACK
6
CONTINUOUS
10
0.3999553543307087
20
2.3794564566929135
11
0.4007086614173228
21
2.3796062992125986
0
LINE
8
BLACK
6
CONTINUOUS
10
0.4007086614173228
20
2.3796062992125986
11
0.4607086614173228
21
2.3796062992125986
0
LINE
8
BLACK
6
CONTINUOUS
10
0.4607086614173228
20
2.3796062992125986
11
0.461461968503937
21
2.3794564566929135
0
LINE
8
BLACK
6
CONTINUOUS
10
0.6008320472440944
20
2.3794564566929135
11
0.6014706692913385
21
2.3790297244094489
0
LINE
8
BLACK
6
CONTINUOUS
10
0.6014706692913385
20
2.3790297244094489
11
0.6018974015748031
21
2.3783911023622046
0
LINE
8
BLACK
6
CONTINUOUS
10
0.6018974015748031
20
2.3783911023622046
11
0.6020472440944882
21
2.3776377952755907
0
LINE
8
BLACK
6
CONTINUOUS
10
0.6020472440944882
20
2.3776377952755907
11
0.6020472440944882
21
2.3176377952755907
0
LINE
8
BLACK
6
CONTINUOUS
10
0.6020472440944882
20
2.3176377952755907
11
0.6018974015748031
21
2.3168844881889763
0
LINE
8
BLACK
6
CONTINUOUS
10
0.6018974015748031
20
2.3168844881889763
11
0.6014706692913385
21
2.3162458661417324
0
LINE
8
BLACK
6
CONTINUOUS
10
0.6014706692913385
20
2.3162458661417324
11
0.6008320472440944
21
2.3158191338582679
0
LINE
8
BLACK
6
CONTINUOUS
10
0.6008320472440944
20
2.3158191338582679
11
0.6000787401574803
21
2.3156692913385828
0
LINE
8
BLACK
6
CONTINUOUS
10
0.6000787401574803
20
2.3156692913385828
11
0.5400787401574803
21
2.3156692913385828
0
LINE
8
BLACK
6
CONTINUOUS
10
0.5400787401574803
20
2.3156692913385828
11
0.5393254330708661
21
2.3158191338582679
0
LINE
8
BLACK
6
CONTINUOUS
10
0.5393254330708661
20
2.3158191338582679
11
0.538686811023622
21
2.3162458661417324
0
LINE
8
BLACK
6
CONTINUOUS
10
0.538686811023622
20
2.3162458661417324
11
0.5382600787401575
21
2.3168844881889763
0
LINE
8
BLACK
6
CONTINUOUS
10
0.5382600787401575
20
2.3168844881889763
11
0.5381102362204724
21
2.3176377952755907
0
LINE
8
BLACK
6
CONTINUOUS
10
0.5381102362204724
20
2.3176377952755907
11
0.5381102362204724
21
2.3776377952755907
0
LINE
8
BLACK
6
CONTINUOUS
10
0.5381102362204724
20
2.3776377952755907
11
0.5382600787401575
21
2.3783911023622046
0
LINE
8
BLACK
6
CONTINUOUS
10
0.5382600787401575
20
2.3783911023622046
11
0.538686811023622
21
2.3790297244094489
0
LINE
8
BLACK
6
CONTINUOUS
10
0.538686811023622
20
2.3790297244094489
11
0.5393254330708661
21
2.3794564566929135
0
LINE
8
BLACK
6
CONTINUOUS
10
0.5393254330708661
20
2.3794564566929135
11
0.5400787401574803
21
2.3796062992125986
0
LINE
8
BLACK
6
CONTINUOUS
10
0.5400787401574803
20
2.3796062992125986
11
0.6000787401574803
21
2.3796062992125986
0
LINE
8
BLACK
6
CONTINUOUS
10
0.6000787401574803
20
2.3796062992125986
11
0.6008320472440944
21
2.3794564566929135
0
LINE
8
BLACK
6
CONTINUOUS
10
0.7008320472440944
20
2.3794564566929135
11
0.7014706692913386
21
2.3790297244094489
0
LINE
8
BLACK
6
CONTINUOUS
10
0.7014706692913386
20
2.3790297244094489
11
0.7018974015748032
21
2.3783911023622046
0
LINE
8
BLACK
6
CONTINUOUS
10
0.7018974015748032
20
2.3783911023622046
11
0.7020472440944882
21
2.3776377952755907
0
LINE
8
BLACK
6
CONTINUOUS
10
0.7020472440944882
20
2.3776377952755907
11
0.7020472440944882
21
2.3176377952755907
0
LINE
8
BLACK
6
CONTINUOUS
10
0.7020472440944882
20
2.3176377952755907
11
0.7018974015748032
21
2.3168844881889763
0
LINE
8
BLACK
6
CONTINUOUS
10
0.7018974015748032
20
2.3168844881889763
11
0.7014706692913386
21
2.3162458661417324
0
LINE
8
BLACK
6
CONTINUOUS
10
0.7014706692913386
20
2.3162458661417324
11
0.7008320472440944
21
2.3158191338582679
0
LINE
8
BLACK
6
CONTINUOUS
10
0.7008320472440944
20
2.3158191338582679
11
0.7000787401574803
21
2.3156692913385828
0
LINE
8
BLACK
6
CONTINUOUS
10
0.7000787401574803
20
2.3156692913385828
11
0.6400787401574803
21
2.3156692913385828
0
LINE
8
BLACK
6
CONTINUOUS
10
0.6400787401574803
20
2.3156692913385828
11
0.6393254330708661
21
2.3158191338582679
0
LINE
8
BLACK
6
CONTINUOUS
10
0.6393254330708661
20
2.3158191338582679
11
0.638686811023622
21
2.3162458661417324
0
LINE
8
BLACK
6
CONTINUOUS
10
0.638686811023622
20
2.3162458661417324
11
0.6382600787401574
21
2.3168844881889763
0
LINE
8
BLACK
6
CONTINUOUS
10
0.6382600787401574
20
2.3168844881889763
11
0.6381102362204725
21
2.3176377952755907
0
LINE
8
BLACK
6
CONTINUOUS
10
0.6381102362204725
20
2.3176377952755907
11
0.6381102362204725
21
2.3776377952755907
0
LINE
8
BLACK
6
CONTINUOUS
10
0.6381102362204725
20
2.3776377952755907
11
0.6382600787401574
21
2.3783911023622046
0
LINE
8
BLACK
6
CONTINUOUS
10
0.6382600787401574
20
2.3783911023622046
11
0.638686811023622
21
2.3790297244094489
0
LINE
8
BLACK
6
CONTINUOUS
10
0.638686811023622
20
2.3790297244094489
11
0.6393254330708661
21
2.3794564566929135
0
LINE
8
BLACK
6
CONTINUOUS
10
0.6393254330708661
20
2.3794564566929135
11
0.6400787401574803
21
2.3796062992125986
0
LINE
8
BLACK
6
CONTINUOUS
10
0.6400787401574803
20
2.3796062992125986
11
0.7000787401574803
21
2.3796062992125986
0
LINE
8
BLACK
6
CONTINUOUS
10
0.7000787401574803
20
2.3796062992125986
11
0.7008320472440944
21
2.3794564566929135
0
LINE
8
BLACK
6
CONTINUOUS
10
1.0016194488188976
20
2.3794564566929135
11
1.0022580708661417
21
2.3790297244094489
0
LINE
8
BLACK
6
CONTINUOUS
10
1.0022580708661417
20
2.3790297244094489
11
1.0026848031496063
21
2.3783911023622046
0
LINE
8
BLACK
6
CONTINUOUS
10
1.0026848031496063
20
2.3783911023622046
11
1.0028346456692914
21
2.3776377952755907
0
LINE
8
BLACK
6
CONTINUOUS
10
1.0028346456692914
20
2.3776377952755907
11
1.0028346456692914
21
2.3176377952755907
0
LINE
8
BLACK
6
CONTINUOUS
10
1.0028346456692914
20
2.3176377952755907
11
1.0026848031496063
21
2.3168844881889763
0
LINE
8
BLACK
6
CONTINUOUS
10
1.0026848031496063
20
2.3168844881889763
11
1.0022580708661417
21
2.3162458661417324
0
LINE
8
BLACK
6
CONTINUOUS
10
1.0022580708661417
20
2.3162458661417324
11
1.0016194488188976
21
2.3158191338582679
0
LINE
8
BLACK
6
CONTINUOUS
10
1.0016194488188976
20
2.3158191338582679
11
1.0008661417322835
21
2.3156692913385828
0
LINE
8
BLACK
6
CONTINUOUS
10
1.0008661417322835
20
2.3156692913385828
11
0.9408661417322834
21
2.3156692913385828
0
LINE
8
BLACK
6
CONTINUOUS
10
0.9408661417322834
20
2.3156692913385828
11
0.9401128346456693
21
2.3158191338582679
0
LINE
8
BLACK
6
CONTINUOUS
10
0.9401128346456693
20
2.3158191338582679
11
0.9394742125984252
21
2.3162458661417324
0
LINE
8
BLACK
6
CONTINUOUS
10
0.9394742125984252
20
2.3162458661417324
11
0.9390474803149607
21
2.3168844881889763
0
LINE
8
BLACK
6
CONTINUOUS
10
0.9390474803149607
20
2.3168844881889763
11
0.9388976377952756
21
2.3176377952755907
0
LINE
8
BLACK
6
CONTINUOUS
10
0.9388976377952756
20
2.3176377952755907
11
0.9388976377952756
21
2.3776377952755907
0
LINE
8
BLACK
6
CONTINUOUS
10
0.9388976377952756
20
2.3776377952755907
11
0.9390474803149607
21
2.3783911023622046
0
LINE
8
BLACK
6
CONTINUOUS
10
0.9390474803149607
20
2.3783911023622046
11
0.9394742125984252
21
2.3790297244094489
0
LINE
8
BLACK
6
CONTINUOUS
10
0.9394742125984252
20
2.3790297244094489
11
0.9401128346456693
21
2.3794564566929135
0
LINE
8
BLACK
6
CONTINUOUS
10
0.9401128346456693
20
2.3794564566929135
11
0.9408661417322834
21
2.3796062992125986
0
LINE
8
BLACK
6
CONTINUOUS
10
0.9408661417322834
20
2.3796062992125986
11
1.0008661417322835
21
2.3796062992125986
0
LINE
8
BLACK
6
CONTINUOUS
10
1.0008661417322835
20
2.3796062992125986
11
1.0016194488188976
21
2.3794564566929135
0
LINE
8
BLACK
6
CONTINUOUS
10
1.1016194488188975
20
2.3794564566929135
11
1.1022580708661418
21
2.3790297244094489
0
LINE
8
BLACK
6
CONTINUOUS
10
1.1022580708661418
20
2.3790297244094489
11
1.1026848031496064
21
2.3783911023622046
0
LINE
8
BLACK
6
CONTINUOUS
10
1.1026848031496064
20
2.3783911023622046
11
1.1028346456692912
21
2.3776377952755907
0
LINE
8
BLACK
6
CONTINUOUS
10
1.1028346456692912
20
2.3776377952755907
11
1.1028346456692912
21
2.3176377952755907
0
LINE
8
BLACK
6
CONTINUOUS
10
1.1028346456692912
20
2.3176377952755907
11
1.1026848031496064
21
2.3168844881889763
0
LINE
8
BLACK
6
CONTINUOUS
10
1.1026848031496064
20
2.3168844881889763
11
1.1022580708661418
21
2.3162458661417324
0
LINE
8
BLACK
6
CONTINUOUS
10
1.1022580708661418
20
2.3162458661417324
11
1.1016194488188975
21
2.3158191338582679
0
LINE
8
BLACK
6
CONTINUOUS
10
1.1016194488188975
20
2.3158191338582679
11
1.1008661417322834
21
2.3156692913385828
0
LINE
8
BLACK
6
CONTINUOUS
10
1.1008661417322834
20
2.3156692913385828
11
1.0408661417322835
21
2.3156692913385828
0
LINE
8
BLACK
6
CONTINUOUS
10
1.0408661417322835
20
2.3156692913385828
11
1.0401128346456692
21
2.3158191338582679
0
LINE
8
BLACK
6
CONTINUOUS
10
1.0401128346456692
20
2.3158191338582679
11
1.0394742125984251
21
2.3162458661417324
0
LINE
8
BLACK
6
CONTINUOUS
10
1.0394742125984251
20
2.3162458661417324
11
1.0390474803149605
21
2.3168844881889763
0
LINE
8
BLACK
6
CONTINUOUS
10
1.0390474803149605
20
2.3168844881889763
11
1.0388976377952757
21
2.3176377952755907
0
LINE
8
BLACK
6
CONTINUOUS
10
1.0388976377952757
20
2.3176377952755907
11
1.0388976377952757
21
2.3776377952755907
0
LINE
8
BLACK
6
CONTINUOUS
10
1.0388976377952757
20
2.3776377952755907
11
1.0390474803149605
21
2.3783911023622046
0
LINE
8
BLACK
6
CONTINUOUS
10
1.0390474803149605
20
2.3783911023622046
11
1.0394742125984251
21
2.3790297244094489
0
LINE
8
BLACK
6
CONTINUOUS
10
1.0394742125984251
20
2.3790297244094489
11
1.0401128346456692
21
2.3794564566929135
0
LINE
8
BLACK
6
CONTINUOUS
10
1.0401128346456692
20
2.3794564566929135
11
1.0408661417322835
21
2.3796062992125986
0
LINE
8
BLACK
6
CONTINUOUS
10
1.0408661417322835
20
2.3796062992125986
11
1.1008661417322834
21
2.3796062992125986
0
LINE
8
BLACK
6
CONTINUOUS
10
1.1008661417322834
20
2.3796062992125986
11
1.1016194488188975
21
2.3794564566929135
0
LINE
8
BLACK
6
CONTINUOUS
10
1.2016194488188976
20
2.3794564566929135
11
1.2022580708661417
21
2.3790297244094489
0
LINE
8
BLACK
6
CONTINUOUS
10
1.2022580708661417
20
2.3790297244094489
11
1.2026848031496062
21
2.3783911023622046
0
LINE
8
BLACK
6
CONTINUOUS
10
1.2026848031496062
20
2.3783911023622046
11
1.2028346456692913
21
2.3776377952755907
0
LINE
8
BLACK
6
CONTINUOUS
10
1.2028346456692913
20
2.3776377952755907
11
1.2028346456692913
21
2.3176377952755907
0
LINE
8
BLACK
6
CONTINUOUS
10
1.2028346456692913
20
2.3176377952755907
11
1.2026848031496062
21
2.3168844881889763
0
LINE
8
BLACK
6
CONTINUOUS
10
1.2026848031496062
20
2.3168844881889763
11
1.2022580708661417
21
2.3162458661417324
0
LINE
8
BLACK
6
CONTINUOUS
10
1.2022580708661417
20
2.3162458661417324
11
1.2016194488188976
21
2.3158191338582679
0
LINE
8
BLACK
6
CONTINUOUS
10
1.2016194488188976
20
2.3158191338582679
11
1.2008661417322835
21
2.3156692913385828
0
LINE
8
BLACK
6
CONTINUOUS
10
1.2008661417322835
20
2.3156692913385828
11
1.1408661417322834
21
2.3156692913385828
0
LINE
8
BLACK
6
CONTINUOUS
10
1.1408661417322834
20
2.3156692913385828
11
1.1401128346456693
21
2.3158191338582679
0
LINE
8
BLACK
6
CONTINUOUS
10
1.1401128346456693
20
2.3158191338582679
11
1.1394742125984252
21
2.3162458661417324
0
LINE
8
BLACK
6
CONTINUOUS
10
1.1394742125984252
20
2.3162458661417324
11
1.1390474803149606
21
2.3168844881889763
0
LINE
8
BLACK
6
CONTINUOUS
10
1.1390474803149606
20
2.3168844881889763
11
1.1388976377952755
21
2.3176377952755907
0
LINE
8
BLACK
6
CONTINUOUS
10
1.1388976377952755
20
2.3176377952755907
11
1.1388976377952755
21
2.3776377952755907
0
LINE
8
BLACK
6
CONTINUOUS
10
1.1388976377952755
20
2.3776377952755907
11
1.1390474803149606
21
2.3783911023622046
0
LINE
8
BLACK
6
CONTINUOUS
10
1.1390474803149606
20
2.3783911023622046
11
1.1394742125984252
21
2.3790297244094489
0
LINE
8
BLACK
6
CONTINUOUS
10
1.1394742125984252
20
2.3790297244094489
11
1.1401128346456693
21
2.3794564566929135
0
LINE
8
BLACK
6
CONTINUOUS
10
1.1401128346456693
20
2.3794564566929135
11
1.1408661417322834
21
2.3796062992125986
0
LINE
8
BLACK
6
CONTINUOUS
10
1.1408661417322834
20
2.3796062992125986
11
1.2008661417322835
21
2.3796062992125986
0
LINE
8
BLACK
6
CONTINUOUS
10
1.2008661417322835
20
2.3796062992125986
11
1.2016194488188976
21
2.3794564566929135
0
LINE
8
BLACK
6
CONTINUOUS
10
1.3504383464566929
20
2.3794564566929135
11
1.351076968503937
21
2.3790297244094489
0
LINE
8
BLACK
6
CONTINUOUS
10
1.351076968503937
20
2.3790297244094489
11
1.3515037007874016
21
2.3783911023622046
0
LINE
8
BLACK
6
CONTINUOUS
10
1.3515037007874016
20
2.3783911023622046
11
1.3516535433070866
21
2.3776377952755907
0
LINE
8
BLACK
6
CONTINUOUS
10
1.3516535433070866
20
2.3776377952755907
11
1.3516535433070866
21
2.3176377952755907
0
LINE
8
BLACK
6
CONTINUOUS
10
1.3516535433070866
20
2.3176377952755907
11
1.3515037007874016
21
2.3168844881889763
0
LINE
8
BLACK
6
CONTINUOUS
10
1.3515037007874016
20
2.3168844881889763
11
1.351076968503937
21
2.3162458661417324
0
LINE
8
BLACK
6
CONTINUOUS
10
1.351076968503937
20
2.3162458661417324
11
1.3504383464566929
21
2.3158191338582679
0
LINE
8
BLACK
6
CONTINUOUS
10
1.3504383464566929
20
2.3158191338582679
11
1.3496850393700788
21
2.3156692913385828
0
LINE
8
BLACK
6
CONTINUOUS
10
1.3496850393700788
20
2.3156692913385828
11
1.2896850393700787
21
2.3156692913385828
0
LINE
8
BLACK
6
CONTINUOUS
10
1.2896850393700787
20
2.3156692913385828
11
1.2889317322834646
21
2.3158191338582679
0
LINE
8
BLACK
6
CONTINUOUS
10
1.2889317322834646
20
2.3158191338582679
11
1.2882931102362205
21
2.3162458661417324
0
LINE
8
BLACK
6
CONTINUOUS
10
1.2882931102362205
20
2.3162458661417324
11
1.2878663779527559
21
2.3168844881889763
0
LINE
8
BLACK
6
CONTINUOUS
10
1.2878663779527559
20
2.3168844881889763
11
1.2877165354330709
21
2.3176377952755907
0
LINE
8
BLACK
6
CONTINUOUS
10
1.2877165354330709
20
2.3176377952755907
11
1.2877165354330709
21
2.3776377952755907
0
LINE
8
BLACK
6
CONTINUOUS
10
1.2877165354330709
20
2.3776377952755907
11
1.2878663779527559
21
2.3783911023622046
0
LINE
8
BLACK
6
CONTINUOUS
10
1.2878663779527559
20
2.3783911023622046
11
1.2882931102362205
21
2.3790297244094489
0
LINE
8
BLACK
6
CONTINUOUS
10
1.2882931102362205
20
2.3790297244094489
11
1.2889317322834646
21
2.3794564566929135
0
LINE
8
BLACK
6
CONTINUOUS
10
1.2889317322834646
20
2.3794564566929135
11
1.2896850393700787
21
2.3796062992125986
0
LINE
8
BLACK
6
CONTINUOUS
10
1.2896850393700787
20
2.3796062992125986
11
1.3496850393700788
21
2.3796062992125986
0
LINE
8
BLACK
6
CONTINUOUS
10
1.3496850393700788
20
2.3796062992125986
11
1.3504383464566929
21
2.3794564566929135
0
LINE
8
BLACK
6
CONTINUOUS
10
1.4504383464566928
20
2.3794564566929135
11
1.4510769685039371
21
2.3790297244094489
0
LINE
8
BLACK
6
CONTINUOUS
10
1.4510769685039371
20
2.3790297244094489
11
1.4515037007874017
21
2.3783911023622046
0
LINE
8
BLACK
6
CONTINUOUS
10
1.4515037007874017
20
2.3783911023622046
11
1.4516535433070865
21
2.3776377952755907
0
LINE
8
BLACK
6
CONTINUOUS
10
1.4516535433070865
20
2.3776377952755907
11
1.4516535433070865
21
2.3176377952755907
0
LINE
8
BLACK
6
CONTINUOUS
10
1.4516535433070865
20
2.3176377952755907
11
1.4515037007874017
21
2.3168844881889763
0
LINE
8
BLACK
6
CONTINUOUS
10
1.4515037007874017
20
2.3168844881889763
11
1.4510769685039371
21
2.3162458661417324
0
LINE
8
BLACK
6
CONTINUOUS
10
1.4510769685039371
20
2.3162458661417324
11
1.4504383464566928
21
2.3158191338582679
0
LINE
8
BLACK
6
CONTINUOUS
10
1.4504383464566928
20
2.3158191338582679
11
1.4496850393700786
21
2.3156692913385828
0
LINE
8
BLACK
6
CONTINUOUS
10
1.4496850393700786
20
2.3156692913385828
11
1.3896850393700788
21
2.3156692913385828
0
LINE
8
BLACK
6
CONTINUOUS
10
1.3896850393700788
20
2.3156692913385828
11
1.3889317322834644
21
2.3158191338582679
0
LINE
8
BLACK
6
CONTINUOUS
10
1.3889317322834644
20
2.3158191338582679
11
1.3882931102362204
21
2.3162458661417324
0
LINE
8
BLACK
6
CONTINUOUS
10
1.3882931102362204
20
2.3162458661417324
11
1.3878663779527558
21
2.3168844881889763
0
LINE
8
BLACK
6
CONTINUOUS
10
1.3878663779527558
20
2.3168844881889763
11
1.3877165354330709
21
2.3176377952755907
0
LINE
8
BLACK
6
CONTINUOUS
10
1.3877165354330709
20
2.3176377952755907
11
1.3877165354330709
21
2.3776377952755907
0
LINE
8
BLACK
6
CONTINUOUS
10
1.3877165354330709
20
2.3776377952755907
11
1.3878663779527558
21
2.3783911023622046
0
LINE
8
BLACK
6
CONTINUOUS
10
1.3878663779527558
20
2.3783911023622046
11
1.3882931102362204
21
2.3790297244094489
0
LINE
8
BLACK
6
CONTINUOUS
10
1.3882931102362204
20
2.3790297244094489
11
1.3889317322834644
21
2.3794564566929135
0
LINE
8
BLACK
6
CONTINUOUS
10
1.3889317322834644
20
2.3794564566929135
11
1.3896850393700788
21
2.3796062992125986
0
LINE
8
BLACK
6
CONTINUOUS
10
1.3896850393700788
20
2.3796062992125986
11
1.4496850393700786
21
2.3796062992125986
0
LINE
8
BLACK
6
CONTINUOUS
10
1.4496850393700786
20
2.3796062992125986
11
1.4504383464566928
21
2.3794564566929135
0
LINE
8
BLACK
6
CONTINUOUS
10
1.5504383464566929
20
2.3794564566929135
11
1.5510769685039369
21
2.3790297244094489
0
LINE
8
BLACK
6
CONTINUOUS
10
1.5510769685039369
20
2.3790297244094489
11
1.5515037007874015
21
2.3783911023622046
0
LINE
8
BLACK
6
CONTINUOUS
10
1.5515037007874015
20
2.3783911023622046
11
1.5516535433070866
21
2.3776377952755907
0
LINE
8
BLACK
6
CONTINUOUS
10
1.5516535433070866
20
2.3776377952755907
11
1.5516535433070866
21
2.3176377952755907
0
LINE
8
BLACK
6
CONTINUOUS
10
1.5516535433070866
20
2.3176377952755907
11
1.5515037007874015
21
2.3168844881889763
0
LINE
8
BLACK
6
CONTINUOUS
10
1.5515037007874015
20
2.3168844881889763
11
1.5510769685039369
21
2.3162458661417324
0
LINE
8
BLACK
6
CONTINUOUS
10
1.5510769685039369
20
2.3162458661417324
11
1.5504383464566929
21
2.3158191338582679
0
LINE
8
BLACK
6
CONTINUOUS
10
1.5504383464566929
20
2.3158191338582679
11
1.5496850393700787
21
2.3156692913385828
0
LINE
8
BLACK
6
CONTINUOUS
10
1.5496850393700787
20
2.3156692913385828
11
1.4896850393700787
21
2.3156692913385828
0
LINE
8
BLACK
6
CONTINUOUS
10
1.4896850393700787
20
2.3156692913385828
11
1.4889317322834645
21
2.3158191338582679
0
LINE
8
BLACK
6
CONTINUOUS
10
1.4889317322834645
20
2.3158191338582679
11
1.4882931102362205
21
2.3162458661417324
0
LINE
8
BLACK
6
CONTINUOUS
10
1.4882931102362205
20
2.3162458661417324
11
1.4878663779527559
21
2.3168844881889763
0
LINE
8
BLACK
6
CONTINUOUS
10
1.4878663779527559
20
2.3168844881889763
11
1.4877165354330708
21
2.3176377952755907
0
LINE
8
BLACK
6
CONTINUOUS
10
1.4877165354330708
20
2.3176377952755907
11
1.4877165354330708
21
2.3776377952755907
0
LINE
8
BLACK
6
CONTINUOUS
10
1.4877165354330708
20
2.3776377952755907
11
1.4878663779527559
21
2.3783911023622046
0
LINE
8
BLACK
6
CONTINUOUS
10
1.4878663779527559
20
2.3783911023622046
11
1.4882931102362205
21
2.3790297244094489
0
LINE
8
BLACK
6
CONTINUOUS
10
1.4882931102362205
20
2.3790297244094489
11
1.4889317322834645
21
2.3794564566929135
0
LINE
8
BLACK
6
CONTINUOUS
10
1.4889317322834645
20
2.3794564566929135
11
1.4896850393700787
21
2.3796062992125986
0
LINE
8
BLACK
6
CONTINUOUS
10
1.4896850393700787
20
2.3796062992125986
11
1.5496850393700787
21
2.3796062992125986
0
LINE
8
BLACK
6
CONTINUOUS
10
1.5496850393700787
20
2.3796062992125986
11
1.5504383464566929
21
2.3794564566929135
0
LINE
8
BLACK
6
CONTINUOUS
10
1.650438346456693
20
2.3794564566929135
11
1.651076968503937
21
2.3790297244094489
0
LINE
8
BLACK
6
CONTINUOUS
10
1.651076968503937
20
2.3790297244094489
11
1.6515037007874016
21
2.3783911023622046
0
LINE
8
BLACK
6
CONTINUOUS
10
1.6515037007874016
20
2.3783911023622046
11
1.6516535433070865
21
2.3776377952755907
0
LINE
8
BLACK
6
CONTINUOUS
10
1.6516535433070865
20
2.3776377952755907
11
1.6516535433070865
21
2.3176377952755907
0
LINE
8
BLACK
6
CONTINUOUS
10
1.6516535433070865
20
2.3176377952755907
11
1.6515037007874016
21
2.3168844881889763
0
LINE
8
BLACK
6
CONTINUOUS
10
1.6515037007874016
20
2.3168844881889763
11
1.651076968503937
21
2.3162458661417324
0
LINE
8
BLACK
6
CONTINUOUS
10
1.651076968503937
20
2.3162458661417324
11
1.650438346456693
21
2.3158191338582679
0
LINE
8
BLACK
6
CONTINUOUS
10
1.650438346456693
20
2.3158191338582679
11
1.6496850393700786
21
2.3156692913385828
0
LINE
8
BLACK
6
CONTINUOUS
10
1.6496850393700786
20
2.3156692913385828
11
1.5896850393700788
21
2.3156692913385828
0
LINE
8
BLACK
6
CONTINUOUS
10
1.5896850393700788
20
2.3156692913385828
11
1.5889317322834646
21
2.3158191338582679
0
LINE
8
BLACK
6
CONTINUOUS
10
1.5889317322834646
20
2.3158191338582679
11
1.5882931102362203
21
2.3162458661417324
0
LINE
8
BLACK
6
CONTINUOUS
10
1.5882931102362203
20
2.3162458661417324
11
1.5878663779527558
21
2.3168844881889763
0
LINE
8
BLACK
6
CONTINUOUS
10
1.5878663779527558
20
2.3168844881889763
11
1.5877165354330709
21
2.3176377952755907
0
LINE
8
BLACK
6
CONTINUOUS
10
1.5877165354330709
20
2.3176377952755907
11
1.5877165354330709
21
2.3776377952755907
0
LINE
8
BLACK
6
CONTINUOUS
10
1.5877165354330709
20
2.3776377952755907
11
1.5878663779527558
21
2.3783911023622046
0
LINE
8
BLACK
6
CONTINUOUS
10
1.5878663779527558
20
2.3783911023622046
11
1.5882931102362203
21
2.3790297244094489
0
LINE
8
BLACK
6
CONTINUOUS
10
1.5882931102362203
20
2.3790297244094489
11
1.5889317322834646
21
2.3794564566929135
0
LINE
8
BLACK
6
CONTINUOUS
10
1.5889317322834646
20
2.3794564566929135
11
1.5896850393700788
21
2.3796062992125986
0
LINE
8
BLACK
6
CONTINUOUS
10
1.5896850393700788
20
2.3796062992125986
11
1.6496850393700786
21
2.3796062992125986
0
LINE
8
BLACK
6
CONTINUOUS
10
1.6496850393700786
20
2.3796062992125986
11
1.650438346456693
21
2.3794564566929135
0
LINE
8
BLACK
6
CONTINUOUS
10
1.7504383464566928
20
2.3794564566929135
11
1.7510769685039369
21
2.3790297244094489
0
LINE
8
BLACK
6
CONTINUOUS
10
1.7510769685039369
20
2.3790297244094489
11
1.7515037007874015
21
2.3783911023622046
0
LINE
8
BLACK
6
CONTINUOUS
10
1.7515037007874015
20
2.3783911023622046
11
1.7516535433070866
21
2.3776377952755907
0
LINE
8
BLACK
6
CONTINUOUS
10
1.7516535433070866
20
2.3776377952755907
11
1.7516535433070866
21
2.3176377952755907
0
LINE
8
BLACK
6
CONTINUOUS
10
1.7516535433070866
20
2.3176377952755907
11
1.7515037007874015
21
2.3168844881889763
0
LINE
8
BLACK
6
CONTINUOUS
10
1.7515037007874015
20
2.3168844881889763
11
1.7510769685039369
21
2.3162458661417324
0
LINE
8
BLACK
6
CONTINUOUS
10
1.7510769685039369
20
2.3162458661417324
11
1.7504383464566928
21
2.3158191338582679
0
LINE
8
BLACK
6
CONTINUOUS
10
1.7504383464566928
20
2.3158191338582679
11
1.7496850393700787
21
2.3156692913385828
0
LINE
8
BLACK
6
CONTINUOUS
10
1.7496850393700787
20
2.3156692913385828
11
1.6896850393700786
21
2.3156692913385828
0
LINE
8
BLACK
6
CONTINUOUS
10
1.6896850393700786
20
2.3156692913385828
11
1.6889317322834645
21
2.3158191338582679
0
LINE
8
BLACK
6
CONTINUOUS
10
1.6889317322834645
20
2.3158191338582679
11
1.6882931102362204
21
2.3162458661417324
0
LINE
8
BLACK
6
CONTINUOUS
10
1.6882931102362204
20
2.3162458661417324
11
1.6878663779527558
21
2.3168844881889763
0
LINE
8
BLACK
6
CONTINUOUS
10
1.6878663779527558
20
2.3168844881889763
11
1.6877165354330708
21
2.3176377952755907
0
LINE
8
BLACK
6
CONTINUOUS
10
1.6877165354330708
20
2.3176377952755907
11
1.6877165354330708
21
2.3776377952755907
0
LINE
8
BLACK
6
CONTINUOUS
10
1.6877165354330708
20
2.3776377952755907
11
1.6878663779527558
21
2.3783911023622046
0
LINE
8
BLACK
6
CONTINUOUS
10
1.6878663779527558
20
2.3783911023622046
11
1.6882931102362204
21
2.3790297244094489
0
LINE
8
BLACK
6
CONTINUOUS
10
1.6882931102362204
20
2.3790297244094489
11
1.6889317322834645
21
2.3794564566929135
0
LINE
8
BLACK
6
CONTINUOUS
10
1.6889317322834645
20
2.3794564566929135
11
1.6896850393700786
21
2.3796062992125986
0
LINE
8
BLACK
6
CONTINUOUS
10
1.6896850393700786
20
2.3796062992125986
11
1.7496850393700787
21
2.3796062992125986
0
LINE
8
BLACK
6
CONTINUOUS
10
1.7496850393700787
20
2.3796062992125986
11
1.7504383464566928
21
2.3794564566929135
0
LINE
8
BLACK
6
CONTINUOUS
10
0.861461968503937
20
2.3822123622047244
11
0.862100590551181
21
2.3817856299212599
0
LINE
8
BLACK
6
CONTINUOUS
10
0.862100590551181
20
2.3817856299212599
11
0.8625273228346456
21
2.3811470078740156
0
LINE
8
BLACK
6
CONTINUOUS
10
0.8625273228346456
20
2.3811470078740156
11
0.8626771653543307
21
2.3803937007874016
0
LINE
8
BLACK
6
CONTINUOUS
10
0.8626771653543307
20
2.3803937007874016
11
0.8626771653543307
21
2.3203937007874016
0
LINE
8
BLACK
6
CONTINUOUS
10
0.8626771653543307
20
2.3203937007874016
11
0.8625273228346456
21
2.3196403937007872
0
LINE
8
BLACK
6
CONTINUOUS
10
0.8625273228346456
20
2.3196403937007872
11
0.862100590551181
21
2.3190017716535434
0
LINE
8
BLACK
6
CONTINUOUS
10
0.862100590551181
20
2.3190017716535434
11
0.861461968503937
21
2.3185750393700788
0
LINE
8
BLACK
6
CONTINUOUS
10
0.861461968503937
20
2.3185750393700788
11
0.8607086614173228
21
2.3184251968503937
0
LINE
8
BLACK
6
CONTINUOUS
10
0.8607086614173228
20
2.3184251968503937
11
0.8007086614173228
21
2.3184251968503937
0
LINE
8
BLACK
6
CONTINUOUS
10
0.8007086614173228
20
2.3184251968503937
11
0.7999553543307086
21
2.3185750393700788
0
LINE
8
BLACK
6
CONTINUOUS
10
0.7999553543307086
20
2.3185750393700788
11
0.7993167322834646
21
2.3190017716535434
0
LINE
8
BLACK
6
CONTINUOUS
10
0.7993167322834646
20
2.3190017716535434
11
0.79889
21
2.3196403937007872
0
LINE
8
BLACK
6
CONTINUOUS
10
0.79889
20
2.3196403937007872
11
0.7987401574803149
21
2.3203937007874016
0
LINE
8
BLACK
6
CONTINUOUS
10
0.7987401574803149
20
2.3203937007874016
11
0.7987401574803149
21
2.3803937007874016
0
LINE
8
BLACK
6
CONTINUOUS
10
0.7987401574803149
20
2.3803937007874016
11
0.79889
21
2.3811470078740156
0
LINE
8
BLACK
6
CONTINUOUS
10
0.79889
20
2.3811470078740156
11
0.7993167322834646
21
2.3817856299212599
0
LINE
8
BLACK
6
CONTINUOUS
10
0.7993167322834646
20
2.3817856299212599
11
0.7999553543307086
21
2.3822123622047244
0
LINE
8
BLACK
6
CONTINUOUS
10
0.7999553543307086
20
2.3822123622047244
11
0.8007086614173228
21
2.3823622047244095
0
LINE
8
BLACK
6
CONTINUOUS
10
0.8007086614173228
20
2.3823622047244095
11
0.8607086614173228
21
2.3823622047244095
0
LINE
8
BLACK
6
CONTINUOUS
10
0.8607086614173228
20
2.3823622047244095
11
0.861461968503937
21
2.3822123622047244
0
LINE
8
BLACK
6
CONTINUOUS
10
0.261461968503937
20
2.4794564566929131
11
0.2621005905511811
21
2.4790297244094486
0
LINE
8
BLACK
6
CONTINUOUS
10
0.2621005905511811
20
2.4790297244094486
11
0.2625273228346456
21
2.4783911023622047
0
LINE
8
BLACK
6
CONTINUOUS
10
0.2625273228346456
20
2.4783911023622047
11
0.2626771653543307
21
2.4776377952755904
0
LINE
8
BLACK
6
CONTINUOUS
10
0.2626771653543307
20
2.4776377952755904
11
0.2626771653543307
21
2.4176377952755903
0
LINE
8
BLACK
6
CONTINUOUS
10
0.2626771653543307
20
2.4176377952755903
11
0.2625273228346456
21
2.4168844881889764
0
LINE
8
BLACK
6
CONTINUOUS
10
0.2625273228346456
20
2.4168844881889764
11
0.2621005905511811
21
2.4162458661417321
0
LINE
8
BLACK
6
CONTINUOUS
10
0.2621005905511811
20
2.4162458661417321
11
0.261461968503937
21
2.4158191338582675
0
LINE
8
BLACK
6
CONTINUOUS
10
0.261461968503937
20
2.4158191338582675
11
0.2607086614173229
21
2.4156692913385824
0
LINE
8
BLACK
6
CONTINUOUS
10
0.2607086614173229
20
2.4156692913385824
11
0.2007086614173228
21
2.4156692913385824
0
LINE
8
BLACK
6
CONTINUOUS
10
0.2007086614173228
20
2.4156692913385824
11
0.1999553543307087
21
2.4158191338582675
0
LINE
8
BLACK
6
CONTINUOUS
10
0.1999553543307087
20
2.4158191338582675
11
0.1993167322834646
21
2.4162458661417321
0
LINE
8
BLACK
6
CONTINUOUS
10
0.1993167322834646
20
2.4162458661417321
11
0.19889
21
2.4168844881889764
0
LINE
8
BLACK
6
CONTINUOUS
10
0.19889
20
2.4168844881889764
11
0.198740157480315
21
2.4176377952755903
0
LINE
8
BLACK
6
CONTINUOUS
10
0.198740157480315
20
2.4176377952755903
11
0.198740157480315
21
2.4776377952755904
0
LINE
8
BLACK
6
CONTINUOUS
10
0.198740157480315
20
2.4776377952755904
11
0.19889
21
2.4783911023622047
0
LINE
8
BLACK
6
CONTINUOUS
10
0.19889
20
2.4783911023622047
11
0.1993167322834646
21
2.4790297244094486
0
LINE
8
BLACK
6
CONTINUOUS
10
0.1993167322834646
20
2.4790297244094486
11
0.1999553543307087
21
2.4794564566929131
0
LINE
8
BLACK
6
CONTINUOUS
10
0.1999553543307087
20
2.4794564566929131
11
0.2007086614173228
21
2.4796062992125982
0
LINE
8
BLACK
6
CONTINUOUS
10
0.2007086614173228
20
2.4796062992125982
11
0.2607086614173229
21
2.4796062992125982
0
LINE
8
BLACK
6
CONTINUOUS
10
0.2607086614173229
20
2.4796062992125982
11
0.261461968503937
21
2.4794564566929131
0
LINE
8
BLACK
6
CONTINUOUS
10
0.361461968503937
20
2.4794564566929131
11
0.3621005905511811
21
2.4790297244094486
0
LINE
8
BLACK
6
CONTINUOUS
10
0.3621005905511811
20
2.4790297244094486
11
0.3625273228346457
21
2.4783911023622047
0
LINE
8
BLACK
6
CONTINUOUS
10
0.3625273228346457
20
2.4783911023622047
11
0.3626771653543307
21
2.4776377952755904
0
LINE
8
BLACK
6
CONTINUOUS
10
0.3626771653543307
20
2.4776377952755904
11
0.3626771653543307
21
2.4176377952755903
0
LINE
8
BLACK
6
CONTINUOUS
10
0.3626771653543307
20
2.4176377952755903
11
0.3625273228346457
21
2.4168844881889764
0
LINE
8
BLACK
6
CONTINUOUS
10
0.3625273228346457
20
2.4168844881889764
11
0.3621005905511811
21
2.4162458661417321
0
LINE
8
BLACK
6
CONTINUOUS
10
0.3621005905511811
20
2.4162458661417321
11
0.361461968503937
21
2.4158191338582675
0
LINE
8
BLACK
6
CONTINUOUS
10
0.361461968503937
20
2.4158191338582675
11
0.3607086614173228
21
2.4156692913385824
0
LINE
8
BLACK
6
CONTINUOUS
10
0.3607086614173228
20
2.4156692913385824
11
0.3007086614173228
21
2.4156692913385824
0
LINE
8
BLACK
6
CONTINUOUS
10
0.3007086614173228
20
2.4156692913385824
11
0.2999553543307086
21
2.4158191338582675
0
LINE
8
BLACK
6
CONTINUOUS
10
0.2999553543307086
20
2.4158191338582675
11
0.2993167322834646
21
2.4162458661417321
0
LINE
8
BLACK
6
CONTINUOUS
10
0.2993167322834646
20
2.4162458661417321
11
0.29889
21
2.4168844881889764
0
LINE
8
BLACK
6
CONTINUOUS
10
0.29889
20
2.4168844881889764
11
0.298740157480315
21
2.4176377952755903
0
LINE
8
BLACK
6
CONTINUOUS
10
0.298740157480315
20
2.4176377952755903
11
0.298740157480315
21
2.4776377952755904
0
LINE
8
BLACK
6
CONTINUOUS
10
0.298740157480315
20
2.4776377952755904
11
0.29889
21
2.4783911023622047
0
LINE
8
BLACK
6
CONTINUOUS
10
0.29889
20
2.4783911023622047
11
0.2993167322834646
21
2.4790297244094486
0
LINE
8
BLACK
6
CONTINUOUS
10
0.2993167322834646
20
2.4790297244094486
11
0.2999553543307086
21
2.4794564566929131
0
LINE
8
BLACK
6
CONTINUOUS
10
0.2999553543307086
20
2.4794564566929131
11
0.3007086614173228
21
2.4796062992125982
0
LINE
8
BLACK
6
CONTINUOUS
10
0.3007086614173228
20
2.4796062992125982
11
0.3607086614173228
21
2.4796062992125982
0
LINE
8
BLACK
6
CONTINUOUS
10
0.3607086614173228
20
2.4796062992125982
11
0.361461968503937
21
2.4794564566929131
0
LINE
8
BLACK
6
CONTINUOUS
10
0.461461968503937
20
2.4794564566929131
11
0.4621005905511811
21
2.4790297244094486
0
LINE
8
BLACK
6
CONTINUOUS
10
0.4621005905511811
20
2.4790297244094486
11
0.4625273228346456
21
2.4783911023622047
0
LINE
8
BLACK
6
CONTINUOUS
10
0.4625273228346456
20
2.4783911023622047
11
0.4626771653543307
21
2.4776377952755904
0
LINE
8
BLACK
6
CONTINUOUS
10
0.4626771653543307
20
2.4776377952755904
11
0.4626771653543307
21
2.4176377952755903
0
LINE
8
BLACK
6
CONTINUOUS
10
0.4626771653543307
20
2.4176377952755903
11
0.4625273228346456
21
2.4168844881889764
0
LINE
8
BLACK
6
CONTINUOUS
10
0.4625273228346456
20
2.4168844881889764
11
0.4621005905511811
21
2.4162458661417321
0
LINE
8
BLACK
6
CONTINUOUS
10
0.4621005905511811
20
2.4162458661417321
11
0.461461968503937
21
2.4158191338582675
0
LINE
8
BLACK
6
CONTINUOUS
10
0.461461968503937
20
2.4158191338582675
11
0.4607086614173228
21
2.4156692913385824
0
LINE
8
BLACK
6
CONTINUOUS
10
0.4607086614173228
20
2.4156692913385824
11
0.4007086614173228
21
2.4156692913385824
0
LINE
8
BLACK
6
CONTINUOUS
10
0.4007086614173228
20
2.4156692913385824
11
0.3999553543307087
21
2.4158191338582675
0
LINE
8
BLACK
6
CONTINUOUS
10
0.3999553543307087
20
2.4158191338582675
11
0.3993167322834645
21
2.4162458661417321
0
LINE
8
BLACK
6
CONTINUOUS
10
0.3993167322834645
20
2.4162458661417321
11
0.39889
21
2.4168844881889764
0
LINE
8
BLACK
6
CONTINUOUS
10
0.39889
20
2.4168844881889764
11
0.3987401574803149
21
2.4176377952755903
0
LINE
8
BLACK
6
CONTINUOUS
10
0.3987401574803149
20
2.4176377952755903
11
0.3987401574803149
21
2.4776377952755904
0
LINE
8
BLACK
6
CONTINUOUS
10
0.3987401574803149
20
2.4776377952755904
11
0.39889
21
2.4783911023622047
0
LINE
8
BLACK
6
CONTINUOUS
10
0.39889
20
2.4783911023622047
11
0.3993167322834645
21
2.4790297244094486
0
LINE
8
BLACK
6
CONTINUOUS
10
0.3993167322834645
20
2.4790297244094486
11
0.3999553543307087
21
2.4794564566929131
0
LINE
8
BLACK
6
CONTINUOUS
10
0.3999553543307087
20
2.4794564566929131
11
0.4007086614173228
21
2.4796062992125982
0
LINE
8
BLACK
6
CONTINUOUS
10
0.4007086614173228
20
2.4796062992125982
11
0.4607086614173228
21
2.4796062992125982
0
LINE
8
BLACK
6
CONTINUOUS
10
0.4607086614173228
20
2.4796062992125982
11
0.461461968503937
21
2.4794564566929131
0
LINE
8
BLACK
6
CONTINUOUS
10
0.6008320472440944
20
2.4794564566929131
11
0.6014706692913385
21
2.4790297244094486
0
LINE
8
BLACK
6
CONTINUOUS
10
0.6014706692913385
20
2.4790297244094486
11
0.6018974015748031
21
2.4783911023622047
0
LINE
8
BLACK
6
CONTINUOUS
10
0.6018974015748031
20
2.4783911023622047
11
0.6020472440944882
21
2.4776377952755904
0
LINE
8
BLACK
6
CONTINUOUS
10
0.6020472440944882
20
2.4776377952755904
11
0.6020472440944882
21
2.4176377952755903
0
LINE
8
BLACK
6
CONTINUOUS
10
0.6020472440944882
20
2.4176377952755903
11
0.6018974015748031
21
2.4168844881889764
0
LINE
8
BLACK
6
CONTINUOUS
10
0.6018974015748031
20
2.4168844881889764
11
0.6014706692913385
21
2.4162458661417321
0
LINE
8
BLACK
6
CONTINUOUS
10
0.6014706692913385
20
2.4162458661417321
11
0.6008320472440944
21
2.4158191338582675
0
LINE
8
BLACK
6
CONTINUOUS
10
0.6008320472440944
20
2.4158191338582675
11
0.6000787401574803
21
2.4156692913385824
0
LINE
8
BLACK
6
CONTINUOUS
10
0.6000787401574803
20
2.4156692913385824
11
0.5400787401574803
21
2.4156692913385824
0
LINE
8
BLACK
6
CONTINUOUS
10
0.5400787401574803
20
2.4156692913385824
11
0.5393254330708661
21
2.4158191338582675
0
LINE
8
BLACK
6
CONTINUOUS
10
0.5393254330708661
20
2.4158191338582675
11
0.538686811023622
21
2.4162458661417321
0
LINE
8
BLACK
6
CONTINUOUS
10
0.538686811023622
20
2.4162458661417321
11
0.5382600787401575
21
2.4168844881889764
0
LINE
8
BLACK
6
CONTINUOUS
10
0.5382600787401575
20
2.4168844881889764
11
0.5381102362204724
21
2.4176377952755903
0
LINE
8
BLACK
6
CONTINUOUS
10
0.5381102362204724
20
2.4176377952755903
11
0.5381102362204724
21
2.4776377952755904
0
LINE
8
BLACK
6
CONTINUOUS
10
0.5381102362204724
20
2.4776377952755904
11
0.5382600787401575
21
2.4783911023622047
0
LINE
8
BLACK
6
CONTINUOUS
10
0.5382600787401575
20
2.4783911023622047
11
0.538686811023622
21
2.4790297244094486
0
LINE
8
BLACK
6
CONTINUOUS
10
0.538686811023622
20
2.4790297244094486
11
0.5393254330708661
21
2.4794564566929131
0
LINE
8
BLACK
6
CONTINUOUS
10
0.5393254330708661
20
2.4794564566929131
11
0.5400787401574803
21
2.4796062992125982
0
LINE
8
BLACK
6
CONTINUOUS
10
0.5400787401574803
20
2.4796062992125982
11
0.6000787401574803
21
2.4796062992125982
0
LINE
8
BLACK
6
CONTINUOUS
10
0.6000787401574803
20
2.4796062992125982
11
0.6008320472440944
21
2.4794564566929131
0
LINE
8
BLACK
6
CONTINUOUS
10
0.7008320472440944
20
2.4794564566929131
11
0.7014706692913386
21
2.4790297244094486
0
LINE
8
BLACK
6
CONTINUOUS
10
0.7014706692913386
20
2.4790297244094486
11
0.7018974015748032
21
2.4783911023622047
0
LINE
8
BLACK
6
CONTINUOUS
10
0.7018974015748032
20
2.4783911023622047
11
0.7020472440944882
21
2.4776377952755904
0
LINE
8
BLACK
6
CONTINUOUS
10
0.7020472440944882
20
2.4776377952755904
11
0.7020472440944882
21
2.4176377952755903
0
LINE
8
BLACK
6
CONTINUOUS
10
0.7020472440944882
20
2.4176377952755903
11
0.7018974015748032
21
2.4168844881889764
0
LINE
8
BLACK
6
CONTINUOUS
10
0.7018974015748032
20
2.4168844881889764
11
0.7014706692913386
21
2.4162458661417321
0
LINE
8
BLACK
6
CONTINUOUS
10
0.7014706692913386
20
2.4162458661417321
11
0.7008320472440944
21
2.4158191338582675
0
LINE
8
BLACK
6
CONTINUOUS
10
0.7008320472440944
20
2.4158191338582675
11
0.7000787401574803
21
2.4156692913385824
0
LINE
8
BLACK
6
CONTINUOUS
10
0.7000787401574803
20
2.4156692913385824
11
0.6400787401574803
21
2.4156692913385824
0
LINE
8
BLACK
6
CONTINUOUS
10
0.6400787401574803
20
2.4156692913385824
11
0.6393254330708661
21
2.4158191338582675
0
LINE
8
BLACK
6
CONTINUOUS
10
0.6393254330708661
20
2.4158191338582675
11
0.638686811023622
21
2.4162458661417321
0
LINE
8
BLACK
6
CONTINUOUS
10
0.638686811023622
20
2.4162458661417321
11
0.6382600787401574
21
2.4168844881889764
0
LINE
8
BLACK
6
CONTINUOUS
10
0.6382600787401574
20
2.4168844881889764
11
0.6381102362204725
21
2.4176377952755903
0
LINE
8
BLACK
6
CONTINUOUS
10
0.6381102362204725
20
2.4176377952755903
11
0.6381102362204725
21
2.4776377952755904
0
LINE
8
BLACK
6
CONTINUOUS
10
0.6381102362204725
20
2.4776377952755904
11
0.6382600787401574
21
2.4783911023622047
0
LINE
8
BLACK
6
CONTINUOUS
10
0.6382600787401574
20
2.4783911023622047
11
0.638686811023622
21
2.4790297244094486
0
LINE
8
BLACK
6
CONTINUOUS
10
0.638686811023622
20
2.4790297244094486
11
0.6393254330708661
21
2.4794564566929131
0
LINE
8
BLACK
6
CONTINUOUS
10
0.6393254330708661
20
2.4794564566929131
11
0.6400787401574803
21
2.4796062992125982
0
LINE
8
BLACK
6
CONTINUOUS
10
0.6400787401574803
20
2.4796062992125982
11
0.7000787401574803
21
2.4796062992125982
0
LINE
8
BLACK
6
CONTINUOUS
10
0.7000787401574803
20
2.4796062992125982
11
0.7008320472440944
21
2.4794564566929131
0
LINE
8
BLACK
6
CONTINUOUS
10
1.0016194488188976
20
2.4794564566929131
11
1.0022580708661417
21
2.4790297244094486
0
LINE
8
BLACK
6
CONTINUOUS
10
1.0022580708661417
20
2.4790297244094486
11
1.0026848031496063
21
2.4783911023622047
0
LINE
8
BLACK
6
CONTINUOUS
10
1.0026848031496063
20
2.4783911023622047
11
1.0028346456692914
21
2.4776377952755904
0
LINE
8
BLACK
6
CONTINUOUS
10
1.0028346456692914
20
2.4776377952755904
11
1.0028346456692914
21
2.4176377952755903
0
LINE
8
BLACK
6
CONTINUOUS
10
1.0028346456692914
20
2.4176377952755903
11
1.0026848031496063
21
2.4168844881889764
0
LINE
8
BLACK
6
CONTINUOUS
10
1.0026848031496063
20
2.4168844881889764
11
1.0022580708661417
21
2.4162458661417321
0
LINE
8
BLACK
6
CONTINUOUS
10
1.0022580708661417
20
2.4162458661417321
11
1.0016194488188976
21
2.4158191338582675
0
LINE
8
BLACK
6
CONTINUOUS
10
1.0016194488188976
20
2.4158191338582675
11
1.0008661417322835
21
2.4156692913385824
0
LINE
8
BLACK
6
CONTINUOUS
10
1.0008661417322835
20
2.4156692913385824
11
0.9408661417322834
21
2.4156692913385824
0
LINE
8
BLACK
6
CONTINUOUS
10
0.9408661417322834
20
2.4156692913385824
11
0.9401128346456693
21
2.4158191338582675
0
LINE
8
BLACK
6
CONTINUOUS
10
0.9401128346456693
20
2.4158191338582675
11
0.9394742125984252
21
2.4162458661417321
0
LINE
8
BLACK
6
CONTINUOUS
10
0.9394742125984252
20
2.4162458661417321
11
0.9390474803149607
21
2.4168844881889764
0
LINE
8
BLACK
6
CONTINUOUS
10
0.9390474803149607
20
2.4168844881889764
11
0.9388976377952756
21
2.4176377952755903
0
LINE
8
BLACK
6
CONTINUOUS
10
0.9388976377952756
20
2.4176377952755903
11
0.9388976377952756
21
2.4776377952755904
0
LINE
8
BLACK
6
CONTINUOUS
10
0.9388976377952756
20
2.4776377952755904
11
0.9390474803149607
21
2.4783911023622047
0
LINE
8
BLACK
6
CONTINUOUS
10
0.9390474803149607
20
2.4783911023622047
11
0.9394742125984252
21
2.4790297244094486
0
LINE
8
BLACK
6
CONTINUOUS
10
0.9394742125984252
20
2.4790297244094486
11
0.9401128346456693
21
2.4794564566929131
0
LINE
8
BLACK
6
CONTINUOUS
10
0.9401128346456693
20
2.4794564566929131
11
0.9408661417322834
21
2.4796062992125982
0
LINE
8
BLACK
6
CONTINUOUS
10
0.9408661417322834
20
2.4796062992125982
11
1.0008661417322835
21
2.4796062992125982
0
LINE
8
BLACK
6
CONTINUOUS
10
1.0008661417322835
20
2.4796062992125982
11
1.0016194488188976
21
2.4794564566929131
0
LINE
8
BLACK
6
CONTINUOUS
10
1.1016194488188975
20
2.4794564566929131
11
1.1022580708661418
21
2.4790297244094486
0
LINE
8
BLACK
6
CONTINUOUS
10
1.1022580708661418
20
2.4790297244094486
11
1.1026848031496064
21
2.4783911023622047
0
LINE
8
BLACK
6
CONTINUOUS
10
1.1026848031496064
20
2.4783911023622047
11
1.1028346456692912
21
2.4776377952755904
0
LINE
8
BLACK
6
CONTINUOUS
10
1.1028346456692912
20
2.4776377952755904
11
1.1028346456692912
21
2.4176377952755903
0
LINE
8
BLACK
6
CONTINUOUS
10
1.1028346456692912
20
2.4176377952755903
11
1.1026848031496064
21
2.4168844881889764
0
LINE
8
BLACK
6
CONTINUOUS
10
1.1026848031496064
20
2.4168844881889764
11
1.1022580708661418
21
2.4162458661417321
0
LINE
8
BLACK
6
CONTINUOUS
10
1.1022580708661418
20
2.4162458661417321
11
1.1016194488188975
21
2.4158191338582675
0
LINE
8
BLACK
6
CONTINUOUS
10
1.1016194488188975
20
2.4158191338582675
11
1.1008661417322834
21
2.4156692913385824
0
LINE
8
BLACK
6
CONTINUOUS
10
1.1008661417322834
20
2.4156692913385824
11
1.0408661417322835
21
2.4156692913385824
0
LINE
8
BLACK
6
CONTINUOUS
10
1.0408661417322835
20
2.4156692913385824
11
1.0401128346456692
21
2.4158191338582675
0
LINE
8
BLACK
6
CONTINUOUS
10
1.0401128346456692
20
2.4158191338582675
11
1.0394742125984251
21
2.4162458661417321
0
LINE
8
BLACK
6
CONTINUOUS
10
1.0394742125984251
20
2.4162458661417321
11
1.0390474803149605
21
2.4168844881889764
0
LINE
8
BLACK
6
CONTINUOUS
10
1.0390474803149605
20
2.4168844881889764
11
1.0388976377952757
21
2.4176377952755903
0
LINE
8
BLACK
6
CONTINUOUS
10
1.0388976377952757
20
2.4176377952755903
11
1.0388976377952757
21
2.4776377952755904
0
LINE
8
BLACK
6
CONTINUOUS
10
1.0388976377952757
20
2.4776377952755904
11
1.0390474803149605
21
2.4783911023622047
0
LINE
8
BLACK
6
CONTINUOUS
10
1.0390474803149605
20
2.4783911023622047
11
1.0394742125984251
21
2.4790297244094486
0
LINE
8
BLACK
6
CONTINUOUS
10
1.0394742125984251
20
2.4790297244094486
11
1.0401128346456692
21
2.4794564566929131
0
LINE
8
BLACK
6
CONTINUOUS
10
1.0401128346456692
20
2.4794564566929131
11
1.0408661417322835
21
2.4796062992125982
0
LINE
8
BLACK
6
CONTINUOUS
10
1.0408661417322835
20
2.4796062992125982
11
1.1008661417322834
21
2.4796062992125982
0
LINE
8
BLACK
6
CONTINUOUS
10
1.1008661417322834
20
2.4796062992125982
11
1.1016194488188975
21
2.4794564566929131
0
LINE
8
BLACK
6
CONTINUOUS
10
1.2016194488188976
20
2.4794564566929131
11
1.2022580708661417
21
2.4790297244094486
0
LINE
8
BLACK
6
CONTINUOUS
10
1.2022580708661417
20
2.4790297244094486
11
1.2026848031496062
21
2.4783911023622047
0
LINE
8
BLACK
6
CONTINUOUS
10
1.2026848031496062
20
2.4783911023622047
11
1.2028346456692913
21
2.4776377952755904
0
LINE
8
BLACK
6
CONTINUOUS
10
1.2028346456692913
20
2.4776377952755904
11
1.2028346456692913
21
2.4176377952755903
0
LINE
8
BLACK
6
CONTINUOUS
10
1.2028346456692913
20
2.4176377952755903
11
1.2026848031496062
21
2.4168844881889764
0
LINE
8
BLACK
6
CONTINUOUS
10
1.2026848031496062
20
2.4168844881889764
11
1.2022580708661417
21
2.4162458661417321
0
LINE
8
BLACK
6
CONTINUOUS
10
1.2022580708661417
20
2.4162458661417321
11
1.2016194488188976
21
2.4158191338582675
0
LINE
8
BLACK
6
CONTINUOUS
10
1.2016194488188976
20
2.4158191338582675
11
1.2008661417322835
21
2.4156692913385824
0
LINE
8
BLACK
6
CONTINUOUS
10
1.2008661417322835
20
2.4156692913385824
11
1.1408661417322834
21
2.4156692913385824
0
LINE
8
BLACK
6
CONTINUOUS
10
1.1408661417322834
20
2.4156692913385824
11
1.1401128346456693
21
2.4158191338582675
0
LINE
8
BLACK
6
CONTINUOUS
10
1.1401128346456693
20
2.4158191338582675
11
1.1394742125984252
21
2.4162458661417321
0
LINE
8
BLACK
6
CONTINUOUS
10
1.1394742125984252
20
2.4162458661417321
11
1.1390474803149606
21
2.4168844881889764
0
LINE
8
BLACK
6
CONTINUOUS
10
1.1390474803149606
20
2.4168844881889764
11
1.1388976377952755
21
2.4176377952755903
0
LINE
8
BLACK
6
CONTINUOUS
10
1.1388976377952755
20
2.4176377952755903
11
1.1388976377952755
21
2.4776377952755904
0
LINE
8
BLACK
6
CONTINUOUS
10
1.1388976377952755
20
2.4776377952755904
11
1.1390474803149606
21
2.4783911023622047
0
LINE
8
BLACK
6
CONTINUOUS
10
1.1390474803149606
20
2.4783911023622047
11
1.1394742125984252
21
2.4790297244094486
0
LINE
8
BLACK
6
CONTINUOUS
10
1.1394742125984252
20
2.4790297244094486
11
1.1401128346456693
21
2.4794564566929131
0
LINE
8
BLACK
6
CONTINUOUS
10
1.1401128346456693
20
2.4794564566929131
11
1.1408661417322834
21
2.4796062992125982
0
LINE
8
BLACK
6
CONTINUOUS
10
1.1408661417322834
20
2.4796062992125982
11
1.2008661417322835
21
2.4796062992125982
0
LINE
8
BLACK
6
CONTINUOUS
10
1.2008661417322835
20
2.4796062992125982
11
1.2016194488188976
21
2.4794564566929131
0
LINE
8
BLACK
6
CONTINUOUS
10
1.3504383464566929
20
2.4794564566929131
11
1.351076968503937
21
2.4790297244094486
0
LINE
8
BLACK
6
CONTINUOUS
10
1.351076968503937
20
2.4790297244094486
11
1.3515037007874016
21
2.4783911023622047
0
LINE
8
BLACK
6
CONTINUOUS
10
1.3515037007874016
20
2.4783911023622047
11
1.3516535433070866
21
2.4776377952755904
0
LINE
8
BLACK
6
CONTINUOUS
10
1.3516535433070866
20
2.4776377952755904
11
1.3516535433070866
21
2.4176377952755903
0
LINE
8
BLACK
6
CONTINUOUS
10
1.3516535433070866
20
2.4176377952755903
11
1.3515037007874016
21
2.4168844881889764
0
LINE
8
BLACK
6
CONTINUOUS
10
1.3515037007874016
20
2.4168844881889764
11
1.351076968503937
21
2.4162458661417321
0
LINE
8
BLACK
6
CONTINUOUS
10
1.351076968503937
20
2.4162458661417321
11
1.3504383464566929
21
2.4158191338582675
0
LINE
8
BLACK
6
CONTINUOUS
10
1.3504383464566929
20
2.4158191338582675
11
1.3496850393700788
21
2.4156692913385824
0
LINE
8
BLACK
6
CONTINUOUS
10
1.3496850393700788
20
2.4156692913385824
11
1.2896850393700787
21
2.4156692913385824
0
LINE
8
BLACK
6
CONTINUOUS
10
1.2896850393700787
20
2.4156692913385824
11
1.2889317322834646
21
2.4158191338582675
0
LINE
8
BLACK
6
CONTINUOUS
10
1.2889317322834646
20
2.4158191338582675
11
1.2882931102362205
21
2.4162458661417321
0
LINE
8
BLACK
6
CONTINUOUS
10
1.2882931102362205
20
2.4162458661417321
11
1.2878663779527559
21
2.4168844881889764
0
LINE
8
BLACK
6
CONTINUOUS
10
1.2878663779527559
20
2.4168844881889764
11
1.2877165354330709
21
2.4176377952755903
0
LINE
8
BLACK
6
CONTINUOUS
10
1.2877165354330709
20
2.4176377952755903
11
1.2877165354330709
21
2.4776377952755904
0
LINE
8
BLACK
6
CONTINUOUS
10
1.2877165354330709
20
2.4776377952755904
11
1.2878663779527559
21
2.4783911023622047
0
LINE
8
BLACK
6
CONTINUOUS
10
1.2878663779527559
20
2.4783911023622047
11
1.2882931102362205
21
2.4790297244094486
0
LINE
8
BLACK
6
CONTINUOUS
10
1.2882931102362205
20
2.4790297244094486
11
1.2889317322834646
21
2.4794564566929131
0
LINE
8
BLACK
6
CONTINUOUS
10
1.2889317322834646
20
2.4794564566929131
11
1.2896850393700787
21
2.4796062992125982
0
LINE
8
BLACK
6
CONTINUOUS
10
1.2896850393700787
20
2.4796062992125982
11
1.3496850393700788
21
2.4796062992125982
0
LINE
8
BLACK
6
CONTINUOUS
10
1.3496850393700788
20
2.4796062992125982
11
1.3504383464566929
21
2.4794564566929131
0
LINE
8
BLACK
6
CONTINUOUS
10
1.4504383464566928
20
2.4794564566929131
11
1.4510769685039371
21
2.4790297244094486
0
LINE
8
BLACK
6
CONTINUOUS
10
1.4510769685039371
20
2.4790297244094486
11
1.4515037007874017
21
2.4783911023622047
0
LINE
8
BLACK
6
CONTINUOUS
10
1.4515037007874017
20
2.4783911023622047
11
1.4516535433070865
21
2.4776377952755904
0
LINE
8
BLACK
6
CONTINUOUS
10
1.4516535433070865
20
2.4776377952755904
11
1.4516535433070865
21
2.4176377952755903
0
LINE
8
BLACK
6
CONTINUOUS
10
1.4516535433070865
20
2.4176377952755903
11
1.4515037007874017
21
2.4168844881889764
0
LINE
8
BLACK
6
CONTINUOUS
10
1.4515037007874017
20
2.4168844881889764
11
1.4510769685039371
21
2.4162458661417321
0
LINE
8
BLACK
6
CONTINUOUS
10
1.4510769685039371
20
2.4162458661417321
11
1.4504383464566928
21
2.4158191338582675
0
LINE
8
BLACK
6
CONTINUOUS
10
1.4504383464566928
20
2.4158191338582675
11
1.4496850393700786
21
2.4156692913385824
0
LINE
8
BLACK
6
CONTINUOUS
10
1.4496850393700786
20
2.4156692913385824
11
1.3896850393700788
21
2.4156692913385824
0
LINE
8
BLACK
6
CONTINUOUS
10
1.3896850393700788
20
2.4156692913385824
11
1.3889317322834644
21
2.4158191338582675
0
LINE
8
BLACK
6
CONTINUOUS
10
1.3889317322834644
20
2.4158191338582675
11
1.3882931102362204
21
2.4162458661417321
0
LINE
8
BLACK
6
CONTINUOUS
10
1.3882931102362204
20
2.4162458661417321
11
1.3878663779527558
21
2.4168844881889764
0
LINE
8
BLACK
6
CONTINUOUS
10
1.3878663779527558
20
2.4168844881889764
11
1.3877165354330709
21
2.4176377952755903
0
LINE
8
BLACK
6
CONTINUOUS
10
1.3877165354330709
20
2.4176377952755903
11
1.3877165354330709
21
2.4776377952755904
0
LINE
8
BLACK
6
CONTINUOUS
10
1.3877165354330709
20
2.4776377952755904
11
1.3878663779527558
21
2.4783911023622047
0
LINE
8
BLACK
6
CONTINUOUS
10
1.3878663779527558
20
2.4783911023622047
11
1.3882931102362204
21
2.4790297244094486
0
LINE
8
BLACK
6
CONTINUOUS
10
1.3882931102362204
20
2.4790297244094486
11
1.3889317322834644
21
2.4794564566929131
0
LINE
8
BLACK
6
CONTINUOUS
10
1.3889317322834644
20
2.4794564566929131
11
1.3896850393700788
21
2.4796062992125982
0
LINE
8
BLACK
6
CONTINUOUS
10
1.3896850393700788
20
2.4796062992125982
11
1.4496850393700786
21
2.4796062992125982
0
LINE
8
BLACK
6
CONTINUOUS
10
1.4496850393700786
20
2.4796062992125982
11
1.4504383464566928
21
2.4794564566929131
0
LINE
8
BLACK
6
CONTINUOUS
10
1.5504383464566929
20
2.4794564566929131
11
1.5510769685039369
21
2.4790297244094486
0
LINE
8
BLACK
6
CONTINUOUS
10
1.5510769685039369
20
2.4790297244094486
11
1.5515037007874015
21
2.4783911023622047
0
LINE
8
BLACK
6
CONTINUOUS
10
1.5515037007874015
20
2.4783911023622047
11
1.5516535433070866
21
2.4776377952755904
0
LINE
8
BLACK
6
CONTINUOUS
10
1.5516535433070866
20
2.4776377952755904
11
1.5516535433070866
21
2.4176377952755903
0
LINE
8
BLACK
6
CONTINUOUS
10
1.5516535433070866
20
2.4176377952755903
11
1.5515037007874015
21
2.4168844881889764
0
LINE
8
BLACK
6
CONTINUOUS
10
1.5515037007874015
20
2.4168844881889764
11
1.5510769685039369
21
2.4162458661417321
0
LINE
8
BLACK
6
CONTINUOUS
10
1.5510769685039369
20
2.4162458661417321
11
1.5504383464566929
21
2.4158191338582675
0
LINE
8
BLACK
6
CONTINUOUS
10
1.5504383464566929
20
2.4158191338582675
11
1.5496850393700787
21
2.4156692913385824
0
LINE
8
BLACK
6
CONTINUOUS
10
1.5496850393700787
20
2.4156692913385824
11
1.4896850393700787
21
2.4156692913385824
0
LINE
8
BLACK
6
CONTINUOUS
10
1.4896850393700787
20
2.4156692913385824
11
1.4889317322834645
21
2.4158191338582675
0
LINE
8
BLACK
6
CONTINUOUS
10
1.4889317322834645
20
2.4158191338582675
11
1.4882931102362205
21
2.4162458661417321
0
LINE
8
BLACK
6
CONTINUOUS
10
1.4882931102362205
20
2.4162458661417321
11
1.4878663779527559
21
2.4168844881889764
0
LINE
8
BLACK
6
CONTINUOUS
10
1.4878663779527559
20
2.4168844881889764
11
1.4877165354330708
21
2.4176377952755903
0
LINE
8
BLACK
6
CONTINUOUS
10
1.4877165354330708
20
2.4176377952755903
11
1.4877165354330708
21
2.4776377952755904
0
LINE
8
BLACK
6
CONTINUOUS
10
1.4877165354330708
20
2.4776377952755904
11
1.4878663779527559
21
2.4783911023622047
0
LINE
8
BLACK
6
CONTINUOUS
10
1.4878663779527559
20
2.4783911023622047
11
1.4882931102362205
21
2.4790297244094486
0
LINE
8
BLACK
6
CONTINUOUS
10
1.4882931102362205
20
2.4790297244094486
11
1.4889317322834645
21
2.4794564566929131
0
LINE
8
BLACK
6
CONTINUOUS
10
1.4889317322834645
20
2.4794564566929131
11
1.4896850393700787
21
2.4796062992125982
0
LINE
8
BLACK
6
CONTINUOUS
10
1.4896850393700787
20
2.4796062992125982
11
1.5496850393700787
21
2.4796062992125982
0
LINE
8
BLACK
6
CONTINUOUS
10
1.5496850393700787
20
2.4796062992125982
11
1.5504383464566929
21
2.4794564566929131
0
LINE
8
BLACK
6
CONTINUOUS
10
1.650438346456693
20
2.4794564566929131
11
1.651076968503937
21
2.4790297244094486
0
LINE
8
BLACK
6
CONTINUOUS
10
1.651076968503937
20
2.4790297244094486
11
1.6515037007874016
21
2.4783911023622047
0
LINE
8
BLACK
6
CONTINUOUS
10
1.6515037007874016
20
2.4783911023622047
11
1.6516535433070865
21
2.4776377952755904
0
LINE
8
BLACK
6
CONTINUOUS
10
1.6516535433070865
20
2.4776377952755904
11
1.6516535433070865
21
2.4176377952755903
0
LINE
8
BLACK
6
CONTINUOUS
10
1.6516535433070865
20
2.4176377952755903
11
1.6515037007874016
21
2.4168844881889764
0
LINE
8
BLACK
6
CONTINUOUS
10
1.6515037007874016
20
2.4168844881889764
11
1.651076968503937
21
2.4162458661417321
0
LINE
8
BLACK
6
CONTINUOUS
10
1.651076968503937
20
2.4162458661417321
11
1.650438346456693
21
2.4158191338582675
0
LINE
8
BLACK
6
CONTINUOUS
10
1.650438346456693
20
2.4158191338582675
11
1.6496850393700786
21
2.4156692913385824
0
LINE
8
BLACK
6
CONTINUOUS
10
1.6496850393700786
20
2.4156692913385824
11
1.5896850393700788
21
2.4156692913385824
0
LINE
8
BLACK
6
CONTINUOUS
10
1.5896850393700788
20
2.4156692913385824
11
1.5889317322834646
21
2.4158191338582675
0
LINE
8
BLACK
6
CONTINUOUS
10
1.5889317322834646
20
2.4158191338582675
11
1.5882931102362203
21
2.4162458661417321
0
LINE
8
BLACK
6
CONTINUOUS
10
1.5882931102362203
20
2.4162458661417321
11
1.5878663779527558
21
2.4168844881889764
0
LINE
8
BLACK
6
CONTINUOUS
10
1.5878663779527558
20
2.4168844881889764
11
1.5877165354330709
21
2.4176377952755903
0
LINE
8
BLACK
6
CONTINUOUS
10
1.5877165354330709
20
2.4176377952755903
11
1.5877165354330709
21
2.4776377952755904
0
LINE
8
BLACK
6
CONTINUOUS
10
1.5877165354330709
20
2.4776377952755904
11
1.5878663779527558
21
2.4783911023622047
0
LINE
8
BLACK
6
CONTINUOUS
10
1.5878663779527558
20
2.4783911023622047
11
1.5882931102362203
21
2.4790297244094486
0
LINE
8
BLACK
6
CONTINUOUS
10
1.5882931102362203
20
2.4790297244094486
11
1.5889317322834646
21
2.4794564566929131
0
LINE
8
BLACK
6
CONTINUOUS
10
1.5889317322834646
20
2.4794564566929131
11
1.5896850393700788
21
2.4796062992125982
0
LINE
8
BLACK
6
CONTINUOUS
10
1.5896850393700788
20
2.4796062992125982
11
1.6496850393700786
21
2.4796062992125982
0
LINE
8
BLACK
6
CONTINUOUS
10
1.6496850393700786
20
2.4796062992125982
11
1.650438346456693
21
2.4794564566929131
0
LINE
8
BLACK
6
CONTINUOUS
10
1.7504383464566928
20
2.4794564566929131
11
1.7510769685039369
21
2.4790297244094486
0
LINE
8
BLACK
6
CONTINUOUS
10
1.7510769685039369
20
2.4790297244094486
11
1.7515037007874015
21
2.4783911023622047
0
LINE
8
BLACK
6
CONTINUOUS
10
1.7515037007874015
20
2.4783911023622047
11
1.7516535433070866
21
2.4776377952755904
0
LINE
8
BLACK
6
CONTINUOUS
10
1.7516535433070866
20
2.4776377952755904
11
1.7516535433070866
21
2.4176377952755903
0
LINE
8
BLACK
6
CONTINUOUS
10
1.7516535433070866
20
2.4176377952755903
11
1.7515037007874015
21
2.4168844881889764
0
LINE
8
BLACK
6
CONTINUOUS
10
1.7515037007874015
20
2.4168844881889764
11
1.7510769685039369
21
2.4162458661417321
0
LINE
8
BLACK
6
CONTINUOUS
10
1.7510769685039369
20
2.4162458661417321
11
1.7504383464566928
21
2.4158191338582675
0
LINE
8
BLACK
6
CONTINUOUS
10
1.7504383464566928
20
2.4158191338582675
11
1.7496850393700787
21
2.4156692913385824
0
LINE
8
BLACK
6
CONTINUOUS
10
1.7496850393700787
20
2.4156692913385824
11
1.6896850393700786
21
2.4156692913385824
0
LINE
8
BLACK
6
CONTINUOUS
10
1.6896850393700786
20
2.4156692913385824
11
1.6889317322834645
21
2.4158191338582675
0
LINE
8
BLACK
6
CONTINUOUS
10
1.6889317322834645
20
2.4158191338582675
11
1.6882931102362204
21
2.4162458661417321
0
LINE
8
BLACK
6
CONTINUOUS
10
1.6882931102362204
20
2.4162458661417321
11
1.6878663779527558
21
2.4168844881889764
0
LINE
8
BLACK
6
CONTINUOUS
10
1.6878663779527558
20
2.4168844881889764
11
1.6877165354330708
21
2.4176377952755903
0
LINE
8
BLACK
6
CONTINUOUS
10
1.6877165354330708
20
2.4176377952755903
11
1.6877165354330708
21
2.4776377952755904
0
LINE
8
BLACK
6
CONTINUOUS
10
1.6877165354330708
20
2.4776377952755904
11
1.6878663779527558
21
2.4783911023622047
0
LINE
8
BLACK
6
CONTINUOUS
10
1.6878663779527558
20
2.4783911023622047
11
1.6882931102362204
21
2.4790297244094486
0
LINE
8
BLACK
6
CONTINUOUS
10
1.6882931102362204
20
2.4790297244094486
11
1.6889317322834645
21
2.4794564566929131
0
LINE
8
BLACK
6
CONTINUOUS
10
1.6889317322834645
20
2.4794564566929131
11
1.6896850393700786
21
2.4796062992125982
0
LINE
8
BLACK
6
CONTINUOUS
10
1.6896850393700786
20
2.4796062992125982
11
1.7496850393700787
21
2.4796062992125982
0
LINE
8
BLACK
6
CONTINUOUS
10
1.7496850393700787
20
2.4796062992125982
11
1.7504383464566928
21
2.4794564566929131
0
LINE
8
BLACK
6
CONTINUOUS
10
0.861461968503937
20
2.4822123622047245
11
0.862100590551181
21
2.48178562992126
0
LINE
8
BLACK
6
CONTINUOUS
10
0.862100590551181
20
2.48178562992126
11
0.8625273228346456
21
2.4811470078740157
0
LINE
8
BLACK
6
CONTINUOUS
10
0.8625273228346456
20
2.4811470078740157
11
0.8626771653543307
21
2.4803937007874017
0
LINE
8
BLACK
6
CONTINUOUS
10
0.8626771653543307
20
2.4803937007874017
11
0.8626771653543307
21
2.4203937007874017
0
LINE
8
BLACK
6
CONTINUOUS
10
0.8626771653543307
20
2.4203937007874017
11
0.8625273228346456
21
2.4196403937007873
0
LINE
8
BLACK
6
CONTINUOUS
10
0.8625273228346456
20
2.4196403937007873
11
0.862100590551181
21
2.4190017716535435
0
LINE
8
BLACK
6
CONTINUOUS
10
0.862100590551181
20
2.4190017716535435
11
0.861461968503937
21
2.4185750393700789
0
LINE
8
BLACK
6
CONTINUOUS
10
0.861461968503937
20
2.4185750393700789
11
0.8607086614173228
21
2.4184251968503938
0
LINE
8
BLACK
6
CONTINUOUS
10
0.8607086614173228
20
2.4184251968503938
11
0.8007086614173228
21
2.4184251968503938
0
LINE
8
BLACK
6
CONTINUOUS
10
0.8007086614173228
20
2.4184251968503938
11
0.7999553543307086
21
2.4185750393700789
0
LINE
8
BLACK
6
CONTINUOUS
10
0.7999553543307086
20
2.4185750393700789
11
0.7993167322834646
21
2.4190017716535435
0
LINE
8
BLACK
6
CONTINUOUS
10
0.7993167322834646
20
2.4190017716535435
11
0.79889
21
2.4196403937007873
0
LINE
8
BLACK
6
CONTINUOUS
10
0.79889
20
2.4196403937007873
11
0.7987401574803149
21
2.4203937007874017
0
LINE
8
BLACK
6
CONTINUOUS
10
0.7987401574803149
20
2.4203937007874017
11
0.7987401574803149
21
2.4803937007874017
0
LINE
8
BLACK
6
CONTINUOUS
10
0.7987401574803149
20
2.4803937007874017
11
0.79889
21
2.4811470078740157
0
LINE
8
BLACK
6
CONTINUOUS
10
0.79889
20
2.4811470078740157
11
0.7993167322834646
21
2.48178562992126
0
LINE
8
BLACK
6
CONTINUOUS
10
0.7993167322834646
20
2.48178562992126
11
0.7999553543307086
21
2.4822123622047245
0
LINE
8
BLACK
6
CONTINUOUS
10
0.7999553543307086
20
2.4822123622047245
11
0.8007086614173228
21
2.4823622047244096
0
LINE
8
BLACK
6
CONTINUOUS
10
0.8007086614173228
20
2.4823622047244096
11
0.8607086614173228
21
2.4823622047244096
0
LINE
8
BLACK
6
CONTINUOUS
10
0.8607086614173228
20
2.4823622047244096
11
0.861461968503937
21
2.4822123622047245
  0
ENDSEC
  0
EOF
